lcmpt-label,label-type,lcmpt-id,lcmpt-uri,label@en,inScheme
A clarinet (soprano),altLabel,mp2013015154,http://id.loc.gov/authorities/performanceMediums/mp2013015154,"""A clarinet (soprano)""@en .",lcmpt:
a-jaeng,altLabel,mp2013015007,http://id.loc.gov/authorities/performanceMediums/mp2013015007,"""a-jaeng""@en .",lcmpt:
accordeon,altLabel,mp2013015001,http://id.loc.gov/authorities/performanceMediums/mp2013015001,"""accordeon""@en .",lcmpt:
accordion,prefLabel,mp2013015001,http://id.loc.gov/authorities/performanceMediums/mp2013015001,"""accordion""@en .",lcmpt:
accordion band,prefLabel,mp2013015002,http://id.loc.gov/authorities/performanceMediums/mp2013015002,"""accordion band""@en .",lcmpt:
accordion orchestra,altLabel,mp2013015002,http://id.loc.gov/authorities/performanceMediums/mp2013015002,"""accordion orchestra""@en .",lcmpt:
acoustic bass guitar,prefLabel,mp2013015003,http://id.loc.gov/authorities/performanceMediums/mp2013015003,"""acoustic bass guitar""@en .",lcmpt:
acoustic guitar,altLabel,mp2013015306,http://id.loc.gov/authorities/performanceMediums/mp2013015306,"""acoustic guitar""@en .",lcmpt:
"acoustic guitar, electric",altLabel,mp2013015239,http://id.loc.gov/authorities/performanceMediums/mp2013015239,"""acoustic guitar, electric""@en .",lcmpt:
actor,prefLabel,mp2013015004,http://id.loc.gov/authorities/performanceMediums/mp2013015004,"""actor""@en .",lcmpt:
adufo,altLabel,mp2013015705,http://id.loc.gov/authorities/performanceMediums/mp2013015705,"""adufo""@en .",lcmpt:
aenas,altLabel,mp2013015415,http://id.loc.gov/authorities/performanceMediums/mp2013015415,"""aenas""@en .",lcmpt:
aeolian harp,prefLabel,mp2013015005,http://id.loc.gov/authorities/performanceMediums/mp2013015005,"""aeolian harp""@en .",lcmpt:
aeoliphone,altLabel,mp2013015804,http://id.loc.gov/authorities/performanceMediums/mp2013015804,"""aeoliphone""@en .",lcmpt:
aerophone,prefLabel,mp2013015006,http://id.loc.gov/authorities/performanceMediums/mp2013015006,"""aerophone""@en .",lcmpt:
aerostat,altLabel,mp2013015045,http://id.loc.gov/authorities/performanceMediums/mp2013015045,"""aerostat""@en .",lcmpt:
aetherphon,altLabel,mp2013015730,http://id.loc.gov/authorities/performanceMediums/mp2013015730,"""aetherphon""@en .",lcmpt:
Afghan lute,altLabel,mp2013015586,http://id.loc.gov/authorities/performanceMediums/mp2013015586,"""Afghan lute""@en .",lcmpt:
African hand piano,altLabel,mp2013015455,http://id.loc.gov/authorities/performanceMediums/mp2013015455,"""African hand piano""@en .",lcmpt:
agbe,altLabel,mp2013015109,http://id.loc.gov/authorities/performanceMediums/mp2013015109,"""agbe""@en .",lcmpt:
aggūé,altLabel,mp2013015109,http://id.loc.gov/authorities/performanceMediums/mp2013015109,"""aggūé""@en .",lcmpt:
agogo,prefLabel,mp2014015007,http://id.loc.gov/authorities/performanceMediums/mp2014015007,"""agogo""@en .",lcmpt:
agogo bells,altLabel,mp2014015007,http://id.loc.gov/authorities/performanceMediums/mp2014015007,"""agogo bells""@en .",lcmpt:
ajaeng,prefLabel,mp2013015007,http://id.loc.gov/authorities/performanceMediums/mp2013015007,"""ajaeng""@en .",lcmpt:
ala,altLabel,mp2013015578,http://id.loc.gov/authorities/performanceMediums/mp2013015578,"""ala""@en .",lcmpt:
albogón,altLabel,mp2013015008,http://id.loc.gov/authorities/performanceMediums/mp2013015008,"""albogón""@en .",lcmpt:
albogue,altLabel,mp2013015008,http://id.loc.gov/authorities/performanceMediums/mp2013015008,"""albogue""@en .",lcmpt:
alboka,prefLabel,mp2013015008,http://id.loc.gov/authorities/performanceMediums/mp2013015008,"""alboka""@en .",lcmpt:
alghōzā,altLabel,mp2013015009,http://id.loc.gov/authorities/performanceMediums/mp2013015009,"""alghōzā""@en .",lcmpt:
alg̲hozah,altLabel,mp2013015009,http://id.loc.gov/authorities/performanceMediums/mp2013015009,"""alg̲hozah""@en .",lcmpt:
algōjā,prefLabel,mp2013015009,http://id.loc.gov/authorities/performanceMediums/mp2013015009,"""algōjā""@en .",lcmpt:
algōzā,altLabel,mp2013015009,http://id.loc.gov/authorities/performanceMediums/mp2013015009,"""algōzā""@en .",lcmpt:
Almglocke,altLabel,mp2013015187,http://id.loc.gov/authorities/performanceMediums/mp2013015187,"""Almglocke""@en .",lcmpt:
alō̜,prefLabel,mp2013015608,http://id.loc.gov/authorities/performanceMediums/mp2013015608,"""salō̜""@en .",lcmpt:
alpenhorn,altLabel,mp2013015010,http://id.loc.gov/authorities/performanceMediums/mp2013015010,"""alpenhorn""@en .",lcmpt:
alphorn,prefLabel,mp2013015010,http://id.loc.gov/authorities/performanceMediums/mp2013015010,"""alphorn""@en .",lcmpt:
alpine horn,altLabel,mp2013015010,http://id.loc.gov/authorities/performanceMediums/mp2013015010,"""alpine horn""@en .",lcmpt:
alto (singer),altLabel,mp2013015017,http://id.loc.gov/authorities/performanceMediums/mp2013015017,"""alto (singer)""@en .",lcmpt:
alto clarinet,prefLabel,mp2013015011,http://id.loc.gov/authorities/performanceMediums/mp2013015011,"""alto clarinet""@en .",lcmpt:
alto flute,prefLabel,mp2013015012,http://id.loc.gov/authorities/performanceMediums/mp2013015012,"""alto flute""@en .",lcmpt:
alto horn,prefLabel,mp2013015013,http://id.loc.gov/authorities/performanceMediums/mp2013015013,"""alto horn""@en .",lcmpt:
alto recorder,prefLabel,mp2013015014,http://id.loc.gov/authorities/performanceMediums/mp2013015014,"""alto recorder""@en .",lcmpt:
alto saxophone,prefLabel,mp2013015015,http://id.loc.gov/authorities/performanceMediums/mp2013015015,"""alto saxophone""@en .",lcmpt:
alto trombone,prefLabel,mp2013015016,http://id.loc.gov/authorities/performanceMediums/mp2013015016,"""alto trombone""@en .",lcmpt:
alto voice,prefLabel,mp2013015017,http://id.loc.gov/authorities/performanceMediums/mp2013015017,"""alto voice""@en .",lcmpt:
amadinda,prefLabel,mp2013015018,http://id.loc.gov/authorities/performanceMediums/mp2013015018,"""amadinda""@en .",lcmpt:
American dulcimer,altLabel,mp2013015022,http://id.loc.gov/authorities/performanceMediums/mp2013015022,"""American dulcimer""@en .",lcmpt:
American Indian flute,altLabel,mp2013015495,http://id.loc.gov/authorities/performanceMediums/mp2013015495,"""American Indian flute""@en .",lcmpt:
"amore, flûte d'",altLabel,mp2015015015,http://id.loc.gov/authorities/performanceMediums/mp2015015015,"""amore, flûte d'""@en .",lcmpt:
amplified palette,prefLabel,mp2017015016,http://id.loc.gov/authorities/performanceMediums/mp2017015016,"""amplified palette""@en .",lcmpt:
amzad,altLabel,mp2013015352,http://id.loc.gov/authorities/performanceMediums/mp2013015352,"""amzad""@en .",lcmpt:
anata,altLabel,mp2013015716,http://id.loc.gov/authorities/performanceMediums/mp2013015716,"""anata""@en .",lcmpt:
angklung (rattle),prefLabel,mp2013015019,http://id.loc.gov/authorities/performanceMediums/mp2013015019,"""angklung (rattle)""@en .",lcmpt:
angklung (xylophone),prefLabel,mp2013015020,http://id.loc.gov/authorities/performanceMediums/mp2013015020,"""angklung (xylophone)""@en .",lcmpt:
anklung (rattle),altLabel,mp2013015019,http://id.loc.gov/authorities/performanceMediums/mp2013015019,"""anklung (rattle)""@en .",lcmpt:
antara,altLabel,mp2013015528,http://id.loc.gov/authorities/performanceMediums/mp2013015528,"""antara""@en .",lcmpt:
anzad,altLabel,mp2013015352,http://id.loc.gov/authorities/performanceMediums/mp2013015352,"""anzad""@en .",lcmpt:
anzhad,altLabel,mp2013015352,http://id.loc.gov/authorities/performanceMediums/mp2013015352,"""anzhad""@en .",lcmpt:
Appalachian dulcimer,prefLabel,mp2013015022,http://id.loc.gov/authorities/performanceMediums/mp2013015022,"""Appalachian dulcimer""@en .",lcmpt:
Appalachian mountain dulcimer,altLabel,mp2013015022,http://id.loc.gov/authorities/performanceMediums/mp2013015022,"""Appalachian mountain dulcimer""@en .",lcmpt:
"arame, viola da",altLabel,mp2013015774,http://id.loc.gov/authorities/performanceMediums/mp2013015774,"""arame, viola da""@en .",lcmpt:
arará,prefLabel,mp2013015023,http://id.loc.gov/authorities/performanceMediums/mp2013015023,"""arará""@en .",lcmpt:
arched-top guitar,altLabel,mp2013015306,http://id.loc.gov/authorities/performanceMediums/mp2013015306,"""arched-top guitar""@en .",lcmpt:
archicembalo,altLabel,mp2013015026,http://id.loc.gov/authorities/performanceMediums/mp2013015026,"""archicembalo""@en .",lcmpt:
archiluth,altLabel,mp2013015025,http://id.loc.gov/authorities/performanceMediums/mp2013015025,"""archiluth""@en .",lcmpt:
archiphone,prefLabel,mp2013015024,http://id.loc.gov/authorities/performanceMediums/mp2013015024,"""archiphone""@en .",lcmpt:
archlute,prefLabel,mp2013015025,http://id.loc.gov/authorities/performanceMediums/mp2013015025,"""archlute""@en .",lcmpt:
arcicembalo,prefLabel,mp2013015026,http://id.loc.gov/authorities/performanceMediums/mp2013015026,"""arcicembalo""@en .",lcmpt:
arcileuto,altLabel,mp2013015025,http://id.loc.gov/authorities/performanceMediums/mp2013015025,"""arcileuto""@en .",lcmpt:
arciliuto,altLabel,mp2013015025,http://id.loc.gov/authorities/performanceMediums/mp2013015025,"""arciliuto""@en .",lcmpt:
arcivioladaslyras,altLabel,mp2013015424,http://id.loc.gov/authorities/performanceMediums/mp2013015424,"""arcivioladaslyras""@en .",lcmpt:
arciviolata,altLabel,mp2013015424,http://id.loc.gov/authorities/performanceMediums/mp2013015424,"""arciviolata""@en .",lcmpt:
arciviolatalira,altLabel,mp2013015424,http://id.loc.gov/authorities/performanceMediums/mp2013015424,"""arciviolatalira""@en .",lcmpt:
armonica,altLabel,mp2013015293,http://id.loc.gov/authorities/performanceMediums/mp2013015293,"""armonica""@en .",lcmpt:
armpit squeezing,prefLabel,mp2013015027,http://id.loc.gov/authorities/performanceMediums/mp2013015027,"""armpit squeezing""@en .",lcmpt:
arpeggione,prefLabel,mp2013015028,http://id.loc.gov/authorities/performanceMediums/mp2013015028,"""arpeggione""@en .",lcmpt:
atabaque,prefLabel,mp2013015029,http://id.loc.gov/authorities/performanceMediums/mp2013015029,"""atabaque""@en .",lcmpt:
atcheré,altLabel,mp2013015109,http://id.loc.gov/authorities/performanceMediums/mp2013015109,"""atcheré""@en .",lcmpt:
atenteben,prefLabel,mp2013015031,http://id.loc.gov/authorities/performanceMediums/mp2013015031,"""atenteben""@en .",lcmpt:
audeharp,prefLabel,mp2013015032,http://id.loc.gov/authorities/performanceMediums/mp2013015032,"""audeharp""@en .",lcmpt:
audience,prefLabel,mp2013015033,http://id.loc.gov/authorities/performanceMediums/mp2013015033,"""audience""@en .",lcmpt:
aulos,prefLabel,mp2013015034,http://id.loc.gov/authorities/performanceMediums/mp2013015034,"""aulos""@en .",lcmpt:
autoharp,prefLabel,mp2013015035,http://id.loc.gov/authorities/performanceMediums/mp2013015035,"""autoharp""@en .",lcmpt:
automatic instrument,altLabel,mp2013015456,http://id.loc.gov/authorities/performanceMediums/mp2013015456,"""automatic instrument""@en .",lcmpt:
automatic musical instrument,altLabel,mp2013015456,http://id.loc.gov/authorities/performanceMediums/mp2013015456,"""automatic musical instrument""@en .",lcmpt:
automatic organ,altLabel,mp2013015457,http://id.loc.gov/authorities/performanceMediums/mp2013015457,"""automatic organ""@en .",lcmpt:
automatophone,altLabel,mp2013015456,http://id.loc.gov/authorities/performanceMediums/mp2013015456,"""automatophone""@en .",lcmpt:
B-flat clarinet (soprano),altLabel,mp2013015154,http://id.loc.gov/authorities/performanceMediums/mp2013015154,"""B-flat clarinet (soprano)""@en .",lcmpt:
B-flat contrabass clarinet,altLabel,mp2013015176,http://id.loc.gov/authorities/performanceMediums/mp2013015176,"""B-flat contrabass clarinet""@en .",lcmpt:
B♭ clarinet (soprano),altLabel,mp2013015154,http://id.loc.gov/authorities/performanceMediums/mp2013015154,"""B♭ clarinet (soprano)""@en .",lcmpt:
B♭ contrabass clarinet,altLabel,mp2013015176,http://id.loc.gov/authorities/performanceMediums/mp2013015176,"""B♭ contrabass clarinet""@en .",lcmpt:
babadok,prefLabel,mp2013015036,http://id.loc.gov/authorities/performanceMediums/mp2013015036,"""babadok""@en .",lcmpt:
babadok drum,altLabel,mp2013015036,http://id.loc.gov/authorities/performanceMediums/mp2013015036,"""babadok drum""@en .",lcmpt:
baby rattle,prefLabel,mp2013015037,http://id.loc.gov/authorities/performanceMediums/mp2013015037,"""baby rattle""@en .",lcmpt:
baganā,altLabel,mp2013015078,http://id.loc.gov/authorities/performanceMediums/mp2013015078,"""baganā""@en .",lcmpt:
bağlama,prefLabel,mp2013015038,http://id.loc.gov/authorities/performanceMediums/mp2013015038,"""bağlama""@en .",lcmpt:
bagpipe,prefLabel,mp2013015039,http://id.loc.gov/authorities/performanceMediums/mp2013015039,"""bagpipe""@en .",lcmpt:
bagpipe band,altLabel,mp2013015556,http://id.loc.gov/authorities/performanceMediums/mp2013015556,"""bagpipe band""@en .",lcmpt:
bajan,altLabel,mp2013015076,http://id.loc.gov/authorities/performanceMediums/mp2013015076,"""bajan""@en .",lcmpt:
bajo sexto,prefLabel,mp2013015041,http://id.loc.gov/authorities/performanceMediums/mp2013015041,"""bajo sexto""@en .",lcmpt:
bala,altLabel,mp2013015046,http://id.loc.gov/authorities/performanceMediums/mp2013015046,"""bala""@en .",lcmpt:
bālabān (double reed instrument),prefLabel,mp2013015042,http://id.loc.gov/authorities/performanceMediums/mp2013015042,"""bālabān (double reed instrument)""@en .",lcmpt:
bālabān (single reed instrument),prefLabel,mp2013015043,http://id.loc.gov/authorities/performanceMediums/mp2013015043,"""bālabān (single reed instrument)""@en .",lcmpt:
balabayka,altLabel,mp2013015044,http://id.loc.gov/authorities/performanceMediums/mp2013015044,"""balabayka""@en .",lcmpt:
balafo,altLabel,mp2013015046,http://id.loc.gov/authorities/performanceMediums/mp2013015046,"""balafo""@en .",lcmpt:
balafon,altLabel,mp2013015046,http://id.loc.gov/authorities/performanceMediums/mp2013015046,"""balafon""@en .",lcmpt:
balafou,altLabel,mp2013015046,http://id.loc.gov/authorities/performanceMediums/mp2013015046,"""balafou""@en .",lcmpt:
balalaika,prefLabel,mp2013015044,http://id.loc.gov/authorities/performanceMediums/mp2013015044,"""balalaika""@en .",lcmpt:
balalaika ensemble,prefLabel,mp2013015846,http://id.loc.gov/authorities/performanceMediums/mp2013015846,"""balalaika ensemble""@en .",lcmpt:
balalaika orchestra,prefLabel,mp2013015832,http://id.loc.gov/authorities/performanceMediums/mp2013015832,"""balalaika orchestra""@en .",lcmpt:
balalayka,altLabel,mp2013015044,http://id.loc.gov/authorities/performanceMediums/mp2013015044,"""balalayka""@en .",lcmpt:
balaman (double reed instrument),altLabel,mp2013015042,http://id.loc.gov/authorities/performanceMediums/mp2013015042,"""balaman (double reed instrument)""@en .",lcmpt:
balaman (single-reed instrument),altLabel,mp2013015043,http://id.loc.gov/authorities/performanceMediums/mp2013015043,"""balaman (single-reed instrument)""@en .",lcmpt:
balaphon,altLabel,mp2013015046,http://id.loc.gov/authorities/performanceMediums/mp2013015046,"""balaphon""@en .",lcmpt:
baliha,altLabel,mp2013015762,http://id.loc.gov/authorities/performanceMediums/mp2013015762,"""baliha""@en .",lcmpt:
balloon,prefLabel,mp2013015045,http://id.loc.gov/authorities/performanceMediums/mp2013015045,"""balloon""@en .",lcmpt:
balo,prefLabel,mp2013015046,http://id.loc.gov/authorities/performanceMediums/mp2013015046,"""balo""@en .",lcmpt:
Baltic psaltery,prefLabel,mp2013015373,http://id.loc.gov/authorities/performanceMediums/mp2013015373,"""Baltic psaltery""@en .",lcmpt:
bamboo marimba,prefLabel,mp2016015018,http://id.loc.gov/authorities/performanceMediums/mp2016015018,"""bamboo marimba""@en .",lcmpt:
bamboo pipe,altLabel,mp2013015555,http://id.loc.gov/authorities/performanceMediums/mp2013015555,"""bamboo pipe""@en .",lcmpt:
bambuso sonoro,prefLabel,mp2013015047,http://id.loc.gov/authorities/performanceMediums/mp2013015047,"""bambuso sonoro""@en .",lcmpt:
baṃsarī,altLabel,mp2013015055,http://id.loc.gov/authorities/performanceMediums/mp2013015055,"""baṃsarī""@en .",lcmpt:
baṃsarī,altLabel,mp2013015055,http://id.loc.gov/authorities/performanceMediums/mp2013015055,"""baṃsarī""@en .",lcmpt:
bāṃsrī,altLabel,mp2013015055,http://id.loc.gov/authorities/performanceMediums/mp2013015055,"""bāṃsrī""@en .",lcmpt:
bāṃsurī,altLabel,mp2013015055,http://id.loc.gov/authorities/performanceMediums/mp2013015055,"""bāṃsurī""@en .",lcmpt:
band,prefLabel,mp2013015048,http://id.loc.gov/authorities/performanceMediums/mp2013015048,"""band""@en .",lcmpt:
band organ,altLabel,mp2013015257,http://id.loc.gov/authorities/performanceMediums/mp2013015257,"""band organ""@en .",lcmpt:
"band, washboard",altLabel,mp2013015793,http://id.loc.gov/authorities/performanceMediums/mp2013015793,"""band, washboard""@en .",lcmpt:
bandir,altLabel,mp2017015009,http://id.loc.gov/authorities/performanceMediums/mp2017015009,"""bandir""@en .",lcmpt:
bandola,altLabel,mp2013015052,http://id.loc.gov/authorities/performanceMediums/mp2013015052,"""bandola""@en .",lcmpt:
bandolín,prefLabel,mp2014015026,http://id.loc.gov/authorities/performanceMediums/mp2014015026,"""bandolín""@en .",lcmpt:
bandoneon,prefLabel,mp2013015049,http://id.loc.gov/authorities/performanceMediums/mp2013015049,"""bandoneon""@en .",lcmpt:
bandora,prefLabel,mp2013015050,http://id.loc.gov/authorities/performanceMediums/mp2013015050,"""bandora""@en .",lcmpt:
bandoura,altLabel,mp2013015051,http://id.loc.gov/authorities/performanceMediums/mp2013015051,"""bandoura""@en .",lcmpt:
bandura,prefLabel,mp2013015051,http://id.loc.gov/authorities/performanceMediums/mp2013015051,"""bandura""@en .",lcmpt:
bandurria,prefLabel,mp2013015052,http://id.loc.gov/authorities/performanceMediums/mp2013015052,"""bandurria""@en .",lcmpt:
bang zi,altLabel,mp2017015001,http://id.loc.gov/authorities/performanceMediums/mp2017015001,"""bang zi""@en .",lcmpt:
bangdi,prefLabel,mp2016015004,http://id.loc.gov/authorities/performanceMediums/mp2016015004,"""bangdi""@en .",lcmpt:
bangu,altLabel,mp2016015010,http://id.loc.gov/authorities/performanceMediums/mp2016015010,"""bangu""@en .",lcmpt:
bangzi,altLabel,mp2017015001,http://id.loc.gov/authorities/performanceMediums/mp2017015001,"""bangzi""@en .",lcmpt:
banjo,prefLabel,mp2013015053,http://id.loc.gov/authorities/performanceMediums/mp2013015053,"""banjo""@en .",lcmpt:
banjo uke,altLabel,mp2013015054,http://id.loc.gov/authorities/performanceMediums/mp2013015054,"""banjo uke""@en .",lcmpt:
banjo ukulele,prefLabel,mp2013015054,http://id.loc.gov/authorities/performanceMediums/mp2013015054,"""banjo ukulele""@en .",lcmpt:
banjolele,altLabel,mp2013015054,http://id.loc.gov/authorities/performanceMediums/mp2013015054,"""banjolele""@en .",lcmpt:
banjouke,altLabel,mp2013015054,http://id.loc.gov/authorities/performanceMediums/mp2013015054,"""banjouke""@en .",lcmpt:
banjulele,altLabel,mp2013015054,http://id.loc.gov/authorities/performanceMediums/mp2013015054,"""banjulele""@en .",lcmpt:
banká,altLabel,mp2013015236,http://id.loc.gov/authorities/performanceMediums/mp2013015236,"""banká""@en .",lcmpt:
bānsrī,altLabel,mp2013015055,http://id.loc.gov/authorities/performanceMediums/mp2013015055,"""bānsrī""@en .",lcmpt:
bānsurī,prefLabel,mp2013015055,http://id.loc.gov/authorities/performanceMediums/mp2013015055,"""bānsurī""@en .",lcmpt:
bariton,altLabel,mp2013015062,http://id.loc.gov/authorities/performanceMediums/mp2013015062,"""bariton""@en .",lcmpt:
baritone (singer),altLabel,mp2013015058,http://id.loc.gov/authorities/performanceMediums/mp2013015058,"""baritone (singer)""@en .",lcmpt:
baritone horn,prefLabel,mp2013015056,http://id.loc.gov/authorities/performanceMediums/mp2013015056,"""baritone horn""@en .",lcmpt:
baritone oboe,altLabel,mp2016015021,http://id.loc.gov/authorities/performanceMediums/mp2016015021,"""baritone oboe""@en .",lcmpt:
baritone saxophone,prefLabel,mp2013015057,http://id.loc.gov/authorities/performanceMediums/mp2013015057,"""baritone saxophone""@en .",lcmpt:
baritone voice,prefLabel,mp2013015058,http://id.loc.gov/authorities/performanceMediums/mp2013015058,"""baritone voice""@en .",lcmpt:
Baroque lute,prefLabel,mp2013015059,http://id.loc.gov/authorities/performanceMediums/mp2013015059,"""Baroque lute""@en .",lcmpt:
Baroque triple harp,altLabel,mp2019015018,http://id.loc.gov/authorities/performanceMediums/mp2019015018,"""Baroque triple harp""@en .",lcmpt:
barrel organ,prefLabel,mp2013015060,http://id.loc.gov/authorities/performanceMediums/mp2013015060,"""barrel organ""@en .",lcmpt:
barrel piano,prefLabel,mp2013015061,http://id.loc.gov/authorities/performanceMediums/mp2013015061,"""barrel piano""@en .",lcmpt:
barydon,altLabel,mp2013015062,http://id.loc.gov/authorities/performanceMediums/mp2013015062,"""barydon""@en .",lcmpt:
baryton,prefLabel,mp2013015062,http://id.loc.gov/authorities/performanceMediums/mp2013015062,"""baryton""@en .",lcmpt:
"basque, tambour de",altLabel,mp2013015705,http://id.loc.gov/authorities/performanceMediums/mp2013015705,"""basque, tambour de""@en .",lcmpt:
bass (electric guitar),altLabel,mp2013015067,http://id.loc.gov/authorities/performanceMediums/mp2013015067,"""bass (electric guitar)""@en .",lcmpt:
bass (singer),altLabel,mp2013015071,http://id.loc.gov/authorities/performanceMediums/mp2013015071,"""bass (singer)""@en .",lcmpt:
bass (stringed instrument),altLabel,mp2013015216,http://id.loc.gov/authorities/performanceMediums/mp2013015216,"""bass (stringed instrument)""@en .",lcmpt:
bass chorus,altLabel,mp2021015005,http://id.loc.gov/authorities/performanceMediums/mp2021015005,"""bass chorus""@en .",lcmpt:
bass clarinet,prefLabel,mp2013015064,http://id.loc.gov/authorities/performanceMediums/mp2013015064,"""bass clarinet""@en .",lcmpt:
bass drum,prefLabel,mp2013015065,http://id.loc.gov/authorities/performanceMediums/mp2013015065,"""bass drum""@en .",lcmpt:
bass flute,prefLabel,mp2013015066,http://id.loc.gov/authorities/performanceMediums/mp2013015066,"""bass flute""@en .",lcmpt:
bass flute (alto flute),altLabel,mp2013015012,http://id.loc.gov/authorities/performanceMediums/mp2013015012,"""bass flute (alto flute)""@en .",lcmpt:
bass guitar,prefLabel,mp2013015067,http://id.loc.gov/authorities/performanceMediums/mp2013015067,"""bass guitar""@en .",lcmpt:
"bass guitar, acoustic",altLabel,mp2013015003,http://id.loc.gov/authorities/performanceMediums/mp2013015003,"""bass guitar, acoustic""@en .",lcmpt:
bass horn (tuba),altLabel,mp2013015750,http://id.loc.gov/authorities/performanceMediums/mp2013015750,"""bass horn (tuba)""@en .",lcmpt:
bass instrument,prefLabel,mp2019015017,http://id.loc.gov/authorities/performanceMediums/mp2019015017,"""bass instrument""@en .",lcmpt:
bass marimba,prefLabel,mp2016015013,http://id.loc.gov/authorities/performanceMediums/mp2016015013,"""bass marimba""@en .",lcmpt:
bass oboe,prefLabel,mp2016015021,http://id.loc.gov/authorities/performanceMediums/mp2016015021,"""bass oboe""@en .",lcmpt:
bass pan,altLabel,mp2013015675,http://id.loc.gov/authorities/performanceMediums/mp2013015675,"""bass pan""@en .",lcmpt:
bass recorder,prefLabel,mp2013015068,http://id.loc.gov/authorities/performanceMediums/mp2013015068,"""bass recorder""@en .",lcmpt:
bass saxophone,prefLabel,mp2013015069,http://id.loc.gov/authorities/performanceMediums/mp2013015069,"""bass saxophone""@en .",lcmpt:
bass trombone,prefLabel,mp2013015070,http://id.loc.gov/authorities/performanceMediums/mp2013015070,"""bass trombone""@en .",lcmpt:
bass trumpet,prefLabel,mp2018015014,http://id.loc.gov/authorities/performanceMediums/mp2018015014,"""bass trumpet""@en .",lcmpt:
bass tuba,altLabel,mp2013015750,http://id.loc.gov/authorities/performanceMediums/mp2013015750,"""bass tuba""@en .",lcmpt:
bass viol,altLabel,mp2013015216,http://id.loc.gov/authorities/performanceMediums/mp2013015216,"""bass viol""@en .",lcmpt:
bass viol,altLabel,mp2013015776,http://id.loc.gov/authorities/performanceMediums/mp2013015776,"""bass viol""@en .",lcmpt:
bass violin,altLabel,mp2013015120,http://id.loc.gov/authorities/performanceMediums/mp2013015120,"""bass violin""@en .",lcmpt:
bass voice,prefLabel,mp2013015071,http://id.loc.gov/authorities/performanceMediums/mp2013015071,"""bass voice""@en .",lcmpt:
bass-baritone (singer),altLabel,mp2013015063,http://id.loc.gov/authorities/performanceMediums/mp2013015063,"""bass-baritone (singer)""@en .",lcmpt:
bass-baritone voice,prefLabel,mp2013015063,http://id.loc.gov/authorities/performanceMediums/mp2013015063,"""bass-baritone voice""@en .",lcmpt:
bass-horn (serpent),prefLabel,mp2019015003,http://id.loc.gov/authorities/performanceMediums/mp2019015003,"""bass-horn (serpent)""@en .",lcmpt:
"bass, electric",altLabel,mp2013015067,http://id.loc.gov/authorities/performanceMediums/mp2013015067,"""bass, electric""@en .",lcmpt:
basse de Flandre,altLabel,mp2013015107,http://id.loc.gov/authorities/performanceMediums/mp2013015107,"""basse de Flandre""@en .",lcmpt:
basset clarinet,prefLabel,mp2013015072,http://id.loc.gov/authorities/performanceMediums/mp2013015072,"""basset clarinet""@en .",lcmpt:
basset horn,prefLabel,mp2013015073,http://id.loc.gov/authorities/performanceMediums/mp2013015073,"""basset horn""@en .",lcmpt:
basset recorder,altLabel,mp2013015597,http://id.loc.gov/authorities/performanceMediums/mp2013015597,"""basset recorder""@en .",lcmpt:
basso continuo,altLabel,mp2013015173,http://id.loc.gov/authorities/performanceMediums/mp2013015173,"""basso continuo""@en .",lcmpt:
basso profondo,prefLabel,mp2018015007,http://id.loc.gov/authorities/performanceMediums/mp2018015007,"""basso profondo""@en .",lcmpt:
basso profundo,altLabel,mp2018015007,http://id.loc.gov/authorities/performanceMediums/mp2018015007,"""basso profundo""@en .",lcmpt:
bassoon,prefLabel,mp2013015074,http://id.loc.gov/authorities/performanceMediums/mp2013015074,"""bassoon""@en .",lcmpt:
batá,prefLabel,mp2013015075,http://id.loc.gov/authorities/performanceMediums/mp2013015075,"""batá""@en .",lcmpt:
bayan,prefLabel,mp2013015076,http://id.loc.gov/authorities/performanceMediums/mp2013015076,"""bayan""@en .",lcmpt:
Bayreuth tuba,altLabel,mp2017015023,http://id.loc.gov/authorities/performanceMediums/mp2017015023,"""Bayreuth tuba""@en .",lcmpt:
bazoo,altLabel,mp2013015378,http://id.loc.gov/authorities/performanceMediums/mp2013015378,"""bazoo""@en .",lcmpt:
bazooka,altLabel,mp2013015378,http://id.loc.gov/authorities/performanceMediums/mp2013015378,"""bazooka""@en .",lcmpt:
BB♭ tuba,altLabel,mp2013015750,http://id.loc.gov/authorities/performanceMediums/mp2013015750,"""BB♭ tuba""@en .",lcmpt:
BB♭ tuba,altLabel,mp2013015750,http://id.loc.gov/authorities/performanceMediums/mp2013015750,"""BB♭ tuba""@en .",lcmpt:
beak flute,altLabel,mp2013015597,http://id.loc.gov/authorities/performanceMediums/mp2013015597,"""beak flute""@en .",lcmpt:
beganna,altLabel,mp2013015078,http://id.loc.gov/authorities/performanceMediums/mp2013015078,"""beganna""@en .",lcmpt:
begena,prefLabel,mp2013015078,http://id.loc.gov/authorities/performanceMediums/mp2013015078,"""begena""@en .",lcmpt:
bell,prefLabel,mp2013015079,http://id.loc.gov/authorities/performanceMediums/mp2013015079,"""bell""@en .",lcmpt:
bell lyra,altLabel,mp2013015294,http://id.loc.gov/authorities/performanceMediums/mp2013015294,"""bell lyra""@en .",lcmpt:
bell lyre,altLabel,mp2013015294,http://id.loc.gov/authorities/performanceMediums/mp2013015294,"""bell lyre""@en .",lcmpt:
"bell, clock chime",altLabel,mp2013015163,http://id.loc.gov/authorities/performanceMediums/mp2013015163,"""bell, clock chime""@en .",lcmpt:
"bell, song",altLabel,mp2013015810,http://id.loc.gov/authorities/performanceMediums/mp2013015810,"""bell, song""@en .",lcmpt:
"bell, tower clock",altLabel,mp2013015163,http://id.loc.gov/authorities/performanceMediums/mp2013015163,"""bell, tower clock""@en .",lcmpt:
bells (glockenspiel),altLabel,mp2013015294,http://id.loc.gov/authorities/performanceMediums/mp2013015294,"""bells (glockenspiel)""@en .",lcmpt:
"bells, orchestra",altLabel,mp2013015294,http://id.loc.gov/authorities/performanceMediums/mp2013015294,"""bells, orchestra""@en .",lcmpt:
"bells, orchestral",altLabel,mp2013015294,http://id.loc.gov/authorities/performanceMediums/mp2013015294,"""bells, orchestral""@en .",lcmpt:
benas,altLabel,mp2013015415,http://id.loc.gov/authorities/performanceMediums/mp2013015415,"""benas""@en .",lcmpt:
bendīr,prefLabel,mp2017015009,http://id.loc.gov/authorities/performanceMediums/mp2017015009,"""bendīr""@en .",lcmpt:
berimbao,altLabel,mp2013015080,http://id.loc.gov/authorities/performanceMediums/mp2013015080,"""berimbao""@en .",lcmpt:
berimbau,prefLabel,mp2013015080,http://id.loc.gov/authorities/performanceMediums/mp2013015080,"""berimbau""@en .",lcmpt:
berimbau de barriga,altLabel,mp2013015080,http://id.loc.gov/authorities/performanceMediums/mp2013015080,"""berimbau de barriga""@en .",lcmpt:
bian zhong,prefLabel,mp2013015081,http://id.loc.gov/authorities/performanceMediums/mp2013015081,"""bian zhong""@en .",lcmpt:
bichromatic harmonium,prefLabel,mp2013015082,http://id.loc.gov/authorities/performanceMediums/mp2013015082,"""bichromatic harmonium""@en .",lcmpt:
big band,prefLabel,mp2013015083,http://id.loc.gov/authorities/performanceMediums/mp2013015083,"""big band""@en .",lcmpt:
big jazz band,altLabel,mp2013015083,http://id.loc.gov/authorities/performanceMediums/mp2013015083,"""big jazz band""@en .",lcmpt:
bili,altLabel,mp2013015303,http://id.loc.gov/authorities/performanceMediums/mp2013015303,"""bili""@en .",lcmpt:
bilma,altLabel,mp2013015845,http://id.loc.gov/authorities/performanceMediums/mp2013015845,"""bilma""@en .",lcmpt:
bilo,prefLabel,mp2013015084,http://id.loc.gov/authorities/performanceMediums/mp2013015084,"""bilo""@en .",lcmpt:
bīṇ,altLabel,mp2013015770,http://id.loc.gov/authorities/performanceMediums/mp2013015770,"""bīṇ""@en .",lcmpt:
bin bādy,altLabel,mp2014015025,http://id.loc.gov/authorities/performanceMediums/mp2014015025,"""bin bādy""@en .",lcmpt:
bīṇā,altLabel,mp2013015770,http://id.loc.gov/authorities/performanceMediums/mp2013015770,"""bīṇā""@en .",lcmpt:
biniou,altLabel,mp2013015039,http://id.loc.gov/authorities/performanceMediums/mp2013015039,"""biniou""@en .",lcmpt:
bīnõn,altLabel,mp2013015009,http://id.loc.gov/authorities/performanceMediums/mp2013015009,"""bīnõn""@en .",lcmpt:
birbynė,prefLabel,mp2013015085,http://id.loc.gov/authorities/performanceMediums/mp2013015085,"""birbynė""@en .",lcmpt:
bisònas,altLabel,mp2013015415,http://id.loc.gov/authorities/performanceMediums/mp2013015415,"""bisònas""@en .",lcmpt:
biwa,prefLabel,mp2013015086,http://id.loc.gov/authorities/performanceMediums/mp2013015086,"""biwa""@en .",lcmpt:
Black Sea fiddle,altLabel,mp2013015370,http://id.loc.gov/authorities/performanceMediums/mp2013015370,"""Black Sea fiddle""@en .",lcmpt:
Black Sea kemençe,altLabel,mp2013015370,http://id.loc.gov/authorities/performanceMediums/mp2013015370,"""Black Sea kemençe""@en .",lcmpt:
bladder and string,altLabel,mp2013015107,http://id.loc.gov/authorities/performanceMediums/mp2013015107,"""bladder and string""@en .",lcmpt:
bladder fiddle,altLabel,mp2013015107,http://id.loc.gov/authorities/performanceMediums/mp2013015107,"""bladder fiddle""@en .",lcmpt:
block instrument,altLabel,mp2013015300,http://id.loc.gov/authorities/performanceMediums/mp2013015300,"""block instrument""@en .",lcmpt:
Blockflöte,altLabel,mp2013015597,http://id.loc.gov/authorities/performanceMediums/mp2013015597,"""Blockflöte""@en .",lcmpt:
blul,prefLabel,mp2013015087,http://id.loc.gov/authorities/performanceMediums/mp2013015087,"""blul""@en .",lcmpt:
blur,altLabel,mp2013015087,http://id.loc.gov/authorities/performanceMediums/mp2013015087,"""blur""@en .",lcmpt:
boat lute,altLabel,mp2018015008,http://id.loc.gov/authorities/performanceMediums/mp2018015008,"""boat lute""@en .",lcmpt:
bodhrán,prefLabel,mp2013015088,http://id.loc.gov/authorities/performanceMediums/mp2013015088,"""bodhrán""@en .",lcmpt:
body percussion,prefLabel,mp2013015090,http://id.loc.gov/authorities/performanceMediums/mp2013015090,"""body percussion""@en .",lcmpt:
body slapping,prefLabel,mp2013015089,http://id.loc.gov/authorities/performanceMediums/mp2013015089,"""body slapping""@en .",lcmpt:
Boehm flute,altLabel,mp2013015268,http://id.loc.gov/authorities/performanceMediums/mp2013015268,"""Boehm flute""@en .",lcmpt:
bolingozo,altLabel,mp2013015231,http://id.loc.gov/authorities/performanceMediums/mp2013015231,"""bolingozo""@en .",lcmpt:
bombarde (shawm),altLabel,mp2013015635,http://id.loc.gov/authorities/performanceMediums/mp2013015635,"""bombarde (shawm)""@en .",lcmpt:
bombardon,altLabel,mp2013015750,http://id.loc.gov/authorities/performanceMediums/mp2013015750,"""bombardon""@en .",lcmpt:
bonang,prefLabel,mp2013015091,http://id.loc.gov/authorities/performanceMediums/mp2013015091,"""bonang""@en .",lcmpt:
bone rattle,altLabel,mp2013015504,http://id.loc.gov/authorities/performanceMediums/mp2013015504,"""bone rattle""@en .",lcmpt:
bones,prefLabel,mp2013015092,http://id.loc.gov/authorities/performanceMediums/mp2013015092,"""bones""@en .",lcmpt:
bong lang,altLabel,mp2015015007,http://id.loc.gov/authorities/performanceMediums/mp2015015007,"""bong lang""@en .",lcmpt:
bongo drum,altLabel,mp2013015093,http://id.loc.gov/authorities/performanceMediums/mp2013015093,"""bongo drum""@en .",lcmpt:
bongos,prefLabel,mp2013015093,http://id.loc.gov/authorities/performanceMediums/mp2013015093,"""bongos""@en .",lcmpt:
bonkó,prefLabel,mp2013015094,http://id.loc.gov/authorities/performanceMediums/mp2013015094,"""bonkó""@en .",lcmpt:
bonkó-enchemiyá,altLabel,mp2013015094,http://id.loc.gov/authorities/performanceMediums/mp2013015094,"""bonkó-enchemiyá""@en .",lcmpt:
boo (bamboo marimba),altLabel,mp2016015018,http://id.loc.gov/authorities/performanceMediums/mp2016015018,"""boo (bamboo marimba)""@en .",lcmpt:
boomerang clapsticks,altLabel,mp2013015845,http://id.loc.gov/authorities/performanceMediums/mp2013015845,"""boomerang clapsticks""@en .",lcmpt:
boomwhacker,altLabel,mp2019015020,http://id.loc.gov/authorities/performanceMediums/mp2019015020,"""boomwhacker""@en .",lcmpt:
border bagpipes,altLabel,mp2013015095,http://id.loc.gov/authorities/performanceMediums/mp2013015095,"""border bagpipes""@en .",lcmpt:
border pipes,prefLabel,mp2013015095,http://id.loc.gov/authorities/performanceMediums/mp2013015095,"""border pipes""@en .",lcmpt:
borderpipes,altLabel,mp2013015095,http://id.loc.gov/authorities/performanceMediums/mp2013015095,"""borderpipes""@en .",lcmpt:
bouladjèl,altLabel,mp2013015836,http://id.loc.gov/authorities/performanceMediums/mp2013015836,"""bouladjèl""@en .",lcmpt:
bouzoukee,altLabel,mp2013015096,http://id.loc.gov/authorities/performanceMediums/mp2013015096,"""bouzoukee""@en .",lcmpt:
bouzouki,prefLabel,mp2013015096,http://id.loc.gov/authorities/performanceMediums/mp2013015096,"""bouzouki""@en .",lcmpt:
bowed guitar,altLabel,mp2013015028,http://id.loc.gov/authorities/performanceMediums/mp2013015028,"""bowed guitar""@en .",lcmpt:
bowed instrument,altLabel,mp2013015098,http://id.loc.gov/authorities/performanceMediums/mp2013015098,"""bowed instrument""@en .",lcmpt:
bowed lute,prefLabel,mp2013015097,http://id.loc.gov/authorities/performanceMediums/mp2013015097,"""bowed lute""@en .",lcmpt:
bowed string ensemble,prefLabel,mp2013015679,http://id.loc.gov/authorities/performanceMediums/mp2013015679,"""bowed string ensemble""@en .",lcmpt:
bowed string instrument,prefLabel,mp2013015098,http://id.loc.gov/authorities/performanceMediums/mp2013015098,"""bowed string instrument""@en .",lcmpt:
bowed stringed instrument,altLabel,mp2013015098,http://id.loc.gov/authorities/performanceMediums/mp2013015098,"""bowed stringed instrument""@en .",lcmpt:
bowed strings,altLabel,mp2013015098,http://id.loc.gov/authorities/performanceMediums/mp2013015098,"""bowed strings""@en .",lcmpt:
"bowl, Himalayan",altLabel,mp2013015647,http://id.loc.gov/authorities/performanceMediums/mp2013015647,"""bowl, Himalayan""@en .",lcmpt:
"bowl, singing",altLabel,mp2013015647,http://id.loc.gov/authorities/performanceMediums/mp2013015647,"""bowl, singing""@en .",lcmpt:
boy chorus,altLabel,mp2019015007,http://id.loc.gov/authorities/performanceMediums/mp2019015007,"""boy chorus""@en .",lcmpt:
boy soprano (singer),altLabel,mp2013015099,http://id.loc.gov/authorities/performanceMediums/mp2013015099,"""boy soprano (singer)""@en .",lcmpt:
boy soprano voice,prefLabel,mp2013015099,http://id.loc.gov/authorities/performanceMediums/mp2013015099,"""boy soprano voice""@en .",lcmpt:
boychoir,altLabel,mp2019015007,http://id.loc.gov/authorities/performanceMediums/mp2019015007,"""boychoir""@en .",lcmpt:
boys' chorus,prefLabel,mp2019015007,http://id.loc.gov/authorities/performanceMediums/mp2019015007,"""boys' chorus""@en .",lcmpt:
"braccio, viola da",altLabel,mp2013015775,http://id.loc.gov/authorities/performanceMediums/mp2013015775,"""braccio, viola da""@en .",lcmpt:
braga,altLabel,mp2013015116,http://id.loc.gov/authorities/performanceMediums/mp2013015116,"""braga""@en .",lcmpt:
braguinha,altLabel,mp2013015116,http://id.loc.gov/authorities/performanceMediums/mp2013015116,"""braguinha""@en .",lcmpt:
brass band,prefLabel,mp2013015100,http://id.loc.gov/authorities/performanceMediums/mp2013015100,"""brass band""@en .",lcmpt:
brass choir,altLabel,mp2013015101,http://id.loc.gov/authorities/performanceMediums/mp2013015101,"""brass choir""@en .",lcmpt:
brass ensemble,prefLabel,mp2013015101,http://id.loc.gov/authorities/performanceMediums/mp2013015101,"""brass ensemble""@en .",lcmpt:
brass instrument,prefLabel,mp2013015102,http://id.loc.gov/authorities/performanceMediums/mp2013015102,"""brass instrument""@en .",lcmpt:
brass instrument ensemble,altLabel,mp2013015101,http://id.loc.gov/authorities/performanceMediums/mp2013015101,"""brass instrument ensemble""@en .",lcmpt:
brass instruments,altLabel,mp2013015101,http://id.loc.gov/authorities/performanceMediums/mp2013015101,"""brass instruments""@en .",lcmpt:
Brazilian lute,altLabel,mp2013015777,http://id.loc.gov/authorities/performanceMediums/mp2013015777,"""Brazilian lute""@en .",lcmpt:
bridge harp,altLabel,mp2013015328,http://id.loc.gov/authorities/performanceMediums/mp2013015328,"""bridge harp""@en .",lcmpt:
bronze drum,prefLabel,mp2013015103,http://id.loc.gov/authorities/performanceMediums/mp2013015103,"""bronze drum""@en .",lcmpt:
bronze kettledrum,altLabel,mp2013015103,http://id.loc.gov/authorities/performanceMediums/mp2013015103,"""bronze kettledrum""@en .",lcmpt:
bûche,altLabel,mp2013015253,http://id.loc.gov/authorities/performanceMediums/mp2013015253,"""bûche""@en .",lcmpt:
bugle,prefLabel,mp2013015104,http://id.loc.gov/authorities/performanceMediums/mp2013015104,"""bugle""@en .",lcmpt:
bulbul tarang,altLabel,mp2013015105,http://id.loc.gov/authorities/performanceMediums/mp2013015105,"""bulbul tarang""@en .",lcmpt:
bulbultarang,prefLabel,mp2013015105,http://id.loc.gov/authorities/performanceMediums/mp2013015105,"""bulbultarang""@en .",lcmpt:
bull-roarer,prefLabel,mp2013015106,http://id.loc.gov/authorities/performanceMediums/mp2013015106,"""bull-roarer""@en .",lcmpt:
bullroarer,altLabel,mp2013015106,http://id.loc.gov/authorities/performanceMediums/mp2013015106,"""bullroarer""@en .",lcmpt:
bumba,altLabel,mp2013015107,http://id.loc.gov/authorities/performanceMediums/mp2013015107,"""bumba""@en .",lcmpt:
bumbass,prefLabel,mp2013015107,http://id.loc.gov/authorities/performanceMediums/mp2013015107,"""bumbass""@en .",lcmpt:
Burmese harp,altLabel,mp2013015622,http://id.loc.gov/authorities/performanceMediums/mp2013015622,"""Burmese harp""@en .",lcmpt:
button accordion,altLabel,mp2013015108,http://id.loc.gov/authorities/performanceMediums/mp2013015108,"""button accordion""@en .",lcmpt:
button box (accordion),altLabel,mp2013015108,http://id.loc.gov/authorities/performanceMediums/mp2013015108,"""button box (accordion)""@en .",lcmpt:
button-key accordion,prefLabel,mp2013015108,http://id.loc.gov/authorities/performanceMediums/mp2013015108,"""button-key accordion""@en .",lcmpt:
buzuki,altLabel,mp2013015096,http://id.loc.gov/authorities/performanceMediums/mp2013015096,"""buzuki""@en .",lcmpt:
buzuq,altLabel,mp2013015096,http://id.loc.gov/authorities/performanceMediums/mp2013015096,"""buzuq""@en .",lcmpt:
C clarinet (soprano),altLabel,mp2013015154,http://id.loc.gov/authorities/performanceMediums/mp2013015154,"""C clarinet (soprano)""@en .",lcmpt:
Cʹ tuba,altLabel,mp2013015750,http://id.loc.gov/authorities/performanceMediums/mp2013015750,"""Cʹ tuba""@en .",lcmpt:
cabaca,prefLabel,mp2013015109,http://id.loc.gov/authorities/performanceMediums/mp2013015109,"""cabaca""@en .",lcmpt:
cabinet organ,altLabel,mp2013015128,http://id.loc.gov/authorities/performanceMediums/mp2013015128,"""cabinet organ""@en .",lcmpt:
cabinet organ,altLabel,mp2013015599,http://id.loc.gov/authorities/performanceMediums/mp2013015599,"""cabinet organ""@en .",lcmpt:
caixa,altLabel,mp2013015657,http://id.loc.gov/authorities/performanceMediums/mp2013015657,"""caixa""@en .",lcmpt:
caixa-surda,altLabel,mp2013015690,http://id.loc.gov/authorities/performanceMediums/mp2013015690,"""caixa-surda""@en .",lcmpt:
cajón,prefLabel,mp2013015110,http://id.loc.gov/authorities/performanceMediums/mp2013015110,"""cajón""@en .",lcmpt:
calabazo,altLabel,mp2013015305,http://id.loc.gov/authorities/performanceMediums/mp2013015305,"""calabazo""@en .",lcmpt:
calachon,altLabel,mp2013015831,http://id.loc.gov/authorities/performanceMediums/mp2013015831,"""calachon""@en .",lcmpt:
calascione,altLabel,mp2013015831,http://id.loc.gov/authorities/performanceMediums/mp2013015831,"""calascione""@en .",lcmpt:
calchedon,altLabel,mp2013015831,http://id.loc.gov/authorities/performanceMediums/mp2013015831,"""calchedon""@en .",lcmpt:
calichon,prefLabel,mp2013015831,http://id.loc.gov/authorities/performanceMediums/mp2013015831,"""calichon""@en .",lcmpt:
call bell,altLabel,mp2017015024,http://id.loc.gov/authorities/performanceMediums/mp2017015024,"""call bell""@en .",lcmpt:
callichone,altLabel,mp2013015831,http://id.loc.gov/authorities/performanceMediums/mp2013015831,"""callichone""@en .",lcmpt:
calliope,prefLabel,mp2013015111,http://id.loc.gov/authorities/performanceMediums/mp2013015111,"""calliope""@en .",lcmpt:
"calliope, explosion",altLabel,mp2013015580,http://id.loc.gov/authorities/performanceMediums/mp2013015580,"""calliope, explosion""@en .",lcmpt:
"calliope, fire",altLabel,mp2013015580,http://id.loc.gov/authorities/performanceMediums/mp2013015580,"""calliope, fire""@en .",lcmpt:
cambiata voice,altLabel,mp2013015130,http://id.loc.gov/authorities/performanceMediums/mp2013015130,"""cambiata voice""@en .",lcmpt:
campanula,prefLabel,mp2013015112,http://id.loc.gov/authorities/performanceMediums/mp2013015112,"""campanula""@en .",lcmpt:
canzá,altLabel,mp2013015596,http://id.loc.gov/authorities/performanceMediums/mp2013015596,"""canzá""@en .",lcmpt:
caracaxá,altLabel,mp2013015596,http://id.loc.gov/authorities/performanceMediums/mp2013015596,"""caracaxá""@en .",lcmpt:
carillon,prefLabel,mp2013015113,http://id.loc.gov/authorities/performanceMediums/mp2013015113,"""carillon""@en .",lcmpt:
casaca,altLabel,mp2013015596,http://id.loc.gov/authorities/performanceMediums/mp2013015596,"""casaca""@en .",lcmpt:
castanets,prefLabel,mp2013015114,http://id.loc.gov/authorities/performanceMediums/mp2013015114,"""castanets""@en .",lcmpt:
catá,prefLabel,mp2013015115,http://id.loc.gov/authorities/performanceMediums/mp2013015115,"""catá""@en .",lcmpt:
catacá,altLabel,mp2013015596,http://id.loc.gov/authorities/performanceMediums/mp2013015596,"""catacá""@en .",lcmpt:
cauld wind bagpipes,altLabel,mp2013015095,http://id.loc.gov/authorities/performanceMediums/mp2013015095,"""cauld wind bagpipes""@en .",lcmpt:
cauld wind pipes,altLabel,mp2013015095,http://id.loc.gov/authorities/performanceMediums/mp2013015095,"""cauld wind pipes""@en .",lcmpt:
caval,altLabel,mp2013015376,http://id.loc.gov/authorities/performanceMediums/mp2013015376,"""caval""@en .",lcmpt:
cavalry horn,altLabel,mp2013015013,http://id.loc.gov/authorities/performanceMediums/mp2013015013,"""cavalry horn""@en .",lcmpt:
cavaquinho,prefLabel,mp2013015116,http://id.loc.gov/authorities/performanceMediums/mp2013015116,"""cavaquinho""@en .",lcmpt:
CC tuba,altLabel,mp2013015750,http://id.loc.gov/authorities/performanceMediums/mp2013015750,"""CC tuba""@en .",lcmpt:
celebrant,prefLabel,mp2013015117,http://id.loc.gov/authorities/performanceMediums/mp2013015117,"""celebrant""@en .",lcmpt:
celesta,prefLabel,mp2013015118,http://id.loc.gov/authorities/performanceMediums/mp2013015118,"""celesta""@en .",lcmpt:
celeste,altLabel,mp2013015118,http://id.loc.gov/authorities/performanceMediums/mp2013015118,"""celeste""@en .",lcmpt:
cell phone,prefLabel,mp2013015119,http://id.loc.gov/authorities/performanceMediums/mp2013015119,"""cell phone""@en .",lcmpt:
cello,prefLabel,mp2013015120,http://id.loc.gov/authorities/performanceMediums/mp2013015120,"""cello""@en .",lcmpt:
cello choir,altLabel,mp2013015121,http://id.loc.gov/authorities/performanceMediums/mp2013015121,"""cello choir""@en .",lcmpt:
cello ensemble,prefLabel,mp2013015121,http://id.loc.gov/authorities/performanceMediums/mp2013015121,"""cello ensemble""@en .",lcmpt:
cellone,prefLabel,mp2013015122,http://id.loc.gov/authorities/performanceMediums/mp2013015122,"""cellone""@en .",lcmpt:
Celtic harp,altLabel,mp2013015356,http://id.loc.gov/authorities/performanceMediums/mp2013015356,"""Celtic harp""@en .",lcmpt:
cembal d'amour,prefLabel,mp2013015123,http://id.loc.gov/authorities/performanceMediums/mp2013015123,"""cembal d'amour""@en .",lcmpt:
cembalo,altLabel,mp2013015333,http://id.loc.gov/authorities/performanceMediums/mp2013015333,"""cembalo""@en .",lcmpt:
cembalo verticale,altLabel,mp2013015159,http://id.loc.gov/authorities/performanceMediums/mp2013015159,"""cembalo verticale""@en .",lcmpt:
çemençe,altLabel,mp2013015370,http://id.loc.gov/authorities/performanceMediums/mp2013015370,"""çemençe""@en .",lcmpt:
ceṇḍa,prefLabel,mp2013015830,http://id.loc.gov/authorities/performanceMediums/mp2013015830,"""ceṇḍa""@en .",lcmpt:
ceṇḍe,altLabel,mp2013015830,http://id.loc.gov/authorities/performanceMediums/mp2013015830,"""ceṇḍe""@en .",lcmpt:
ceṇṭā,altLabel,mp2013015830,http://id.loc.gov/authorities/performanceMediums/mp2013015830,"""ceṇṭā""@en .",lcmpt:
cervelas,altLabel,mp2013015589,http://id.loc.gov/authorities/performanceMediums/mp2013015589,"""cervelas""@en .",lcmpt:
cervelat,altLabel,mp2013015589,http://id.loc.gov/authorities/performanceMediums/mp2013015589,"""cervelat""@en .",lcmpt:
cetra,altLabel,mp2013015250,http://id.loc.gov/authorities/performanceMediums/mp2013015250,"""cetra""@en .",lcmpt:
ch'in,altLabel,mp2013015582,http://id.loc.gov/authorities/performanceMediums/mp2013015582,"""ch'in""@en .",lcmpt:
čhakhē,prefLabel,mp2013015124,http://id.loc.gov/authorities/performanceMediums/mp2013015124,"""čhakhē""@en .",lcmpt:
chalmeye,altLabel,mp2013015635,http://id.loc.gov/authorities/performanceMediums/mp2013015635,"""chalmeye""@en .",lcmpt:
chalmie,altLabel,mp2013015635,http://id.loc.gov/authorities/performanceMediums/mp2013015635,"""chalmie""@en .",lcmpt:
chalumeau,prefLabel,mp2013015125,http://id.loc.gov/authorities/performanceMediums/mp2013015125,"""chalumeau""@en .",lcmpt:
chalumeau (pipe),altLabel,mp2013015555,http://id.loc.gov/authorities/performanceMediums/mp2013015555,"""chalumeau (pipe)""@en .",lcmpt:
chalumeau (shawm),altLabel,mp2013015635,http://id.loc.gov/authorities/performanceMediums/mp2013015635,"""chalumeau (shawm)""@en .",lcmpt:
chamadron,prefLabel,mp2013015126,http://id.loc.gov/authorities/performanceMediums/mp2013015126,"""chamadron""@en .",lcmpt:
chamber orchestra,prefLabel,mp2013015127,http://id.loc.gov/authorities/performanceMediums/mp2013015127,"""chamber orchestra""@en .",lcmpt:
chamber organ,prefLabel,mp2013015128,http://id.loc.gov/authorities/performanceMediums/mp2013015128,"""chamber organ""@en .",lcmpt:
chande,altLabel,mp2013015830,http://id.loc.gov/authorities/performanceMediums/mp2013015830,"""chande""@en .",lcmpt:
chang go,altLabel,mp2013015129,http://id.loc.gov/authorities/performanceMediums/mp2013015129,"""chang go""@en .",lcmpt:
changgo,prefLabel,mp2013015129,http://id.loc.gov/authorities/performanceMediums/mp2013015129,"""changgo""@en .",lcmpt:
changgu,altLabel,mp2013015129,http://id.loc.gov/authorities/performanceMediums/mp2013015129,"""changgu""@en .",lcmpt:
changing voice,prefLabel,mp2013015130,http://id.loc.gov/authorities/performanceMediums/mp2013015130,"""changing voice""@en .",lcmpt:
"changing voices, chorus",altLabel,mp2013015144,http://id.loc.gov/authorities/performanceMediums/mp2013015144,"""changing voices, chorus""@en .",lcmpt:
charango,prefLabel,mp2013015131,http://id.loc.gov/authorities/performanceMediums/mp2013015131,"""charango""@en .",lcmpt:
chekeré,altLabel,mp2013015109,http://id.loc.gov/authorities/performanceMediums/mp2013015109,"""chekeré""@en .",lcmpt:
chemical harmonica,altLabel,mp2013015580,http://id.loc.gov/authorities/performanceMediums/mp2013015580,"""chemical harmonica""@en .",lcmpt:
chenda,altLabel,mp2013015830,http://id.loc.gov/authorities/performanceMediums/mp2013015830,"""chenda""@en .",lcmpt:
cheṇḍamēḷaṃ,altLabel,mp2013015830,http://id.loc.gov/authorities/performanceMediums/mp2013015830,"""cheṇḍamēḷaṃ""@en .",lcmpt:
chi na,altLabel,mp2013015687,http://id.loc.gov/authorities/performanceMediums/mp2013015687,"""chi na""@en .",lcmpt:
chiboni,prefLabel,mp2013015133,http://id.loc.gov/authorities/performanceMediums/mp2013015133,"""chiboni""@en .",lcmpt:
chikuzen-biwa,altLabel,mp2013015086,http://id.loc.gov/authorities/performanceMediums/mp2013015086,"""chikuzen-biwa""@en .",lcmpt:
child (singer),altLabel,mp2013015136,http://id.loc.gov/authorities/performanceMediums/mp2013015136,"""child (singer)""@en .",lcmpt:
child soprano (singer),altLabel,mp2013015134,http://id.loc.gov/authorities/performanceMediums/mp2013015134,"""child soprano (singer)""@en .",lcmpt:
child soprano voice,prefLabel,mp2013015134,http://id.loc.gov/authorities/performanceMediums/mp2013015134,"""child soprano voice""@en .",lcmpt:
child's voice,prefLabel,mp2013015136,http://id.loc.gov/authorities/performanceMediums/mp2013015136,"""child's voice""@en .",lcmpt:
children's chorus,prefLabel,mp2013015135,http://id.loc.gov/authorities/performanceMediums/mp2013015135,"""children's chorus""@en .",lcmpt:
chimes,prefLabel,mp2013015137,http://id.loc.gov/authorities/performanceMediums/mp2013015137,"""chimes""@en .",lcmpt:
chimes (glockenspiel),altLabel,mp2013015294,http://id.loc.gov/authorities/performanceMediums/mp2013015294,"""chimes (glockenspiel)""@en .",lcmpt:
"chimes, orchestral",altLabel,mp2013015754,http://id.loc.gov/authorities/performanceMediums/mp2013015754,"""chimes, orchestral""@en .",lcmpt:
chiming clock,altLabel,mp2013015163,http://id.loc.gov/authorities/performanceMediums/mp2013015163,"""chiming clock""@en .",lcmpt:
chimoni,altLabel,mp2013015133,http://id.loc.gov/authorities/performanceMediums/mp2013015133,"""chimoni""@en .",lcmpt:
Chinese lute,altLabel,mp2013015549,http://id.loc.gov/authorities/performanceMediums/mp2013015549,"""Chinese lute""@en .",lcmpt:
Chinese tom-tom,altLabel,mp2013015737,http://id.loc.gov/authorities/performanceMediums/mp2013015737,"""Chinese tom-tom""@en .",lcmpt:
Chinese wood block,altLabel,mp2017015001,http://id.loc.gov/authorities/performanceMediums/mp2017015001,"""Chinese wood block""@en .",lcmpt:
Chinese zither,altLabel,mp2013015821,http://id.loc.gov/authorities/performanceMediums/mp2013015821,"""Chinese zither""@en .",lcmpt:
ching (cymbals),prefLabel,mp2013015138,http://id.loc.gov/authorities/performanceMediums/mp2013015138,"""ching (cymbals)""@en .",lcmpt:
ching (gong),prefLabel,mp2013015139,http://id.loc.gov/authorities/performanceMediums/mp2013015139,"""ching (gong)""@en .",lcmpt:
chipendani,prefLabel,mp2013015140,http://id.loc.gov/authorities/performanceMediums/mp2013015140,"""chipendani""@en .",lcmpt:
chirimía,prefLabel,mp2013015141,http://id.loc.gov/authorities/performanceMediums/mp2013015141,"""chirimía""@en .",lcmpt:
chirisuya,altLabel,mp2013015141,http://id.loc.gov/authorities/performanceMediums/mp2013015141,"""chirisuya""@en .",lcmpt:
chitarra battente,prefLabel,mp2013015142,http://id.loc.gov/authorities/performanceMediums/mp2013015142,"""chitarra battente""@en .",lcmpt:
chitarrone,altLabel,mp2013015729,http://id.loc.gov/authorities/performanceMediums/mp2013015729,"""chitarrone""@en .",lcmpt:
chŏ,altLabel,mp2020015024,http://id.loc.gov/authorities/performanceMediums/mp2020015024,"""chŏ""@en .",lcmpt:
choir,altLabel,mp2013015143,http://id.loc.gov/authorities/performanceMediums/mp2013015143,"""choir""@en .",lcmpt:
chorale,altLabel,mp2013015143,http://id.loc.gov/authorities/performanceMediums/mp2013015143,"""chorale""@en .",lcmpt:
chord zither,altLabel,mp2013015331,http://id.loc.gov/authorities/performanceMediums/mp2013015331,"""chord zither""@en .",lcmpt:
chordophone,altLabel,mp2013015680,http://id.loc.gov/authorities/performanceMediums/mp2013015680,"""chordophone""@en .",lcmpt:
chorus,prefLabel,mp2013015143,http://id.loc.gov/authorities/performanceMediums/mp2013015143,"""chorus""@en .",lcmpt:
chorus changing voices,prefLabel,mp2013015144,http://id.loc.gov/authorities/performanceMediums/mp2013015144,"""chorus changing voices""@en .",lcmpt:
chŏttae,altLabel,mp2020015024,http://id.loc.gov/authorities/performanceMediums/mp2020015024,"""chŏttae""@en .",lcmpt:
chromette,altLabel,mp2013015522,http://id.loc.gov/authorities/performanceMediums/mp2013015522,"""chromette""@en .",lcmpt:
chung juan,altLabel,mp2013015604,http://id.loc.gov/authorities/performanceMediums/mp2013015604,"""chung juan""@en .",lcmpt:
čiboni,altLabel,mp2013015133,http://id.loc.gov/authorities/performanceMediums/mp2013015133,"""čiboni""@en .",lcmpt:
çifte,prefLabel,mp2013015147,http://id.loc.gov/authorities/performanceMediums/mp2013015147,"""çifte""@en .",lcmpt:
cigar box guitar,prefLabel,mp2013015148,http://id.loc.gov/authorities/performanceMediums/mp2013015148,"""cigar box guitar""@en .",lcmpt:
cimbalom,prefLabel,mp2013015149,http://id.loc.gov/authorities/performanceMediums/mp2013015149,"""cimbalom""@en .",lcmpt:
cinema organ,altLabel,mp2013015728,http://id.loc.gov/authorities/performanceMediums/mp2013015728,"""cinema organ""@en .",lcmpt:
citaharp,prefLabel,mp2013015150,http://id.loc.gov/authorities/performanceMediums/mp2013015150,"""citaharp""@en .",lcmpt:
citara,altLabel,mp2013015651,http://id.loc.gov/authorities/performanceMediums/mp2013015651,"""citara""@en .",lcmpt:
cithara,prefLabel,mp2013015151,http://id.loc.gov/authorities/performanceMediums/mp2013015151,"""cithara""@en .",lcmpt:
citharen,altLabel,mp2013015152,http://id.loc.gov/authorities/performanceMediums/mp2013015152,"""citharen""@en .",lcmpt:
cither,altLabel,mp2013015824,http://id.loc.gov/authorities/performanceMediums/mp2013015824,"""cither""@en .",lcmpt:
cithren,altLabel,mp2013015152,http://id.loc.gov/authorities/performanceMediums/mp2013015152,"""cithren""@en .",lcmpt:
cittern,prefLabel,mp2013015152,http://id.loc.gov/authorities/performanceMediums/mp2013015152,"""cittern""@en .",lcmpt:
cittharn,altLabel,mp2013015152,http://id.loc.gov/authorities/performanceMediums/mp2013015152,"""cittharn""@en .",lcmpt:
clap-sticks,altLabel,mp2013015845,http://id.loc.gov/authorities/performanceMediums/mp2013015845,"""clap-sticks""@en .",lcmpt:
clapper (percussion),prefLabel,mp2013015153,http://id.loc.gov/authorities/performanceMediums/mp2013015153,"""clapper (percussion)""@en .",lcmpt:
clapping sticks,altLabel,mp2013015845,http://id.loc.gov/authorities/performanceMediums/mp2013015845,"""clapping sticks""@en .",lcmpt:
"clapping, foot",altLabel,mp2013015840,http://id.loc.gov/authorities/performanceMediums/mp2013015840,"""clapping, foot""@en .",lcmpt:
"clapping, hand",altLabel,mp2013015316,http://id.loc.gov/authorities/performanceMediums/mp2013015316,"""clapping, hand""@en .",lcmpt:
clapsticks,prefLabel,mp2013015845,http://id.loc.gov/authorities/performanceMediums/mp2013015845,"""clapsticks""@en .",lcmpt:
clarinet,prefLabel,mp2013015154,http://id.loc.gov/authorities/performanceMediums/mp2013015154,"""clarinet""@en .",lcmpt:
clarinet choir,prefLabel,mp2013015837,http://id.loc.gov/authorities/performanceMediums/mp2013015837,"""clarinet choir""@en .",lcmpt:
clarinet d'amour,altLabel,mp2013015155,http://id.loc.gov/authorities/performanceMediums/mp2013015155,"""clarinet d'amour""@en .",lcmpt:
clarinet ensemble,altLabel,mp2013015837,http://id.loc.gov/authorities/performanceMediums/mp2013015837,"""clarinet ensemble""@en .",lcmpt:
clarinette d'amour,prefLabel,mp2013015155,http://id.loc.gov/authorities/performanceMediums/mp2013015155,"""clarinette d'amour""@en .",lcmpt:
clarinetto d'amore,altLabel,mp2013015155,http://id.loc.gov/authorities/performanceMediums/mp2013015155,"""clarinetto d'amore""@en .",lcmpt:
clarionet,altLabel,mp2013015154,http://id.loc.gov/authorities/performanceMediums/mp2013015154,"""clarionet""@en .",lcmpt:
classical guitar,altLabel,mp2013015306,http://id.loc.gov/authorities/performanceMediums/mp2013015306,"""classical guitar""@en .",lcmpt:
clavecin vertical,altLabel,mp2013015159,http://id.loc.gov/authorities/performanceMediums/mp2013015159,"""clavecin vertical""@en .",lcmpt:
claves,prefLabel,mp2013015156,http://id.loc.gov/authorities/performanceMediums/mp2013015156,"""claves""@en .",lcmpt:
clavi-harp,altLabel,mp2013015160,http://id.loc.gov/authorities/performanceMediums/mp2013015160,"""clavi-harp""@en .",lcmpt:
clavichord,prefLabel,mp2013015157,http://id.loc.gov/authorities/performanceMediums/mp2013015157,"""clavichord""@en .",lcmpt:
clavicylinder,prefLabel,mp2013015158,http://id.loc.gov/authorities/performanceMediums/mp2013015158,"""clavicylinder""@en .",lcmpt:
clavicytherium,prefLabel,mp2013015159,http://id.loc.gov/authorities/performanceMediums/mp2013015159,"""clavicytherium""@en .",lcmpt:
claviharpe,prefLabel,mp2013015160,http://id.loc.gov/authorities/performanceMediums/mp2013015160,"""claviharpe""@en .",lcmpt:
clavioline,prefLabel,mp2013015161,http://id.loc.gov/authorities/performanceMediums/mp2013015161,"""clavioline""@en .",lcmpt:
claviorgan,prefLabel,mp2013015162,http://id.loc.gov/authorities/performanceMediums/mp2013015162,"""claviorgan""@en .",lcmpt:
claviorganum,altLabel,mp2013015162,http://id.loc.gov/authorities/performanceMediums/mp2013015162,"""claviorganum""@en .",lcmpt:
clock chime bell,altLabel,mp2013015163,http://id.loc.gov/authorities/performanceMediums/mp2013015163,"""clock chime bell""@en .",lcmpt:
clock chimes,prefLabel,mp2013015163,http://id.loc.gov/authorities/performanceMediums/mp2013015163,"""clock chimes""@en .",lcmpt:
clock-organ,altLabel,mp2013015490,http://id.loc.gov/authorities/performanceMediums/mp2013015490,"""clock-organ""@en .",lcmpt:
"clock, musical",altLabel,mp2013015490,http://id.loc.gov/authorities/performanceMediums/mp2013015490,"""clock, musical""@en .",lcmpt:
clog box,altLabel,mp2017015001,http://id.loc.gov/authorities/performanceMediums/mp2017015001,"""clog box""@en .",lcmpt:
cloud chamber bowls,prefLabel,mp2013015164,http://id.loc.gov/authorities/performanceMediums/mp2013015164,"""cloud chamber bowls""@en .",lcmpt:
coach-horn,altLabel,mp2013015573,http://id.loc.gov/authorities/performanceMediums/mp2013015573,"""coach-horn""@en .",lcmpt:
colachon,altLabel,mp2013015831,http://id.loc.gov/authorities/performanceMediums/mp2013015831,"""colachon""@en .",lcmpt:
colascione,prefLabel,mp2013015165,http://id.loc.gov/authorities/performanceMediums/mp2013015165,"""colascione""@en .",lcmpt:
colascione (bass lute),altLabel,mp2013015831,http://id.loc.gov/authorities/performanceMediums/mp2013015831,"""colascione (bass lute)""@en .",lcmpt:
common flute,altLabel,mp2013015597,http://id.loc.gov/authorities/performanceMediums/mp2013015597,"""common flute""@en .",lcmpt:
computer,prefLabel,mp2013015166,http://id.loc.gov/authorities/performanceMediums/mp2013015166,"""computer""@en .",lcmpt:
computer printer,prefLabel,mp2013015167,http://id.loc.gov/authorities/performanceMediums/mp2013015167,"""computer printer""@en .",lcmpt:
concert band,altLabel,mp2013015048,http://id.loc.gov/authorities/performanceMediums/mp2013015048,"""concert band""@en .",lcmpt:
concert flute,altLabel,mp2013015268,http://id.loc.gov/authorities/performanceMediums/mp2013015268,"""concert flute""@en .",lcmpt:
concert grand (piano),altLabel,mp2013015550,http://id.loc.gov/authorities/performanceMediums/mp2013015550,"""concert grand (piano)""@en .",lcmpt:
concertina,prefLabel,mp2013015168,http://id.loc.gov/authorities/performanceMediums/mp2013015168,"""concertina""@en .",lcmpt:
concertina ensemble,prefLabel,mp2013015169,http://id.loc.gov/authorities/performanceMediums/mp2013015169,"""concertina ensemble""@en .",lcmpt:
concussion idiophone,prefLabel,mp2013015170,http://id.loc.gov/authorities/performanceMediums/mp2013015170,"""concussion idiophone""@en .",lcmpt:
conductor,prefLabel,mp2013015171,http://id.loc.gov/authorities/performanceMediums/mp2013015171,"""conductor""@en .",lcmpt:
conga,prefLabel,mp2013015172,http://id.loc.gov/authorities/performanceMediums/mp2013015172,"""conga""@en .",lcmpt:
conga drum,altLabel,mp2013015172,http://id.loc.gov/authorities/performanceMediums/mp2013015172,"""conga drum""@en .",lcmpt:
coṅʻʺ,altLabel,mp2013015622,http://id.loc.gov/authorities/performanceMediums/mp2013015622,"""coṅʻʺ""@en .",lcmpt:
coṅʻʺ kokʻ,altLabel,mp2013015622,http://id.loc.gov/authorities/performanceMediums/mp2013015622,"""coṅʻʺ kokʻ""@en .",lcmpt:
continuo,prefLabel,mp2013015173,http://id.loc.gov/authorities/performanceMediums/mp2013015173,"""continuo""@en .",lcmpt:
contra-alto clarinet,prefLabel,mp2013015175,http://id.loc.gov/authorities/performanceMediums/mp2013015175,"""contra-alto clarinet""@en .",lcmpt:
contra-bass clarinet,altLabel,mp2013015176,http://id.loc.gov/authorities/performanceMediums/mp2013015176,"""contra-bass clarinet""@en .",lcmpt:
contrabass,altLabel,mp2013015216,http://id.loc.gov/authorities/performanceMediums/mp2013015216,"""contrabass""@en .",lcmpt:
contrabass clarinet,prefLabel,mp2013015176,http://id.loc.gov/authorities/performanceMediums/mp2013015176,"""contrabass clarinet""@en .",lcmpt:
contrabass clarinet (E♭),altLabel,mp2013015175,http://id.loc.gov/authorities/performanceMediums/mp2013015175,"""contrabass clarinet (E♭)""@en .",lcmpt:
contrabass flute,prefLabel,mp2013015177,http://id.loc.gov/authorities/performanceMediums/mp2013015177,"""contrabass flute""@en .",lcmpt:
contrabass recorder,prefLabel,mp2013015178,http://id.loc.gov/authorities/performanceMediums/mp2013015178,"""contrabass recorder""@en .",lcmpt:
contrabass saxophone,prefLabel,mp2013015179,http://id.loc.gov/authorities/performanceMediums/mp2013015179,"""contrabass saxophone""@en .",lcmpt:
contrabass trombone,prefLabel,mp2015015011,http://id.loc.gov/authorities/performanceMediums/mp2015015011,"""contrabass trombone""@en .",lcmpt:
contrabass tuba,altLabel,mp2013015750,http://id.loc.gov/authorities/performanceMediums/mp2013015750,"""contrabass tuba""@en .",lcmpt:
contrabass voice,altLabel,mp2018015007,http://id.loc.gov/authorities/performanceMediums/mp2018015007,"""contrabass voice""@en .",lcmpt:
contrabassoon,prefLabel,mp2013015180,http://id.loc.gov/authorities/performanceMediums/mp2013015180,"""contrabassoon""@en .",lcmpt:
contralto clarinet,altLabel,mp2013015175,http://id.loc.gov/authorities/performanceMediums/mp2013015175,"""contralto clarinet""@en .",lcmpt:
contralto voice,altLabel,mp2013015017,http://id.loc.gov/authorities/performanceMediums/mp2013015017,"""contralto voice""@en .",lcmpt:
cor anglais,altLabel,mp2013015251,http://id.loc.gov/authorities/performanceMediums/mp2013015251,"""cor anglais""@en .",lcmpt:
cornaboux,altLabel,mp2013015185,http://id.loc.gov/authorities/performanceMediums/mp2013015185,"""cornaboux""@en .",lcmpt:
cornamusa,prefLabel,mp2014015001,http://id.loc.gov/authorities/performanceMediums/mp2014015001,"""cornamusa""@en .",lcmpt:
cornemuse (bagpipe),altLabel,mp2013015039,http://id.loc.gov/authorities/performanceMediums/mp2013015039,"""cornemuse (bagpipe)""@en .",lcmpt:
cornemuse (cornamusa),altLabel,mp2014015001,http://id.loc.gov/authorities/performanceMediums/mp2014015001,"""cornemuse (cornamusa)""@en .",lcmpt:
cornet,prefLabel,mp2013015183,http://id.loc.gov/authorities/performanceMediums/mp2013015183,"""cornet""@en .",lcmpt:
cornet à bouquin,altLabel,mp2013015185,http://id.loc.gov/authorities/performanceMediums/mp2013015185,"""cornet à bouquin""@en .",lcmpt:
cornet ensemble,prefLabel,mp2013015184,http://id.loc.gov/authorities/performanceMediums/mp2013015184,"""cornet ensemble""@en .",lcmpt:
corneta,altLabel,mp2013015185,http://id.loc.gov/authorities/performanceMediums/mp2013015185,"""corneta""@en .",lcmpt:
cornett,prefLabel,mp2013015185,http://id.loc.gov/authorities/performanceMediums/mp2013015185,"""cornett""@en .",lcmpt:
cornetto,altLabel,mp2013015185,http://id.loc.gov/authorities/performanceMediums/mp2013015185,"""cornetto""@en .",lcmpt:
corno di basso,altLabel,mp2019015003,http://id.loc.gov/authorities/performanceMediums/mp2019015003,"""corno di basso""@en .",lcmpt:
corno di inglese di basso,altLabel,mp2019015003,http://id.loc.gov/authorities/performanceMediums/mp2019015003,"""corno di inglese di basso""@en .",lcmpt:
corno inglesa di basso,altLabel,mp2019015003,http://id.loc.gov/authorities/performanceMediums/mp2019015003,"""corno inglesa di basso""@en .",lcmpt:
cornopean,altLabel,mp2013015183,http://id.loc.gov/authorities/performanceMediums/mp2013015183,"""cornopean""@en .",lcmpt:
"corps, drum and bugle",altLabel,mp2013015219,http://id.loc.gov/authorities/performanceMediums/mp2013015219,"""corps, drum and bugle""@en .",lcmpt:
"corps, drum and fife",altLabel,mp2013015262,http://id.loc.gov/authorities/performanceMediums/mp2013015262,"""corps, drum and fife""@en .",lcmpt:
"corps, fife and drum",altLabel,mp2013015262,http://id.loc.gov/authorities/performanceMediums/mp2013015262,"""corps, fife and drum""@en .",lcmpt:
cortaldi,altLabel,mp2013015589,http://id.loc.gov/authorities/performanceMediums/mp2013015589,"""cortaldi""@en .",lcmpt:
cortalli,altLabel,mp2013015589,http://id.loc.gov/authorities/performanceMediums/mp2013015589,"""cortalli""@en .",lcmpt:
countertenor (singer),altLabel,mp2013015186,http://id.loc.gov/authorities/performanceMediums/mp2013015186,"""countertenor (singer)""@en .",lcmpt:
countertenor voice,prefLabel,mp2013015186,http://id.loc.gov/authorities/performanceMediums/mp2013015186,"""countertenor voice""@en .",lcmpt:
cowbell,prefLabel,mp2013015187,http://id.loc.gov/authorities/performanceMediums/mp2013015187,"""cowbell""@en .",lcmpt:
cristal,prefLabel,mp2013015188,http://id.loc.gov/authorities/performanceMediums/mp2013015188,"""cristal""@en .",lcmpt:
Cristal Baschet,altLabel,mp2013015188,http://id.loc.gov/authorities/performanceMediums/mp2013015188,"""Cristal Baschet""@en .",lcmpt:
cromorne,altLabel,mp2013015190,http://id.loc.gov/authorities/performanceMediums/mp2013015190,"""cromorne""@en .",lcmpt:
crot,altLabel,mp2013015191,http://id.loc.gov/authorities/performanceMediums/mp2013015191,"""crot""@en .",lcmpt:
crotales,prefLabel,mp2013015189,http://id.loc.gov/authorities/performanceMediums/mp2013015189,"""crotales""@en .",lcmpt:
crouth,altLabel,mp2013015191,http://id.loc.gov/authorities/performanceMediums/mp2013015191,"""crouth""@en .",lcmpt:
crowd (crwth),altLabel,mp2013015191,http://id.loc.gov/authorities/performanceMediums/mp2013015191,"""crowd (crwth)""@en .",lcmpt:
crumhorn,prefLabel,mp2013015190,http://id.loc.gov/authorities/performanceMediums/mp2013015190,"""crumhorn""@en .",lcmpt:
crwth,prefLabel,mp2013015191,http://id.loc.gov/authorities/performanceMediums/mp2013015191,"""crwth""@en .",lcmpt:
crychord,prefLabel,mp2016015014,http://id.loc.gov/authorities/performanceMediums/mp2016015014,"""crychord""@en .",lcmpt:
crystal organ,altLabel,mp2013015188,http://id.loc.gov/authorities/performanceMediums/mp2013015188,"""crystal organ""@en .",lcmpt:
csakan,prefLabel,mp2013015192,http://id.loc.gov/authorities/performanceMediums/mp2013015192,"""csakan""@en .",lcmpt:
csákány,altLabel,mp2013015192,http://id.loc.gov/authorities/performanceMediums/mp2013015192,"""csákány""@en .",lcmpt:
cuatro,prefLabel,mp2013015193,http://id.loc.gov/authorities/performanceMediums/mp2013015193,"""cuatro""@en .",lcmpt:
cuena,altLabel,mp2013015584,http://id.loc.gov/authorities/performanceMediums/mp2013015584,"""cuena""@en .",lcmpt:
cuíca,prefLabel,mp2013015194,http://id.loc.gov/authorities/performanceMediums/mp2013015194,"""cuíca""@en .",lcmpt:
cümbüş,prefLabel,mp2019015010,http://id.loc.gov/authorities/performanceMediums/mp2019015010,"""cümbüş""@en .",lcmpt:
curtal,altLabel,mp2013015227,http://id.loc.gov/authorities/performanceMediums/mp2013015227,"""curtal""@en .",lcmpt:
cylinder piano,altLabel,mp2013015061,http://id.loc.gov/authorities/performanceMediums/mp2013015061,"""cylinder piano""@en .",lcmpt:
cymbal,prefLabel,mp2013015195,http://id.loc.gov/authorities/performanceMediums/mp2013015195,"""cymbal""@en .",lcmpt:
cymbal (cimbalom),altLabel,mp2013015149,http://id.loc.gov/authorities/performanceMediums/mp2013015149,"""cymbal (cimbalom)""@en .",lcmpt:
cymbalom,altLabel,mp2013015149,http://id.loc.gov/authorities/performanceMediums/mp2013015149,"""cymbalom""@en .",lcmpt:
cymbalum,altLabel,mp2013015149,http://id.loc.gov/authorities/performanceMediums/mp2013015149,"""cymbalum""@en .",lcmpt:
D clarinet (sopranino),altLabel,mp2014015002,http://id.loc.gov/authorities/performanceMediums/mp2014015002,"""D clarinet (sopranino)""@en .",lcmpt:
da kuan hsien,prefLabel,mp2016015012,http://id.loc.gov/authorities/performanceMediums/mp2016015012,"""da kuan hsien""@en .",lcmpt:
da tong,prefLabel,mp2013015196,http://id.loc.gov/authorities/performanceMediums/mp2013015196,"""da tong""@en .",lcmpt:
daegeum,altLabel,mp2020015024,http://id.loc.gov/authorities/performanceMediums/mp2020015024,"""daegeum""@en .",lcmpt:
daegŭm,altLabel,mp2020015024,http://id.loc.gov/authorities/performanceMediums/mp2020015024,"""daegŭm""@en .",lcmpt:
daf,altLabel,mp2013015197,http://id.loc.gov/authorities/performanceMediums/mp2013015197,"""daf""@en .",lcmpt:
daff,prefLabel,mp2013015197,http://id.loc.gov/authorities/performanceMediums/mp2013015197,"""daff""@en .",lcmpt:
daguangxian,altLabel,mp2016015012,http://id.loc.gov/authorities/performanceMediums/mp2016015012,"""daguangxian""@en .",lcmpt:
damba,prefLabel,mp2013015198,http://id.loc.gov/authorities/performanceMediums/mp2013015198,"""damba""@en .",lcmpt:
đàn bâù,prefLabel,mp2013015199,http://id.loc.gov/authorities/performanceMediums/mp2013015199,"""đàn bâù""@en .",lcmpt:
đàn độc huyền,altLabel,mp2013015199,http://id.loc.gov/authorities/performanceMediums/mp2013015199,"""đàn độc huyền""@en .",lcmpt:
dan pi ku,prefLabel,mp2016015010,http://id.loc.gov/authorities/performanceMediums/mp2016015010,"""dan pi ku""@en .",lcmpt:
đàn tranh,prefLabel,mp2013015200,http://id.loc.gov/authorities/performanceMediums/mp2013015200,"""đàn tranh""@en .",lcmpt:
danbigu,altLabel,mp2016015010,http://id.loc.gov/authorities/performanceMediums/mp2016015010,"""danbigu""@en .",lcmpt:
dance band,altLabel,mp2013015083,http://id.loc.gov/authorities/performanceMediums/mp2013015083,"""dance band""@en .",lcmpt:
dance orchestra (big band),altLabel,mp2013015083,http://id.loc.gov/authorities/performanceMediums/mp2013015083,"""dance orchestra (big band)""@en .",lcmpt:
dancer,prefLabel,mp2013015202,http://id.loc.gov/authorities/performanceMediums/mp2013015202,"""dancer""@en .",lcmpt:
ḍaph,altLabel,mp2013015197,http://id.loc.gov/authorities/performanceMediums/mp2013015197,"""ḍaph""@en .",lcmpt:
darabuke,altLabel,mp2013015203,http://id.loc.gov/authorities/performanceMediums/mp2013015203,"""darabuke""@en .",lcmpt:
darabukka,prefLabel,mp2013015203,http://id.loc.gov/authorities/performanceMediums/mp2013015203,"""darabukka""@en .",lcmpt:
darboukka,altLabel,mp2013015203,http://id.loc.gov/authorities/performanceMediums/mp2013015203,"""darboukka""@en .",lcmpt:
darbuga,altLabel,mp2013015203,http://id.loc.gov/authorities/performanceMediums/mp2013015203,"""darbuga""@en .",lcmpt:
darbuka,altLabel,mp2013015203,http://id.loc.gov/authorities/performanceMediums/mp2013015203,"""darbuka""@en .",lcmpt:
darbukka,altLabel,mp2013015203,http://id.loc.gov/authorities/performanceMediums/mp2013015203,"""darbukka""@en .",lcmpt:
daruan,altLabel,mp2013015604,http://id.loc.gov/authorities/performanceMediums/mp2013015604,"""daruan""@en .",lcmpt:
daul,altLabel,mp2013015756,http://id.loc.gov/authorities/performanceMediums/mp2013015756,"""daul""@en .",lcmpt:
daule,altLabel,mp2013015206,http://id.loc.gov/authorities/performanceMediums/mp2013015206,"""daule""@en .",lcmpt:
davul,altLabel,mp2013015206,http://id.loc.gov/authorities/performanceMediums/mp2013015206,"""davul""@en .",lcmpt:
daxophone,prefLabel,mp2013015204,http://id.loc.gov/authorities/performanceMediums/mp2013015204,"""daxophone""@en .",lcmpt:
deblek,altLabel,mp2013015232,http://id.loc.gov/authorities/performanceMediums/mp2013015232,"""deblek""@en .",lcmpt:
derabucca,altLabel,mp2013015203,http://id.loc.gov/authorities/performanceMediums/mp2013015203,"""derabucca""@en .",lcmpt:
derbouka,altLabel,mp2013015203,http://id.loc.gov/authorities/performanceMediums/mp2013015203,"""derbouka""@en .",lcmpt:
derbuga,altLabel,mp2013015203,http://id.loc.gov/authorities/performanceMediums/mp2013015203,"""derbuga""@en .",lcmpt:
derbuka,altLabel,mp2013015203,http://id.loc.gov/authorities/performanceMediums/mp2013015203,"""derbuka""@en .",lcmpt:
derbukka,altLabel,mp2013015203,http://id.loc.gov/authorities/performanceMediums/mp2013015203,"""derbukka""@en .",lcmpt:
descant recorder,altLabel,mp2013015664,http://id.loc.gov/authorities/performanceMediums/mp2013015664,"""descant recorder""@en .",lcmpt:
descant viol,altLabel,mp2013015532,http://id.loc.gov/authorities/performanceMediums/mp2013015532,"""descant viol""@en .",lcmpt:
desk bell,altLabel,mp2017015024,http://id.loc.gov/authorities/performanceMediums/mp2017015024,"""desk bell""@en .",lcmpt:
devil's fiddle,altLabel,mp2013015655,http://id.loc.gov/authorities/performanceMediums/mp2013015655,"""devil's fiddle""@en .",lcmpt:
devil's violin,altLabel,mp2013015655,http://id.loc.gov/authorities/performanceMediums/mp2013015655,"""devil's violin""@en .",lcmpt:
dhavul,altLabel,mp2013015719,http://id.loc.gov/authorities/performanceMediums/mp2013015719,"""dhavul""@en .",lcmpt:
dhimay,prefLabel,mp2013015205,http://id.loc.gov/authorities/performanceMediums/mp2013015205,"""dhimay""@en .",lcmpt:
dhime,altLabel,mp2013015205,http://id.loc.gov/authorities/performanceMediums/mp2013015205,"""dhime""@en .",lcmpt:
dhol (Caucasian drum),altLabel,mp2013015206,http://id.loc.gov/authorities/performanceMediums/mp2013015206,"""dhol (Caucasian drum)""@en .",lcmpt:
dholi,prefLabel,mp2013015206,http://id.loc.gov/authorities/performanceMediums/mp2013015206,"""dholi""@en .",lcmpt:
di,altLabel,mp2013015207,http://id.loc.gov/authorities/performanceMediums/mp2013015207,"""di""@en .",lcmpt:
di zi,prefLabel,mp2013015207,http://id.loc.gov/authorities/performanceMediums/mp2013015207,"""di zi""@en .",lcmpt:
diabelskie skrzypce,altLabel,mp2013015655,http://id.loc.gov/authorities/performanceMediums/mp2013015655,"""diabelskie skrzypce""@en .",lcmpt:
diable skrzype,altLabel,mp2013015655,http://id.loc.gov/authorities/performanceMediums/mp2013015655,"""diable skrzype""@en .",lcmpt:
diamond marimba,prefLabel,mp2016015019,http://id.loc.gov/authorities/performanceMediums/mp2016015019,"""diamond marimba""@en .",lcmpt:
diddley bow,prefLabel,mp2013015208,http://id.loc.gov/authorities/performanceMediums/mp2013015208,"""diddley bow""@en .",lcmpt:
didgeridoo,altLabel,mp2013015209,http://id.loc.gov/authorities/performanceMediums/mp2013015209,"""didgeridoo""@en .",lcmpt:
didjeridoo,altLabel,mp2013015209,http://id.loc.gov/authorities/performanceMediums/mp2013015209,"""didjeridoo""@en .",lcmpt:
didjeridu,prefLabel,mp2013015209,http://id.loc.gov/authorities/performanceMediums/mp2013015209,"""didjeridu""@en .",lcmpt:
digeridoo,altLabel,mp2013015209,http://id.loc.gov/authorities/performanceMediums/mp2013015209,"""digeridoo""@en .",lcmpt:
digital harpsichord,altLabel,mp2013015241,http://id.loc.gov/authorities/performanceMediums/mp2013015241,"""digital harpsichord""@en .",lcmpt:
digital keyboard,altLabel,mp2013015242,http://id.loc.gov/authorities/performanceMediums/mp2013015242,"""digital keyboard""@en .",lcmpt:
digital piano,altLabel,mp2013015247,http://id.loc.gov/authorities/performanceMediums/mp2013015247,"""digital piano""@en .",lcmpt:
digital player piano,prefLabel,mp2013015210,http://id.loc.gov/authorities/performanceMediums/mp2013015210,"""digital player piano""@en .",lcmpt:
dijiridu,altLabel,mp2013015209,http://id.loc.gov/authorities/performanceMediums/mp2013015209,"""dijiridu""@en .",lcmpt:
dilrubā,prefLabel,mp2013015211,http://id.loc.gov/authorities/performanceMediums/mp2013015211,"""dilrubā""@en .",lcmpt:
"director, music",altLabel,mp2013015171,http://id.loc.gov/authorities/performanceMediums/mp2013015171,"""director, music""@en .",lcmpt:
dizi,altLabel,mp2013015207,http://id.loc.gov/authorities/performanceMediums/mp2013015207,"""dizi""@en .",lcmpt:
djembe,prefLabel,mp2013015212,http://id.loc.gov/authorities/performanceMediums/mp2013015212,"""djembe""@en .",lcmpt:
djil,altLabel,mp2017015005,http://id.loc.gov/authorities/performanceMediums/mp2017015005,"""djil""@en .",lcmpt:
do nally,altLabel,mp2013015009,http://id.loc.gov/authorities/performanceMediums/mp2013015009,"""do nally""@en .",lcmpt:
do-neli,altLabel,mp2020015002,http://id.loc.gov/authorities/performanceMediums/mp2020015002,"""do-neli""@en .",lcmpt:
do-ney,altLabel,mp2020015002,http://id.loc.gov/authorities/performanceMediums/mp2020015002,"""do-ney""@en .",lcmpt:
dobro,altLabel,mp2013015601,http://id.loc.gov/authorities/performanceMediums/mp2013015601,"""dobro""@en .",lcmpt:
doff al-zinjāri,altLabel,mp2017015008,http://id.loc.gov/authorities/performanceMediums/mp2017015008,"""doff al-zinjāri""@en .",lcmpt:
dohol,altLabel,mp2013015206,http://id.loc.gov/authorities/performanceMediums/mp2013015206,"""dohol""@en .",lcmpt:
dolçaina,altLabel,mp2013015231,http://id.loc.gov/authorities/performanceMediums/mp2013015231,"""dolçaina""@en .",lcmpt:
dolceola,prefLabel,mp2013015838,http://id.loc.gov/authorities/performanceMediums/mp2013015838,"""dolceola""@en .",lcmpt:
dolcian,altLabel,mp2013015227,http://id.loc.gov/authorities/performanceMediums/mp2013015227,"""dolcian""@en .",lcmpt:
dolcino,altLabel,mp2013015227,http://id.loc.gov/authorities/performanceMediums/mp2013015227,"""dolcino""@en .",lcmpt:
doli,altLabel,mp2013015206,http://id.loc.gov/authorities/performanceMediums/mp2013015206,"""doli""@en .",lcmpt:
dolzaina,altLabel,mp2013015231,http://id.loc.gov/authorities/performanceMediums/mp2013015231,"""dolzaina""@en .",lcmpt:
dolzoni,altLabel,mp2013015227,http://id.loc.gov/authorities/performanceMediums/mp2013015227,"""dolzoni""@en .",lcmpt:
dombäck,altLabel,mp2013015820,http://id.loc.gov/authorities/performanceMediums/mp2013015820,"""dombäck""@en .",lcmpt:
dombak,altLabel,mp2013015820,http://id.loc.gov/authorities/performanceMediums/mp2013015820,"""dombak""@en .",lcmpt:
dombira,altLabel,mp2013015214,http://id.loc.gov/authorities/performanceMediums/mp2013015214,"""dombira""@en .",lcmpt:
dömbra,prefLabel,mp2013015214,http://id.loc.gov/authorities/performanceMediums/mp2013015214,"""dömbra""@en .",lcmpt:
domra,prefLabel,mp2013015215,http://id.loc.gov/authorities/performanceMediums/mp2013015215,"""domra""@en .",lcmpt:
doneli,prefLabel,mp2020015002,http://id.loc.gov/authorities/performanceMediums/mp2020015002,"""doneli""@en .",lcmpt:
doney,altLabel,mp2020015002,http://id.loc.gov/authorities/performanceMediums/mp2020015002,"""doney""@en .",lcmpt:
dotār,altLabel,mp2013015233,http://id.loc.gov/authorities/performanceMediums/mp2013015233,"""dotār""@en .",lcmpt:
double B-flat tuba,altLabel,mp2013015750,http://id.loc.gov/authorities/performanceMediums/mp2013015750,"""double B-flat tuba""@en .",lcmpt:
double bass,prefLabel,mp2013015216,http://id.loc.gov/authorities/performanceMediums/mp2013015216,"""double bass""@en .",lcmpt:
double bass viol,altLabel,mp2013015785,http://id.loc.gov/authorities/performanceMediums/mp2013015785,"""double bass viol""@en .",lcmpt:
double bassoon,altLabel,mp2013015180,http://id.loc.gov/authorities/performanceMediums/mp2013015180,"""double bassoon""@en .",lcmpt:
double C tuba,altLabel,mp2013015750,http://id.loc.gov/authorities/performanceMediums/mp2013015750,"""double C tuba""@en .",lcmpt:
double contra-alto flute,altLabel,mp2018015006,http://id.loc.gov/authorities/performanceMediums/mp2018015006,"""double contra-alto flute""@en .",lcmpt:
double reed instrument,prefLabel,mp2013015217,http://id.loc.gov/authorities/performanceMediums/mp2013015217,"""double reed instrument""@en .",lcmpt:
double-bell euphonium,prefLabel,mp2019015013,http://id.loc.gov/authorities/performanceMediums/mp2019015013,"""double-bell euphonium""@en .",lcmpt:
double-belled euphonium,altLabel,mp2019015013,http://id.loc.gov/authorities/performanceMediums/mp2019015013,"""double-belled euphonium""@en .",lcmpt:
doul,altLabel,mp2013015206,http://id.loc.gov/authorities/performanceMediums/mp2013015206,"""doul""@en .",lcmpt:
drum,prefLabel,mp2013015218,http://id.loc.gov/authorities/performanceMediums/mp2013015218,"""drum""@en .",lcmpt:
drum and bugle corps,prefLabel,mp2013015219,http://id.loc.gov/authorities/performanceMediums/mp2013015219,"""drum and bugle corps""@en .",lcmpt:
drum and fife corps,altLabel,mp2013015262,http://id.loc.gov/authorities/performanceMediums/mp2013015262,"""drum and fife corps""@en .",lcmpt:
drum circle,prefLabel,mp2013015220,http://id.loc.gov/authorities/performanceMediums/mp2013015220,"""drum circle""@en .",lcmpt:
drum corps,altLabel,mp2013015219,http://id.loc.gov/authorities/performanceMediums/mp2013015219,"""drum corps""@en .",lcmpt:
drum kit,altLabel,mp2013015222,http://id.loc.gov/authorities/performanceMediums/mp2013015222,"""drum kit""@en .",lcmpt:
drum machine,prefLabel,mp2013015221,http://id.loc.gov/authorities/performanceMediums/mp2013015221,"""drum machine""@en .",lcmpt:
drum set,prefLabel,mp2013015222,http://id.loc.gov/authorities/performanceMediums/mp2013015222,"""drum set""@en .",lcmpt:
"drum, bronze",altLabel,mp2013015103,http://id.loc.gov/authorities/performanceMediums/mp2013015103,"""drum, bronze""@en .",lcmpt:
"drum, steel",altLabel,mp2013015675,http://id.loc.gov/authorities/performanceMediums/mp2013015675,"""drum, steel""@en .",lcmpt:
drumset,altLabel,mp2013015222,http://id.loc.gov/authorities/performanceMediums/mp2013015222,"""drumset""@en .",lcmpt:
duandi,altLabel,mp2016015004,http://id.loc.gov/authorities/performanceMediums/mp2016015004,"""duandi""@en .",lcmpt:
duct flute,prefLabel,mp2013015223,http://id.loc.gov/authorities/performanceMediums/mp2013015223,"""duct flute""@en .",lcmpt:
ductless flute,prefLabel,mp2013015224,http://id.loc.gov/authorities/performanceMediums/mp2013015224,"""ductless flute""@en .",lcmpt:
dude,altLabel,mp2013015226,http://id.loc.gov/authorities/performanceMediums/mp2013015226,"""dude""@en .",lcmpt:
duduk (double reed instrument),prefLabel,mp2013015225,http://id.loc.gov/authorities/performanceMediums/mp2013015225,"""duduk (double reed instrument)""@en .",lcmpt:
duduk (duct flute),altLabel,mp2013015691,http://id.loc.gov/authorities/performanceMediums/mp2013015691,"""duduk (duct flute)""@en .",lcmpt:
duduki,altLabel,mp2013015225,http://id.loc.gov/authorities/performanceMediums/mp2013015225,"""duduki""@en .",lcmpt:
dudy,prefLabel,mp2013015226,http://id.loc.gov/authorities/performanceMediums/mp2013015226,"""dudy""@en .",lcmpt:
duff,altLabel,mp2013015197,http://id.loc.gov/authorities/performanceMediums/mp2013015197,"""duff""@en .",lcmpt:
dulceola,altLabel,mp2013015838,http://id.loc.gov/authorities/performanceMediums/mp2013015838,"""dulceola""@en .",lcmpt:
dulcian,prefLabel,mp2013015227,http://id.loc.gov/authorities/performanceMediums/mp2013015227,"""dulcian""@en .",lcmpt:
dulcimer,prefLabel,mp2013015228,http://id.loc.gov/authorities/performanceMediums/mp2013015228,"""dulcimer""@en .",lcmpt:
dulcimer ensemble,prefLabel,mp2013015229,http://id.loc.gov/authorities/performanceMediums/mp2013015229,"""dulcimer ensemble""@en .",lcmpt:
"dulcimer, American",altLabel,mp2013015022,http://id.loc.gov/authorities/performanceMediums/mp2013015022,"""dulcimer, American""@en .",lcmpt:
"dulcimer, Appalachian",altLabel,mp2013015022,http://id.loc.gov/authorities/performanceMediums/mp2013015022,"""dulcimer, Appalachian""@en .",lcmpt:
"dulcimer, Kentucky",altLabel,mp2013015022,http://id.loc.gov/authorities/performanceMediums/mp2013015022,"""dulcimer, Kentucky""@en .",lcmpt:
"dulcimer, lap",altLabel,mp2013015022,http://id.loc.gov/authorities/performanceMediums/mp2013015022,"""dulcimer, lap""@en .",lcmpt:
"dulcimer, mountain",altLabel,mp2013015022,http://id.loc.gov/authorities/performanceMediums/mp2013015022,"""dulcimer, mountain""@en .",lcmpt:
"dulcimer, plucked",altLabel,mp2013015022,http://id.loc.gov/authorities/performanceMediums/mp2013015022,"""dulcimer, plucked""@en .",lcmpt:
dulcitone,prefLabel,mp2013015230,http://id.loc.gov/authorities/performanceMediums/mp2013015230,"""dulcitone""@en .",lcmpt:
dultzaina,altLabel,mp2013015231,http://id.loc.gov/authorities/performanceMediums/mp2013015231,"""dultzaina""@en .",lcmpt:
dulzaina,prefLabel,mp2013015231,http://id.loc.gov/authorities/performanceMediums/mp2013015231,"""dulzaina""@en .",lcmpt:
dulzian,altLabel,mp2013015227,http://id.loc.gov/authorities/performanceMediums/mp2013015227,"""dulzian""@en .",lcmpt:
dumbeg,altLabel,mp2013015232,http://id.loc.gov/authorities/performanceMediums/mp2013015232,"""dumbeg""@en .",lcmpt:
dumbek,altLabel,mp2013015203,http://id.loc.gov/authorities/performanceMediums/mp2013015203,"""dumbek""@en .",lcmpt:
dūmbek,altLabel,mp2013015232,http://id.loc.gov/authorities/performanceMediums/mp2013015232,"""dūmbek""@en .",lcmpt:
dümbelek,prefLabel,mp2013015232,http://id.loc.gov/authorities/performanceMediums/mp2013015232,"""dümbelek""@en .",lcmpt:
dumbrak,altLabel,mp2013015214,http://id.loc.gov/authorities/performanceMediums/mp2013015214,"""dumbrak""@en .",lcmpt:
dùndún,altLabel,mp2014015028,http://id.loc.gov/authorities/performanceMediums/mp2014015028,"""dùndún""@en .",lcmpt:
dutār,prefLabel,mp2013015233,http://id.loc.gov/authorities/performanceMediums/mp2013015233,"""dutār""@en .",lcmpt:
Dutch organ,altLabel,mp2013015060,http://id.loc.gov/authorities/performanceMediums/mp2013015060,"""Dutch organ""@en .",lcmpt:
dvogrla,altLabel,mp2013015234,http://id.loc.gov/authorities/performanceMediums/mp2013015234,"""dvogrla""@en .",lcmpt:
dvogrle,altLabel,mp2013015234,http://id.loc.gov/authorities/performanceMediums/mp2013015234,"""dvogrle""@en .",lcmpt:
dvorgrla,altLabel,mp2013015234,http://id.loc.gov/authorities/performanceMediums/mp2013015234,"""dvorgrla""@en .",lcmpt:
dvorgrle,prefLabel,mp2013015234,http://id.loc.gov/authorities/performanceMediums/mp2013015234,"""dvorgrle""@en .",lcmpt:
dynaphone,altLabel,mp2013015721,http://id.loc.gov/authorities/performanceMediums/mp2013015721,"""dynaphone""@en .",lcmpt:
e-cello,altLabel,mp2013015238,http://id.loc.gov/authorities/performanceMediums/mp2013015238,"""e-cello""@en .",lcmpt:
E-flat clarinet (alto),altLabel,mp2013015011,http://id.loc.gov/authorities/performanceMediums/mp2013015011,"""E-flat clarinet (alto)""@en .",lcmpt:
E-flat clarinet (sopranino),altLabel,mp2014015002,http://id.loc.gov/authorities/performanceMediums/mp2014015002,"""E-flat clarinet (sopranino)""@en .",lcmpt:
E-flat contrabass clarinet,altLabel,mp2013015175,http://id.loc.gov/authorities/performanceMediums/mp2013015175,"""E-flat contrabass clarinet""@en .",lcmpt:
E-flat horn,altLabel,mp2013015013,http://id.loc.gov/authorities/performanceMediums/mp2013015013,"""E-flat horn""@en .",lcmpt:
E-flat sopranino clarinet,altLabel,mp2014015002,http://id.loc.gov/authorities/performanceMediums/mp2014015002,"""E-flat sopranino clarinet""@en .",lcmpt:
e-guitar,altLabel,mp2013015239,http://id.loc.gov/authorities/performanceMediums/mp2013015239,"""e-guitar""@en .",lcmpt:
e-violin,altLabel,mp2013015240,http://id.loc.gov/authorities/performanceMediums/mp2013015240,"""e-violin""@en .",lcmpt:
E♭ clarinet (alto),altLabel,mp2013015011,http://id.loc.gov/authorities/performanceMediums/mp2013015011,"""E♭ clarinet (alto)""@en .",lcmpt:
E♭ clarinet (sopranino),altLabel,mp2014015002,http://id.loc.gov/authorities/performanceMediums/mp2014015002,"""E♭ clarinet (sopranino)""@en .",lcmpt:
E♭ contrabass clarinet,altLabel,mp2013015175,http://id.loc.gov/authorities/performanceMediums/mp2013015175,"""E♭ contrabass clarinet""@en .",lcmpt:
E♭ horn,altLabel,mp2013015013,http://id.loc.gov/authorities/performanceMediums/mp2013015013,"""E♭ horn""@en .",lcmpt:
E♭ sopranino clarinet,altLabel,mp2014015002,http://id.loc.gov/authorities/performanceMediums/mp2014015002,"""E♭ sopranino clarinet""@en .",lcmpt:
edge-blown instrument,prefLabel,mp2013015235,http://id.loc.gov/authorities/performanceMediums/mp2013015235,"""edge-blown instrument""@en .",lcmpt:
egg shaker,prefLabel,mp2019015023,http://id.loc.gov/authorities/performanceMediums/mp2019015023,"""egg shaker""@en .",lcmpt:
ekón,prefLabel,mp2013015236,http://id.loc.gov/authorities/performanceMediums/mp2013015236,"""ekón""@en .",lcmpt:
ekong,altLabel,mp2013015236,http://id.loc.gov/authorities/performanceMediums/mp2013015236,"""ekong""@en .",lcmpt:
ekue,prefLabel,mp2013015237,http://id.loc.gov/authorities/performanceMediums/mp2013015237,"""ekue""@en .",lcmpt:
electric acoustic guitar,altLabel,mp2013015239,http://id.loc.gov/authorities/performanceMediums/mp2013015239,"""electric acoustic guitar""@en .",lcmpt:
electric bass guitar,altLabel,mp2013015067,http://id.loc.gov/authorities/performanceMediums/mp2013015067,"""electric bass guitar""@en .",lcmpt:
electric cello,prefLabel,mp2013015238,http://id.loc.gov/authorities/performanceMediums/mp2013015238,"""electric cello""@en .",lcmpt:
electric guitar,prefLabel,mp2013015239,http://id.loc.gov/authorities/performanceMediums/mp2013015239,"""electric guitar""@en .",lcmpt:
electric harpsichord,altLabel,mp2013015241,http://id.loc.gov/authorities/performanceMediums/mp2013015241,"""electric harpsichord""@en .",lcmpt:
electric organ,altLabel,mp2013015245,http://id.loc.gov/authorities/performanceMediums/mp2013015245,"""electric organ""@en .",lcmpt:
electric piano,altLabel,mp2013015247,http://id.loc.gov/authorities/performanceMediums/mp2013015247,"""electric piano""@en .",lcmpt:
electric violin,prefLabel,mp2013015240,http://id.loc.gov/authorities/performanceMediums/mp2013015240,"""electric violin""@en .",lcmpt:
electrical orchestra,altLabel,mp2013015505,http://id.loc.gov/authorities/performanceMediums/mp2013015505,"""electrical orchestra""@en .",lcmpt:
electro-acoustic guitar,altLabel,mp2013015239,http://id.loc.gov/authorities/performanceMediums/mp2013015239,"""electro-acoustic guitar""@en .",lcmpt:
electroacoustic guitar,altLabel,mp2013015239,http://id.loc.gov/authorities/performanceMediums/mp2013015239,"""electroacoustic guitar""@en .",lcmpt:
electronic drum,altLabel,mp2013015221,http://id.loc.gov/authorities/performanceMediums/mp2013015221,"""electronic drum""@en .",lcmpt:
electronic harpsichord,prefLabel,mp2013015241,http://id.loc.gov/authorities/performanceMediums/mp2013015241,"""electronic harpsichord""@en .",lcmpt:
electronic instrument,prefLabel,mp2013015244,http://id.loc.gov/authorities/performanceMediums/mp2013015244,"""electronic instrument""@en .",lcmpt:
electronic keyboard,prefLabel,mp2013015242,http://id.loc.gov/authorities/performanceMediums/mp2013015242,"""electronic keyboard""@en .",lcmpt:
electronic keyboard ensemble,prefLabel,mp2013015243,http://id.loc.gov/authorities/performanceMediums/mp2013015243,"""electronic keyboard ensemble""@en .",lcmpt:
electronic organ,prefLabel,mp2013015245,http://id.loc.gov/authorities/performanceMediums/mp2013015245,"""electronic organ""@en .",lcmpt:
electronic organ ensemble,prefLabel,mp2013015246,http://id.loc.gov/authorities/performanceMediums/mp2013015246,"""electronic organ ensemble""@en .",lcmpt:
electronic percussion,altLabel,mp2013015221,http://id.loc.gov/authorities/performanceMediums/mp2013015221,"""electronic percussion""@en .",lcmpt:
electronic piano,prefLabel,mp2013015247,http://id.loc.gov/authorities/performanceMediums/mp2013015247,"""electronic piano""@en .",lcmpt:
electronic trumpet,altLabel,mp2013015801,http://id.loc.gov/authorities/performanceMediums/mp2013015801,"""electronic trumpet""@en .",lcmpt:
electronic valve instrument,altLabel,mp2013015801,http://id.loc.gov/authorities/performanceMediums/mp2013015801,"""electronic valve instrument""@en .",lcmpt:
electronic violin,altLabel,mp2013015240,http://id.loc.gov/authorities/performanceMediums/mp2013015240,"""electronic violin""@en .",lcmpt:
electronic violoncello,altLabel,mp2013015238,http://id.loc.gov/authorities/performanceMediums/mp2013015238,"""electronic violoncello""@en .",lcmpt:
electronic wind instrument,altLabel,mp2013015801,http://id.loc.gov/authorities/performanceMediums/mp2013015801,"""electronic wind instrument""@en .",lcmpt:
electronics,prefLabel,mp2013015248,http://id.loc.gov/authorities/performanceMediums/mp2013015248,"""electronics""@en .",lcmpt:
electronium,prefLabel,mp2013015249,http://id.loc.gov/authorities/performanceMediums/mp2013015249,"""electronium""@en .",lcmpt:
elektronium,altLabel,mp2013015249,http://id.loc.gov/authorities/performanceMediums/mp2013015249,"""elektronium""@en .",lcmpt:
enas,altLabel,mp2013015415,http://id.loc.gov/authorities/performanceMediums/mp2013015415,"""enas""@en .",lcmpt:
enchemí,altLabel,mp2013015094,http://id.loc.gov/authorities/performanceMediums/mp2013015094,"""enchemí""@en .",lcmpt:
English bass horn,altLabel,mp2019015003,http://id.loc.gov/authorities/performanceMediums/mp2019015003,"""English bass horn""@en .",lcmpt:
English flute,altLabel,mp2013015597,http://id.loc.gov/authorities/performanceMediums/mp2013015597,"""English flute""@en .",lcmpt:
English guitar,prefLabel,mp2013015250,http://id.loc.gov/authorities/performanceMediums/mp2013015250,"""English guitar""@en .",lcmpt:
English horn,prefLabel,mp2013015251,http://id.loc.gov/authorities/performanceMediums/mp2013015251,"""English horn""@en .",lcmpt:
engoma,altLabel,mp2013015500,http://id.loc.gov/authorities/performanceMediums/mp2013015500,"""engoma""@en .",lcmpt:
enharmonic organ,altLabel,mp2013015519,http://id.loc.gov/authorities/performanceMediums/mp2013015519,"""enharmonic organ""@en .",lcmpt:
ensemble,prefLabel,mp2013015252,http://id.loc.gov/authorities/performanceMediums/mp2013015252,"""ensemble""@en .",lcmpt:
ëochin,altLabel,mp2013015817,http://id.loc.gov/authorities/performanceMediums/mp2013015817,"""ëochin""@en .",lcmpt:
eolian harp,altLabel,mp2013015005,http://id.loc.gov/authorities/performanceMediums/mp2013015005,"""eolian harp""@en .",lcmpt:
epinette de Vosges,altLabel,mp2013015253,http://id.loc.gov/authorities/performanceMediums/mp2013015253,"""epinette de Vosges""@en .",lcmpt:
epinette des Vosges,prefLabel,mp2013015253,http://id.loc.gov/authorities/performanceMediums/mp2013015253,"""epinette des Vosges""@en .",lcmpt:
equal voices,prefLabel,mp2013015254,http://id.loc.gov/authorities/performanceMediums/mp2013015254,"""equal voices""@en .",lcmpt:
er hu,prefLabel,mp2013015255,http://id.loc.gov/authorities/performanceMediums/mp2013015255,"""er hu""@en .",lcmpt:
erhu,altLabel,mp2013015255,http://id.loc.gov/authorities/performanceMediums/mp2013015255,"""erhu""@en .",lcmpt:
erzlaute,altLabel,mp2013015025,http://id.loc.gov/authorities/performanceMediums/mp2013015025,"""erzlaute""@en .",lcmpt:
esrāj,prefLabel,mp2020015003,http://id.loc.gov/authorities/performanceMediums/mp2020015003,"""esrāj""@en .",lcmpt:
eunuch flute,altLabel,mp2013015378,http://id.loc.gov/authorities/performanceMediums/mp2013015378,"""eunuch flute""@en .",lcmpt:
euphonium,prefLabel,mp2013015256,http://id.loc.gov/authorities/performanceMediums/mp2013015256,"""euphonium""@en .",lcmpt:
euphonium (clavicylinder),altLabel,mp2013015158,http://id.loc.gov/authorities/performanceMediums/mp2013015158,"""euphonium (clavicylinder)""@en .",lcmpt:
eVI (electronic valve instrument),altLabel,mp2013015801,http://id.loc.gov/authorities/performanceMediums/mp2013015801,"""eVI (electronic valve instrument)""@en .",lcmpt:
eVI wind controller,altLabel,mp2013015801,http://id.loc.gov/authorities/performanceMediums/mp2013015801,"""eVI wind controller""@en .",lcmpt:
eWI (electronic wind instrument),altLabel,mp2013015801,http://id.loc.gov/authorities/performanceMediums/mp2013015801,"""eWI (electronic wind instrument)""@en .",lcmpt:
explosion calliope,altLabel,mp2013015580,http://id.loc.gov/authorities/performanceMediums/mp2013015580,"""explosion calliope""@en .",lcmpt:
explosion organ,altLabel,mp2013015580,http://id.loc.gov/authorities/performanceMediums/mp2013015580,"""explosion organ""@en .",lcmpt:
fabiol,altLabel,mp2013015266,http://id.loc.gov/authorities/performanceMediums/mp2013015266,"""fabiol""@en .",lcmpt:
fagottino,altLabel,mp2015015001,http://id.loc.gov/authorities/performanceMediums/mp2015015001,"""fagottino""@en .",lcmpt:
fair organ,altLabel,mp2013015257,http://id.loc.gov/authorities/performanceMediums/mp2013015257,"""fair organ""@en .",lcmpt:
fairground organ,prefLabel,mp2013015257,http://id.loc.gov/authorities/performanceMediums/mp2013015257,"""fairground organ""@en .",lcmpt:
feadóg stáin,altLabel,mp2013015539,http://id.loc.gov/authorities/performanceMediums/mp2013015539,"""feadóg stáin""@en .",lcmpt:
fêli,prefLabel,mp2013015258,http://id.loc.gov/authorities/performanceMediums/mp2013015258,"""fêli""@en .",lcmpt:
female voice,prefLabel,mp2013015259,http://id.loc.gov/authorities/performanceMediums/mp2013015259,"""female voice""@en .",lcmpt:
fiddle,prefLabel,mp2013015260,http://id.loc.gov/authorities/performanceMediums/mp2013015260,"""fiddle""@en .",lcmpt:
"fiddle, Black Sea",altLabel,mp2013015370,http://id.loc.gov/authorities/performanceMediums/mp2013015370,"""fiddle, Black Sea""@en .",lcmpt:
"fiddle, bladder",altLabel,mp2013015107,http://id.loc.gov/authorities/performanceMediums/mp2013015107,"""fiddle, bladder""@en .",lcmpt:
"fiddle, devil's",altLabel,mp2013015655,http://id.loc.gov/authorities/performanceMediums/mp2013015655,"""fiddle, devil's""@en .",lcmpt:
"fiddle, nun's",altLabel,mp2013015749,http://id.loc.gov/authorities/performanceMediums/mp2013015749,"""fiddle, nun's""@en .",lcmpt:
"fiddle, straw",altLabel,mp2013015810,http://id.loc.gov/authorities/performanceMediums/mp2013015810,"""fiddle, straw""@en .",lcmpt:
fife,prefLabel,mp2013015261,http://id.loc.gov/authorities/performanceMediums/mp2013015261,"""fife""@en .",lcmpt:
fife and drum band,altLabel,mp2013015262,http://id.loc.gov/authorities/performanceMediums/mp2013015262,"""fife and drum band""@en .",lcmpt:
fife and drum corps,prefLabel,mp2013015262,http://id.loc.gov/authorities/performanceMediums/mp2013015262,"""fife and drum corps""@en .",lcmpt:
figured bass,altLabel,mp2013015173,http://id.loc.gov/authorities/performanceMediums/mp2013015173,"""figured bass""@en .",lcmpt:
finger cymbals,prefLabel,mp2013015263,http://id.loc.gov/authorities/performanceMediums/mp2013015263,"""finger cymbals""@en .",lcmpt:
finger snapping,prefLabel,mp2013015264,http://id.loc.gov/authorities/performanceMediums/mp2013015264,"""finger snapping""@en .",lcmpt:
fire calliope,altLabel,mp2013015580,http://id.loc.gov/authorities/performanceMediums/mp2013015580,"""fire calliope""@en .",lcmpt:
fire organ,altLabel,mp2013015580,http://id.loc.gov/authorities/performanceMediums/mp2013015580,"""fire organ""@en .",lcmpt:
flabiol,altLabel,mp2013015266,http://id.loc.gov/authorities/performanceMediums/mp2013015266,"""flabiol""@en .",lcmpt:
flageolet,prefLabel,mp2013015265,http://id.loc.gov/authorities/performanceMediums/mp2013015265,"""flageolet""@en .",lcmpt:
flame organ,altLabel,mp2013015580,http://id.loc.gov/authorities/performanceMediums/mp2013015580,"""flame organ""@en .",lcmpt:
flamenco guitar,altLabel,mp2013015306,http://id.loc.gov/authorities/performanceMediums/mp2013015306,"""flamenco guitar""@en .",lcmpt:
"Flandre, basse de",altLabel,mp2013015107,http://id.loc.gov/authorities/performanceMediums/mp2013015107,"""Flandre, basse de""@en .",lcmpt:
flat-top guitar,altLabel,mp2013015306,http://id.loc.gov/authorities/performanceMediums/mp2013015306,"""flat-top guitar""@en .",lcmpt:
flauta pastoril,altLabel,mp2013015277,http://id.loc.gov/authorities/performanceMediums/mp2013015277,"""flauta pastoril""@en .",lcmpt:
flauto d'amore,altLabel,mp2015015015,http://id.loc.gov/authorities/performanceMediums/mp2015015015,"""flauto d'amore""@en .",lcmpt:
flauto dolce,altLabel,mp2013015597,http://id.loc.gov/authorities/performanceMediums/mp2013015597,"""flauto dolce""@en .",lcmpt:
flaviol,prefLabel,mp2013015266,http://id.loc.gov/authorities/performanceMediums/mp2013015266,"""flaviol""@en .",lcmpt:
flower pot,altLabel,mp2015015002,http://id.loc.gov/authorities/performanceMediums/mp2015015002,"""flower pot""@en .",lcmpt:
flowerpot,prefLabel,mp2015015002,http://id.loc.gov/authorities/performanceMediums/mp2015015002,"""flowerpot""@en .",lcmpt:
flugelhorn,prefLabel,mp2013015267,http://id.loc.gov/authorities/performanceMediums/mp2013015267,"""flugelhorn""@en .",lcmpt:
flute,prefLabel,mp2013015268,http://id.loc.gov/authorities/performanceMediums/mp2013015268,"""flute""@en .",lcmpt:
flute choir,prefLabel,mp2013015839,http://id.loc.gov/authorities/performanceMediums/mp2013015839,"""flute choir""@en .",lcmpt:
flute clock,altLabel,mp2013015490,http://id.loc.gov/authorities/performanceMediums/mp2013015490,"""flute clock""@en .",lcmpt:
flute d'amore,altLabel,mp2015015015,http://id.loc.gov/authorities/performanceMediums/mp2015015015,"""flute d'amore""@en .",lcmpt:
flûte d'amour,prefLabel,mp2015015015,http://id.loc.gov/authorities/performanceMediums/mp2015015015,"""flûte d'amour""@en .",lcmpt:
flute ensemble,altLabel,mp2013015839,http://id.loc.gov/authorities/performanceMediums/mp2013015839,"""flute ensemble""@en .",lcmpt:
flute-playing clock,altLabel,mp2013015490,http://id.loc.gov/authorities/performanceMediums/mp2013015490,"""flute-playing clock""@en .",lcmpt:
fluviol,altLabel,mp2013015266,http://id.loc.gov/authorities/performanceMediums/mp2013015266,"""fluviol""@en .",lcmpt:
folk bass guitar,altLabel,mp2013015003,http://id.loc.gov/authorities/performanceMediums/mp2013015003,"""folk bass guitar""@en .",lcmpt:
foot clapping,altLabel,mp2013015840,http://id.loc.gov/authorities/performanceMediums/mp2013015840,"""foot clapping""@en .",lcmpt:
foot percussion,altLabel,mp2013015840,http://id.loc.gov/authorities/performanceMediums/mp2013015840,"""foot percussion""@en .",lcmpt:
foot tapping,prefLabel,mp2013015840,http://id.loc.gov/authorities/performanceMediums/mp2013015840,"""foot tapping""@en .",lcmpt:
fortepiano,altLabel,mp2013015550,http://id.loc.gov/authorities/performanceMediums/mp2013015550,"""fortepiano""@en .",lcmpt:
frame drum,prefLabel,mp2013015269,http://id.loc.gov/authorities/performanceMediums/mp2013015269,"""frame drum""@en .",lcmpt:
free aerophone,prefLabel,mp2013015270,http://id.loc.gov/authorities/performanceMediums/mp2013015270,"""free aerophone""@en .",lcmpt:
free reed instrument,prefLabel,mp2013015271,http://id.loc.gov/authorities/performanceMediums/mp2013015271,"""free reed instrument""@en .",lcmpt:
French horn,altLabel,mp2013015342,http://id.loc.gov/authorities/performanceMediums/mp2013015342,"""French horn""@en .",lcmpt:
fretless zither,altLabel,mp2013015331,http://id.loc.gov/authorities/performanceMediums/mp2013015331,"""fretless zither""@en .",lcmpt:
fretted instrument,altLabel,mp2013015098,http://id.loc.gov/authorities/performanceMediums/mp2013015098,"""fretted instrument""@en .",lcmpt:
friction drum,prefLabel,mp2013015272,http://id.loc.gov/authorities/performanceMediums/mp2013015272,"""friction drum""@en .",lcmpt:
friction idiophone,prefLabel,mp2013015273,http://id.loc.gov/authorities/performanceMediums/mp2013015273,"""friction idiophone""@en .",lcmpt:
friction instrument,prefLabel,mp2013015274,http://id.loc.gov/authorities/performanceMediums/mp2013015274,"""friction instrument""@en .",lcmpt:
frula,altLabel,mp2013015691,http://id.loc.gov/authorities/performanceMediums/mp2013015691,"""frula""@en .",lcmpt:
full orchestra,altLabel,mp2013015516,http://id.loc.gov/authorities/performanceMediums/mp2013015516,"""full orchestra""@en .",lcmpt:
gadulka,altLabel,mp2013015304,http://id.loc.gov/authorities/performanceMediums/mp2013015304,"""gadulka""@en .",lcmpt:
Gaelic harp,altLabel,mp2013015356,http://id.loc.gov/authorities/performanceMediums/mp2013015356,"""Gaelic harp""@en .",lcmpt:
gagaku-biwa,altLabel,mp2013015086,http://id.loc.gov/authorities/performanceMediums/mp2013015086,"""gagaku-biwa""@en .",lcmpt:
gaita (bagpipe),prefLabel,mp2013015276,http://id.loc.gov/authorities/performanceMediums/mp2013015276,"""gaita (bagpipe)""@en .",lcmpt:
gaita (pipe),prefLabel,mp2013015277,http://id.loc.gov/authorities/performanceMediums/mp2013015277,"""gaita (pipe)""@en .",lcmpt:
gaku-biwa,altLabel,mp2013015086,http://id.loc.gov/authorities/performanceMediums/mp2013015086,"""gaku-biwa""@en .",lcmpt:
galizona,altLabel,mp2013015831,http://id.loc.gov/authorities/performanceMediums/mp2013015831,"""galizona""@en .",lcmpt:
gallichon,altLabel,mp2013015831,http://id.loc.gov/authorities/performanceMediums/mp2013015831,"""gallichon""@en .",lcmpt:
gallichone,altLabel,mp2013015831,http://id.loc.gov/authorities/performanceMediums/mp2013015831,"""gallichone""@en .",lcmpt:
gallizona,altLabel,mp2013015831,http://id.loc.gov/authorities/performanceMediums/mp2013015831,"""gallizona""@en .",lcmpt:
galoubet,prefLabel,mp2013015278,http://id.loc.gov/authorities/performanceMediums/mp2013015278,"""galoubet""@en .",lcmpt:
gamba (family of viols),altLabel,mp2013015771,http://id.loc.gov/authorities/performanceMediums/mp2013015771,"""gamba (family of viols)""@en .",lcmpt:
"gamba, viola da",altLabel,mp2013015776,http://id.loc.gov/authorities/performanceMediums/mp2013015776,"""gamba, viola da""@en .",lcmpt:
gambang,prefLabel,mp2013015279,http://id.loc.gov/authorities/performanceMediums/mp2013015279,"""gambang""@en .",lcmpt:
gamelan,prefLabel,mp2013015280,http://id.loc.gov/authorities/performanceMediums/mp2013015280,"""gamelan""@en .",lcmpt:
gamelan degung,prefLabel,mp2013015281,http://id.loc.gov/authorities/performanceMediums/mp2013015281,"""gamelan degung""@en .",lcmpt:
gamelan genggong,prefLabel,mp2014015027,http://id.loc.gov/authorities/performanceMediums/mp2014015027,"""gamelan genggong""@en .",lcmpt:
gamelan gong gede,prefLabel,mp2013015282,http://id.loc.gov/authorities/performanceMediums/mp2013015282,"""gamelan gong gede""@en .",lcmpt:
gamelan gong kebyar,prefLabel,mp2013015283,http://id.loc.gov/authorities/performanceMediums/mp2013015283,"""gamelan gong kebyar""@en .",lcmpt:
gamelan jegog,prefLabel,mp2013015284,http://id.loc.gov/authorities/performanceMediums/mp2013015284,"""gamelan jegog""@en .",lcmpt:
gamelan joged bumbung,prefLabel,mp2013015285,http://id.loc.gov/authorities/performanceMediums/mp2013015285,"""gamelan joged bumbung""@en .",lcmpt:
gamelan pajogedan,altLabel,mp2013015285,http://id.loc.gov/authorities/performanceMediums/mp2013015285,"""gamelan pajogedan""@en .",lcmpt:
gamelan semar pagulingan,altLabel,mp2013015286,http://id.loc.gov/authorities/performanceMediums/mp2013015286,"""gamelan semar pagulingan""@en .",lcmpt:
gamelan semar pegulingan,prefLabel,mp2013015286,http://id.loc.gov/authorities/performanceMediums/mp2013015286,"""gamelan semar pegulingan""@en .",lcmpt:
gamelang,altLabel,mp2013015280,http://id.loc.gov/authorities/performanceMediums/mp2013015280,"""gamelang""@en .",lcmpt:
gamlka,altLabel,mp2013015304,http://id.loc.gov/authorities/performanceMediums/mp2013015304,"""gamlka""@en .",lcmpt:
gan gan,altLabel,mp2014015007,http://id.loc.gov/authorities/performanceMediums/mp2014015007,"""gan gan""@en .",lcmpt:
gángán,altLabel,mp2014015028,http://id.loc.gov/authorities/performanceMediums/mp2014015028,"""gángán""@en .",lcmpt:
ganzá (scraped idiophone),altLabel,mp2013015596,http://id.loc.gov/authorities/performanceMediums/mp2013015596,"""ganzá (scraped idiophone)""@en .",lcmpt:
gao hu,prefLabel,mp2013015287,http://id.loc.gov/authorities/performanceMediums/mp2013015287,"""gao hu""@en .",lcmpt:
gaodi,altLabel,mp2016015004,http://id.loc.gov/authorities/performanceMediums/mp2016015004,"""gaodi""@en .",lcmpt:
gaohu,altLabel,mp2013015287,http://id.loc.gov/authorities/performanceMediums/mp2013015287,"""gaohu""@en .",lcmpt:
garklein recorder,prefLabel,mp2018015019,http://id.loc.gov/authorities/performanceMediums/mp2018015019,"""garklein recorder""@en .",lcmpt:
garmon,altLabel,mp2013015001,http://id.loc.gov/authorities/performanceMediums/mp2013015001,"""garmon""@en .",lcmpt:
gayagŭm,altLabel,mp2013015377,http://id.loc.gov/authorities/performanceMediums/mp2013015377,"""gayagŭm""@en .",lcmpt:
gazoo,altLabel,mp2013015378,http://id.loc.gov/authorities/performanceMediums/mp2013015378,"""gazoo""@en .",lcmpt:
gazooka,altLabel,mp2013015378,http://id.loc.gov/authorities/performanceMediums/mp2013015378,"""gazooka""@en .",lcmpt:
gazoota,altLabel,mp2013015378,http://id.loc.gov/authorities/performanceMediums/mp2013015378,"""gazoota""@en .",lcmpt:
ge hu,prefLabel,mp2013015288,http://id.loc.gov/authorities/performanceMediums/mp2013015288,"""ge hu""@en .",lcmpt:
gehu,altLabel,mp2013015288,http://id.loc.gov/authorities/performanceMediums/mp2013015288,"""gehu""@en .",lcmpt:
gemendze,altLabel,mp2013015370,http://id.loc.gov/authorities/performanceMediums/mp2013015370,"""gemendze""@en .",lcmpt:
gender,prefLabel,mp2013015289,http://id.loc.gov/authorities/performanceMediums/mp2013015289,"""gender""@en .",lcmpt:
genggong,altLabel,mp2013015360,http://id.loc.gov/authorities/performanceMediums/mp2013015360,"""genggong""@en .",lcmpt:
ghaṙā,altLabel,mp2013015290,http://id.loc.gov/authorities/performanceMediums/mp2013015290,"""ghaṙā""@en .",lcmpt:
ghaṭa,prefLabel,mp2013015290,http://id.loc.gov/authorities/performanceMediums/mp2013015290,"""ghaṭa""@en .",lcmpt:
ghaṭi,altLabel,mp2013015290,http://id.loc.gov/authorities/performanceMediums/mp2013015290,"""ghaṭi""@en .",lcmpt:
ghichak,prefLabel,mp2013015291,http://id.loc.gov/authorities/performanceMediums/mp2013015291,"""ghichak""@en .",lcmpt:
gidzhak,altLabel,mp2013015291,http://id.loc.gov/authorities/performanceMediums/mp2013015291,"""gidzhak""@en .",lcmpt:
gijak,altLabel,mp2013015291,http://id.loc.gov/authorities/performanceMediums/mp2013015291,"""gijak""@en .",lcmpt:
gimbri,altLabel,mp2013015311,http://id.loc.gov/authorities/performanceMediums/mp2013015311,"""gimbri""@en .",lcmpt:
girls' chorus,prefLabel,mp2017015012,http://id.loc.gov/authorities/performanceMediums/mp2017015012,"""girls' chorus""@en .",lcmpt:
gjold,altLabel,mp2013015304,http://id.loc.gov/authorities/performanceMediums/mp2013015304,"""gjold""@en .",lcmpt:
glass,prefLabel,mp2013015292,http://id.loc.gov/authorities/performanceMediums/mp2013015292,"""glass""@en .",lcmpt:
glass harmonica,prefLabel,mp2013015293,http://id.loc.gov/authorities/performanceMediums/mp2013015293,"""glass harmonica""@en .",lcmpt:
"glasses, musical",altLabel,mp2013015293,http://id.loc.gov/authorities/performanceMediums/mp2013015293,"""glasses, musical""@en .",lcmpt:
"glasses, musical",altLabel,mp2013015764,http://id.loc.gov/authorities/performanceMediums/mp2013015764,"""glasses, musical""@en .",lcmpt:
glaw-ng æ,altLabel,mp2013015392,http://id.loc.gov/authorities/performanceMediums/mp2013015392,"""glaw-ng æ""@en .",lcmpt:
glaw-ng yao,altLabel,mp2013015393,http://id.loc.gov/authorities/performanceMediums/mp2013015393,"""glaw-ng yao""@en .",lcmpt:
gliṅ-bu,altLabel,mp2013015419,http://id.loc.gov/authorities/performanceMediums/mp2013015419,"""gliṅ-bu""@en .",lcmpt:
gling-bu,altLabel,mp2013015419,http://id.loc.gov/authorities/performanceMediums/mp2013015419,"""gling-bu""@en .",lcmpt:
glock,altLabel,mp2013015294,http://id.loc.gov/authorities/performanceMediums/mp2013015294,"""glock""@en .",lcmpt:
glockenspiel,prefLabel,mp2013015294,http://id.loc.gov/authorities/performanceMediums/mp2013015294,"""glockenspiel""@en .",lcmpt:
gmbri,altLabel,mp2013015311,http://id.loc.gov/authorities/performanceMediums/mp2013015311,"""gmbri""@en .",lcmpt:
gnbri,altLabel,mp2013015311,http://id.loc.gov/authorities/performanceMediums/mp2013015311,"""gnbri""@en .",lcmpt:
goblet drum,prefLabel,mp2013015295,http://id.loc.gov/authorities/performanceMediums/mp2013015295,"""goblet drum""@en .",lcmpt:
goč,altLabel,mp2013015756,http://id.loc.gov/authorities/performanceMediums/mp2013015756,"""goč""@en .",lcmpt:
godie,altLabel,mp2013015296,http://id.loc.gov/authorities/performanceMediums/mp2013015296,"""godie""@en .",lcmpt:
goge,prefLabel,mp2013015296,http://id.loc.gov/authorities/performanceMediums/mp2013015296,"""goge""@en .",lcmpt:
gogen-biwa,altLabel,mp2013015086,http://id.loc.gov/authorities/performanceMediums/mp2013015086,"""gogen-biwa""@en .",lcmpt:
gogo (lute),altLabel,mp2013015311,http://id.loc.gov/authorities/performanceMediums/mp2013015311,"""gogo (lute)""@en .",lcmpt:
goje,altLabel,mp2013015296,http://id.loc.gov/authorities/performanceMediums/mp2013015296,"""goje""@en .",lcmpt:
gom-gom,altLabel,mp2013015299,http://id.loc.gov/authorities/performanceMediums/mp2013015299,"""gom-gom""@en .",lcmpt:
goma,altLabel,mp2013015500,http://id.loc.gov/authorities/performanceMediums/mp2013015500,"""goma""@en .",lcmpt:
gombri,altLabel,mp2013015311,http://id.loc.gov/authorities/performanceMediums/mp2013015311,"""gombri""@en .",lcmpt:
gomo,altLabel,mp2013015500,http://id.loc.gov/authorities/performanceMediums/mp2013015500,"""gomo""@en .",lcmpt:
gomungo,altLabel,mp2013015401,http://id.loc.gov/authorities/performanceMediums/mp2013015401,"""gomungo""@en .",lcmpt:
gong,prefLabel,mp2013015297,http://id.loc.gov/authorities/performanceMediums/mp2013015297,"""gong""@en .",lcmpt:
gong gede,altLabel,mp2013015282,http://id.loc.gov/authorities/performanceMediums/mp2013015282,"""gong gede""@en .",lcmpt:
gong kebyar,altLabel,mp2013015283,http://id.loc.gov/authorities/performanceMediums/mp2013015283,"""gong kebyar""@en .",lcmpt:
"gong, rin",altLabel,mp2013015647,http://id.loc.gov/authorities/performanceMediums/mp2013015647,"""gong, rin""@en .",lcmpt:
"gong, suzu",altLabel,mp2013015647,http://id.loc.gov/authorities/performanceMediums/mp2013015647,"""gong, suzu""@en .",lcmpt:
gonje,altLabel,mp2013015296,http://id.loc.gov/authorities/performanceMediums/mp2013015296,"""gonje""@en .",lcmpt:
gonrang,prefLabel,mp2013015298,http://id.loc.gov/authorities/performanceMediums/mp2013015298,"""gonrang""@en .",lcmpt:
gora,prefLabel,mp2013015299,http://id.loc.gov/authorities/performanceMediums/mp2013015299,"""gora""@en .",lcmpt:
gorah,altLabel,mp2013015299,http://id.loc.gov/authorities/performanceMediums/mp2013015299,"""gorah""@en .",lcmpt:
gorra,altLabel,mp2013015299,http://id.loc.gov/authorities/performanceMediums/mp2013015299,"""gorra""@en .",lcmpt:
gottuvadyam,prefLabel,mp2013015300,http://id.loc.gov/authorities/performanceMediums/mp2013015300,"""gottuvadyam""@en .",lcmpt:
gourd (rattle),altLabel,mp2013015109,http://id.loc.gov/authorities/performanceMediums/mp2013015109,"""gourd (rattle)""@en .",lcmpt:
gowra,altLabel,mp2013015299,http://id.loc.gov/authorities/performanceMediums/mp2013015299,"""gowra""@en .",lcmpt:
grall de pastor,altLabel,mp2013015301,http://id.loc.gov/authorities/performanceMediums/mp2013015301,"""grall de pastor""@en .",lcmpt:
gralla,prefLabel,mp2013015301,http://id.loc.gov/authorities/performanceMediums/mp2013015301,"""gralla""@en .",lcmpt:
gran lira,altLabel,mp2013015424,http://id.loc.gov/authorities/performanceMediums/mp2013015424,"""gran lira""@en .",lcmpt:
grand piano,altLabel,mp2013015550,http://id.loc.gov/authorities/performanceMediums/mp2013015550,"""grand piano""@en .",lcmpt:
great bass recorder,prefLabel,mp2013015302,http://id.loc.gov/authorities/performanceMediums/mp2013015302,"""great bass recorder""@en .",lcmpt:
grinder organ,altLabel,mp2013015060,http://id.loc.gov/authorities/performanceMediums/mp2013015060,"""grinder organ""@en .",lcmpt:
gu zheng,altLabel,mp2013015821,http://id.loc.gov/authorities/performanceMediums/mp2013015821,"""gu zheng""@en .",lcmpt:
guan,prefLabel,mp2013015303,http://id.loc.gov/authorities/performanceMediums/mp2013015303,"""guan""@en .",lcmpt:
guan zi,altLabel,mp2013015303,http://id.loc.gov/authorities/performanceMediums/mp2013015303,"""guan zi""@en .",lcmpt:
guanzi,altLabel,mp2013015303,http://id.loc.gov/authorities/performanceMediums/mp2013015303,"""guanzi""@en .",lcmpt:
guayo,altLabel,mp2013015305,http://id.loc.gov/authorities/performanceMediums/mp2013015305,"""guayo""@en .",lcmpt:
gudastviri,altLabel,mp2013015133,http://id.loc.gov/authorities/performanceMediums/mp2013015133,"""gudastviri""@en .",lcmpt:
gŭdulka,prefLabel,mp2013015304,http://id.loc.gov/authorities/performanceMediums/mp2013015304,"""gŭdulka""@en .",lcmpt:
guembri,altLabel,mp2013015311,http://id.loc.gov/authorities/performanceMediums/mp2013015311,"""guembri""@en .",lcmpt:
guenbrit,altLabel,mp2013015311,http://id.loc.gov/authorities/performanceMediums/mp2013015311,"""guenbrit""@en .",lcmpt:
guimbri,altLabel,mp2013015311,http://id.loc.gov/authorities/performanceMediums/mp2013015311,"""guimbri""@en .",lcmpt:
guinbri,altLabel,mp2013015311,http://id.loc.gov/authorities/performanceMediums/mp2013015311,"""guinbri""@en .",lcmpt:
guiro,prefLabel,mp2013015305,http://id.loc.gov/authorities/performanceMediums/mp2013015305,"""guiro""@en .",lcmpt:
guiro (rattle),altLabel,mp2013015109,http://id.loc.gov/authorities/performanceMediums/mp2013015109,"""guiro (rattle)""@en .",lcmpt:
guitar,prefLabel,mp2013015306,http://id.loc.gov/authorities/performanceMediums/mp2013015306,"""guitar""@en .",lcmpt:
guitar ensemble,prefLabel,mp2013015307,http://id.loc.gov/authorities/performanceMediums/mp2013015307,"""guitar ensemble""@en .",lcmpt:
guitar orchestra,altLabel,mp2013015307,http://id.loc.gov/authorities/performanceMediums/mp2013015307,"""guitar orchestra""@en .",lcmpt:
guitar violoncello,altLabel,mp2013015028,http://id.loc.gov/authorities/performanceMediums/mp2013015028,"""guitar violoncello""@en .",lcmpt:
guitar zither,altLabel,mp2013015331,http://id.loc.gov/authorities/performanceMediums/mp2013015331,"""guitar zither""@en .",lcmpt:
"guitar, harp-lute",altLabel,mp2013015329,http://id.loc.gov/authorities/performanceMediums/mp2013015329,"""guitar, harp-lute""@en .",lcmpt:
"guitar, Portuguese",altLabel,mp2013015309,http://id.loc.gov/authorities/performanceMediums/mp2013015309,"""guitar, Portuguese""@en .",lcmpt:
guitare en bateau,altLabel,mp2013015142,http://id.loc.gov/authorities/performanceMediums/mp2013015142,"""guitare en bateau""@en .",lcmpt:
guitarillo,altLabel,mp2013015736,http://id.loc.gov/authorities/performanceMediums/mp2013015736,"""guitarillo""@en .",lcmpt:
guitarra portuguesa,prefLabel,mp2013015309,http://id.loc.gov/authorities/performanceMediums/mp2013015309,"""guitarra portuguesa""@en .",lcmpt:
guitarrón,prefLabel,mp2013015310,http://id.loc.gov/authorities/performanceMediums/mp2013015310,"""guitarrón""@en .",lcmpt:
guitarrón mexicano,altLabel,mp2013015310,http://id.loc.gov/authorities/performanceMediums/mp2013015310,"""guitarrón mexicano""@en .",lcmpt:
gulintangan,altLabel,mp2013015410,http://id.loc.gov/authorities/performanceMediums/mp2013015410,"""gulintangan""@en .",lcmpt:
gumbri,altLabel,mp2013015311,http://id.loc.gov/authorities/performanceMediums/mp2013015311,"""gumbri""@en .",lcmpt:
gunbri,altLabel,mp2013015311,http://id.loc.gov/authorities/performanceMediums/mp2013015311,"""gunbri""@en .",lcmpt:
gunibrī,prefLabel,mp2013015311,http://id.loc.gov/authorities/performanceMediums/mp2013015311,"""gunibrī""@en .",lcmpt:
guqin,altLabel,mp2013015582,http://id.loc.gov/authorities/performanceMediums/mp2013015582,"""guqin""@en .",lcmpt:
gusla,altLabel,mp2013015312,http://id.loc.gov/authorities/performanceMediums/mp2013015312,"""gusla""@en .",lcmpt:
gusle,prefLabel,mp2013015312,http://id.loc.gov/authorities/performanceMediums/mp2013015312,"""gusle""@en .",lcmpt:
gusli,prefLabel,mp2013015313,http://id.loc.gov/authorities/performanceMediums/mp2013015313,"""gusli""@en .",lcmpt:
gutbucket,altLabel,mp2013015795,http://id.loc.gov/authorities/performanceMediums/mp2013015795,"""gutbucket""@en .",lcmpt:
guzheng,altLabel,mp2013015821,http://id.loc.gov/authorities/performanceMediums/mp2013015821,"""guzheng""@en .",lcmpt:
gyil,prefLabel,mp2017015005,http://id.loc.gov/authorities/performanceMediums/mp2017015005,"""gyil""@en .",lcmpt:
Hackbrett,altLabel,mp2013015228,http://id.loc.gov/authorities/performanceMediums/mp2013015228,"""Hackbrett""@en .",lcmpt:
haegŭm,prefLabel,mp2013015315,http://id.loc.gov/authorities/performanceMediums/mp2013015315,"""haegŭm""@en .",lcmpt:
halur,altLabel,mp2013015055,http://id.loc.gov/authorities/performanceMediums/mp2013015055,"""halur""@en .",lcmpt:
hammer dulcimer,altLabel,mp2013015228,http://id.loc.gov/authorities/performanceMediums/mp2013015228,"""hammer dulcimer""@en .",lcmpt:
hammered dulcimer,altLabel,mp2013015228,http://id.loc.gov/authorities/performanceMediums/mp2013015228,"""hammered dulcimer""@en .",lcmpt:
"hammered dulcimer, Hungarian",altLabel,mp2013015149,http://id.loc.gov/authorities/performanceMediums/mp2013015149,"""hammered dulcimer, Hungarian""@en .",lcmpt:
Hammond Novachord,altLabel,mp2013015505,http://id.loc.gov/authorities/performanceMediums/mp2013015505,"""Hammond Novachord""@en .",lcmpt:
hand clapping,prefLabel,mp2013015316,http://id.loc.gov/authorities/performanceMediums/mp2013015316,"""hand clapping""@en .",lcmpt:
hand organ,altLabel,mp2013015060,http://id.loc.gov/authorities/performanceMediums/mp2013015060,"""hand organ""@en .",lcmpt:
hand piano,altLabel,mp2013015455,http://id.loc.gov/authorities/performanceMediums/mp2013015455,"""hand piano""@en .",lcmpt:
"hand piano, African",altLabel,mp2013015455,http://id.loc.gov/authorities/performanceMediums/mp2013015455,"""hand piano, African""@en .",lcmpt:
handbell,prefLabel,mp2013015317,http://id.loc.gov/authorities/performanceMediums/mp2013015317,"""handbell""@en .",lcmpt:
handbell choir,prefLabel,mp2013015318,http://id.loc.gov/authorities/performanceMediums/mp2013015318,"""handbell choir""@en .",lcmpt:
handbell team,altLabel,mp2013015318,http://id.loc.gov/authorities/performanceMediums/mp2013015318,"""handbell team""@en .",lcmpt:
handchime choir,prefLabel,mp2017015017,http://id.loc.gov/authorities/performanceMediums/mp2017015017,"""handchime choir""@en .",lcmpt:
handchime ensemble,altLabel,mp2017015017,http://id.loc.gov/authorities/performanceMediums/mp2017015017,"""handchime ensemble""@en .",lcmpt:
handchime team,altLabel,mp2017015017,http://id.loc.gov/authorities/performanceMediums/mp2017015017,"""handchime team""@en .",lcmpt:
handchimes,prefLabel,mp2013015319,http://id.loc.gov/authorities/performanceMediums/mp2013015319,"""handchimes""@en .",lcmpt:
hankin,altLabel,mp2013015350,http://id.loc.gov/authorities/performanceMediums/mp2013015350,"""hankin""@en .",lcmpt:
Hardanger fiddle,prefLabel,mp2013015321,http://id.loc.gov/authorities/performanceMediums/mp2013015321,"""Hardanger fiddle""@en .",lcmpt:
Harding fiddle,altLabel,mp2013015321,http://id.loc.gov/authorities/performanceMediums/mp2013015321,"""Harding fiddle""@en .",lcmpt:
hardingfele,altLabel,mp2013015321,http://id.loc.gov/authorities/performanceMediums/mp2013015321,"""hardingfele""@en .",lcmpt:
harmonic canon,prefLabel,mp2013015322,http://id.loc.gov/authorities/performanceMediums/mp2013015322,"""harmonic canon""@en .",lcmpt:
harmonica,prefLabel,mp2013015323,http://id.loc.gov/authorities/performanceMediums/mp2013015323,"""harmonica""@en .",lcmpt:
harmonica ensemble,prefLabel,mp2013015324,http://id.loc.gov/authorities/performanceMediums/mp2013015324,"""harmonica ensemble""@en .",lcmpt:
"harmonica, chemical",altLabel,mp2013015580,http://id.loc.gov/authorities/performanceMediums/mp2013015580,"""harmonica, chemical""@en .",lcmpt:
"harmonica, glass",altLabel,mp2013015293,http://id.loc.gov/authorities/performanceMediums/mp2013015293,"""harmonica, glass""@en .",lcmpt:
harmonichord,prefLabel,mp2019015004,http://id.loc.gov/authorities/performanceMediums/mp2019015004,"""harmonichord""@en .",lcmpt:
harmonium,altLabel,mp2013015599,http://id.loc.gov/authorities/performanceMediums/mp2013015599,"""harmonium""@en .",lcmpt:
"harmonium, bichromatic",altLabel,mp2013015082,http://id.loc.gov/authorities/performanceMediums/mp2013015082,"""harmonium, bichromatic""@en .",lcmpt:
harp,prefLabel,mp2013015325,http://id.loc.gov/authorities/performanceMediums/mp2013015325,"""harp""@en .",lcmpt:
harp bow,altLabel,mp2013015489,http://id.loc.gov/authorities/performanceMediums/mp2013015489,"""harp bow""@en .",lcmpt:
harp ensemble,prefLabel,mp2013015326,http://id.loc.gov/authorities/performanceMediums/mp2013015326,"""harp ensemble""@en .",lcmpt:
harp guitar,prefLabel,mp2013015327,http://id.loc.gov/authorities/performanceMediums/mp2013015327,"""harp guitar""@en .",lcmpt:
harp zither,prefLabel,mp2013015331,http://id.loc.gov/authorities/performanceMediums/mp2013015331,"""harp zither""@en .",lcmpt:
harp-lute,prefLabel,mp2013015328,http://id.loc.gov/authorities/performanceMediums/mp2013015328,"""harp-lute""@en .",lcmpt:
harp-lute guitar,prefLabel,mp2013015329,http://id.loc.gov/authorities/performanceMediums/mp2013015329,"""harp-lute guitar""@en .",lcmpt:
harp-piano,prefLabel,mp2013015330,http://id.loc.gov/authorities/performanceMediums/mp2013015330,"""harp-piano""@en .",lcmpt:
harpola,prefLabel,mp2013015332,http://id.loc.gov/authorities/performanceMediums/mp2013015332,"""harpola""@en .",lcmpt:
harpsichord,prefLabel,mp2013015333,http://id.loc.gov/authorities/performanceMediums/mp2013015333,"""harpsichord""@en .",lcmpt:
harpsichord ensemble,prefLabel,mp2013015334,http://id.loc.gov/authorities/performanceMediums/mp2013015334,"""harpsichord ensemble""@en .",lcmpt:
hautbois de Poitou,prefLabel,mp2014015023,http://id.loc.gov/authorities/performanceMediums/mp2014015023,"""hautbois de Poitou""@en .",lcmpt:
Hawaiian guitar,altLabel,mp2013015335,http://id.loc.gov/authorities/performanceMediums/mp2013015335,"""Hawaiian guitar""@en .",lcmpt:
Hawaiian steel guitar,altLabel,mp2013015335,http://id.loc.gov/authorities/performanceMediums/mp2013015335,"""Hawaiian steel guitar""@en .",lcmpt:
head rapping,prefLabel,mp2013015336,http://id.loc.gov/authorities/performanceMediums/mp2013015336,"""head rapping""@en .",lcmpt:
heckelphone,prefLabel,mp2013015337,http://id.loc.gov/authorities/performanceMediums/mp2013015337,"""heckelphone""@en .",lcmpt:
heike-biwa,altLabel,mp2013015086,http://id.loc.gov/authorities/performanceMediums/mp2013015086,"""heike-biwa""@en .",lcmpt:
hejhuj,altLabel,mp2013015311,http://id.loc.gov/authorities/performanceMediums/mp2013015311,"""hejhuj""@en .",lcmpt:
helicon,prefLabel,mp2013015338,http://id.loc.gov/authorities/performanceMediums/mp2013015338,"""helicon""@en .",lcmpt:
heliphon,prefLabel,mp2013015339,http://id.loc.gov/authorities/performanceMediums/mp2013015339,"""heliphon""@en .",lcmpt:
hiang te,altLabel,mp2013015687,http://id.loc.gov/authorities/performanceMediums/mp2013015687,"""hiang te""@en .",lcmpt:
hichiriki,prefLabel,mp2013015340,http://id.loc.gov/authorities/performanceMediums/mp2013015340,"""hichiriki""@en .",lcmpt:
high E-flat clarinet,altLabel,mp2014015002,http://id.loc.gov/authorities/performanceMediums/mp2014015002,"""high E-flat clarinet""@en .",lcmpt:
high E♭ clarinet,altLabel,mp2014015002,http://id.loc.gov/authorities/performanceMediums/mp2014015002,"""high E♭ clarinet""@en .",lcmpt:
high hu,altLabel,mp2013015287,http://id.loc.gov/authorities/performanceMediums/mp2013015287,"""high hu""@en .",lcmpt:
high treble viol,altLabel,mp2013015532,http://id.loc.gov/authorities/performanceMediums/mp2013015532,"""high treble viol""@en .",lcmpt:
high voice,prefLabel,mp2013015341,http://id.loc.gov/authorities/performanceMediums/mp2013015341,"""high voice""@en .",lcmpt:
Himalayan bowl,altLabel,mp2013015647,http://id.loc.gov/authorities/performanceMediums/mp2013015647,"""Himalayan bowl""@en .",lcmpt:
hojŏk,altLabel,mp2013015693,http://id.loc.gov/authorities/performanceMediums/mp2013015693,"""hojŏk""@en .",lcmpt:
hommel,altLabel,mp2013015502,http://id.loc.gov/authorities/performanceMediums/mp2013015502,"""hommel""@en .",lcmpt:
hō̜ng wong,prefLabel,mp2013015390,http://id.loc.gov/authorities/performanceMediums/mp2013015390,"""khō̜ng wong""@en .",lcmpt:
horn,prefLabel,mp2013015342,http://id.loc.gov/authorities/performanceMediums/mp2013015342,"""horn""@en .",lcmpt:
horn choir,altLabel,mp2013015844,http://id.loc.gov/authorities/performanceMediums/mp2013015844,"""horn choir""@en .",lcmpt:
horn ensemble,prefLabel,mp2013015844,http://id.loc.gov/authorities/performanceMediums/mp2013015844,"""horn ensemble""@en .",lcmpt:
houleur,altLabel,mp2015015014,http://id.loc.gov/authorities/performanceMediums/mp2015015014,"""houleur""@en .",lcmpt:
hourglass drum,prefLabel,mp2013015343,http://id.loc.gov/authorities/performanceMediums/mp2013015343,"""hourglass drum""@en .",lcmpt:
hrū̜ang sāi,prefLabel,mp2013015391,http://id.loc.gov/authorities/performanceMediums/mp2013015391,"""khrū̜ang sāi""@en .",lcmpt:
hsiao luo,prefLabel,mp2016015011,http://id.loc.gov/authorities/performanceMediums/mp2016015011,"""hsiao luo""@en .",lcmpt:
hsien tse,altLabel,mp2013015613,http://id.loc.gov/authorities/performanceMediums/mp2013015613,"""hsien tse""@en .",lcmpt:
hu hu,prefLabel,mp2013015344,http://id.loc.gov/authorities/performanceMediums/mp2013015344,"""hu hu""@en .",lcmpt:
hu qin,prefLabel,mp2013015345,http://id.loc.gov/authorities/performanceMediums/mp2013015345,"""hu qin""@en .",lcmpt:
huagu,altLabel,mp2013015815,http://id.loc.gov/authorities/performanceMediums/mp2013015815,"""huagu""@en .",lcmpt:
huang zhong,prefLabel,mp2013015346,http://id.loc.gov/authorities/performanceMediums/mp2013015346,"""huang zhong""@en .",lcmpt:
hueco,altLabel,mp2013015115,http://id.loc.gov/authorities/performanceMediums/mp2013015115,"""hueco""@en .",lcmpt:
humle,altLabel,mp2013015502,http://id.loc.gov/authorities/performanceMediums/mp2013015502,"""humle""@en .",lcmpt:
hummel,altLabel,mp2013015502,http://id.loc.gov/authorities/performanceMediums/mp2013015502,"""hummel""@en .",lcmpt:
Hungarian hammered dulcimer,altLabel,mp2013015149,http://id.loc.gov/authorities/performanceMediums/mp2013015149,"""Hungarian hammered dulcimer""@en .",lcmpt:
hunting horn,altLabel,mp2013015342,http://id.loc.gov/authorities/performanceMediums/mp2013015342,"""hunting horn""@en .",lcmpt:
huqin,altLabel,mp2013015345,http://id.loc.gov/authorities/performanceMediums/mp2013015345,"""huqin""@en .",lcmpt:
hurdy-gurdy,prefLabel,mp2013015347,http://id.loc.gov/authorities/performanceMediums/mp2013015347,"""hurdy-gurdy""@en .",lcmpt:
husli,altLabel,mp2013015313,http://id.loc.gov/authorities/performanceMediums/mp2013015313,"""husli""@en .",lcmpt:
husor,altLabel,mp2013015055,http://id.loc.gov/authorities/performanceMediums/mp2013015055,"""husor""@en .",lcmpt:
"huur, morin",altLabel,mp2013015480,http://id.loc.gov/authorities/performanceMediums/mp2013015480,"""huur, morin""@en .",lcmpt:
hybrid piano,altLabel,mp2013015210,http://id.loc.gov/authorities/performanceMediums/mp2013015210,"""hybrid piano""@en .",lcmpt:
hydraulic barrel organ,prefLabel,mp2013015348,http://id.loc.gov/authorities/performanceMediums/mp2013015348,"""hydraulic barrel organ""@en .",lcmpt:
hydraulic organ,altLabel,mp2013015796,http://id.loc.gov/authorities/performanceMediums/mp2013015796,"""hydraulic organ""@en .",lcmpt:
hydraulis,altLabel,mp2013015796,http://id.loc.gov/authorities/performanceMediums/mp2013015796,"""hydraulis""@en .",lcmpt:
hydraulos,altLabel,mp2013015796,http://id.loc.gov/authorities/performanceMediums/mp2013015796,"""hydraulos""@en .",lcmpt:
hydraulus,altLabel,mp2013015796,http://id.loc.gov/authorities/performanceMediums/mp2013015796,"""hydraulus""@en .",lcmpt:
hyegum,altLabel,mp2013015315,http://id.loc.gov/authorities/performanceMediums/mp2013015315,"""hyegum""@en .",lcmpt:
hyŏnʼgŭm,altLabel,mp2013015401,http://id.loc.gov/authorities/performanceMediums/mp2013015401,"""hyŏnʼgŭm""@en .",lcmpt:
hyper bass flute,altLabel,mp2019015016,http://id.loc.gov/authorities/performanceMediums/mp2019015016,"""hyper bass flute""@en .",lcmpt:
hyperbass flute,prefLabel,mp2019015016,http://id.loc.gov/authorities/performanceMediums/mp2019015016,"""hyperbass flute""@en .",lcmpt:
ichigen-kin,altLabel,mp2013015350,http://id.loc.gov/authorities/performanceMediums/mp2013015350,"""ichigen-kin""@en .",lcmpt:
ichigenkin,prefLabel,mp2013015350,http://id.loc.gov/authorities/performanceMediums/mp2013015350,"""ichigenkin""@en .",lcmpt:
idiophone,prefLabel,mp2013015351,http://id.loc.gov/authorities/performanceMediums/mp2013015351,"""idiophone""@en .",lcmpt:
ikivuvu,altLabel,mp2019015011,http://id.loc.gov/authorities/performanceMediums/mp2019015011,"""ikivuvu""@en .",lcmpt:
imzad,prefLabel,mp2013015352,http://id.loc.gov/authorities/performanceMediums/mp2013015352,"""imzad""@en .",lcmpt:
inanga,prefLabel,mp2019015011,http://id.loc.gov/authorities/performanceMediums/mp2019015011,"""inanga""@en .",lcmpt:
indimbagazo,altLabel,mp2019015011,http://id.loc.gov/authorities/performanceMediums/mp2019015011,"""indimbagazo""@en .",lcmpt:
indirectly struck idiophone,prefLabel,mp2013015353,http://id.loc.gov/authorities/performanceMediums/mp2013015353,"""indirectly struck idiophone""@en .",lcmpt:
in̄goma,altLabel,mp2013015500,http://id.loc.gov/authorities/performanceMediums/mp2013015500,"""in̄goma""@en .",lcmpt:
ingomba,altLabel,mp2013015500,http://id.loc.gov/authorities/performanceMediums/mp2013015500,"""ingomba""@en .",lcmpt:
instrument,prefLabel,mp2013015354,http://id.loc.gov/authorities/performanceMediums/mp2013015354,"""instrument""@en .",lcmpt:
instrumental ensemble,prefLabel,mp2013015812,http://id.loc.gov/authorities/performanceMediums/mp2013015812,"""instrumental ensemble""@en .",lcmpt:
inzad,altLabel,mp2013015352,http://id.loc.gov/authorities/performanceMediums/mp2013015352,"""inzad""@en .",lcmpt:
Irish harp,prefLabel,mp2013015356,http://id.loc.gov/authorities/performanceMediums/mp2013015356,"""Irish harp""@en .",lcmpt:
Irish organ,altLabel,mp2013015760,http://id.loc.gov/authorities/performanceMediums/mp2013015760,"""Irish organ""@en .",lcmpt:
ishibue,altLabel,mp2013015357,http://id.loc.gov/authorities/performanceMediums/mp2013015357,"""ishibue""@en .",lcmpt:
israj,altLabel,mp2020015003,http://id.loc.gov/authorities/performanceMediums/mp2020015003,"""israj""@en .",lcmpt:
Italian chromatic harp,altLabel,mp2019015018,http://id.loc.gov/authorities/performanceMediums/mp2019015018,"""Italian chromatic harp""@en .",lcmpt:
iwabue,prefLabel,mp2013015357,http://id.loc.gov/authorities/performanceMediums/mp2013015357,"""iwabue""@en .",lcmpt:
ja-kae,altLabel,mp2013015124,http://id.loc.gov/authorities/performanceMediums/mp2013015124,"""ja-kae""@en .",lcmpt:
jabisen,altLabel,mp2013015614,http://id.loc.gov/authorities/performanceMediums/mp2013015614,"""jabisen""@en .",lcmpt:
jàkhây,altLabel,mp2013015124,http://id.loc.gov/authorities/performanceMediums/mp2013015124,"""jàkhây""@en .",lcmpt:
jakhē,altLabel,mp2013015124,http://id.loc.gov/authorities/performanceMediums/mp2013015124,"""jakhē""@en .",lcmpt:
jal tarang,altLabel,mp2013015358,http://id.loc.gov/authorities/performanceMediums/mp2013015358,"""jal tarang""@en .",lcmpt:
jaltarang,prefLabel,mp2013015358,http://id.loc.gov/authorities/performanceMediums/mp2013015358,"""jaltarang""@en .",lcmpt:
jaltarangam,altLabel,mp2013015358,http://id.loc.gov/authorities/performanceMediums/mp2013015358,"""jaltarangam""@en .",lcmpt:
jamisen,altLabel,mp2013015614,http://id.loc.gov/authorities/performanceMediums/mp2013015614,"""jamisen""@en .",lcmpt:
jao pa,prefLabel,mp2016015008,http://id.loc.gov/authorities/performanceMediums/mp2016015008,"""jao pa""@en .",lcmpt:
jarana de son huasteco,altLabel,mp2020015008,http://id.loc.gov/authorities/performanceMediums/mp2020015008,"""jarana de son huasteco""@en .",lcmpt:
jarana huasteca,prefLabel,mp2020015008,http://id.loc.gov/authorities/performanceMediums/mp2020015008,"""jarana huasteca""@en .",lcmpt:
jaranita,altLabel,mp2020015008,http://id.loc.gov/authorities/performanceMediums/mp2020015008,"""jaranita""@en .",lcmpt:
jaw bone,altLabel,mp2013015359,http://id.loc.gov/authorities/performanceMediums/mp2013015359,"""jaw bone""@en .",lcmpt:
jaw harp,altLabel,mp2013015360,http://id.loc.gov/authorities/performanceMediums/mp2013015360,"""jaw harp""@en .",lcmpt:
jaw's harp,altLabel,mp2013015360,http://id.loc.gov/authorities/performanceMediums/mp2013015360,"""jaw's harp""@en .",lcmpt:
jawbone,prefLabel,mp2013015359,http://id.loc.gov/authorities/performanceMediums/mp2013015359,"""jawbone""@en .",lcmpt:
jazz band,altLabel,mp2013015083,http://id.loc.gov/authorities/performanceMediums/mp2013015083,"""jazz band""@en .",lcmpt:
jazz combo,prefLabel,mp2016015002,http://id.loc.gov/authorities/performanceMediums/mp2016015002,"""jazz combo""@en .",lcmpt:
jazz orchestra,altLabel,mp2013015083,http://id.loc.gov/authorities/performanceMediums/mp2013015083,"""jazz orchestra""@en .",lcmpt:
jedina,altLabel,mp2013015691,http://id.loc.gov/authorities/performanceMediums/mp2013015691,"""jedina""@en .",lcmpt:
jedinka,altLabel,mp2013015691,http://id.loc.gov/authorities/performanceMediums/mp2013015691,"""jedinka""@en .",lcmpt:
jednojka,altLabel,mp2013015691,http://id.loc.gov/authorities/performanceMediums/mp2013015691,"""jednojka""@en .",lcmpt:
jegog,altLabel,mp2013015284,http://id.loc.gov/authorities/performanceMediums/mp2013015284,"""jegog""@en .",lcmpt:
jembe,altLabel,mp2013015212,http://id.loc.gov/authorities/performanceMediums/mp2013015212,"""jembe""@en .",lcmpt:
jenbe,altLabel,mp2013015212,http://id.loc.gov/authorities/performanceMediums/mp2013015212,"""jenbe""@en .",lcmpt:
Jew's harp,prefLabel,mp2013015360,http://id.loc.gov/authorities/performanceMediums/mp2013015360,"""Jew's harp""@en .",lcmpt:
jhāājh,prefLabel,mp2013015361,http://id.loc.gov/authorities/performanceMediums/mp2013015361,"""jhāājh""@en .",lcmpt:
jhān-jhān,altLabel,mp2013015361,http://id.loc.gov/authorities/performanceMediums/mp2013015361,"""jhān-jhān""@en .",lcmpt:
jhāni,altLabel,mp2013015361,http://id.loc.gov/authorities/performanceMediums/mp2013015361,"""jhāni""@en .",lcmpt:
jhānj,altLabel,mp2013015361,http://id.loc.gov/authorities/performanceMediums/mp2013015361,"""jhānj""@en .",lcmpt:
jhānjha,altLabel,mp2013015361,http://id.loc.gov/authorities/performanceMediums/mp2013015361,"""jhānjha""@en .",lcmpt:
jin qian ban,prefLabel,mp2013015362,http://id.loc.gov/authorities/performanceMediums/mp2013015362,"""jin qian ban""@en .",lcmpt:
jing hu,prefLabel,mp2013015363,http://id.loc.gov/authorities/performanceMediums/mp2013015363,"""jing hu""@en .",lcmpt:
jinghu,altLabel,mp2013015363,http://id.loc.gov/authorities/performanceMediums/mp2013015363,"""jinghu""@en .",lcmpt:
joged bumbung,altLabel,mp2013015285,http://id.loc.gov/authorities/performanceMediums/mp2013015285,"""joged bumbung""@en .",lcmpt:
jombarde,altLabel,mp2013015278,http://id.loc.gov/authorities/performanceMediums/mp2013015278,"""jombarde""@en .",lcmpt:
jorhi,altLabel,mp2013015009,http://id.loc.gov/authorities/performanceMediums/mp2013015009,"""jorhi""@en .",lcmpt:
jorī,altLabel,mp2013015009,http://id.loc.gov/authorities/performanceMediums/mp2013015009,"""jorī""@en .",lcmpt:
jouhikko,prefLabel,mp2013015364,http://id.loc.gov/authorities/performanceMediums/mp2013015364,"""jouhikko""@en .",lcmpt:
jug,prefLabel,mp2013015365,http://id.loc.gov/authorities/performanceMediums/mp2013015365,"""jug""@en .",lcmpt:
jug band,prefLabel,mp2013015366,http://id.loc.gov/authorities/performanceMediums/mp2013015366,"""jug band""@en .",lcmpt:
jūshichigen,prefLabel,mp2014015010,http://id.loc.gov/authorities/performanceMediums/mp2014015010,"""jūshichigen""@en .",lcmpt:
k'amancha,altLabel,mp2013015370,http://id.loc.gov/authorities/performanceMediums/mp2013015370,"""k'amancha""@en .",lcmpt:
k'anon,altLabel,mp2013015581,http://id.loc.gov/authorities/performanceMediums/mp2013015581,"""k'anon""@en .",lcmpt:
kā’eke’eke,prefLabel,mp2018015012,http://id.loc.gov/authorities/performanceMediums/mp2018015012,"""kā’eke’eke""@en .",lcmpt:
kaājirā,prefLabel,mp2013015372,http://id.loc.gov/authorities/performanceMediums/mp2013015372,"""kaājirā""@en .",lcmpt:
kacapi (plucked lute),prefLabel,mp2013015367,http://id.loc.gov/authorities/performanceMediums/mp2013015367,"""kacapi (plucked lute)""@en .",lcmpt:
kacapi (zither),prefLabel,mp2013015368,http://id.loc.gov/authorities/performanceMediums/mp2013015368,"""kacapi (zither)""@en .",lcmpt:
kacaping,altLabel,mp2013015367,http://id.loc.gov/authorities/performanceMediums/mp2013015367,"""kacaping""@en .",lcmpt:
kaen,altLabel,mp2013015387,http://id.loc.gov/authorities/performanceMediums/mp2013015387,"""kaen""@en .",lcmpt:
kæng,altLabel,mp2013015430,http://id.loc.gov/authorities/performanceMediums/mp2013015430,"""kæng""@en .",lcmpt:
kagurabue,prefLabel,mp2013015369,http://id.loc.gov/authorities/performanceMediums/mp2013015369,"""kagurabue""@en .",lcmpt:
kalimba,altLabel,mp2013015455,http://id.loc.gov/authorities/performanceMediums/mp2013015455,"""kalimba""@en .",lcmpt:
kamale ngoni,altLabel,mp2013015371,http://id.loc.gov/authorities/performanceMediums/mp2013015371,"""kamale ngoni""@en .",lcmpt:
kamānche,prefLabel,mp2013015370,http://id.loc.gov/authorities/performanceMediums/mp2013015370,"""kamānche""@en .",lcmpt:
kamancheh,altLabel,mp2013015370,http://id.loc.gov/authorities/performanceMediums/mp2013015370,"""kamancheh""@en .",lcmpt:
kāmanja,altLabel,mp2013015370,http://id.loc.gov/authorities/performanceMediums/mp2013015370,"""kāmanja""@en .",lcmpt:
kamantcha,altLabel,mp2013015370,http://id.loc.gov/authorities/performanceMediums/mp2013015370,"""kamantcha""@en .",lcmpt:
kamele ngoni,prefLabel,mp2013015371,http://id.loc.gov/authorities/performanceMediums/mp2013015371,"""kamele ngoni""@en .",lcmpt:
kañcirā,altLabel,mp2013015372,http://id.loc.gov/authorities/performanceMediums/mp2013015372,"""kañcirā""@en .",lcmpt:
kanjeera,altLabel,mp2013015372,http://id.loc.gov/authorities/performanceMediums/mp2013015372,"""kanjeera""@en .",lcmpt:
kanklės,altLabel,mp2013015373,http://id.loc.gov/authorities/performanceMediums/mp2013015373,"""kanklės""@en .",lcmpt:
kannel,altLabel,mp2013015373,http://id.loc.gov/authorities/performanceMediums/mp2013015373,"""kannel""@en .",lcmpt:
kanonaki,altLabel,mp2013015581,http://id.loc.gov/authorities/performanceMediums/mp2013015581,"""kanonaki""@en .",lcmpt:
kanoon,altLabel,mp2013015581,http://id.loc.gov/authorities/performanceMediums/mp2013015581,"""kanoon""@en .",lcmpt:
kantele,altLabel,mp2013015373,http://id.loc.gov/authorities/performanceMediums/mp2013015373,"""kantele""@en .",lcmpt:
kanun,altLabel,mp2013015581,http://id.loc.gov/authorities/performanceMediums/mp2013015581,"""kanun""@en .",lcmpt:
karadeniz kemençesi,altLabel,mp2013015370,http://id.loc.gov/authorities/performanceMediums/mp2013015370,"""karadeniz kemençesi""@en .",lcmpt:
kaṭam,altLabel,mp2013015290,http://id.loc.gov/authorities/performanceMediums/mp2013015290,"""kaṭam""@en .",lcmpt:
kaval,prefLabel,mp2013015376,http://id.loc.gov/authorities/performanceMediums/mp2013015376,"""kaval""@en .",lcmpt:
kavali,altLabel,mp2013015376,http://id.loc.gov/authorities/performanceMediums/mp2013015376,"""kavali""@en .",lcmpt:
kavall,altLabel,mp2013015376,http://id.loc.gov/authorities/performanceMediums/mp2013015376,"""kavall""@en .",lcmpt:
kaw law,prefLabel,mp2015015007,http://id.loc.gov/authorities/performanceMediums/mp2015015007,"""kaw law""@en .",lcmpt:
kaya kum,altLabel,mp2013015377,http://id.loc.gov/authorities/performanceMediums/mp2013015377,"""kaya kum""@en .",lcmpt:
kayago,altLabel,mp2013015377,http://id.loc.gov/authorities/performanceMediums/mp2013015377,"""kayago""@en .",lcmpt:
kayagŭm,prefLabel,mp2013015377,http://id.loc.gov/authorities/performanceMediums/mp2013015377,"""kayagŭm""@en .",lcmpt:
kayakko,altLabel,mp2013015377,http://id.loc.gov/authorities/performanceMediums/mp2013015377,"""kayakko""@en .",lcmpt:
kayako,altLabel,mp2013015377,http://id.loc.gov/authorities/performanceMediums/mp2013015377,"""kayako""@en .",lcmpt:
kayakum,altLabel,mp2013015377,http://id.loc.gov/authorities/performanceMediums/mp2013015377,"""kayakum""@en .",lcmpt:
kazoo,prefLabel,mp2013015378,http://id.loc.gov/authorities/performanceMediums/mp2013015378,"""kazoo""@en .",lcmpt:
kecapi,altLabel,mp2013015367,http://id.loc.gov/authorities/performanceMediums/mp2013015367,"""kecapi""@en .",lcmpt:
kecapi (zither),altLabel,mp2013015368,http://id.loc.gov/authorities/performanceMediums/mp2013015368,"""kecapi (zither)""@en .",lcmpt:
kechruk,altLabel,mp2013015020,http://id.loc.gov/authorities/performanceMediums/mp2013015020,"""kechruk""@en .",lcmpt:
kei,prefLabel,mp2013015379,http://id.loc.gov/authorities/performanceMediums/mp2013015379,"""kei""@en .",lcmpt:
kemanak,prefLabel,mp2013015380,http://id.loc.gov/authorities/performanceMediums/mp2013015380,"""kemanak""@en .",lcmpt:
kemancha,altLabel,mp2013015370,http://id.loc.gov/authorities/performanceMediums/mp2013015370,"""kemancha""@en .",lcmpt:
kemanche,altLabel,mp2013015370,http://id.loc.gov/authorities/performanceMediums/mp2013015370,"""kemanche""@en .",lcmpt:
kemençe,altLabel,mp2013015370,http://id.loc.gov/authorities/performanceMediums/mp2013015370,"""kemençe""@en .",lcmpt:
kemenche,altLabel,mp2013015370,http://id.loc.gov/authorities/performanceMediums/mp2013015370,"""kemenche""@en .",lcmpt:
kemendze,altLabel,mp2013015370,http://id.loc.gov/authorities/performanceMediums/mp2013015370,"""kemendze""@en .",lcmpt:
kemene,altLabel,mp2013015304,http://id.loc.gov/authorities/performanceMediums/mp2013015304,"""kemene""@en .",lcmpt:
kementche,altLabel,mp2013015370,http://id.loc.gov/authorities/performanceMediums/mp2013015370,"""kementche""@en .",lcmpt:
kena,altLabel,mp2013015584,http://id.loc.gov/authorities/performanceMediums/mp2013015584,"""kena""@en .",lcmpt:
kena-kena,altLabel,mp2013015584,http://id.loc.gov/authorities/performanceMediums/mp2013015584,"""kena-kena""@en .",lcmpt:
kenawak,altLabel,mp2013015380,http://id.loc.gov/authorities/performanceMediums/mp2013015380,"""kenawak""@en .",lcmpt:
Kent bugle,altLabel,mp2013015384,http://id.loc.gov/authorities/performanceMediums/mp2013015384,"""Kent bugle""@en .",lcmpt:
Kent horn,altLabel,mp2013015384,http://id.loc.gov/authorities/performanceMediums/mp2013015384,"""Kent horn""@en .",lcmpt:
Kentucky dulcimer,altLabel,mp2013015022,http://id.loc.gov/authorities/performanceMediums/mp2013015022,"""Kentucky dulcimer""@en .",lcmpt:
kettledrum,altLabel,mp2013015733,http://id.loc.gov/authorities/performanceMediums/mp2013015733,"""kettledrum""@en .",lcmpt:
kettledrums,altLabel,mp2013015733,http://id.loc.gov/authorities/performanceMediums/mp2013015733,"""kettledrums""@en .",lcmpt:
key fiddle,altLabel,mp2013015385,http://id.loc.gov/authorities/performanceMediums/mp2013015385,"""key fiddle""@en .",lcmpt:
keyboard controller,prefLabel,mp2013015381,http://id.loc.gov/authorities/performanceMediums/mp2013015381,"""keyboard controller""@en .",lcmpt:
keyboard ensemble,prefLabel,mp2013015842,http://id.loc.gov/authorities/performanceMediums/mp2013015842,"""keyboard ensemble""@en .",lcmpt:
keyboard instrument,prefLabel,mp2013015382,http://id.loc.gov/authorities/performanceMediums/mp2013015382,"""keyboard instrument""@en .",lcmpt:
keyboard percussion instrument,altLabel,mp2013015444,http://id.loc.gov/authorities/performanceMediums/mp2013015444,"""keyboard percussion instrument""@en .",lcmpt:
keyboard stringed instrument,altLabel,mp2013015382,http://id.loc.gov/authorities/performanceMediums/mp2013015382,"""keyboard stringed instrument""@en .",lcmpt:
keyboard synthesizer,altLabel,mp2013015242,http://id.loc.gov/authorities/performanceMediums/mp2013015242,"""keyboard synthesizer""@en .",lcmpt:
keyed bugle,prefLabel,mp2013015384,http://id.loc.gov/authorities/performanceMediums/mp2013015384,"""keyed bugle""@en .",lcmpt:
keyed fiddle,prefLabel,mp2013015385,http://id.loc.gov/authorities/performanceMediums/mp2013015385,"""keyed fiddle""@en .",lcmpt:
keyed harp,altLabel,mp2013015160,http://id.loc.gov/authorities/performanceMediums/mp2013015160,"""keyed harp""@en .",lcmpt:
keyed trumpet,prefLabel,mp2013015386,http://id.loc.gov/authorities/performanceMediums/mp2013015386,"""keyed trumpet""@en .",lcmpt:
khǣn,prefLabel,mp2013015387,http://id.loc.gov/authorities/performanceMediums/mp2013015387,"""khǣn""@en .",lcmpt:
kháw-ng wong,altLabel,mp2013015390,http://id.loc.gov/authorities/performanceMediums/mp2013015390,"""kháw-ng wong""@en .",lcmpt:
khen,altLabel,mp2013015387,http://id.loc.gov/authorities/performanceMediums/mp2013015387,"""khen""@en .",lcmpt:
khène,altLabel,mp2013015387,http://id.loc.gov/authorities/performanceMediums/mp2013015387,"""khène""@en .",lcmpt:
khil-khuur,altLabel,mp2013015480,http://id.loc.gov/authorities/performanceMediums/mp2013015480,"""khil-khuur""@en .",lcmpt:
khim,prefLabel,mp2013015388,http://id.loc.gov/authorities/performanceMediums/mp2013015388,"""khim""@en .",lcmpt:
khlui,prefLabel,mp2013015389,http://id.loc.gov/authorities/performanceMediums/mp2013015389,"""khlui""@en .",lcmpt:
khol,altLabel,mp2013015485,http://id.loc.gov/authorities/performanceMediums/mp2013015485,"""khol""@en .",lcmpt:
khō̜lō̜,altLabel,mp2015015007,http://id.loc.gov/authorities/performanceMediums/mp2015015007,"""khō̜lō̜""@en .",lcmpt:
khomus,altLabel,mp2013015360,http://id.loc.gov/authorities/performanceMediums/mp2013015360,"""khomus""@en .",lcmpt:
khong vong,altLabel,mp2013015390,http://id.loc.gov/authorities/performanceMediums/mp2013015390,"""khong vong""@en .",lcmpt:
khrư̄angsāi,altLabel,mp2013015391,http://id.loc.gov/authorities/performanceMediums/mp2013015391,"""khrư̄angsāi""@en .",lcmpt:
kʻaman,altLabel,mp2013015370,http://id.loc.gov/authorities/performanceMediums/mp2013015370,"""kʻaman""@en .",lcmpt:
kiak,altLabel,mp2013015583,http://id.loc.gov/authorities/performanceMediums/mp2013015583,"""kiak""@en .",lcmpt:
kīkā kila,altLabel,mp2013015335,http://id.loc.gov/authorities/performanceMediums/mp2013015335,"""kīkā kila""@en .",lcmpt:
kim (dulcimer),altLabel,mp2013015388,http://id.loc.gov/authorities/performanceMediums/mp2013015388,"""kim (dulcimer)""@en .",lcmpt:
kimbalom,altLabel,mp2013015149,http://id.loc.gov/authorities/performanceMediums/mp2013015149,"""kimbalom""@en .",lcmpt:
kisaanj,altLabel,mp2013015455,http://id.loc.gov/authorities/performanceMediums/mp2013015455,"""kisaanj""@en .",lcmpt:
kit,altLabel,mp2013015568,http://id.loc.gov/authorities/performanceMediums/mp2013015568,"""kit""@en .",lcmpt:
kithara,altLabel,mp2013015151,http://id.loc.gov/authorities/performanceMediums/mp2013015151,"""kithara""@en .",lcmpt:
klaviziterium,altLabel,mp2013015159,http://id.loc.gov/authorities/performanceMediums/mp2013015159,"""klaviziterium""@en .",lcmpt:
klavizitherium,altLabel,mp2013015159,http://id.loc.gov/authorities/performanceMediums/mp2013015159,"""klavizitherium""@en .",lcmpt:
Klavizylinder,altLabel,mp2013015158,http://id.loc.gov/authorities/performanceMediums/mp2013015158,"""Klavizylinder""@en .",lcmpt:
klentangan,altLabel,mp2013015410,http://id.loc.gov/authorities/performanceMediums/mp2013015410,"""klentangan""@en .",lcmpt:
klepalo,altLabel,mp2013015629,http://id.loc.gov/authorities/performanceMediums/mp2013015629,"""klepalo""@en .",lcmpt:
ko tsuzumi,altLabel,mp2013015408,http://id.loc.gov/authorities/performanceMediums/mp2013015408,"""ko tsuzumi""@en .",lcmpt:
kōauau,prefLabel,mp2013015394,http://id.loc.gov/authorities/performanceMediums/mp2013015394,"""kōauau""@en .",lcmpt:
kob,prefLabel,mp2013015395,http://id.loc.gov/authorities/performanceMediums/mp2013015395,"""kob""@en .",lcmpt:
kobsa,altLabel,mp2013015396,http://id.loc.gov/authorities/performanceMediums/mp2013015396,"""kobsa""@en .",lcmpt:
kobuz,altLabel,mp2013015583,http://id.loc.gov/authorities/performanceMediums/mp2013015583,"""kobuz""@en .",lcmpt:
kobyz,altLabel,mp2013015583,http://id.loc.gov/authorities/performanceMediums/mp2013015583,"""kobyz""@en .",lcmpt:
kobza,prefLabel,mp2013015396,http://id.loc.gov/authorities/performanceMediums/mp2013015396,"""kobza""@en .",lcmpt:
kōjin-biwa,altLabel,mp2013015086,http://id.loc.gov/authorities/performanceMediums/mp2013015086,"""kōjin-biwa""@en .",lcmpt:
kokle,altLabel,mp2013015373,http://id.loc.gov/authorities/performanceMediums/mp2013015373,"""kokle""@en .",lcmpt:
kolintang (gong-chime),altLabel,mp2013015410,http://id.loc.gov/authorities/performanceMediums/mp2013015410,"""kolintang (gong-chime)""@en .",lcmpt:
kŏmunʼgo,prefLabel,mp2013015401,http://id.loc.gov/authorities/performanceMediums/mp2013015401,"""kŏmunʼgo""@en .",lcmpt:
komuz,prefLabel,mp2013015402,http://id.loc.gov/authorities/performanceMediums/mp2013015402,"""komuz""@en .",lcmpt:
kong hou,prefLabel,mp2013015403,http://id.loc.gov/authorities/performanceMediums/mp2013015403,"""kong hou""@en .",lcmpt:
konghou,altLabel,mp2013015403,http://id.loc.gov/authorities/performanceMediums/mp2013015403,"""konghou""@en .",lcmpt:
kooauau,altLabel,mp2013015394,http://id.loc.gov/authorities/performanceMediums/mp2013015394,"""kooauau""@en .",lcmpt:
kopanka,altLabel,mp2013015304,http://id.loc.gov/authorities/performanceMediums/mp2013015304,"""kopanka""@en .",lcmpt:
kopuz,prefLabel,mp2013015404,http://id.loc.gov/authorities/performanceMediums/mp2013015404,"""kopuz""@en .",lcmpt:
kora,prefLabel,mp2013015405,http://id.loc.gov/authorities/performanceMediums/mp2013015405,"""kora""@en .",lcmpt:
koto,prefLabel,mp2013015406,http://id.loc.gov/authorities/performanceMediums/mp2013015406,"""koto""@en .",lcmpt:
koto ensemble,prefLabel,mp2013015407,http://id.loc.gov/authorities/performanceMediums/mp2013015407,"""koto ensemble""@en .",lcmpt:
kotsuzumi,prefLabel,mp2013015408,http://id.loc.gov/authorities/performanceMediums/mp2013015408,"""kotsuzumi""@en .",lcmpt:
koul,altLabel,mp2013015398,http://id.loc.gov/authorities/performanceMediums/mp2013015398,"""koul""@en .",lcmpt:
krar,prefLabel,mp2013015409,http://id.loc.gov/authorities/performanceMediums/mp2013015409,"""krar""@en .",lcmpt:
krummhorn,altLabel,mp2013015190,http://id.loc.gov/authorities/performanceMediums/mp2013015190,"""krummhorn""@en .",lcmpt:
kuan tzu,altLabel,mp2013015303,http://id.loc.gov/authorities/performanceMediums/mp2013015303,"""kuan tzu""@en .",lcmpt:
kudyapi,prefLabel,mp2018015008,http://id.loc.gov/authorities/performanceMediums/mp2018015008,"""kudyapi""@en .",lcmpt:
kūḷalu,altLabel,mp2014015021,http://id.loc.gov/authorities/performanceMediums/mp2014015021,"""kūḷalu""@en .",lcmpt:
kulintang,prefLabel,mp2013015410,http://id.loc.gov/authorities/performanceMediums/mp2013015410,"""kulintang""@en .",lcmpt:
kulintang ensemble,prefLabel,mp2013015411,http://id.loc.gov/authorities/performanceMediums/mp2013015411,"""kulintang ensemble""@en .",lcmpt:
kum,altLabel,mp2013015401,http://id.loc.gov/authorities/performanceMediums/mp2013015401,"""kum""@en .",lcmpt:
kundi,altLabel,mp2016015003,http://id.loc.gov/authorities/performanceMediums/mp2016015003,"""kundi""@en .",lcmpt:
kurachʼŏlsa kum,altLabel,mp2013015814,http://id.loc.gov/authorities/performanceMediums/mp2013015814,"""kurachʼŏlsa kum""@en .",lcmpt:
kurai,prefLabel,mp2013015412,http://id.loc.gov/authorities/performanceMediums/mp2013015412,"""kurai""@en .",lcmpt:
kuray,altLabel,mp2013015412,http://id.loc.gov/authorities/performanceMediums/mp2013015412,"""kuray""@en .",lcmpt:
kutiyapi,altLabel,mp2018015008,http://id.loc.gov/authorities/performanceMediums/mp2018015008,"""kutiyapi""@en .",lcmpt:
kututeng,altLabel,mp2013015455,http://id.loc.gov/authorities/performanceMediums/mp2013015455,"""kututeng""@en .",lcmpt:
kutyapi,altLabel,mp2018015008,http://id.loc.gov/authorities/performanceMediums/mp2018015008,"""kutyapi""@en .",lcmpt:
kwintangan,altLabel,mp2013015410,http://id.loc.gov/authorities/performanceMediums/mp2013015410,"""kwintangan""@en .",lcmpt:
kyamancha,altLabel,mp2013015370,http://id.loc.gov/authorities/performanceMediums/mp2013015370,"""kyamancha""@en .",lcmpt:
kytte,altLabel,mp2013015568,http://id.loc.gov/authorities/performanceMediums/mp2013015568,"""kytte""@en .",lcmpt:
kyyak,altLabel,mp2013015583,http://id.loc.gov/authorities/performanceMediums/mp2013015583,"""kyyak""@en .",lcmpt:
la pa,altLabel,mp2013015687,http://id.loc.gov/authorities/performanceMediums/mp2013015687,"""la pa""@en .",lcmpt:
lambeg drum,prefLabel,mp2013015413,http://id.loc.gov/authorities/performanceMediums/mp2013015413,"""lambeg drum""@en .",lcmpt:
lamellaphone,altLabel,mp2013015455,http://id.loc.gov/authorities/performanceMediums/mp2013015455,"""lamellaphone""@en .",lcmpt:
lamellophone,altLabel,mp2013015455,http://id.loc.gov/authorities/performanceMediums/mp2013015455,"""lamellophone""@en .",lcmpt:
langa,altLabel,mp2019015011,http://id.loc.gov/authorities/performanceMediums/mp2019015011,"""langa""@en .",lcmpt:
langeleik,prefLabel,mp2013015414,http://id.loc.gov/authorities/performanceMediums/mp2013015414,"""langeleik""@en .",lcmpt:
lap dulcimer,altLabel,mp2013015022,http://id.loc.gov/authorities/performanceMediums/mp2013015022,"""lap dulcimer""@en .",lcmpt:
large orchestra,altLabel,mp2013015516,http://id.loc.gov/authorities/performanceMediums/mp2013015516,"""large orchestra""@en .",lcmpt:
launeddas,prefLabel,mp2013015415,http://id.loc.gov/authorities/performanceMediums/mp2013015415,"""launeddas""@en .",lcmpt:
lautenclavicymbel,altLabel,mp2014015005,http://id.loc.gov/authorities/performanceMediums/mp2014015005,"""lautenclavicymbel""@en .",lcmpt:
lautenwerck,altLabel,mp2014015005,http://id.loc.gov/authorities/performanceMediums/mp2014015005,"""lautenwerck""@en .",lcmpt:
Lautenwerk,altLabel,mp2014015005,http://id.loc.gov/authorities/performanceMediums/mp2014015005,"""Lautenwerk""@en .",lcmpt:
lavta,prefLabel,mp2014015006,http://id.loc.gov/authorities/performanceMediums/mp2014015006,"""lavta""@en .",lcmpt:
lead singer,prefLabel,mp2013015416,http://id.loc.gov/authorities/performanceMediums/mp2013015416,"""lead singer""@en .",lcmpt:
lead vocalist,altLabel,mp2013015416,http://id.loc.gov/authorities/performanceMediums/mp2013015416,"""lead vocalist""@en .",lcmpt:
leaf,prefLabel,mp2013015417,http://id.loc.gov/authorities/performanceMediums/mp2013015417,"""leaf""@en .",lcmpt:
legawka,altLabel,mp2013015418,http://id.loc.gov/authorities/performanceMediums/mp2013015418,"""legawka""@en .",lcmpt:
leunéddas,altLabel,mp2013015415,http://id.loc.gov/authorities/performanceMediums/mp2013015415,"""leunéddas""@en .",lcmpt:
Liebesflöte,altLabel,mp2015015015,http://id.loc.gov/authorities/performanceMediums/mp2015015015,"""Liebesflöte""@en .",lcmpt:
ligawa,altLabel,mp2013015418,http://id.loc.gov/authorities/performanceMediums/mp2013015418,"""ligawa""@en .",lcmpt:
ligawka,prefLabel,mp2013015418,http://id.loc.gov/authorities/performanceMediums/mp2013015418,"""ligawka""@en .",lcmpt:
likembe,altLabel,mp2013015455,http://id.loc.gov/authorities/performanceMediums/mp2013015455,"""likembe""@en .",lcmpt:
limbe,prefLabel,mp2013015419,http://id.loc.gov/authorities/performanceMediums/mp2013015419,"""limbe""@en .",lcmpt:
lingbu,altLabel,mp2013015419,http://id.loc.gov/authorities/performanceMediums/mp2013015419,"""lingbu""@en .",lcmpt:
linguaphone,altLabel,mp2013015455,http://id.loc.gov/authorities/performanceMediums/mp2013015455,"""linguaphone""@en .",lcmpt:
lionéddas,altLabel,mp2013015415,http://id.loc.gov/authorities/performanceMediums/mp2013015415,"""lionéddas""@en .",lcmpt:
lira,altLabel,mp2013015098,http://id.loc.gov/authorities/performanceMediums/mp2013015098,"""lira""@en .",lcmpt:
lira,altLabel,mp2013015437,http://id.loc.gov/authorities/performanceMediums/mp2013015437,"""lira""@en .",lcmpt:
lira (lirone),altLabel,mp2013015424,http://id.loc.gov/authorities/performanceMediums/mp2013015424,"""lira (lirone)""@en .",lcmpt:
lira (short-necked fiddle),prefLabel,mp2013015421,http://id.loc.gov/authorities/performanceMediums/mp2013015421,"""lira (short-necked fiddle)""@en .",lcmpt:
lira da braccio,prefLabel,mp2013015422,http://id.loc.gov/authorities/performanceMediums/mp2013015422,"""lira da braccio""@en .",lcmpt:
lira da gamba,altLabel,mp2013015424,http://id.loc.gov/authorities/performanceMediums/mp2013015424,"""lira da gamba""@en .",lcmpt:
lira da spalla,altLabel,mp2013015422,http://id.loc.gov/authorities/performanceMediums/mp2013015422,"""lira da spalla""@en .",lcmpt:
lira di sette corde,altLabel,mp2013015422,http://id.loc.gov/authorities/performanceMediums/mp2013015422,"""lira di sette corde""@en .",lcmpt:
lira doppia,altLabel,mp2013015424,http://id.loc.gov/authorities/performanceMediums/mp2013015424,"""lira doppia""@en .",lcmpt:
lira grande,altLabel,mp2013015424,http://id.loc.gov/authorities/performanceMediums/mp2013015424,"""lira grande""@en .",lcmpt:
lira in gamba,altLabel,mp2013015424,http://id.loc.gov/authorities/performanceMediums/mp2013015424,"""lira in gamba""@en .",lcmpt:
lira moderna,altLabel,mp2013015422,http://id.loc.gov/authorities/performanceMediums/mp2013015422,"""lira moderna""@en .",lcmpt:
lirica,prefLabel,mp2013015423,http://id.loc.gov/authorities/performanceMediums/mp2013015423,"""lirica""@en .",lcmpt:
liritza,altLabel,mp2013015423,http://id.loc.gov/authorities/performanceMediums/mp2013015423,"""liritza""@en .",lcmpt:
lirone,prefLabel,mp2013015424,http://id.loc.gov/authorities/performanceMediums/mp2013015424,"""lirone""@en .",lcmpt:
lirone perfetto,altLabel,mp2013015424,http://id.loc.gov/authorities/performanceMediums/mp2013015424,"""lirone perfetto""@en .",lcmpt:
lithophone,prefLabel,mp2013015425,http://id.loc.gov/authorities/performanceMediums/mp2013015425,"""lithophone""@en .",lcmpt:
liu qin,prefLabel,mp2013015426,http://id.loc.gov/authorities/performanceMediums/mp2013015426,"""liu qin""@en .",lcmpt:
liu sheng,altLabel,mp2013015430,http://id.loc.gov/authorities/performanceMediums/mp2013015430,"""liu sheng""@en .",lcmpt:
liuto attiorbato,altLabel,mp2013015025,http://id.loc.gov/authorities/performanceMediums/mp2013015025,"""liuto attiorbato""@en .",lcmpt:
live electronics,prefLabel,mp2013015427,http://id.loc.gov/authorities/performanceMediums/mp2013015427,"""live electronics""@en .",lcmpt:
lökkelje,altLabel,mp2013015385,http://id.loc.gov/authorities/performanceMediums/mp2013015385,"""lökkelje""@en .",lcmpt:
lō̜ng ǣ,prefLabel,mp2013015392,http://id.loc.gov/authorities/performanceMediums/mp2013015392,"""klō̜ng ǣ""@en .",lcmpt:
lō̜ng yāo,prefLabel,mp2013015393,http://id.loc.gov/authorities/performanceMediums/mp2013015393,"""klō̜ng yāo""@en .",lcmpt:
lõõtspill,prefLabel,mp2013015428,http://id.loc.gov/authorities/performanceMediums/mp2013015428,"""lõõtspill""@en .",lcmpt:
love flute,altLabel,mp2013015495,http://id.loc.gov/authorities/performanceMediums/mp2013015495,"""love flute""@en .",lcmpt:
low voice,prefLabel,mp2013015429,http://id.loc.gov/authorities/performanceMediums/mp2013015429,"""low voice""@en .",lcmpt:
lowland bagpipes,altLabel,mp2013015095,http://id.loc.gov/authorities/performanceMediums/mp2013015095,"""lowland bagpipes""@en .",lcmpt:
lowland pipes,altLabel,mp2013015095,http://id.loc.gov/authorities/performanceMediums/mp2013015095,"""lowland pipes""@en .",lcmpt:
lu sheng,prefLabel,mp2013015430,http://id.loc.gov/authorities/performanceMediums/mp2013015430,"""lu sheng""@en .",lcmpt:
lulanga,altLabel,mp2019015011,http://id.loc.gov/authorities/performanceMediums/mp2019015011,"""lulanga""@en .",lcmpt:
luo gu,prefLabel,mp2013015431,http://id.loc.gov/authorities/performanceMediums/mp2013015431,"""luo gu""@en .",lcmpt:
luo gu ensemble,altLabel,mp2013015431,http://id.loc.gov/authorities/performanceMediums/mp2013015431,"""luo gu ensemble""@en .",lcmpt:
lur,prefLabel,mp2013015432,http://id.loc.gov/authorities/performanceMediums/mp2013015432,"""lur""@en .",lcmpt:
lute,prefLabel,mp2013015433,http://id.loc.gov/authorities/performanceMediums/mp2013015433,"""lute""@en .",lcmpt:
lute consort,altLabel,mp2013015434,http://id.loc.gov/authorities/performanceMediums/mp2013015434,"""lute consort""@en .",lcmpt:
lute ensemble,prefLabel,mp2013015434,http://id.loc.gov/authorities/performanceMediums/mp2013015434,"""lute ensemble""@en .",lcmpt:
lute-clavier,altLabel,mp2014015005,http://id.loc.gov/authorities/performanceMediums/mp2014015005,"""lute-clavier""@en .",lcmpt:
lute-harpsichord,prefLabel,mp2014015005,http://id.loc.gov/authorities/performanceMediums/mp2014015005,"""lute-harpsichord""@en .",lcmpt:
"lute, Brazilian",altLabel,mp2013015777,http://id.loc.gov/authorities/performanceMediums/mp2013015777,"""lute, Brazilian""@en .",lcmpt:
luthéal,prefLabel,mp2013015435,http://id.loc.gov/authorities/performanceMediums/mp2013015435,"""luthéal""@en .",lcmpt:
lyra,altLabel,mp2013015098,http://id.loc.gov/authorities/performanceMediums/mp2013015098,"""lyra""@en .",lcmpt:
lyra,altLabel,mp2013015347,http://id.loc.gov/authorities/performanceMediums/mp2013015347,"""lyra""@en .",lcmpt:
lyra,altLabel,mp2013015433,http://id.loc.gov/authorities/performanceMediums/mp2013015433,"""lyra""@en .",lcmpt:
lyra,altLabel,mp2013015437,http://id.loc.gov/authorities/performanceMediums/mp2013015437,"""lyra""@en .",lcmpt:
lyra (lira da braccio),altLabel,mp2013015422,http://id.loc.gov/authorities/performanceMediums/mp2013015422,"""lyra (lira da braccio)""@en .",lcmpt:
lyra (lirone),altLabel,mp2013015424,http://id.loc.gov/authorities/performanceMediums/mp2013015424,"""lyra (lirone)""@en .",lcmpt:
lyra (short-necked fiddle),altLabel,mp2013015421,http://id.loc.gov/authorities/performanceMediums/mp2013015421,"""lyra (short-necked fiddle)""@en .",lcmpt:
lyra bastarda,altLabel,mp2013015062,http://id.loc.gov/authorities/performanceMediums/mp2013015062,"""lyra bastarda""@en .",lcmpt:
lyra de gamba,altLabel,mp2013015424,http://id.loc.gov/authorities/performanceMediums/mp2013015424,"""lyra de gamba""@en .",lcmpt:
lyra perfecta,altLabel,mp2013015424,http://id.loc.gov/authorities/performanceMediums/mp2013015424,"""lyra perfecta""@en .",lcmpt:
lyra viol,prefLabel,mp2013015436,http://id.loc.gov/authorities/performanceMediums/mp2013015436,"""lyra viol""@en .",lcmpt:
"lyra, bell",altLabel,mp2013015294,http://id.loc.gov/authorities/performanceMediums/mp2013015294,"""lyra, bell""@en .",lcmpt:
lyre,prefLabel,mp2013015437,http://id.loc.gov/authorities/performanceMediums/mp2013015437,"""lyre""@en .",lcmpt:
lyre-guitar,prefLabel,mp2013015438,http://id.loc.gov/authorities/performanceMediums/mp2013015438,"""lyre-guitar""@en .",lcmpt:
"lyre, bell",altLabel,mp2013015294,http://id.loc.gov/authorities/performanceMediums/mp2013015294,"""lyre, bell""@en .",lcmpt:
lyro-viol,altLabel,mp2013015436,http://id.loc.gov/authorities/performanceMediums/mp2013015436,"""lyro-viol""@en .",lcmpt:
lyrone,altLabel,mp2013015424,http://id.loc.gov/authorities/performanceMediums/mp2013015424,"""lyrone""@en .",lcmpt:
ma tʻou chʻin,altLabel,mp2013015480,http://id.loc.gov/authorities/performanceMediums/mp2013015480,"""ma tʻou chʻin""@en .",lcmpt:
MacArthur harp,altLabel,mp2013015331,http://id.loc.gov/authorities/performanceMediums/mp2013015331,"""MacArthur harp""@en .",lcmpt:
machada,altLabel,mp2013015116,http://id.loc.gov/authorities/performanceMediums/mp2013015116,"""machada""@en .",lcmpt:
machete,altLabel,mp2013015116,http://id.loc.gov/authorities/performanceMediums/mp2013015116,"""machete""@en .",lcmpt:
machete-de-braga,altLabel,mp2013015116,http://id.loc.gov/authorities/performanceMediums/mp2013015116,"""machete-de-braga""@en .",lcmpt:
machetinho,altLabel,mp2013015116,http://id.loc.gov/authorities/performanceMediums/mp2013015116,"""machetinho""@en .",lcmpt:
mādal,prefLabel,mp2013015439,http://id.loc.gov/authorities/performanceMediums/mp2013015439,"""mādal""@en .",lcmpt:
mādala,altLabel,mp2013015439,http://id.loc.gov/authorities/performanceMediums/mp2013015439,"""mādala""@en .",lcmpt:
madinda,altLabel,mp2013015018,http://id.loc.gov/authorities/performanceMediums/mp2013015018,"""madinda""@en .",lcmpt:
magnetic resonator piano,prefLabel,mp2014015004,http://id.loc.gov/authorities/performanceMediums/mp2014015004,"""magnetic resonator piano""@en .",lcmpt:
mahanataka vina,altLabel,mp2013015300,http://id.loc.gov/authorities/performanceMediums/mp2013015300,"""mahanataka vina""@en .",lcmpt:
mahōrī,prefLabel,mp2013015440,http://id.loc.gov/authorities/performanceMediums/mp2013015440,"""mahōrī""@en .",lcmpt:
male voice,prefLabel,mp2013015441,http://id.loc.gov/authorities/performanceMediums/mp2013015441,"""male voice""@en .",lcmpt:
mallet controller,prefLabel,mp2013015442,http://id.loc.gov/authorities/performanceMediums/mp2013015442,"""mallet controller""@en .",lcmpt:
mallet ensemble,prefLabel,mp2013015443,http://id.loc.gov/authorities/performanceMediums/mp2013015443,"""mallet ensemble""@en .",lcmpt:
mallet instrument,prefLabel,mp2013015444,http://id.loc.gov/authorities/performanceMediums/mp2013015444,"""mallet instrument""@en .",lcmpt:
mallet percussions,altLabel,mp2013015444,http://id.loc.gov/authorities/performanceMediums/mp2013015444,"""mallet percussions""@en .",lcmpt:
mando-cello,altLabel,mp2013015449,http://id.loc.gov/authorities/performanceMediums/mp2013015449,"""mando-cello""@en .",lcmpt:
mandocello,altLabel,mp2013015449,http://id.loc.gov/authorities/performanceMediums/mp2013015449,"""mandocello""@en .",lcmpt:
mandola,prefLabel,mp2013015445,http://id.loc.gov/authorities/performanceMediums/mp2013015445,"""mandola""@en .",lcmpt:
mandolin,prefLabel,mp2013015446,http://id.loc.gov/authorities/performanceMediums/mp2013015446,"""mandolin""@en .",lcmpt:
mandolin ensemble,prefLabel,mp2013015447,http://id.loc.gov/authorities/performanceMediums/mp2013015447,"""mandolin ensemble""@en .",lcmpt:
mandolin guitar zither,altLabel,mp2013015331,http://id.loc.gov/authorities/performanceMediums/mp2013015331,"""mandolin guitar zither""@en .",lcmpt:
mandolin harp zither,altLabel,mp2013015331,http://id.loc.gov/authorities/performanceMediums/mp2013015331,"""mandolin harp zither""@en .",lcmpt:
mandolin orchestra,altLabel,mp2013015447,http://id.loc.gov/authorities/performanceMediums/mp2013015447,"""mandolin orchestra""@en .",lcmpt:
mandolin zither,altLabel,mp2013015331,http://id.loc.gov/authorities/performanceMediums/mp2013015331,"""mandolin zither""@en .",lcmpt:
mandoline,altLabel,mp2013015446,http://id.loc.gov/authorities/performanceMediums/mp2013015446,"""mandoline""@en .",lcmpt:
mandolino,altLabel,mp2013015445,http://id.loc.gov/authorities/performanceMediums/mp2013015445,"""mandolino""@en .",lcmpt:
mandoloncello,prefLabel,mp2013015449,http://id.loc.gov/authorities/performanceMediums/mp2013015449,"""mandoloncello""@en .",lcmpt:
mandora,altLabel,mp2013015445,http://id.loc.gov/authorities/performanceMediums/mp2013015445,"""mandora""@en .",lcmpt:
mandora,altLabel,mp2013015831,http://id.loc.gov/authorities/performanceMediums/mp2013015831,"""mandora""@en .",lcmpt:
mandore,altLabel,mp2013015445,http://id.loc.gov/authorities/performanceMediums/mp2013015445,"""mandore""@en .",lcmpt:
mandorlauten,altLabel,mp2013015831,http://id.loc.gov/authorities/performanceMediums/mp2013015831,"""mandorlauten""@en .",lcmpt:
mandorre,altLabel,mp2013015445,http://id.loc.gov/authorities/performanceMediums/mp2013015445,"""mandorre""@en .",lcmpt:
mandurria,altLabel,mp2013015052,http://id.loc.gov/authorities/performanceMediums/mp2013015052,"""mandurria""@en .",lcmpt:
Männerchor,altLabel,mp2013015469,http://id.loc.gov/authorities/performanceMediums/mp2013015469,"""Männerchor""@en .",lcmpt:
maraca,prefLabel,mp2013015450,http://id.loc.gov/authorities/performanceMediums/mp2013015450,"""maraca""@en .",lcmpt:
marching band,prefLabel,mp2013015451,http://id.loc.gov/authorities/performanceMediums/mp2013015451,"""marching band""@en .",lcmpt:
marimba,prefLabel,mp2013015452,http://id.loc.gov/authorities/performanceMediums/mp2013015452,"""marimba""@en .",lcmpt:
marimba (mbira),altLabel,mp2013015455,http://id.loc.gov/authorities/performanceMediums/mp2013015455,"""marimba (mbira)""@en .",lcmpt:
marimba ensemble,prefLabel,mp2013015453,http://id.loc.gov/authorities/performanceMediums/mp2013015453,"""marimba ensemble""@en .",lcmpt:
marimba-xylophone,altLabel,mp2013015811,http://id.loc.gov/authorities/performanceMediums/mp2013015811,"""marimba-xylophone""@en .",lcmpt:
marimbaphone,altLabel,mp2013015452,http://id.loc.gov/authorities/performanceMediums/mp2013015452,"""marimbaphone""@en .",lcmpt:
marímbula,altLabel,mp2013015455,http://id.loc.gov/authorities/performanceMediums/mp2013015455,"""marímbula""@en .",lcmpt:
marine trumpet,altLabel,mp2013015749,http://id.loc.gov/authorities/performanceMediums/mp2013015749,"""marine trumpet""@en .",lcmpt:
marovany (box zither),prefLabel,mp2013015454,http://id.loc.gov/authorities/performanceMediums/mp2013015454,"""marovany (box zither)""@en .",lcmpt:
marovany (tube zither),altLabel,mp2013015762,http://id.loc.gov/authorities/performanceMediums/mp2013015762,"""marovany (tube zither)""@en .",lcmpt:
Martenot,altLabel,mp2013015513,http://id.loc.gov/authorities/performanceMediums/mp2013015513,"""Martenot""@en .",lcmpt:
Martenot's ondes musicales,altLabel,mp2013015513,http://id.loc.gov/authorities/performanceMediums/mp2013015513,"""Martenot's ondes musicales""@en .",lcmpt:
matou qin,altLabel,mp2013015480,http://id.loc.gov/authorities/performanceMediums/mp2013015480,"""matou qin""@en .",lcmpt:
matouqin,altLabel,mp2013015480,http://id.loc.gov/authorities/performanceMediums/mp2013015480,"""matouqin""@en .",lcmpt:
mbila,altLabel,mp2013015455,http://id.loc.gov/authorities/performanceMediums/mp2013015455,"""mbila""@en .",lcmpt:
mbira,prefLabel,mp2013015455,http://id.loc.gov/authorities/performanceMediums/mp2013015455,"""mbira""@en .",lcmpt:
mechanical clock-organ,altLabel,mp2013015490,http://id.loc.gov/authorities/performanceMediums/mp2013015490,"""mechanical clock-organ""@en .",lcmpt:
mechanical instrument,prefLabel,mp2013015456,http://id.loc.gov/authorities/performanceMediums/mp2013015456,"""mechanical instrument""@en .",lcmpt:
mechanical organ,prefLabel,mp2013015457,http://id.loc.gov/authorities/performanceMediums/mp2013015457,"""mechanical organ""@en .",lcmpt:
mechanical piano,prefLabel,mp2013015458,http://id.loc.gov/authorities/performanceMediums/mp2013015458,"""mechanical piano""@en .",lcmpt:
mechanical singing-bird box,prefLabel,mp2013015459,http://id.loc.gov/authorities/performanceMediums/mp2013015459,"""mechanical singing-bird box""@en .",lcmpt:
mechanical singing-bird tabatière,altLabel,mp2013015459,http://id.loc.gov/authorities/performanceMediums/mp2013015459,"""mechanical singing-bird tabatière""@en .",lcmpt:
medium voice,prefLabel,mp2013015461,http://id.loc.gov/authorities/performanceMediums/mp2013015461,"""medium voice""@en .",lcmpt:
megaphone,prefLabel,mp2013015462,http://id.loc.gov/authorities/performanceMediums/mp2013015462,"""megaphone""@en .",lcmpt:
mellophone,altLabel,mp2013015013,http://id.loc.gov/authorities/performanceMediums/mp2013015013,"""mellophone""@en .",lcmpt:
melodeon (button-key accordion),prefLabel,mp2013015463,http://id.loc.gov/authorities/performanceMediums/mp2013015463,"""melodeon (button-key accordion)""@en .",lcmpt:
melodeon (reed organ),altLabel,mp2013015599,http://id.loc.gov/authorities/performanceMediums/mp2013015599,"""melodeon (reed organ)""@en .",lcmpt:
melodica,prefLabel,mp2013015464,http://id.loc.gov/authorities/performanceMediums/mp2013015464,"""melodica""@en .",lcmpt:
melody flute,prefLabel,mp2013015465,http://id.loc.gov/authorities/performanceMediums/mp2013015465,"""melody flute""@en .",lcmpt:
melody instrument,prefLabel,mp2013015466,http://id.loc.gov/authorities/performanceMediums/mp2013015466,"""melody instrument""@en .",lcmpt:
meloharp,prefLabel,mp2013015467,http://id.loc.gov/authorities/performanceMediums/mp2013015467,"""meloharp""@en .",lcmpt:
membranophone,prefLabel,mp2013015468,http://id.loc.gov/authorities/performanceMediums/mp2013015468,"""membranophone""@en .",lcmpt:
men's chorus,prefLabel,mp2013015469,http://id.loc.gov/authorities/performanceMediums/mp2013015469,"""men's chorus""@en .",lcmpt:
mendjan,altLabel,mp2013015470,http://id.loc.gov/authorities/performanceMediums/mp2013015470,"""mendjan""@en .",lcmpt:
mendzan,prefLabel,mp2013015470,http://id.loc.gov/authorities/performanceMediums/mp2013015470,"""mendzan""@en .",lcmpt:
mendzang,altLabel,mp2013015470,http://id.loc.gov/authorities/performanceMediums/mp2013015470,"""mendzang""@en .",lcmpt:
menjyang,altLabel,mp2013015470,http://id.loc.gov/authorities/performanceMediums/mp2013015470,"""menjyang""@en .",lcmpt:
menzan,altLabel,mp2013015470,http://id.loc.gov/authorities/performanceMediums/mp2013015470,"""menzan""@en .",lcmpt:
meta-harp,prefLabel,mp2013015471,http://id.loc.gov/authorities/performanceMediums/mp2013015471,"""meta-harp""@en .",lcmpt:
metronome,prefLabel,mp2019015012,http://id.loc.gov/authorities/performanceMediums/mp2019015012,"""metronome""@en .",lcmpt:
mey,prefLabel,mp2013015472,http://id.loc.gov/authorities/performanceMediums/mp2013015472,"""mey""@en .",lcmpt:
mezzo-soprano (singer),altLabel,mp2013015473,http://id.loc.gov/authorities/performanceMediums/mp2013015473,"""mezzo-soprano (singer)""@en .",lcmpt:
mezzo-soprano oboe,altLabel,mp2013015508,http://id.loc.gov/authorities/performanceMediums/mp2013015508,"""mezzo-soprano oboe""@en .",lcmpt:
mezzo-soprano voice,prefLabel,mp2013015473,http://id.loc.gov/authorities/performanceMediums/mp2013015473,"""mezzo-soprano voice""@en .",lcmpt:
MIDI controller,prefLabel,mp2013015474,http://id.loc.gov/authorities/performanceMediums/mp2013015474,"""MIDI controller""@en .",lcmpt:
MIDI-harpsichord,altLabel,mp2013015241,http://id.loc.gov/authorities/performanceMediums/mp2013015241,"""MIDI-harpsichord""@en .",lcmpt:
military band,altLabel,mp2013015048,http://id.loc.gov/authorities/performanceMediums/mp2013015048,"""military band""@en .",lcmpt:
mime,prefLabel,mp2013015475,http://id.loc.gov/authorities/performanceMediums/mp2013015475,"""mime""@en .",lcmpt:
mime artist,altLabel,mp2013015475,http://id.loc.gov/authorities/performanceMediums/mp2013015475,"""mime artist""@en .",lcmpt:
mirdang,altLabel,mp2013015485,http://id.loc.gov/authorities/performanceMediums/mp2013015485,"""mirdang""@en .",lcmpt:
mirliton,prefLabel,mp2013015476,http://id.loc.gov/authorities/performanceMediums/mp2013015476,"""mirliton""@en .",lcmpt:
mirutaṅkam,altLabel,mp2013015485,http://id.loc.gov/authorities/performanceMediums/mp2013015485,"""mirutaṅkam""@en .",lcmpt:
miruthangam,altLabel,mp2013015485,http://id.loc.gov/authorities/performanceMediums/mp2013015485,"""miruthangam""@en .",lcmpt:
mišnice,prefLabel,mp2013015477,http://id.loc.gov/authorities/performanceMediums/mp2013015477,"""mišnice""@en .",lcmpt:
mixed chorus,prefLabel,mp2013015146,http://id.loc.gov/authorities/performanceMediums/mp2013015146,"""mixed chorus""@en .",lcmpt:
mixed media,prefLabel,mp2013015478,http://id.loc.gov/authorities/performanceMediums/mp2013015478,"""mixed media""@en .",lcmpt:
mjersnice,altLabel,mp2013015477,http://id.loc.gov/authorities/performanceMediums/mp2013015477,"""mjersnice""@en .",lcmpt:
mobile phone,altLabel,mp2013015119,http://id.loc.gov/authorities/performanceMediums/mp2013015119,"""mobile phone""@en .",lcmpt:
mock trumpet,altLabel,mp2013015125,http://id.loc.gov/authorities/performanceMediums/mp2013015125,"""mock trumpet""@en .",lcmpt:
Mongolian zither,altLabel,mp2013015816,http://id.loc.gov/authorities/performanceMediums/mp2013015816,"""Mongolian zither""@en .",lcmpt:
monochord,prefLabel,mp2013015479,http://id.loc.gov/authorities/performanceMediums/mp2013015479,"""monochord""@en .",lcmpt:
moon guitar,altLabel,mp2013015818,http://id.loc.gov/authorities/performanceMediums/mp2013015818,"""moon guitar""@en .",lcmpt:
moon lute,altLabel,mp2013015818,http://id.loc.gov/authorities/performanceMediums/mp2013015818,"""moon lute""@en .",lcmpt:
morin huur,prefLabel,mp2013015480,http://id.loc.gov/authorities/performanceMediums/mp2013015480,"""morin huur""@en .",lcmpt:
mōsō-biwa,altLabel,mp2013015086,http://id.loc.gov/authorities/performanceMediums/mp2013015086,"""mōsō-biwa""@en .",lcmpt:
mountain dulcimer,altLabel,mp2013015022,http://id.loc.gov/authorities/performanceMediums/mp2013015022,"""mountain dulcimer""@en .",lcmpt:
mouseketier,prefLabel,mp2013015481,http://id.loc.gov/authorities/performanceMediums/mp2013015481,"""mouseketier""@en .",lcmpt:
mouth bow,prefLabel,mp2013015482,http://id.loc.gov/authorities/performanceMediums/mp2013015482,"""mouth bow""@en .",lcmpt:
mouth drum,altLabel,mp2013015836,http://id.loc.gov/authorities/performanceMediums/mp2013015836,"""mouth drum""@en .",lcmpt:
mouth harmonica,altLabel,mp2013015323,http://id.loc.gov/authorities/performanceMediums/mp2013015323,"""mouth harmonica""@en .",lcmpt:
mouth organ,prefLabel,mp2013015484,http://id.loc.gov/authorities/performanceMediums/mp2013015484,"""mouth organ""@en .",lcmpt:
mr̥dang,altLabel,mp2013015485,http://id.loc.gov/authorities/performanceMediums/mp2013015485,"""mr̥dang""@en .",lcmpt:
mr̥daṅga,altLabel,mp2013015485,http://id.loc.gov/authorities/performanceMediums/mp2013015485,"""mr̥daṅga""@en .",lcmpt:
mr̥daṅgam,altLabel,mp2013015485,http://id.loc.gov/authorities/performanceMediums/mp2013015485,"""mr̥daṅgam""@en .",lcmpt:
mridanga,prefLabel,mp2013015485,http://id.loc.gov/authorities/performanceMediums/mp2013015485,"""mridanga""@en .",lcmpt:
mridangam,altLabel,mp2013015485,http://id.loc.gov/authorities/performanceMediums/mp2013015485,"""mridangam""@en .",lcmpt:
mriqq,altLabel,mp2017015008,http://id.loc.gov/authorities/performanceMediums/mp2017015008,"""mriqq""@en .",lcmpt:
MRP (magnetic resonator piano),altLabel,mp2014015004,http://id.loc.gov/authorities/performanceMediums/mp2014015004,"""MRP (magnetic resonator piano)""@en .",lcmpt:
mukha veena,altLabel,mp2013015486,http://id.loc.gov/authorities/performanceMediums/mp2013015486,"""mukha veena""@en .",lcmpt:
mukhavīṇā,prefLabel,mp2013015486,http://id.loc.gov/authorities/performanceMediums/mp2013015486,"""mukhavīṇā""@en .",lcmpt:
multi-media,altLabel,mp2013015478,http://id.loc.gov/authorities/performanceMediums/mp2013015478,"""multi-media""@en .",lcmpt:
multimedia,altLabel,mp2013015478,http://id.loc.gov/authorities/performanceMediums/mp2013015478,"""multimedia""@en .",lcmpt:
musette (bagpipe),altLabel,mp2013015039,http://id.loc.gov/authorities/performanceMediums/mp2013015039,"""musette (bagpipe)""@en .",lcmpt:
musette (oboe),prefLabel,mp2013015487,http://id.loc.gov/authorities/performanceMediums/mp2013015487,"""musette (oboe)""@en .",lcmpt:
musette pipe,altLabel,mp2013015487,http://id.loc.gov/authorities/performanceMediums/mp2013015487,"""musette pipe""@en .",lcmpt:
music box,prefLabel,mp2013015488,http://id.loc.gov/authorities/performanceMediums/mp2013015488,"""music box""@en .",lcmpt:
music conductor,altLabel,mp2013015171,http://id.loc.gov/authorities/performanceMediums/mp2013015171,"""music conductor""@en .",lcmpt:
music director,altLabel,mp2013015171,http://id.loc.gov/authorities/performanceMediums/mp2013015171,"""music director""@en .",lcmpt:
music sampler software,altLabel,mp2013015661,http://id.loc.gov/authorities/performanceMediums/mp2013015661,"""music sampler software""@en .",lcmpt:
music synthesizer,altLabel,mp2013015692,http://id.loc.gov/authorities/performanceMediums/mp2013015692,"""music synthesizer""@en .",lcmpt:
musical bow,prefLabel,mp2013015489,http://id.loc.gov/authorities/performanceMediums/mp2013015489,"""musical bow""@en .",lcmpt:
musical box,altLabel,mp2013015488,http://id.loc.gov/authorities/performanceMediums/mp2013015488,"""musical box""@en .",lcmpt:
musical clock,prefLabel,mp2013015490,http://id.loc.gov/authorities/performanceMediums/mp2013015490,"""musical clock""@en .",lcmpt:
musical glasses,altLabel,mp2013015293,http://id.loc.gov/authorities/performanceMediums/mp2013015293,"""musical glasses""@en .",lcmpt:
musical glasses,altLabel,mp2013015764,http://id.loc.gov/authorities/performanceMediums/mp2013015764,"""musical glasses""@en .",lcmpt:
musical instrument,altLabel,mp2013015354,http://id.loc.gov/authorities/performanceMediums/mp2013015354,"""musical instrument""@en .",lcmpt:
musical jaw bone,altLabel,mp2013015359,http://id.loc.gov/authorities/performanceMediums/mp2013015359,"""musical jaw bone""@en .",lcmpt:
musical saw,prefLabel,mp2017015015,http://id.loc.gov/authorities/performanceMediums/mp2017015015,"""musical saw""@en .",lcmpt:
musical synthesizer,altLabel,mp2013015692,http://id.loc.gov/authorities/performanceMediums/mp2013015692,"""musical synthesizer""@en .",lcmpt:
musical toy instrument,altLabel,mp2013015739,http://id.loc.gov/authorities/performanceMediums/mp2013015739,"""musical toy instrument""@en .",lcmpt:
musicsticks,altLabel,mp2013015845,http://id.loc.gov/authorities/performanceMediums/mp2013015845,"""musicsticks""@en .",lcmpt:
nadasvaram,altLabel,mp2013015493,http://id.loc.gov/authorities/performanceMediums/mp2013015493,"""nadasvaram""@en .",lcmpt:
nadaswaram,altLabel,mp2013015493,http://id.loc.gov/authorities/performanceMediums/mp2013015493,"""nadaswaram""@en .",lcmpt:
nāgasuram,altLabel,mp2013015493,http://id.loc.gov/authorities/performanceMediums/mp2013015493,"""nāgasuram""@en .",lcmpt:
nāgasvaram,prefLabel,mp2013015493,http://id.loc.gov/authorities/performanceMediums/mp2013015493,"""nāgasvaram""@en .",lcmpt:
nâgaswaram,altLabel,mp2013015493,http://id.loc.gov/authorities/performanceMediums/mp2013015493,"""nâgaswaram""@en .",lcmpt:
nai,altLabel,mp2013015528,http://id.loc.gov/authorities/performanceMediums/mp2013015528,"""nai""@en .",lcmpt:
nai,altLabel,mp2014015003,http://id.loc.gov/authorities/performanceMediums/mp2014015003,"""nai""@en .",lcmpt:
nākasvaram,altLabel,mp2013015493,http://id.loc.gov/authorities/performanceMediums/mp2013015493,"""nākasvaram""@en .",lcmpt:
nal,altLabel,mp2014015003,http://id.loc.gov/authorities/performanceMediums/mp2014015003,"""nal""@en .",lcmpt:
nallari,altLabel,mp2013015693,http://id.loc.gov/authorities/performanceMediums/mp2013015693,"""nallari""@en .",lcmpt:
nanga,altLabel,mp2019015011,http://id.loc.gov/authorities/performanceMediums/mp2019015011,"""nanga""@en .",lcmpt:
nāqūs (sēmantron),altLabel,mp2013015629,http://id.loc.gov/authorities/performanceMediums/mp2013015629,"""nāqūs (sēmantron)""@en .",lcmpt:
narrator,altLabel,mp2013015670,http://id.loc.gov/authorities/performanceMediums/mp2013015670,"""narrator""@en .",lcmpt:
Native American flute,prefLabel,mp2013015495,http://id.loc.gov/authorities/performanceMediums/mp2013015495,"""Native American flute""@en .",lcmpt:
Native American love flute,altLabel,mp2013015495,http://id.loc.gov/authorities/performanceMediums/mp2013015495,"""Native American love flute""@en .",lcmpt:
natural horn,prefLabel,mp2013015496,http://id.loc.gov/authorities/performanceMediums/mp2013015496,"""natural horn""@en .",lcmpt:
natural trumpet,altLabel,mp2013015748,http://id.loc.gov/authorities/performanceMediums/mp2013015748,"""natural trumpet""@en .",lcmpt:
nāy (flute),prefLabel,mp2014015003,http://id.loc.gov/authorities/performanceMediums/mp2014015003,"""nāy (flute)""@en .",lcmpt:
nay (oboe),altLabel,mp2013015472,http://id.loc.gov/authorities/performanceMediums/mp2013015472,"""nay (oboe)""@en .",lcmpt:
nāyanam,altLabel,mp2013015493,http://id.loc.gov/authorities/performanceMediums/mp2013015493,"""nāyanam""@en .",lcmpt:
nāykhĩ,altLabel,mp2013015498,http://id.loc.gov/authorities/performanceMediums/mp2013015498,"""nāykhĩ""@en .",lcmpt:
nāykhīṃ,prefLabel,mp2013015498,http://id.loc.gov/authorities/performanceMediums/mp2013015498,"""nāykhīṃ""@en .",lcmpt:
new century harp,prefLabel,mp2013015499,http://id.loc.gov/authorities/performanceMediums/mp2013015499,"""new century harp""@en .",lcmpt:
ney,altLabel,mp2014015003,http://id.loc.gov/authorities/performanceMediums/mp2014015003,"""ney""@en .",lcmpt:
ngoma,prefLabel,mp2013015500,http://id.loc.gov/authorities/performanceMediums/mp2013015500,"""ngoma""@en .",lcmpt:
ngomba,altLabel,mp2013015500,http://id.loc.gov/authorities/performanceMediums/mp2013015500,"""ngomba""@en .",lcmpt:
ngomm,altLabel,mp2013015500,http://id.loc.gov/authorities/performanceMediums/mp2013015500,"""ngomm""@en .",lcmpt:
ngomo,altLabel,mp2013015500,http://id.loc.gov/authorities/performanceMediums/mp2013015500,"""ngomo""@en .",lcmpt:
ngoze,altLabel,mp2013015009,http://id.loc.gov/authorities/performanceMediums/mp2013015009,"""ngoze""@en .",lcmpt:
nickelodeon,altLabel,mp2013015517,http://id.loc.gov/authorities/performanceMediums/mp2013015517,"""nickelodeon""@en .",lcmpt:
nishiki-biwa,altLabel,mp2013015086,http://id.loc.gov/authorities/performanceMediums/mp2013015086,"""nishiki-biwa""@en .",lcmpt:
nō-flute,altLabel,mp2013015501,http://id.loc.gov/authorities/performanceMediums/mp2013015501,"""nō-flute""@en .",lcmpt:
nō-kan,altLabel,mp2013015501,http://id.loc.gov/authorities/performanceMediums/mp2013015501,"""nō-kan""@en .",lcmpt:
noardske balke,altLabel,mp2013015502,http://id.loc.gov/authorities/performanceMediums/mp2013015502,"""noardske balke""@en .",lcmpt:
nohkan,altLabel,mp2013015501,http://id.loc.gov/authorities/performanceMediums/mp2013015501,"""nohkan""@en .",lcmpt:
nōkan,prefLabel,mp2013015501,http://id.loc.gov/authorities/performanceMediums/mp2013015501,"""nōkan""@en .",lcmpt:
noordsche balk,prefLabel,mp2013015502,http://id.loc.gov/authorities/performanceMediums/mp2013015502,"""noordsche balk""@en .",lcmpt:
Northumberland small pipes,altLabel,mp2013015503,http://id.loc.gov/authorities/performanceMediums/mp2013015503,"""Northumberland small pipes""@en .",lcmpt:
Northumbrian small pipe,prefLabel,mp2013015503,http://id.loc.gov/authorities/performanceMediums/mp2013015503,"""Northumbrian small pipe""@en .",lcmpt:
Northumbrian small pipes,altLabel,mp2013015503,http://id.loc.gov/authorities/performanceMediums/mp2013015503,"""Northumbrian small pipes""@en .",lcmpt:
Northumbrian smallpipes,altLabel,mp2013015503,http://id.loc.gov/authorities/performanceMediums/mp2013015503,"""Northumbrian smallpipes""@en .",lcmpt:
nose flute,prefLabel,mp2017015011,http://id.loc.gov/authorities/performanceMediums/mp2017015011,"""nose flute""@en .",lcmpt:
notched rattle,prefLabel,mp2013015504,http://id.loc.gov/authorities/performanceMediums/mp2013015504,"""notched rattle""@en .",lcmpt:
Novachord,prefLabel,mp2013015505,http://id.loc.gov/authorities/performanceMediums/mp2013015505,"""Novachord""@en .",lcmpt:
nsansi,altLabel,mp2013015455,http://id.loc.gov/authorities/performanceMediums/mp2013015455,"""nsansi""@en .",lcmpt:
nun's fiddle,altLabel,mp2013015749,http://id.loc.gov/authorities/performanceMediums/mp2013015749,"""nun's fiddle""@en .",lcmpt:
nyckelgiga,altLabel,mp2013015385,http://id.loc.gov/authorities/performanceMediums/mp2013015385,"""nyckelgiga""@en .",lcmpt:
nyckelharpa,altLabel,mp2013015385,http://id.loc.gov/authorities/performanceMediums/mp2013015385,"""nyckelharpa""@en .",lcmpt:
ō̜ dūang,prefLabel,mp2013015658,http://id.loc.gov/authorities/performanceMediums/mp2013015658,"""sō̜ dūang""@en .",lcmpt:
ō̜ sām sāi,prefLabel,mp2013015659,http://id.loc.gov/authorities/performanceMediums/mp2013015659,"""sō̜ sām sāi""@en .",lcmpt:
ō̜ ū,prefLabel,mp2013015660,http://id.loc.gov/authorities/performanceMediums/mp2013015660,"""sō̜ ū""@en .",lcmpt:
oboe,prefLabel,mp2013015507,http://id.loc.gov/authorities/performanceMediums/mp2013015507,"""oboe""@en .",lcmpt:
oboe d'amore,prefLabel,mp2013015508,http://id.loc.gov/authorities/performanceMediums/mp2013015508,"""oboe d'amore""@en .",lcmpt:
oboe da caccia,prefLabel,mp2013015509,http://id.loc.gov/authorities/performanceMediums/mp2013015509,"""oboe da caccia""@en .",lcmpt:
oboe ensemble,prefLabel,mp2013015510,http://id.loc.gov/authorities/performanceMediums/mp2013015510,"""oboe ensemble""@en .",lcmpt:
ocarina,prefLabel,mp2013015511,http://id.loc.gov/authorities/performanceMediums/mp2013015511,"""ocarina""@en .",lcmpt:
octavist,altLabel,mp2018015007,http://id.loc.gov/authorities/performanceMediums/mp2018015007,"""octavist""@en .",lcmpt:
oktavist,altLabel,mp2018015007,http://id.loc.gov/authorities/performanceMediums/mp2018015007,"""oktavist""@en .",lcmpt:
oḷ,prefLabel,mp2013015398,http://id.loc.gov/authorities/performanceMediums/mp2013015398,"""koḷ""@en .",lcmpt:
olifant,altLabel,mp2013015512,http://id.loc.gov/authorities/performanceMediums/mp2013015512,"""olifant""@en .",lcmpt:
oliphant,prefLabel,mp2013015512,http://id.loc.gov/authorities/performanceMediums/mp2013015512,"""oliphant""@en .",lcmpt:
ondes Martenot,prefLabel,mp2013015513,http://id.loc.gov/authorities/performanceMediums/mp2013015513,"""ondes Martenot""@en .",lcmpt:
ondes musicales,altLabel,mp2013015513,http://id.loc.gov/authorities/performanceMediums/mp2013015513,"""ondes musicales""@en .",lcmpt:
ondium Martenot,altLabel,mp2013015513,http://id.loc.gov/authorities/performanceMediums/mp2013015513,"""ondium Martenot""@en .",lcmpt:
ongnyugŭm,prefLabel,mp2013015514,http://id.loc.gov/authorities/performanceMediums/mp2013015514,"""ongnyugŭm""@en .",lcmpt:
OOVE,prefLabel,mp2018015003,http://id.loc.gov/authorities/performanceMediums/mp2018015003,"""OOVE""@en .",lcmpt:
ophicleide,prefLabel,mp2013015515,http://id.loc.gov/authorities/performanceMediums/mp2013015515,"""ophicleide""@en .",lcmpt:
orator,altLabel,mp2013015670,http://id.loc.gov/authorities/performanceMediums/mp2013015670,"""orator""@en .",lcmpt:
orchestra,prefLabel,mp2013015516,http://id.loc.gov/authorities/performanceMediums/mp2013015516,"""orchestra""@en .",lcmpt:
orchestra bells,altLabel,mp2013015294,http://id.loc.gov/authorities/performanceMediums/mp2013015294,"""orchestra bells""@en .",lcmpt:
"orchestra, electrical",altLabel,mp2013015505,http://id.loc.gov/authorities/performanceMediums/mp2013015505,"""orchestra, electrical""@en .",lcmpt:
orchestral bells,altLabel,mp2013015294,http://id.loc.gov/authorities/performanceMediums/mp2013015294,"""orchestral bells""@en .",lcmpt:
orchestral chimes,altLabel,mp2013015754,http://id.loc.gov/authorities/performanceMediums/mp2013015754,"""orchestral chimes""@en .",lcmpt:
orchestrion,prefLabel,mp2013015517,http://id.loc.gov/authorities/performanceMediums/mp2013015517,"""orchestrion""@en .",lcmpt:
organ,prefLabel,mp2013015519,http://id.loc.gov/authorities/performanceMediums/mp2013015519,"""organ""@en .",lcmpt:
organ ensemble,prefLabel,mp2013015520,http://id.loc.gov/authorities/performanceMediums/mp2013015520,"""organ ensemble""@en .",lcmpt:
"organ, cabinet",altLabel,mp2013015599,http://id.loc.gov/authorities/performanceMediums/mp2013015599,"""organ, cabinet""@en .",lcmpt:
"organ, parlor",altLabel,mp2013015599,http://id.loc.gov/authorities/performanceMediums/mp2013015599,"""organ, parlor""@en .",lcmpt:
organette,prefLabel,mp2013015521,http://id.loc.gov/authorities/performanceMediums/mp2013015521,"""organette""@en .",lcmpt:
organetto,altLabel,mp2018015010,http://id.loc.gov/authorities/performanceMediums/mp2018015010,"""organetto""@en .",lcmpt:
organino,altLabel,mp2018015010,http://id.loc.gov/authorities/performanceMediums/mp2018015010,"""organino""@en .",lcmpt:
organistrum,altLabel,mp2013015347,http://id.loc.gov/authorities/performanceMediums/mp2013015347,"""organistrum""@en .",lcmpt:
orkon,prefLabel,mp2013015522,http://id.loc.gov/authorities/performanceMediums/mp2013015522,"""orkon""@en .",lcmpt:
orpharion,prefLabel,mp2013015523,http://id.loc.gov/authorities/performanceMediums/mp2013015523,"""orpharion""@en .",lcmpt:
orphéal,prefLabel,mp2013015524,http://id.loc.gov/authorities/performanceMediums/mp2013015524,"""orphéal""@en .",lcmpt:
oud,prefLabel,mp2013015525,http://id.loc.gov/authorities/performanceMediums/mp2013015525,"""oud""@en .",lcmpt:
oude,altLabel,mp2013015525,http://id.loc.gov/authorities/performanceMediums/mp2013015525,"""oude""@en .",lcmpt:
oulèr,altLabel,mp2015015014,http://id.loc.gov/authorities/performanceMediums/mp2015015014,"""oulèr""@en .",lcmpt:
oulère,altLabel,mp2015015014,http://id.loc.gov/authorities/performanceMediums/mp2015015014,"""oulère""@en .",lcmpt:
ouleur,altLabel,mp2015015014,http://id.loc.gov/authorities/performanceMediums/mp2015015014,"""ouleur""@en .",lcmpt:
pakhāvaj,altLabel,mp2013015485,http://id.loc.gov/authorities/performanceMediums/mp2013015485,"""pakhāvaj""@en .",lcmpt:
pakhawaj,altLabel,mp2013015485,http://id.loc.gov/authorities/performanceMediums/mp2013015485,"""pakhawaj""@en .",lcmpt:
pan flute,altLabel,mp2013015528,http://id.loc.gov/authorities/performanceMediums/mp2013015528,"""pan flute""@en .",lcmpt:
pan pipes,altLabel,mp2013015528,http://id.loc.gov/authorities/performanceMediums/mp2013015528,"""pan pipes""@en .",lcmpt:
"pan, soprano",altLabel,mp2013015675,http://id.loc.gov/authorities/performanceMediums/mp2013015675,"""pan, soprano""@en .",lcmpt:
"pan, steel",altLabel,mp2013015675,http://id.loc.gov/authorities/performanceMediums/mp2013015675,"""pan, steel""@en .",lcmpt:
pan's pipes,altLabel,mp2013015528,http://id.loc.gov/authorities/performanceMediums/mp2013015528,"""pan's pipes""@en .",lcmpt:
pandean pipes,altLabel,mp2013015528,http://id.loc.gov/authorities/performanceMediums/mp2013015528,"""pandean pipes""@en .",lcmpt:
pandeiro,altLabel,mp2013015705,http://id.loc.gov/authorities/performanceMediums/mp2013015705,"""pandeiro""@en .",lcmpt:
pandora,altLabel,mp2013015050,http://id.loc.gov/authorities/performanceMediums/mp2013015050,"""pandora""@en .",lcmpt:
pandore,altLabel,mp2013015050,http://id.loc.gov/authorities/performanceMediums/mp2013015050,"""pandore""@en .",lcmpt:
pandur,altLabel,mp2013015706,http://id.loc.gov/authorities/performanceMediums/mp2013015706,"""pandur""@en .",lcmpt:
panflute,altLabel,mp2013015528,http://id.loc.gov/authorities/performanceMediums/mp2013015528,"""panflute""@en .",lcmpt:
panharmonicon,prefLabel,mp2013015527,http://id.loc.gov/authorities/performanceMediums/mp2013015527,"""panharmonicon""@en .",lcmpt:
panpipes,prefLabel,mp2013015528,http://id.loc.gov/authorities/performanceMediums/mp2013015528,"""panpipes""@en .",lcmpt:
panpipes ensemble,prefLabel,mp2013015529,http://id.loc.gov/authorities/performanceMediums/mp2013015529,"""panpipes ensemble""@en .",lcmpt:
par,prefLabel,mp2013015530,http://id.loc.gov/authorities/performanceMediums/mp2013015530,"""par""@en .",lcmpt:
par-dessus de viole,altLabel,mp2013015532,http://id.loc.gov/authorities/performanceMediums/mp2013015532,"""par-dessus de viole""@en .",lcmpt:
paradon,altLabel,mp2013015062,http://id.loc.gov/authorities/performanceMediums/mp2013015062,"""paradon""@en .",lcmpt:
pardessus de viole,prefLabel,mp2013015532,http://id.loc.gov/authorities/performanceMediums/mp2013015532,"""pardessus de viole""@en .",lcmpt:
paridon,altLabel,mp2013015062,http://id.loc.gov/authorities/performanceMediums/mp2013015062,"""paridon""@en .",lcmpt:
pariton,altLabel,mp2013015062,http://id.loc.gov/authorities/performanceMediums/mp2013015062,"""pariton""@en .",lcmpt:
parlor organ,altLabel,mp2013015599,http://id.loc.gov/authorities/performanceMediums/mp2013015599,"""parlor organ""@en .",lcmpt:
parr̲ai,prefLabel,mp2013015531,http://id.loc.gov/authorities/performanceMediums/mp2013015531,"""parr̲ai""@en .",lcmpt:
pastoral oboe,altLabel,mp2013015555,http://id.loc.gov/authorities/performanceMediums/mp2013015555,"""pastoral oboe""@en .",lcmpt:
pāvā,altLabel,mp2013015009,http://id.loc.gov/authorities/performanceMediums/mp2013015009,"""pāvā""@en .",lcmpt:
pāwā,altLabel,mp2013015009,http://id.loc.gov/authorities/performanceMediums/mp2013015009,"""pāwā""@en .",lcmpt:
pedal clarinet,altLabel,mp2013015176,http://id.loc.gov/authorities/performanceMediums/mp2013015176,"""pedal clarinet""@en .",lcmpt:
pedal clavichord,prefLabel,mp2013015533,http://id.loc.gov/authorities/performanceMediums/mp2013015533,"""pedal clavichord""@en .",lcmpt:
pedal harp,prefLabel,mp2013015535,http://id.loc.gov/authorities/performanceMediums/mp2013015535,"""pedal harp""@en .",lcmpt:
pedal harpsichord,prefLabel,mp2013015534,http://id.loc.gov/authorities/performanceMediums/mp2013015534,"""pedal harpsichord""@en .",lcmpt:
pedal piano,prefLabel,mp2013015536,http://id.loc.gov/authorities/performanceMediums/mp2013015536,"""pedal piano""@en .",lcmpt:
pedal pianoforte,altLabel,mp2013015536,http://id.loc.gov/authorities/performanceMediums/mp2013015536,"""pedal pianoforte""@en .",lcmpt:
pedal steel guitar,prefLabel,mp2013015537,http://id.loc.gov/authorities/performanceMediums/mp2013015537,"""pedal steel guitar""@en .",lcmpt:
pedalcembalo,altLabel,mp2013015534,http://id.loc.gov/authorities/performanceMediums/mp2013015534,"""pedalcembalo""@en .",lcmpt:
pejogedan bumbung,altLabel,mp2013015285,http://id.loc.gov/authorities/performanceMediums/mp2013015285,"""pejogedan bumbung""@en .",lcmpt:
pelittone,prefLabel,mp2013015538,http://id.loc.gov/authorities/performanceMediums/mp2013015538,"""pelittone""@en .",lcmpt:
penny whistle,prefLabel,mp2013015539,http://id.loc.gov/authorities/performanceMediums/mp2013015539,"""penny whistle""@en .",lcmpt:
pennywhistle,altLabel,mp2013015539,http://id.loc.gov/authorities/performanceMediums/mp2013015539,"""pennywhistle""@en .",lcmpt:
pentacontachordon,altLabel,mp2013015611,http://id.loc.gov/authorities/performanceMediums/mp2013015611,"""pentacontachordon""@en .",lcmpt:
percussion,prefLabel,mp2013015540,http://id.loc.gov/authorities/performanceMediums/mp2013015540,"""percussion""@en .",lcmpt:
percussion controller,prefLabel,mp2013015541,http://id.loc.gov/authorities/performanceMediums/mp2013015541,"""percussion controller""@en .",lcmpt:
percussion ensemble,prefLabel,mp2013015542,http://id.loc.gov/authorities/performanceMediums/mp2013015542,"""percussion ensemble""@en .",lcmpt:
percussion idiophone,prefLabel,mp2013015543,http://id.loc.gov/authorities/performanceMediums/mp2013015543,"""percussion idiophone""@en .",lcmpt:
percussion instrument,prefLabel,mp2013015544,http://id.loc.gov/authorities/performanceMediums/mp2013015544,"""percussion instrument""@en .",lcmpt:
percussion tube,prefLabel,mp2019015020,http://id.loc.gov/authorities/performanceMediums/mp2019015020,"""percussion tube""@en .",lcmpt:
performer,prefLabel,mp2013015545,http://id.loc.gov/authorities/performanceMediums/mp2013015545,"""performer""@en .",lcmpt:
phia,altLabel,mp2013015546,http://id.loc.gov/authorities/performanceMediums/mp2013015546,"""phia""@en .",lcmpt:
phin phia,prefLabel,mp2013015546,http://id.loc.gov/authorities/performanceMediums/mp2013015546,"""phin phia""@en .",lcmpt:
phin pīa,altLabel,mp2013015546,http://id.loc.gov/authorities/performanceMediums/mp2013015546,"""phin pīa""@en .",lcmpt:
phonofiddle,prefLabel,mp2013015547,http://id.loc.gov/authorities/performanceMediums/mp2013015547,"""phonofiddle""@en .",lcmpt:
phonograph turntable,prefLabel,mp2013015847,http://id.loc.gov/authorities/performanceMediums/mp2013015847,"""phonograph turntable""@en .",lcmpt:
pʻiri,prefLabel,mp2013015526,http://id.loc.gov/authorities/performanceMediums/mp2013015526,"""pʻiri""@en .",lcmpt:
pī,prefLabel,mp2013015548,http://id.loc.gov/authorities/performanceMediums/mp2013015548,"""pī""@en .",lcmpt:
pi pa,prefLabel,mp2013015549,http://id.loc.gov/authorities/performanceMediums/mp2013015549,"""pi pa""@en .",lcmpt:
pianette,altLabel,mp2013015061,http://id.loc.gov/authorities/performanceMediums/mp2013015061,"""pianette""@en .",lcmpt:
piano,prefLabel,mp2013015550,http://id.loc.gov/authorities/performanceMediums/mp2013015550,"""piano""@en .",lcmpt:
piano accordion,altLabel,mp2013015001,http://id.loc.gov/authorities/performanceMediums/mp2013015001,"""piano accordion""@en .",lcmpt:
piano ensemble,prefLabel,mp2013015551,http://id.loc.gov/authorities/performanceMediums/mp2013015551,"""piano ensemble""@en .",lcmpt:
piano luthéal,altLabel,mp2013015435,http://id.loc.gov/authorities/performanceMediums/mp2013015435,"""piano luthéal""@en .",lcmpt:
piano organ,altLabel,mp2013015061,http://id.loc.gov/authorities/performanceMediums/mp2013015061,"""piano organ""@en .",lcmpt:
piano-harp,prefLabel,mp2013015552,http://id.loc.gov/authorities/performanceMediums/mp2013015552,"""piano-harp""@en .",lcmpt:
piano-player,altLabel,mp2013015560,http://id.loc.gov/authorities/performanceMediums/mp2013015560,"""piano-player""@en .",lcmpt:
"piano, toy",altLabel,mp2013015741,http://id.loc.gov/authorities/performanceMediums/mp2013015741,"""piano, toy""@en .",lcmpt:
pianoforte,altLabel,mp2013015550,http://id.loc.gov/authorities/performanceMediums/mp2013015550,"""pianoforte""@en .",lcmpt:
piccolo,prefLabel,mp2013015553,http://id.loc.gov/authorities/performanceMediums/mp2013015553,"""piccolo""@en .",lcmpt:
piccolo clarinet (sopranino),altLabel,mp2014015002,http://id.loc.gov/authorities/performanceMediums/mp2014015002,"""piccolo clarinet (sopranino)""@en .",lcmpt:
piccolo recorder,altLabel,mp2018015019,http://id.loc.gov/authorities/performanceMediums/mp2018015019,"""piccolo recorder""@en .",lcmpt:
piccolo trumpet,prefLabel,mp2018015015,http://id.loc.gov/authorities/performanceMediums/mp2018015015,"""piccolo trumpet""@en .",lcmpt:
pien chung,altLabel,mp2013015081,http://id.loc.gov/authorities/performanceMediums/mp2013015081,"""pien chung""@en .",lcmpt:
pillana grōvi,altLabel,mp2014015021,http://id.loc.gov/authorities/performanceMediums/mp2014015021,"""pillana grōvi""@en .",lcmpt:
pin peat,prefLabel,mp2014015025,http://id.loc.gov/authorities/performanceMediums/mp2014015025,"""pin peat""@en .",lcmpt:
pin piah,altLabel,mp2013015546,http://id.loc.gov/authorities/performanceMediums/mp2013015546,"""pin piah""@en .",lcmpt:
pincollo,altLabel,mp2013015554,http://id.loc.gov/authorities/performanceMediums/mp2013015554,"""pincollo""@en .",lcmpt:
pincullo,altLabel,mp2013015554,http://id.loc.gov/authorities/performanceMediums/mp2013015554,"""pincullo""@en .",lcmpt:
pincuyllu,altLabel,mp2013015554,http://id.loc.gov/authorities/performanceMediums/mp2013015554,"""pincuyllu""@en .",lcmpt:
pingullo,altLabel,mp2013015554,http://id.loc.gov/authorities/performanceMediums/mp2013015554,"""pingullo""@en .",lcmpt:
pinkayllu,altLabel,mp2013015554,http://id.loc.gov/authorities/performanceMediums/mp2013015554,"""pinkayllu""@en .",lcmpt:
pinkillu,altLabel,mp2013015554,http://id.loc.gov/authorities/performanceMediums/mp2013015554,"""pinkillu""@en .",lcmpt:
pinkullu,prefLabel,mp2013015554,http://id.loc.gov/authorities/performanceMediums/mp2013015554,"""pinkullu""@en .",lcmpt:
pinn peat,altLabel,mp2014015025,http://id.loc.gov/authorities/performanceMediums/mp2014015025,"""pinn peat""@en .",lcmpt:
pinpeat,altLabel,mp2014015025,http://id.loc.gov/authorities/performanceMediums/mp2014015025,"""pinpeat""@en .",lcmpt:
pinquillo,altLabel,mp2013015554,http://id.loc.gov/authorities/performanceMediums/mp2013015554,"""pinquillo""@en .",lcmpt:
pipa,altLabel,mp2013015549,http://id.loc.gov/authorities/performanceMediums/mp2013015549,"""pipa""@en .",lcmpt:
pipe (musical instrument),prefLabel,mp2013015555,http://id.loc.gov/authorities/performanceMediums/mp2013015555,"""pipe (musical instrument)""@en .",lcmpt:
pipe band,prefLabel,mp2013015556,http://id.loc.gov/authorities/performanceMediums/mp2013015556,"""pipe band""@en .",lcmpt:
pipe organ,altLabel,mp2013015519,http://id.loc.gov/authorities/performanceMediums/mp2013015519,"""pipe organ""@en .",lcmpt:
"pipes, cauld wind",altLabel,mp2013015095,http://id.loc.gov/authorities/performanceMediums/mp2013015095,"""pipes, cauld wind""@en .",lcmpt:
"pipes, lowland",altLabel,mp2013015095,http://id.loc.gov/authorities/performanceMediums/mp2013015095,"""pipes, lowland""@en .",lcmpt:
"pipes, Scotish lowland",altLabel,mp2013015095,http://id.loc.gov/authorities/performanceMediums/mp2013015095,"""pipes, Scotish lowland""@en .",lcmpt:
pīphāt,prefLabel,mp2013015557,http://id.loc.gov/authorities/performanceMediums/mp2013015557,"""pīphāt""@en .",lcmpt:
pirai,altLabel,mp2013015531,http://id.loc.gov/authorities/performanceMediums/mp2013015531,"""pirai""@en .",lcmpt:
pitch-pipe,altLabel,mp2013015558,http://id.loc.gov/authorities/performanceMediums/mp2013015558,"""pitch-pipe""@en .",lcmpt:
pitchpipe,prefLabel,mp2013015558,http://id.loc.gov/authorities/performanceMediums/mp2013015558,"""pitchpipe""@en .",lcmpt:
pito,altLabel,mp2013015231,http://id.loc.gov/authorities/performanceMediums/mp2013015231,"""pito""@en .",lcmpt:
plant pot,altLabel,mp2015015002,http://id.loc.gov/authorities/performanceMediums/mp2015015002,"""plant pot""@en .",lcmpt:
player organ,prefLabel,mp2013015559,http://id.loc.gov/authorities/performanceMediums/mp2013015559,"""player organ""@en .",lcmpt:
player piano,prefLabel,mp2013015560,http://id.loc.gov/authorities/performanceMediums/mp2013015560,"""player piano""@en .",lcmpt:
player piano ensemble,prefLabel,mp2013015561,http://id.loc.gov/authorities/performanceMediums/mp2013015561,"""player piano ensemble""@en .",lcmpt:
plectral instrument,altLabel,mp2013015563,http://id.loc.gov/authorities/performanceMediums/mp2013015563,"""plectral instrument""@en .",lcmpt:
plucked dulcimer,altLabel,mp2013015022,http://id.loc.gov/authorities/performanceMediums/mp2013015022,"""plucked dulcimer""@en .",lcmpt:
plucked idiophone,prefLabel,mp2013015562,http://id.loc.gov/authorities/performanceMediums/mp2013015562,"""plucked idiophone""@en .",lcmpt:
plucked instrument,prefLabel,mp2013015563,http://id.loc.gov/authorities/performanceMediums/mp2013015563,"""plucked instrument""@en .",lcmpt:
plucked instrument ensemble,prefLabel,mp2013015564,http://id.loc.gov/authorities/performanceMediums/mp2013015564,"""plucked instrument ensemble""@en .",lcmpt:
plucked lute,prefLabel,mp2013015320,http://id.loc.gov/authorities/performanceMediums/mp2013015320,"""plucked lute""@en .",lcmpt:
plucked string ensemble,altLabel,mp2013015564,http://id.loc.gov/authorities/performanceMediums/mp2013015564,"""plucked string ensemble""@en .",lcmpt:
plucked string instrument,prefLabel,mp2013015565,http://id.loc.gov/authorities/performanceMediums/mp2013015565,"""plucked string instrument""@en .",lcmpt:
plucked stringed instrument,altLabel,mp2013015565,http://id.loc.gov/authorities/performanceMediums/mp2013015565,"""plucked stringed instrument""@en .",lcmpt:
plung,prefLabel,mp2013015566,http://id.loc.gov/authorities/performanceMediums/mp2013015566,"""plung""@en .",lcmpt:
plung orchestra,prefLabel,mp2013015567,http://id.loc.gov/authorities/performanceMediums/mp2013015567,"""plung orchestra""@en .",lcmpt:
pochette,prefLabel,mp2013015568,http://id.loc.gov/authorities/performanceMediums/mp2013015568,"""pochette""@en .",lcmpt:
pocket fiddle,altLabel,mp2013015568,http://id.loc.gov/authorities/performanceMediums/mp2013015568,"""pocket fiddle""@en .",lcmpt:
podorhythm,altLabel,mp2013015840,http://id.loc.gov/authorities/performanceMediums/mp2013015840,"""podorhythm""@en .",lcmpt:
poispil,altLabel,mp2013015107,http://id.loc.gov/authorities/performanceMediums/mp2013015107,"""poispil""@en .",lcmpt:
politiko laouto,altLabel,mp2014015006,http://id.loc.gov/authorities/performanceMediums/mp2014015006,"""politiko laouto""@en .",lcmpt:
polopalo,prefLabel,mp2013015570,http://id.loc.gov/authorities/performanceMediums/mp2013015570,"""polopalo""@en .",lcmpt:
pommer,altLabel,mp2013015635,http://id.loc.gov/authorities/performanceMediums/mp2013015635,"""pommer""@en .",lcmpt:
pong lang,altLabel,mp2015015007,http://id.loc.gov/authorities/performanceMediums/mp2015015007,"""pong lang""@en .",lcmpt:
pong larng,altLabel,mp2015015007,http://id.loc.gov/authorities/performanceMediums/mp2015015007,"""pong larng""@en .",lcmpt:
pōnglāng,altLabel,mp2015015007,http://id.loc.gov/authorities/performanceMediums/mp2015015007,"""pōnglāng""@en .",lcmpt:
Pontian lyra,altLabel,mp2013015370,http://id.loc.gov/authorities/performanceMediums/mp2013015370,"""Pontian lyra""@en .",lcmpt:
Pontic kemenche,altLabel,mp2013015370,http://id.loc.gov/authorities/performanceMediums/mp2013015370,"""Pontic kemenche""@en .",lcmpt:
Pontic lyra,altLabel,mp2013015370,http://id.loc.gov/authorities/performanceMediums/mp2013015370,"""Pontic lyra""@en .",lcmpt:
portatif,altLabel,mp2018015010,http://id.loc.gov/authorities/performanceMediums/mp2018015010,"""portatif""@en .",lcmpt:
portatif organ,altLabel,mp2018015010,http://id.loc.gov/authorities/performanceMediums/mp2018015010,"""portatif organ""@en .",lcmpt:
portativ,altLabel,mp2018015010,http://id.loc.gov/authorities/performanceMediums/mp2018015010,"""portativ""@en .",lcmpt:
portativ organ,altLabel,mp2018015010,http://id.loc.gov/authorities/performanceMediums/mp2018015010,"""portativ organ""@en .",lcmpt:
portative,prefLabel,mp2018015010,http://id.loc.gov/authorities/performanceMediums/mp2018015010,"""portative""@en .",lcmpt:
portative organ,altLabel,mp2018015010,http://id.loc.gov/authorities/performanceMediums/mp2018015010,"""portative organ""@en .",lcmpt:
Portuguese guitar,altLabel,mp2013015309,http://id.loc.gov/authorities/performanceMediums/mp2013015309,"""Portuguese guitar""@en .",lcmpt:
Portuguese viola,altLabel,mp2013015774,http://id.loc.gov/authorities/performanceMediums/mp2013015774,"""Portuguese viola""@en .",lcmpt:
positive,altLabel,mp2013015572,http://id.loc.gov/authorities/performanceMediums/mp2013015572,"""positive""@en .",lcmpt:
positive organ,prefLabel,mp2013015572,http://id.loc.gov/authorities/performanceMediums/mp2013015572,"""positive organ""@en .",lcmpt:
post horn,prefLabel,mp2013015573,http://id.loc.gov/authorities/performanceMediums/mp2013015573,"""post horn""@en .",lcmpt:
posthorn,altLabel,mp2013015573,http://id.loc.gov/authorities/performanceMediums/mp2013015573,"""posthorn""@en .",lcmpt:
pounding stick,altLabel,mp2019015020,http://id.loc.gov/authorities/performanceMediums/mp2019015020,"""pounding stick""@en .",lcmpt:
practice chanter,prefLabel,mp2013015574,http://id.loc.gov/authorities/performanceMediums/mp2013015574,"""practice chanter""@en .",lcmpt:
pre-recorded audio,prefLabel,mp2017015003,http://id.loc.gov/authorities/performanceMediums/mp2017015003,"""pre-recorded audio""@en .",lcmpt:
prepared piano,prefLabel,mp2013015575,http://id.loc.gov/authorities/performanceMediums/mp2013015575,"""prepared piano""@en .",lcmpt:
prepared violin,prefLabel,mp2014015017,http://id.loc.gov/authorities/performanceMediums/mp2014015017,"""prepared violin""@en .",lcmpt:
preset rhythm machine,altLabel,mp2013015221,http://id.loc.gov/authorities/performanceMediums/mp2013015221,"""preset rhythm machine""@en .",lcmpt:
primer clarinet,altLabel,mp2013015154,http://id.loc.gov/authorities/performanceMediums/mp2013015154,"""primer clarinet""@en .",lcmpt:
processed sound,prefLabel,mp2013015576,http://id.loc.gov/authorities/performanceMediums/mp2013015576,"""processed sound""@en .",lcmpt:
"provençal, tambourin",altLabel,mp2013015704,http://id.loc.gov/authorities/performanceMediums/mp2013015704,"""provençal, tambourin""@en .",lcmpt:
"Provence, tambourin de",altLabel,mp2013015704,http://id.loc.gov/authorities/performanceMediums/mp2013015704,"""Provence, tambourin de""@en .",lcmpt:
psalmodicon,altLabel,mp2013015577,http://id.loc.gov/authorities/performanceMediums/mp2013015577,"""psalmodicon""@en .",lcmpt:
psalmodikon,prefLabel,mp2013015577,http://id.loc.gov/authorities/performanceMediums/mp2013015577,"""psalmodikon""@en .",lcmpt:
psalterion,altLabel,mp2013015578,http://id.loc.gov/authorities/performanceMediums/mp2013015578,"""psalterion""@en .",lcmpt:
psaltery,prefLabel,mp2013015578,http://id.loc.gov/authorities/performanceMediums/mp2013015578,"""psaltery""@en .",lcmpt:
puíta,altLabel,mp2013015194,http://id.loc.gov/authorities/performanceMediums/mp2013015194,"""puíta""@en .",lcmpt:
pullāṅkulal,altLabel,mp2014015021,http://id.loc.gov/authorities/performanceMediums/mp2014015021,"""pullāṅkulal""@en .",lcmpt:
pullankuzhal,altLabel,mp2014015021,http://id.loc.gov/authorities/performanceMediums/mp2014015021,"""pullankuzhal""@en .",lcmpt:
pung,prefLabel,mp2013015579,http://id.loc.gov/authorities/performanceMediums/mp2013015579,"""pung""@en .",lcmpt:
pyrophone,prefLabel,mp2013015580,http://id.loc.gov/authorities/performanceMediums/mp2013015580,"""pyrophone""@en .",lcmpt:
qānūn,prefLabel,mp2013015581,http://id.loc.gov/authorities/performanceMediums/mp2013015581,"""qānūn""@en .",lcmpt:
qashkarcha,prefLabel,mp2019015005,http://id.loc.gov/authorities/performanceMediums/mp2019015005,"""qashkarcha""@en .",lcmpt:
qawūl,altLabel,mp2013015376,http://id.loc.gov/authorities/performanceMediums/mp2013015376,"""qawūl""@en .",lcmpt:
qeychak,altLabel,mp2013015619,http://id.loc.gov/authorities/performanceMediums/mp2013015619,"""qeychak""@en .",lcmpt:
qin,prefLabel,mp2013015582,http://id.loc.gov/authorities/performanceMediums/mp2013015582,"""qin""@en .",lcmpt:
qobuz,prefLabel,mp2013015583,http://id.loc.gov/authorities/performanceMediums/mp2013015583,"""qobuz""@en .",lcmpt:
qobyz,altLabel,mp2013015583,http://id.loc.gov/authorities/performanceMediums/mp2013015583,"""qobyz""@en .",lcmpt:
qopuz,altLabel,mp2013015404,http://id.loc.gov/authorities/performanceMediums/mp2013015404,"""qopuz""@en .",lcmpt:
quadrachord,prefLabel,mp2018015011,http://id.loc.gov/authorities/performanceMediums/mp2018015011,"""quadrachord""@en .",lcmpt:
qudi,prefLabel,mp2016015003,http://id.loc.gov/authorities/performanceMediums/mp2016015003,"""qudi""@en .",lcmpt:
quena,prefLabel,mp2013015584,http://id.loc.gov/authorities/performanceMediums/mp2013015584,"""quena""@en .",lcmpt:
quena-quena,altLabel,mp2013015584,http://id.loc.gov/authorities/performanceMediums/mp2013015584,"""quena-quena""@en .",lcmpt:
querequexé,altLabel,mp2013015596,http://id.loc.gov/authorities/performanceMediums/mp2013015596,"""querequexé""@en .",lcmpt:
quíca,altLabel,mp2013015194,http://id.loc.gov/authorities/performanceMediums/mp2013015194,"""quíca""@en .",lcmpt:
quijada,altLabel,mp2013015359,http://id.loc.gov/authorities/performanceMediums/mp2013015359,"""quijada""@en .",lcmpt:
quijada de burro,altLabel,mp2013015359,http://id.loc.gov/authorities/performanceMediums/mp2013015359,"""quijada de burro""@en .",lcmpt:
quinto (drum),prefLabel,mp2013015585,http://id.loc.gov/authorities/performanceMediums/mp2013015585,"""quinto (drum)""@en .",lcmpt:
quinton,altLabel,mp2013015532,http://id.loc.gov/authorities/performanceMediums/mp2013015532,"""quinton""@en .",lcmpt:
quiringua,altLabel,mp2013015727,http://id.loc.gov/authorities/performanceMediums/mp2013015727,"""quiringua""@en .",lcmpt:
qupuz,altLabel,mp2013015404,http://id.loc.gov/authorities/performanceMediums/mp2013015404,"""qupuz""@en .",lcmpt:
qurai,altLabel,mp2013015412,http://id.loc.gov/authorities/performanceMediums/mp2013015412,"""qurai""@en .",lcmpt:
quṣaba,altLabel,mp2014015003,http://id.loc.gov/authorities/performanceMediums/mp2014015003,"""quṣaba""@en .",lcmpt:
rabāb (lute),altLabel,mp2013015586,http://id.loc.gov/authorities/performanceMediums/mp2013015586,"""rabāb (lute)""@en .",lcmpt:
rabāb (spike fiddle),prefLabel,mp2013015587,http://id.loc.gov/authorities/performanceMediums/mp2013015587,"""rabāb (spike fiddle)""@en .",lcmpt:
rabāba (imzad),altLabel,mp2013015352,http://id.loc.gov/authorities/performanceMediums/mp2013015352,"""rabāba (imzad)""@en .",lcmpt:
rabāba (spike fiddle),altLabel,mp2013015587,http://id.loc.gov/authorities/performanceMediums/mp2013015587,"""rabāba (spike fiddle)""@en .",lcmpt:
rabābah (lute),altLabel,mp2013015586,http://id.loc.gov/authorities/performanceMediums/mp2013015586,"""rabābah (lute)""@en .",lcmpt:
rabābah (spike fiddle),altLabel,mp2013015587,http://id.loc.gov/authorities/performanceMediums/mp2013015587,"""rabābah (spike fiddle)""@en .",lcmpt:
rabeca,prefLabel,mp2013015588,http://id.loc.gov/authorities/performanceMediums/mp2013015588,"""rabeca""@en .",lcmpt:
rabob,altLabel,mp2013015586,http://id.loc.gov/authorities/performanceMediums/mp2013015586,"""rabob""@en .",lcmpt:
racket,prefLabel,mp2013015589,http://id.loc.gov/authorities/performanceMediums/mp2013015589,"""racket""@en .",lcmpt:
rackett,altLabel,mp2013015589,http://id.loc.gov/authorities/performanceMediums/mp2013015589,"""rackett""@en .",lcmpt:
radio receiver,prefLabel,mp2013015590,http://id.loc.gov/authorities/performanceMediums/mp2013015590,"""radio receiver""@en .",lcmpt:
rain stick,altLabel,mp2020015025,http://id.loc.gov/authorities/performanceMediums/mp2020015025,"""rain stick""@en .",lcmpt:
rainstick,prefLabel,mp2020015025,http://id.loc.gov/authorities/performanceMediums/mp2020015025,"""rainstick""@en .",lcmpt:
ralladera,altLabel,mp2013015305,http://id.loc.gov/authorities/performanceMediums/mp2013015305,"""ralladera""@en .",lcmpt:
ram's horn,altLabel,mp2013015640,http://id.loc.gov/authorities/performanceMediums/mp2013015640,"""ram's horn""@en .",lcmpt:
rana-t ay-k,altLabel,mp2013015591,http://id.loc.gov/authorities/performanceMediums/mp2013015591,"""rana-t ay-k""@en .",lcmpt:
rànaât eèk,altLabel,mp2013015591,http://id.loc.gov/authorities/performanceMediums/mp2013015591,"""rànaât eèk""@en .",lcmpt:
ranāt aek,altLabel,mp2013015591,http://id.loc.gov/authorities/performanceMediums/mp2013015591,"""ranāt aek""@en .",lcmpt:
ranāt dhaṃ,altLabel,mp2013015592,http://id.loc.gov/authorities/performanceMediums/mp2013015592,"""ranāt dhaṃ""@en .",lcmpt:
ranāt ēk,prefLabel,mp2013015591,http://id.loc.gov/authorities/performanceMediums/mp2013015591,"""ranāt ēk""@en .",lcmpt:
ranāt thum,prefLabel,mp2013015592,http://id.loc.gov/authorities/performanceMediums/mp2013015592,"""ranāt thum""@en .",lcmpt:
rankett,altLabel,mp2013015589,http://id.loc.gov/authorities/performanceMediums/mp2013015589,"""rankett""@en .",lcmpt:
rapper,prefLabel,mp2020015007,http://id.loc.gov/authorities/performanceMediums/mp2020015007,"""rapper""@en .",lcmpt:
"rapping, head",altLabel,mp2013015336,http://id.loc.gov/authorities/performanceMediums/mp2013015336,"""rapping, head""@en .",lcmpt:
rascador,altLabel,mp2013015305,http://id.loc.gov/authorities/performanceMediums/mp2013015305,"""rascador""@en .",lcmpt:
raspador,altLabel,mp2013015596,http://id.loc.gov/authorities/performanceMediums/mp2013015596,"""raspador""@en .",lcmpt:
rattle,prefLabel,mp2013015593,http://id.loc.gov/authorities/performanceMediums/mp2013015593,"""rattle""@en .",lcmpt:
"rattle, bone",altLabel,mp2013015504,http://id.loc.gov/authorities/performanceMediums/mp2013015504,"""rattle, bone""@en .",lcmpt:
"rattle, notched",altLabel,mp2013015504,http://id.loc.gov/authorities/performanceMediums/mp2013015504,"""rattle, notched""@en .",lcmpt:
ravann,altLabel,mp2015015013,http://id.loc.gov/authorities/performanceMediums/mp2015015013,"""ravann""@en .",lcmpt:
ravanne,prefLabel,mp2015015013,http://id.loc.gov/authorities/performanceMediums/mp2015015013,"""ravanne""@en .",lcmpt:
rbab,altLabel,mp2013015586,http://id.loc.gov/authorities/performanceMediums/mp2013015586,"""rbab""@en .",lcmpt:
reader,altLabel,mp2013015670,http://id.loc.gov/authorities/performanceMediums/mp2013015670,"""reader""@en .",lcmpt:
rebab (lute),altLabel,mp2013015586,http://id.loc.gov/authorities/performanceMediums/mp2013015586,"""rebab (lute)""@en .",lcmpt:
rebab (spike fiddle),altLabel,mp2013015587,http://id.loc.gov/authorities/performanceMediums/mp2013015587,"""rebab (spike fiddle)""@en .",lcmpt:
rebana,prefLabel,mp2013015595,http://id.loc.gov/authorities/performanceMediums/mp2013015595,"""rebana""@en .",lcmpt:
rebano,altLabel,mp2013015595,http://id.loc.gov/authorities/performanceMediums/mp2013015595,"""rebano""@en .",lcmpt:
rebec,prefLabel,mp2014015024,http://id.loc.gov/authorities/performanceMediums/mp2014015024,"""rebec""@en .",lcmpt:
rebeca,altLabel,mp2013015588,http://id.loc.gov/authorities/performanceMediums/mp2013015588,"""rebeca""@en .",lcmpt:
rebeck,altLabel,mp2014015024,http://id.loc.gov/authorities/performanceMediums/mp2014015024,"""rebeck""@en .",lcmpt:
rebecke,altLabel,mp2014015024,http://id.loc.gov/authorities/performanceMediums/mp2014015024,"""rebecke""@en .",lcmpt:
rebekke,altLabel,mp2014015024,http://id.loc.gov/authorities/performanceMediums/mp2014015024,"""rebekke""@en .",lcmpt:
reco-reco,prefLabel,mp2013015596,http://id.loc.gov/authorities/performanceMediums/mp2013015596,"""reco-reco""@en .",lcmpt:
recorded audio,altLabel,mp2017015003,http://id.loc.gov/authorities/performanceMediums/mp2017015003,"""recorded audio""@en .",lcmpt:
recorded sound,altLabel,mp2017015003,http://id.loc.gov/authorities/performanceMediums/mp2017015003,"""recorded sound""@en .",lcmpt:
recorder,prefLabel,mp2013015597,http://id.loc.gov/authorities/performanceMediums/mp2013015597,"""recorder""@en .",lcmpt:
recording and reproducing piano,altLabel,mp2013015210,http://id.loc.gov/authorities/performanceMediums/mp2013015210,"""recording and reproducing piano""@en .",lcmpt:
reed instrument,prefLabel,mp2013015598,http://id.loc.gov/authorities/performanceMediums/mp2013015598,"""reed instrument""@en .",lcmpt:
reed organ,prefLabel,mp2013015599,http://id.loc.gov/authorities/performanceMediums/mp2013015599,"""reed organ""@en .",lcmpt:
Renaissance lute,prefLabel,mp2013015600,http://id.loc.gov/authorities/performanceMediums/mp2013015600,"""Renaissance lute""@en .",lcmpt:
repinque,prefLabel,mp2014015008,http://id.loc.gov/authorities/performanceMediums/mp2014015008,"""repinque""@en .",lcmpt:
repique,altLabel,mp2014015008,http://id.loc.gov/authorities/performanceMediums/mp2014015008,"""repique""@en .",lcmpt:
reproducing piano,altLabel,mp2013015560,http://id.loc.gov/authorities/performanceMediums/mp2013015560,"""reproducing piano""@en .",lcmpt:
reque-reque,altLabel,mp2013015596,http://id.loc.gov/authorities/performanceMediums/mp2013015596,"""reque-reque""@en .",lcmpt:
resonator guitar,prefLabel,mp2013015601,http://id.loc.gov/authorities/performanceMediums/mp2013015601,"""resonator guitar""@en .",lcmpt:
resophonic guitar,altLabel,mp2013015601,http://id.loc.gov/authorities/performanceMediums/mp2013015601,"""resophonic guitar""@en .",lcmpt:
rgya gliṅ,altLabel,mp2013015602,http://id.loc.gov/authorities/performanceMediums/mp2013015602,"""rgya gliṅ""@en .",lcmpt:
rgya-gling,prefLabel,mp2013015602,http://id.loc.gov/authorities/performanceMediums/mp2013015602,"""rgya-gling""@en .",lcmpt:
rhythm machine,altLabel,mp2013015221,http://id.loc.gov/authorities/performanceMediums/mp2013015221,"""rhythm machine""@en .",lcmpt:
ribāb (lute),altLabel,mp2013015586,http://id.loc.gov/authorities/performanceMediums/mp2013015586,"""ribāb (lute)""@en .",lcmpt:
ribāb (spike fiddle),altLabel,mp2013015587,http://id.loc.gov/authorities/performanceMediums/mp2013015587,"""ribāb (spike fiddle)""@en .",lcmpt:
rik,altLabel,mp2017015008,http://id.loc.gov/authorities/performanceMediums/mp2017015008,"""rik""@en .",lcmpt:
rikk,altLabel,mp2017015008,http://id.loc.gov/authorities/performanceMediums/mp2017015008,"""rikk""@en .",lcmpt:
rin gong,altLabel,mp2013015647,http://id.loc.gov/authorities/performanceMediums/mp2013015647,"""rin gong""@en .",lcmpt:
rindik,altLabel,mp2013015735,http://id.loc.gov/authorities/performanceMediums/mp2013015735,"""rindik""@en .",lcmpt:
riq,altLabel,mp2017015008,http://id.loc.gov/authorities/performanceMediums/mp2017015008,"""riq""@en .",lcmpt:
riqq,prefLabel,mp2017015008,http://id.loc.gov/authorities/performanceMediums/mp2017015008,"""riqq""@en .",lcmpt:
robāb,altLabel,mp2013015586,http://id.loc.gov/authorities/performanceMediums/mp2013015586,"""robāb""@en .",lcmpt:
rohbab,altLabel,mp2013015586,http://id.loc.gov/authorities/performanceMediums/mp2013015586,"""rohbab""@en .",lcmpt:
roneat ek,altLabel,mp2013015591,http://id.loc.gov/authorities/performanceMediums/mp2013015591,"""roneat ek""@en .",lcmpt:
roopill,prefLabel,mp2013015603,http://id.loc.gov/authorities/performanceMediums/mp2013015603,"""roopill""@en .",lcmpt:
roto-tom,prefLabel,mp2019015002,http://id.loc.gov/authorities/performanceMediums/mp2019015002,"""roto-tom""@en .",lcmpt:
rototom,altLabel,mp2019015002,http://id.loc.gov/authorities/performanceMediums/mp2019015002,"""rototom""@en .",lcmpt:
roulèr,altLabel,mp2015015014,http://id.loc.gov/authorities/performanceMediums/mp2015015014,"""roulèr""@en .",lcmpt:
rouleur,prefLabel,mp2015015014,http://id.loc.gov/authorities/performanceMediums/mp2015015014,"""rouleur""@en .",lcmpt:
royal Kent bugle,altLabel,mp2013015384,http://id.loc.gov/authorities/performanceMediums/mp2013015384,"""royal Kent bugle""@en .",lcmpt:
ruan,prefLabel,mp2013015604,http://id.loc.gov/authorities/performanceMediums/mp2013015604,"""ruan""@en .",lcmpt:
rubāb,prefLabel,mp2013015586,http://id.loc.gov/authorities/performanceMediums/mp2013015586,"""rubāb""@en .",lcmpt:
rubaub,altLabel,mp2013015586,http://id.loc.gov/authorities/performanceMediums/mp2013015586,"""rubaub""@en .",lcmpt:
rubob,altLabel,mp2013015586,http://id.loc.gov/authorities/performanceMediums/mp2013015586,"""rubob""@en .",lcmpt:
rudra veena,altLabel,mp2013015770,http://id.loc.gov/authorities/performanceMediums/mp2013015770,"""rudra veena""@en .",lcmpt:
rudra vīṇā,altLabel,mp2013015770,http://id.loc.gov/authorities/performanceMediums/mp2013015770,"""rudra vīṇā""@en .",lcmpt:
Russian horn,prefLabel,mp2013015605,http://id.loc.gov/authorities/performanceMediums/mp2013015605,"""Russian horn""@en .",lcmpt:
ryūteki,prefLabel,mp2013015606,http://id.loc.gov/authorities/performanceMediums/mp2013015606,"""ryūteki""@en .",lcmpt:
sà láw,altLabel,mp2013015608,http://id.loc.gov/authorities/performanceMediums/mp2013015608,"""sà láw""@en .",lcmpt:
sackbut,prefLabel,mp2013015607,http://id.loc.gov/authorities/performanceMediums/mp2013015607,"""sackbut""@en .",lcmpt:
saenap,altLabel,mp2013015693,http://id.loc.gov/authorities/performanceMediums/mp2013015693,"""saenap""@en .",lcmpt:
sagbut,altLabel,mp2013015607,http://id.loc.gov/authorities/performanceMediums/mp2013015607,"""sagbut""@en .",lcmpt:
śahnāī,prefLabel,mp2013015636,http://id.loc.gov/authorities/performanceMediums/mp2013015636,"""śahnāī""@en .",lcmpt:
saitār,altLabel,mp2013015632,http://id.loc.gov/authorities/performanceMediums/mp2013015632,"""saitār""@en .",lcmpt:
salmodikon,altLabel,mp2013015577,http://id.loc.gov/authorities/performanceMediums/mp2013015577,"""salmodikon""@en .",lcmpt:
salterio,altLabel,mp2013015228,http://id.loc.gov/authorities/performanceMediums/mp2013015228,"""salterio""@en .",lcmpt:
salterio,altLabel,mp2013015578,http://id.loc.gov/authorities/performanceMediums/mp2013015578,"""salterio""@en .",lcmpt:
saluang,prefLabel,mp2013015610,http://id.loc.gov/authorities/performanceMediums/mp2013015610,"""saluang""@en .",lcmpt:
sambe,altLabel,mp2013015617,http://id.loc.gov/authorities/performanceMediums/mp2013015617,"""sambe""@en .",lcmpt:
sambuca lincea,prefLabel,mp2013015611,http://id.loc.gov/authorities/performanceMediums/mp2013015611,"""sambuca lincea""@en .",lcmpt:
samisen,altLabel,mp2013015634,http://id.loc.gov/authorities/performanceMediums/mp2013015634,"""samisen""@en .",lcmpt:
sampeh,altLabel,mp2013015617,http://id.loc.gov/authorities/performanceMediums/mp2013015617,"""sampeh""@en .",lcmpt:
sampeq,altLabel,mp2013015617,http://id.loc.gov/authorities/performanceMediums/mp2013015617,"""sampeq""@en .",lcmpt:
sampiʹ,altLabel,mp2013015617,http://id.loc.gov/authorities/performanceMediums/mp2013015617,"""sampiʹ""@en .",lcmpt:
sampler,prefLabel,mp2013015612,http://id.loc.gov/authorities/performanceMediums/mp2013015612,"""sampler""@en .",lcmpt:
sampler software,altLabel,mp2013015661,http://id.loc.gov/authorities/performanceMediums/mp2013015661,"""sampler software""@en .",lcmpt:
sampling drum machine,altLabel,mp2013015221,http://id.loc.gov/authorities/performanceMediums/mp2013015221,"""sampling drum machine""@en .",lcmpt:
sanāī,altLabel,mp2013015636,http://id.loc.gov/authorities/performanceMediums/mp2013015636,"""sanāī""@en .",lcmpt:
sānāyī,altLabel,mp2013015636,http://id.loc.gov/authorities/performanceMediums/mp2013015636,"""sānāyī""@en .",lcmpt:
sandza,altLabel,mp2013015455,http://id.loc.gov/authorities/performanceMediums/mp2013015455,"""sandza""@en .",lcmpt:
sangen,altLabel,mp2013015634,http://id.loc.gov/authorities/performanceMediums/mp2013015634,"""sangen""@en .",lcmpt:
śanja,altLabel,mp2013015641,http://id.loc.gov/authorities/performanceMediums/mp2013015641,"""śanja""@en .",lcmpt:
sansa,altLabel,mp2013015455,http://id.loc.gov/authorities/performanceMediums/mp2013015455,"""sansa""@en .",lcmpt:
sanshin,prefLabel,mp2013015614,http://id.loc.gov/authorities/performanceMediums/mp2013015614,"""sanshin""@en .",lcmpt:
sansi,altLabel,mp2013015455,http://id.loc.gov/authorities/performanceMediums/mp2013015455,"""sansi""@en .",lcmpt:
santir,altLabel,mp2013015615,http://id.loc.gov/authorities/performanceMediums/mp2013015615,"""santir""@en .",lcmpt:
santoor,altLabel,mp2013015615,http://id.loc.gov/authorities/performanceMediums/mp2013015615,"""santoor""@en .",lcmpt:
santūr,prefLabel,mp2013015615,http://id.loc.gov/authorities/performanceMediums/mp2013015615,"""santūr""@en .",lcmpt:
sanxian,prefLabel,mp2013015613,http://id.loc.gov/authorities/performanceMediums/mp2013015613,"""sanxian""@en .",lcmpt:
sáo,prefLabel,mp2013015616,http://id.loc.gov/authorities/performanceMediums/mp2013015616,"""sáo""@en .",lcmpt:
sape,altLabel,mp2013015617,http://id.loc.gov/authorities/performanceMediums/mp2013015617,"""sape""@en .",lcmpt:
sapeh,prefLabel,mp2013015617,http://id.loc.gov/authorities/performanceMediums/mp2013015617,"""sapeh""@en .",lcmpt:
sapi,altLabel,mp2013015617,http://id.loc.gov/authorities/performanceMediums/mp2013015617,"""sapi""@en .",lcmpt:
sāran.gī,altLabel,mp2013015618,http://id.loc.gov/authorities/performanceMediums/mp2013015618,"""sāran.gī""@en .",lcmpt:
sarang,altLabel,mp2013015619,http://id.loc.gov/authorities/performanceMediums/mp2013015619,"""sarang""@en .",lcmpt:
sāraṅgī,prefLabel,mp2013015618,http://id.loc.gov/authorities/performanceMediums/mp2013015618,"""sāraṅgī""@en .",lcmpt:
sārindā,prefLabel,mp2013015619,http://id.loc.gov/authorities/performanceMediums/mp2013015619,"""sārindā""@en .",lcmpt:
sarod,prefLabel,mp2013015620,http://id.loc.gov/authorities/performanceMediums/mp2013015620,"""sarod""@en .",lcmpt:
sarrusophone,prefLabel,mp2013015621,http://id.loc.gov/authorities/performanceMediums/mp2013015621,"""sarrusophone""@en .",lcmpt:
satāra,altLabel,mp2013015009,http://id.loc.gov/authorities/performanceMediums/mp2013015009,"""satāra""@en .",lcmpt:
satsuma-biwa,altLabel,mp2013015086,http://id.loc.gov/authorities/performanceMediums/mp2013015086,"""satsuma-biwa""@en .",lcmpt:
saùng-gauk,prefLabel,mp2013015622,http://id.loc.gov/authorities/performanceMediums/mp2013015622,"""saùng-gauk""@en .",lcmpt:
saw dûa-ng,altLabel,mp2013015658,http://id.loc.gov/authorities/performanceMediums/mp2013015658,"""saw dûa-ng""@en .",lcmpt:
saw û,altLabel,mp2013015660,http://id.loc.gov/authorities/performanceMediums/mp2013015660,"""saw û""@en .",lcmpt:
saw-sǎ-m sǎi,altLabel,mp2013015659,http://id.loc.gov/authorities/performanceMediums/mp2013015659,"""saw-sǎ-m sǎi""@en .",lcmpt:
"saw, musical",altLabel,mp2017015015,http://id.loc.gov/authorities/performanceMediums/mp2017015015,"""saw, musical""@en .",lcmpt:
"saw, singing",altLabel,mp2017015015,http://id.loc.gov/authorities/performanceMediums/mp2017015015,"""saw, singing""@en .",lcmpt:
sax horn,altLabel,mp2013015623,http://id.loc.gov/authorities/performanceMediums/mp2013015623,"""sax horn""@en .",lcmpt:
saxhorn,prefLabel,mp2013015623,http://id.loc.gov/authorities/performanceMediums/mp2013015623,"""saxhorn""@en .",lcmpt:
saxoflute,prefLabel,mp2013015624,http://id.loc.gov/authorities/performanceMediums/mp2013015624,"""saxoflute""@en .",lcmpt:
saxophone,prefLabel,mp2013015625,http://id.loc.gov/authorities/performanceMediums/mp2013015625,"""saxophone""@en .",lcmpt:
saxophone choir,altLabel,mp2013015843,http://id.loc.gov/authorities/performanceMediums/mp2013015843,"""saxophone choir""@en .",lcmpt:
saxophone ensemble,prefLabel,mp2013015843,http://id.loc.gov/authorities/performanceMediums/mp2013015843,"""saxophone ensemble""@en .",lcmpt:
saz,prefLabel,mp2013015626,http://id.loc.gov/authorities/performanceMediums/mp2013015626,"""saz""@en .",lcmpt:
scaletta,altLabel,mp2013015464,http://id.loc.gov/authorities/performanceMediums/mp2013015464,"""scaletta""@en .",lcmpt:
scalmuse,altLabel,mp2013015635,http://id.loc.gov/authorities/performanceMediums/mp2013015635,"""scalmuse""@en .",lcmpt:
schalmei,altLabel,mp2013015635,http://id.loc.gov/authorities/performanceMediums/mp2013015635,"""schalmei""@en .",lcmpt:
schalmuse,altLabel,mp2013015635,http://id.loc.gov/authorities/performanceMediums/mp2013015635,"""schalmuse""@en .",lcmpt:
scheitholt,altLabel,mp2013015502,http://id.loc.gov/authorities/performanceMediums/mp2013015502,"""scheitholt""@en .",lcmpt:
Schlangenrohr,altLabel,mp2013015631,http://id.loc.gov/authorities/performanceMediums/mp2013015631,"""Schlangenrohr""@en .",lcmpt:
Schlūsselfidel,altLabel,mp2013015385,http://id.loc.gov/authorities/performanceMediums/mp2013015385,"""Schlūsselfidel""@en .",lcmpt:
Schlūsselfiedel,altLabel,mp2013015385,http://id.loc.gov/authorities/performanceMediums/mp2013015385,"""Schlūsselfiedel""@en .",lcmpt:
Scottish harp,altLabel,mp2013015356,http://id.loc.gov/authorities/performanceMediums/mp2013015356,"""Scottish harp""@en .",lcmpt:
Scottish lowland bagpipes,altLabel,mp2013015095,http://id.loc.gov/authorities/performanceMediums/mp2013015095,"""Scottish lowland bagpipes""@en .",lcmpt:
Scottish lowland pipes,altLabel,mp2013015095,http://id.loc.gov/authorities/performanceMediums/mp2013015095,"""Scottish lowland pipes""@en .",lcmpt:
scraped idiophone,prefLabel,mp2019015022,http://id.loc.gov/authorities/performanceMediums/mp2019015022,"""scraped idiophone""@en .",lcmpt:
sehtār,altLabel,mp2013015632,http://id.loc.gov/authorities/performanceMediums/mp2013015632,"""sehtār""@en .",lcmpt:
sekere,altLabel,mp2013015109,http://id.loc.gov/authorities/performanceMediums/mp2013015109,"""sekere""@en .",lcmpt:
sēmandron,altLabel,mp2013015629,http://id.loc.gov/authorities/performanceMediums/mp2013015629,"""sēmandron""@en .",lcmpt:
sēmantēr,altLabel,mp2013015629,http://id.loc.gov/authorities/performanceMediums/mp2013015629,"""sēmantēr""@en .",lcmpt:
sēmantērion,altLabel,mp2013015629,http://id.loc.gov/authorities/performanceMediums/mp2013015629,"""sēmantērion""@en .",lcmpt:
sēmanthron,altLabel,mp2013015629,http://id.loc.gov/authorities/performanceMediums/mp2013015629,"""sēmanthron""@en .",lcmpt:
sēmantron,prefLabel,mp2013015629,http://id.loc.gov/authorities/performanceMediums/mp2013015629,"""sēmantron""@en .",lcmpt:
semar pagulingan,altLabel,mp2013015286,http://id.loc.gov/authorities/performanceMediums/mp2013015286,"""semar pagulingan""@en .",lcmpt:
semar pegulingan,altLabel,mp2013015286,http://id.loc.gov/authorities/performanceMediums/mp2013015286,"""semar pegulingan""@en .",lcmpt:
semsemiya,altLabel,mp2013015645,http://id.loc.gov/authorities/performanceMediums/mp2013015645,"""semsemiya""@en .",lcmpt:
semsemiyya,altLabel,mp2013015645,http://id.loc.gov/authorities/performanceMediums/mp2013015645,"""semsemiyya""@en .",lcmpt:
sep nyai,altLabel,mp2013015557,http://id.loc.gov/authorities/performanceMediums/mp2013015557,"""sep nyai""@en .",lcmpt:
sequencer,prefLabel,mp2013015630,http://id.loc.gov/authorities/performanceMediums/mp2013015630,"""sequencer""@en .",lcmpt:
serng,altLabel,mp2013015686,http://id.loc.gov/authorities/performanceMediums/mp2013015686,"""serng""@en .",lcmpt:
serpent,prefLabel,mp2013015631,http://id.loc.gov/authorities/performanceMediums/mp2013015631,"""serpent""@en .",lcmpt:
serpentone,altLabel,mp2013015631,http://id.loc.gov/authorities/performanceMediums/mp2013015631,"""serpentone""@en .",lcmpt:
setā,altLabel,mp2013015632,http://id.loc.gov/authorities/performanceMediums/mp2013015632,"""setā""@en .",lcmpt:
setār (Iranian instrument),prefLabel,mp2013015632,http://id.loc.gov/authorities/performanceMediums/mp2013015632,"""setār (Iranian instrument)""@en .",lcmpt:
setar (sitar),altLabel,mp2013015651,http://id.loc.gov/authorities/performanceMediums/mp2013015651,"""setar (sitar)""@en .",lcmpt:
setār (tanburag),altLabel,mp2020015001,http://id.loc.gov/authorities/performanceMediums/mp2020015001,"""setār (tanburag)""@en .",lcmpt:
setór,altLabel,mp2013015632,http://id.loc.gov/authorities/performanceMediums/mp2013015632,"""setór""@en .",lcmpt:
seyo go,altLabel,mp2013015129,http://id.loc.gov/authorities/performanceMediums/mp2013015129,"""seyo go""@en .",lcmpt:
shagbut,altLabel,mp2013015607,http://id.loc.gov/authorities/performanceMediums/mp2013015607,"""shagbut""@en .",lcmpt:
shahnāī,altLabel,mp2013015636,http://id.loc.gov/authorities/performanceMediums/mp2013015636,"""shahnāī""@en .",lcmpt:
shakbush,altLabel,mp2013015607,http://id.loc.gov/authorities/performanceMediums/mp2013015607,"""shakbush""@en .",lcmpt:
shaken idiophone,prefLabel,mp2019015021,http://id.loc.gov/authorities/performanceMediums/mp2019015021,"""shaken idiophone""@en .",lcmpt:
shakuhachi,prefLabel,mp2013015633,http://id.loc.gov/authorities/performanceMediums/mp2013015633,"""shakuhachi""@en .",lcmpt:
shalm,altLabel,mp2013015635,http://id.loc.gov/authorities/performanceMediums/mp2013015635,"""shalm""@en .",lcmpt:
shalme,altLabel,mp2013015635,http://id.loc.gov/authorities/performanceMediums/mp2013015635,"""shalme""@en .",lcmpt:
shalmie,altLabel,mp2013015635,http://id.loc.gov/authorities/performanceMediums/mp2013015635,"""shalmie""@en .",lcmpt:
shalmuse,altLabel,mp2013015635,http://id.loc.gov/authorities/performanceMediums/mp2013015635,"""shalmuse""@en .",lcmpt:
shamisen,prefLabel,mp2013015634,http://id.loc.gov/authorities/performanceMediums/mp2013015634,"""shamisen""@en .",lcmpt:
shanai,altLabel,mp2013015636,http://id.loc.gov/authorities/performanceMediums/mp2013015636,"""shanai""@en .",lcmpt:
shandz,altLabel,mp2013015641,http://id.loc.gov/authorities/performanceMediums/mp2013015641,"""shandz""@en .",lcmpt:
shandze,altLabel,mp2013015641,http://id.loc.gov/authorities/performanceMediums/mp2013015641,"""shandze""@en .",lcmpt:
shank bone,altLabel,mp2013015731,http://id.loc.gov/authorities/performanceMediums/mp2013015731,"""shank bone""@en .",lcmpt:
shanz,altLabel,mp2013015641,http://id.loc.gov/authorities/performanceMediums/mp2013015641,"""shanz""@en .",lcmpt:
shawm,prefLabel,mp2013015635,http://id.loc.gov/authorities/performanceMediums/mp2013015635,"""shawm""@en .",lcmpt:
shehnai,altLabel,mp2013015636,http://id.loc.gov/authorities/performanceMediums/mp2013015636,"""shehnai""@en .",lcmpt:
shekeré,altLabel,mp2013015109,http://id.loc.gov/authorities/performanceMediums/mp2013015109,"""shekeré""@en .",lcmpt:
sheng,prefLabel,mp2013015637,http://id.loc.gov/authorities/performanceMediums/mp2013015637,"""sheng""@en .",lcmpt:
shepherd's pipe,altLabel,mp2013015555,http://id.loc.gov/authorities/performanceMediums/mp2013015555,"""shepherd's pipe""@en .",lcmpt:
shidurgu,altLabel,mp2013015641,http://id.loc.gov/authorities/performanceMediums/mp2013015641,"""shidurgu""@en .",lcmpt:
shin bone,altLabel,mp2013015731,http://id.loc.gov/authorities/performanceMediums/mp2013015731,"""shin bone""@en .",lcmpt:
shinbone,altLabel,mp2013015731,http://id.loc.gov/authorities/performanceMediums/mp2013015731,"""shinbone""@en .",lcmpt:
shino,altLabel,mp2013015638,http://id.loc.gov/authorities/performanceMediums/mp2013015638,"""shino""@en .",lcmpt:
shinobue,prefLabel,mp2013015638,http://id.loc.gov/authorities/performanceMediums/mp2013015638,"""shinobue""@en .",lcmpt:
shō,prefLabel,mp2013015639,http://id.loc.gov/authorities/performanceMediums/mp2013015639,"""shō""@en .",lcmpt:
shofar,prefLabel,mp2013015640,http://id.loc.gov/authorities/performanceMediums/mp2013015640,"""shofar""@en .",lcmpt:
showground organ,altLabel,mp2013015257,http://id.loc.gov/authorities/performanceMediums/mp2013015257,"""showground organ""@en .",lcmpt:
shudraga,prefLabel,mp2013015641,http://id.loc.gov/authorities/performanceMediums/mp2013015641,"""shudraga""@en .",lcmpt:
śhuduġu,altLabel,mp2013015641,http://id.loc.gov/authorities/performanceMediums/mp2013015641,"""śhuduġu""@en .",lcmpt:
sico,altLabel,mp2013015644,http://id.loc.gov/authorities/performanceMediums/mp2013015644,"""sico""@en .",lcmpt:
sicu,altLabel,mp2013015644,http://id.loc.gov/authorities/performanceMediums/mp2013015644,"""sicu""@en .",lcmpt:
side drum,altLabel,mp2013015657,http://id.loc.gov/authorities/performanceMediums/mp2013015657,"""side drum""@en .",lcmpt:
signer,prefLabel,mp2013015643,http://id.loc.gov/authorities/performanceMediums/mp2013015643,"""signer""@en .",lcmpt:
sihtār,altLabel,mp2013015632,http://id.loc.gov/authorities/performanceMediums/mp2013015632,"""sihtār""@en .",lcmpt:
siku,prefLabel,mp2013015644,http://id.loc.gov/authorities/performanceMediums/mp2013015644,"""siku""@en .",lcmpt:
simandron,altLabel,mp2013015629,http://id.loc.gov/authorities/performanceMediums/mp2013015629,"""simandron""@en .",lcmpt:
simple chordophone,altLabel,mp2013015824,http://id.loc.gov/authorities/performanceMediums/mp2013015824,"""simple chordophone""@en .",lcmpt:
simsimijah,altLabel,mp2013015645,http://id.loc.gov/authorities/performanceMediums/mp2013015645,"""simsimijah""@en .",lcmpt:
simsimīyah,altLabel,mp2013015645,http://id.loc.gov/authorities/performanceMediums/mp2013015645,"""simsimīyah""@en .",lcmpt:
simsimīyya,prefLabel,mp2013015645,http://id.loc.gov/authorities/performanceMediums/mp2013015645,"""simsimīyya""@en .",lcmpt:
singer,prefLabel,mp2013015646,http://id.loc.gov/authorities/performanceMediums/mp2013015646,"""singer""@en .",lcmpt:
singing bowl,prefLabel,mp2013015647,http://id.loc.gov/authorities/performanceMediums/mp2013015647,"""singing bowl""@en .",lcmpt:
singing membrane,prefLabel,mp2013015642,http://id.loc.gov/authorities/performanceMediums/mp2013015642,"""singing membrane""@en .",lcmpt:
singing saw,altLabel,mp2017015015,http://id.loc.gov/authorities/performanceMediums/mp2017015015,"""singing saw""@en .",lcmpt:
singing trumpet,altLabel,mp2013015763,http://id.loc.gov/authorities/performanceMediums/mp2013015763,"""singing trumpet""@en .",lcmpt:
"singing-bird box, mechanical",altLabel,mp2013015459,http://id.loc.gov/authorities/performanceMediums/mp2013015459,"""singing-bird box, mechanical""@en .",lcmpt:
single reed instrument,prefLabel,mp2013015648,http://id.loc.gov/authorities/performanceMediums/mp2013015648,"""single reed instrument""@en .",lcmpt:
sintir,altLabel,mp2013015311,http://id.loc.gov/authorities/performanceMediums/mp2013015311,"""sintir""@en .",lcmpt:
sintir (dulcimer),altLabel,mp2013015615,http://id.loc.gov/authorities/performanceMediums/mp2013015615,"""sintir (dulcimer)""@en .",lcmpt:
sipsi,altLabel,mp2013015147,http://id.loc.gov/authorities/performanceMediums/mp2013015147,"""sipsi""@en .",lcmpt:
sistro,prefLabel,mp2013015649,http://id.loc.gov/authorities/performanceMediums/mp2013015649,"""sistro""@en .",lcmpt:
sistrum,prefLabel,mp2013015650,http://id.loc.gov/authorities/performanceMediums/mp2013015650,"""sistrum""@en .",lcmpt:
sitar,prefLabel,mp2013015651,http://id.loc.gov/authorities/performanceMediums/mp2013015651,"""sitar""@en .",lcmpt:
siter,prefLabel,mp2013015652,http://id.loc.gov/authorities/performanceMediums/mp2013015652,"""siter""@en .",lcmpt:
sĭyotanka,prefLabel,mp2013015654,http://id.loc.gov/authorities/performanceMediums/mp2013015654,"""sĭyotanka""@en .",lcmpt:
skrzypce,prefLabel,mp2013015655,http://id.loc.gov/authorities/performanceMediums/mp2013015655,"""skrzypce""@en .",lcmpt:
slide trombone,altLabel,mp2013015747,http://id.loc.gov/authorities/performanceMediums/mp2013015747,"""slide trombone""@en .",lcmpt:
slide trumpet,altLabel,mp2013015748,http://id.loc.gov/authorities/performanceMediums/mp2013015748,"""slide trumpet""@en .",lcmpt:
slide whistle,prefLabel,mp2015015012,http://id.loc.gov/authorities/performanceMediums/mp2015015012,"""slide whistle""@en .",lcmpt:
slit drum,prefLabel,mp2013015656,http://id.loc.gov/authorities/performanceMediums/mp2013015656,"""slit drum""@en .",lcmpt:
"small pipe, Northumbrian",altLabel,mp2013015503,http://id.loc.gov/authorities/performanceMediums/mp2013015503,"""small pipe, Northumbrian""@en .",lcmpt:
"small pipes, Northumbrian",altLabel,mp2013015503,http://id.loc.gov/authorities/performanceMediums/mp2013015503,"""small pipes, Northumbrian""@en .",lcmpt:
snare drum,prefLabel,mp2013015657,http://id.loc.gov/authorities/performanceMediums/mp2013015657,"""snare drum""@en .",lcmpt:
so la,altLabel,mp2013015687,http://id.loc.gov/authorities/performanceMediums/mp2013015687,"""so la""@en .",lcmpt:
soft sampler,altLabel,mp2013015661,http://id.loc.gov/authorities/performanceMediums/mp2013015661,"""soft sampler""@en .",lcmpt:
software sampler,prefLabel,mp2013015661,http://id.loc.gov/authorities/performanceMediums/mp2013015661,"""software sampler""@en .",lcmpt:
sŏlchanggo,altLabel,mp2013015129,http://id.loc.gov/authorities/performanceMediums/mp2013015129,"""sŏlchanggo""@en .",lcmpt:
solo vocal ensemble,prefLabel,mp2013015841,http://id.loc.gov/authorities/performanceMediums/mp2013015841,"""solo vocal ensemble""@en .",lcmpt:
solor,altLabel,mp2013015055,http://id.loc.gov/authorities/performanceMediums/mp2013015055,"""solor""@en .",lcmpt:
sona,altLabel,mp2013015687,http://id.loc.gov/authorities/performanceMediums/mp2013015687,"""sona""@en .",lcmpt:
song bell,altLabel,mp2013015810,http://id.loc.gov/authorities/performanceMediums/mp2013015810,"""song bell""@en .",lcmpt:
song flute,altLabel,mp2013015738,http://id.loc.gov/authorities/performanceMediums/mp2013015738,"""song flute""@en .",lcmpt:
sonus de canna,altLabel,mp2013015415,http://id.loc.gov/authorities/performanceMediums/mp2013015415,"""sonus de canna""@en .",lcmpt:
sopranino clarinet,prefLabel,mp2014015002,http://id.loc.gov/authorities/performanceMediums/mp2014015002,"""sopranino clarinet""@en .",lcmpt:
sopranino recorder,prefLabel,mp2013015662,http://id.loc.gov/authorities/performanceMediums/mp2013015662,"""sopranino recorder""@en .",lcmpt:
sopranino saxophone,prefLabel,mp2013015663,http://id.loc.gov/authorities/performanceMediums/mp2013015663,"""sopranino saxophone""@en .",lcmpt:
sopranissimo recorder,altLabel,mp2018015019,http://id.loc.gov/authorities/performanceMediums/mp2018015019,"""sopranissimo recorder""@en .",lcmpt:
soprano (singer),altLabel,mp2013015666,http://id.loc.gov/authorities/performanceMediums/mp2013015666,"""soprano (singer)""@en .",lcmpt:
soprano clarinet,altLabel,mp2013015154,http://id.loc.gov/authorities/performanceMediums/mp2013015154,"""soprano clarinet""@en .",lcmpt:
soprano pan,altLabel,mp2013015675,http://id.loc.gov/authorities/performanceMediums/mp2013015675,"""soprano pan""@en .",lcmpt:
soprano recorder,prefLabel,mp2013015664,http://id.loc.gov/authorities/performanceMediums/mp2013015664,"""soprano recorder""@en .",lcmpt:
soprano saxophone,prefLabel,mp2013015665,http://id.loc.gov/authorities/performanceMediums/mp2013015665,"""soprano saxophone""@en .",lcmpt:
soprano voice,prefLabel,mp2013015666,http://id.loc.gov/authorities/performanceMediums/mp2013015666,"""soprano voice""@en .",lcmpt:
"soprano, boy (singer)",altLabel,mp2013015099,http://id.loc.gov/authorities/performanceMediums/mp2013015099,"""soprano, boy (singer)""@en .",lcmpt:
"soprano, child (singer)",altLabel,mp2013015134,http://id.loc.gov/authorities/performanceMediums/mp2013015134,"""soprano, child (singer)""@en .",lcmpt:
sordellina,prefLabel,mp2013015667,http://id.loc.gov/authorities/performanceMediums/mp2013015667,"""sordellina""@en .",lcmpt:
sorna,altLabel,mp2013015829,http://id.loc.gov/authorities/performanceMediums/mp2013015829,"""sorna""@en .",lcmpt:
sornai,altLabel,mp2013015829,http://id.loc.gov/authorities/performanceMediums/mp2013015829,"""sornai""@en .",lcmpt:
sorud,altLabel,mp2013015619,http://id.loc.gov/authorities/performanceMediums/mp2013015619,"""sorud""@en .",lcmpt:
soruz,altLabel,mp2013015619,http://id.loc.gov/authorities/performanceMediums/mp2013015619,"""soruz""@en .",lcmpt:
sound effects,prefLabel,mp2013015668,http://id.loc.gov/authorities/performanceMediums/mp2013015668,"""sound effects""@en .",lcmpt:
sound sampler,altLabel,mp2013015612,http://id.loc.gov/authorities/performanceMediums/mp2013015612,"""sound sampler""@en .",lcmpt:
sound synthesizer,altLabel,mp2013015692,http://id.loc.gov/authorities/performanceMediums/mp2013015692,"""sound synthesizer""@en .",lcmpt:
sousaphone,prefLabel,mp2013015669,http://id.loc.gov/authorities/performanceMediums/mp2013015669,"""sousaphone""@en .",lcmpt:
Spanish guitar,altLabel,mp2013015306,http://id.loc.gov/authorities/performanceMediums/mp2013015306,"""Spanish guitar""@en .",lcmpt:
speaker,prefLabel,mp2013015670,http://id.loc.gov/authorities/performanceMediums/mp2013015670,"""speaker""@en .",lcmpt:
spike fiddle,altLabel,mp2013015587,http://id.loc.gov/authorities/performanceMediums/mp2013015587,"""spike fiddle""@en .",lcmpt:
spinet,prefLabel,mp2013015671,http://id.loc.gov/authorities/performanceMediums/mp2013015671,"""spinet""@en .",lcmpt:
spinet (harpsichord),altLabel,mp2013015333,http://id.loc.gov/authorities/performanceMediums/mp2013015333,"""spinet (harpsichord)""@en .",lcmpt:
spinet (piano),altLabel,mp2013015550,http://id.loc.gov/authorities/performanceMediums/mp2013015550,"""spinet (piano)""@en .",lcmpt:
spinnet (piano),altLabel,mp2013015550,http://id.loc.gov/authorities/performanceMediums/mp2013015550,"""spinnet (piano)""@en .",lcmpt:
spoils of war (musical instrument),prefLabel,mp2016015015,http://id.loc.gov/authorities/performanceMediums/mp2016015015,"""spoils of war (musical instrument)""@en .",lcmpt:
spoken chorus,prefLabel,mp2013015672,http://id.loc.gov/authorities/performanceMediums/mp2013015672,"""spoken chorus""@en .",lcmpt:
square piano,prefLabel,mp2013015673,http://id.loc.gov/authorities/performanceMediums/mp2013015673,"""square piano""@en .",lcmpt:
square pianoforte,altLabel,mp2013015673,http://id.loc.gov/authorities/performanceMediums/mp2013015673,"""square pianoforte""@en .",lcmpt:
squashbox,altLabel,mp2013015168,http://id.loc.gov/authorities/performanceMediums/mp2013015168,"""squashbox""@en .",lcmpt:
squeezebox,altLabel,mp2013015108,http://id.loc.gov/authorities/performanceMediums/mp2013015108,"""squeezebox""@en .",lcmpt:
staccato-pastorella,altLabel,mp2013015676,http://id.loc.gov/authorities/performanceMediums/mp2013015676,"""staccato-pastorella""@en .",lcmpt:
stage band,altLabel,mp2013015083,http://id.loc.gov/authorities/performanceMediums/mp2013015083,"""stage band""@en .",lcmpt:
stamping stick,altLabel,mp2019015020,http://id.loc.gov/authorities/performanceMediums/mp2019015020,"""stamping stick""@en .",lcmpt:
stamping tube,altLabel,mp2019015020,http://id.loc.gov/authorities/performanceMediums/mp2019015020,"""stamping tube""@en .",lcmpt:
stand-up bass,altLabel,mp2013015216,http://id.loc.gov/authorities/performanceMediums/mp2013015216,"""stand-up bass""@en .",lcmpt:
steel band,prefLabel,mp2013015674,http://id.loc.gov/authorities/performanceMediums/mp2013015674,"""steel band""@en .",lcmpt:
steel drum,prefLabel,mp2013015675,http://id.loc.gov/authorities/performanceMediums/mp2013015675,"""steel drum""@en .",lcmpt:
steel guitar,prefLabel,mp2013015335,http://id.loc.gov/authorities/performanceMediums/mp2013015335,"""steel guitar""@en .",lcmpt:
steel orchestra,altLabel,mp2013015674,http://id.loc.gov/authorities/performanceMediums/mp2013015674,"""steel orchestra""@en .",lcmpt:
steel pan,altLabel,mp2013015675,http://id.loc.gov/authorities/performanceMediums/mp2013015675,"""steel pan""@en .",lcmpt:
steelband,altLabel,mp2013015674,http://id.loc.gov/authorities/performanceMediums/mp2013015674,"""steelband""@en .",lcmpt:
sticcado,altLabel,mp2013015676,http://id.loc.gov/authorities/performanceMediums/mp2013015676,"""sticcado""@en .",lcmpt:
sticcado pastorale,prefLabel,mp2013015676,http://id.loc.gov/authorities/performanceMediums/mp2013015676,"""sticcado pastorale""@en .",lcmpt:
sticcado-pastrole,altLabel,mp2013015676,http://id.loc.gov/authorities/performanceMediums/mp2013015676,"""sticcado-pastrole""@en .",lcmpt:
stick zither,prefLabel,mp2013015677,http://id.loc.gov/authorities/performanceMediums/mp2013015677,"""stick zither""@en .",lcmpt:
stone flute,altLabel,mp2013015357,http://id.loc.gov/authorities/performanceMediums/mp2013015357,"""stone flute""@en .",lcmpt:
stone whistle,altLabel,mp2013015357,http://id.loc.gov/authorities/performanceMediums/mp2013015357,"""stone whistle""@en .",lcmpt:
straw fiddle,altLabel,mp2013015810,http://id.loc.gov/authorities/performanceMediums/mp2013015810,"""straw fiddle""@en .",lcmpt:
street organ,altLabel,mp2013015060,http://id.loc.gov/authorities/performanceMediums/mp2013015060,"""street organ""@en .",lcmpt:
street piano,altLabel,mp2013015061,http://id.loc.gov/authorities/performanceMediums/mp2013015061,"""street piano""@en .",lcmpt:
string band,prefLabel,mp2013015678,http://id.loc.gov/authorities/performanceMediums/mp2013015678,"""string band""@en .",lcmpt:
string bass,altLabel,mp2013015216,http://id.loc.gov/authorities/performanceMediums/mp2013015216,"""string bass""@en .",lcmpt:
string ensemble,altLabel,mp2013015679,http://id.loc.gov/authorities/performanceMediums/mp2013015679,"""string ensemble""@en .",lcmpt:
string instrument,prefLabel,mp2013015680,http://id.loc.gov/authorities/performanceMediums/mp2013015680,"""string instrument""@en .",lcmpt:
string instrument ensemble,altLabel,mp2013015679,http://id.loc.gov/authorities/performanceMediums/mp2013015679,"""string instrument ensemble""@en .",lcmpt:
string keyboard instrument,altLabel,mp2013015382,http://id.loc.gov/authorities/performanceMediums/mp2013015382,"""string keyboard instrument""@en .",lcmpt:
string orchestra,prefLabel,mp2013015681,http://id.loc.gov/authorities/performanceMediums/mp2013015681,"""string orchestra""@en .",lcmpt:
stringed instrument,altLabel,mp2013015680,http://id.loc.gov/authorities/performanceMediums/mp2013015680,"""stringed instrument""@en .",lcmpt:
stringed instrument ensemble,altLabel,mp2013015679,http://id.loc.gov/authorities/performanceMediums/mp2013015679,"""stringed instrument ensemble""@en .",lcmpt:
stringed keyboard instrument,altLabel,mp2013015382,http://id.loc.gov/authorities/performanceMediums/mp2013015382,"""stringed keyboard instrument""@en .",lcmpt:
strings,altLabel,mp2013015679,http://id.loc.gov/authorities/performanceMediums/mp2013015679,"""strings""@en .",lcmpt:
struck idiophone,prefLabel,mp2013015682,http://id.loc.gov/authorities/performanceMediums/mp2013015682,"""struck idiophone""@en .",lcmpt:
struck string instrument,prefLabel,mp2013015683,http://id.loc.gov/authorities/performanceMediums/mp2013015683,"""struck string instrument""@en .",lcmpt:
stviri,altLabel,mp2013015133,http://id.loc.gov/authorities/performanceMediums/mp2013015133,"""stviri""@en .",lcmpt:
su-na,altLabel,mp2013015687,http://id.loc.gov/authorities/performanceMediums/mp2013015687,"""su-na""@en .",lcmpt:
subcontrabass flute,prefLabel,mp2018015006,http://id.loc.gov/authorities/performanceMediums/mp2018015006,"""subcontrabass flute""@en .",lcmpt:
subcontrabass recorder,altLabel,mp2013015597,http://id.loc.gov/authorities/performanceMediums/mp2013015597,"""subcontrabass recorder""@en .",lcmpt:
subcontrabass saxophone,altLabel,mp2013015625,http://id.loc.gov/authorities/performanceMediums/mp2013015625,"""subcontrabass saxophone""@en .",lcmpt:
suifūkin,prefLabel,mp2013015684,http://id.loc.gov/authorities/performanceMediums/mp2013015684,"""suifūkin""@en .",lcmpt:
suling,prefLabel,mp2013015685,http://id.loc.gov/authorities/performanceMediums/mp2013015685,"""suling""@en .",lcmpt:
sumsumīyya,altLabel,mp2013015645,http://id.loc.gov/authorities/performanceMediums/mp2013015645,"""sumsumīyya""@en .",lcmpt:
suo na,prefLabel,mp2013015687,http://id.loc.gov/authorities/performanceMediums/mp2013015687,"""suo na""@en .",lcmpt:
suona,altLabel,mp2013015687,http://id.loc.gov/authorities/performanceMediums/mp2013015687,"""suona""@en .",lcmpt:
šupeljka,prefLabel,mp2013015688,http://id.loc.gov/authorities/performanceMediums/mp2013015688,"""šupeljka""@en .",lcmpt:
šupelka,altLabel,mp2013015688,http://id.loc.gov/authorities/performanceMediums/mp2013015688,"""šupelka""@en .",lcmpt:
surbahar,prefLabel,mp2013015689,http://id.loc.gov/authorities/performanceMediums/mp2013015689,"""surbahar""@en .",lcmpt:
surdellina,altLabel,mp2013015667,http://id.loc.gov/authorities/performanceMediums/mp2013015667,"""surdellina""@en .",lcmpt:
surdo,prefLabel,mp2013015690,http://id.loc.gov/authorities/performanceMediums/mp2013015690,"""surdo""@en .",lcmpt:
surlă,altLabel,mp2013015829,http://id.loc.gov/authorities/performanceMediums/mp2013015829,"""surlă""@en .",lcmpt:
surle,altLabel,mp2013015829,http://id.loc.gov/authorities/performanceMediums/mp2013015829,"""surle""@en .",lcmpt:
surna,altLabel,mp2013015829,http://id.loc.gov/authorities/performanceMediums/mp2013015829,"""surna""@en .",lcmpt:
surnai,altLabel,mp2013015636,http://id.loc.gov/authorities/performanceMediums/mp2013015636,"""surnai""@en .",lcmpt:
surnai,altLabel,mp2013015829,http://id.loc.gov/authorities/performanceMediums/mp2013015829,"""surnai""@en .",lcmpt:
surrogate kithara,prefLabel,mp2016015016,http://id.loc.gov/authorities/performanceMediums/mp2016015016,"""surrogate kithara""@en .",lcmpt:
suu̜ng,prefLabel,mp2013015686,http://id.loc.gov/authorities/performanceMediums/mp2013015686,"""suu̜ng""@en .",lcmpt:
suzu gong,altLabel,mp2013015647,http://id.loc.gov/authorities/performanceMediums/mp2013015647,"""suzu gong""@en .",lcmpt:
sviraja,altLabel,mp2013015691,http://id.loc.gov/authorities/performanceMediums/mp2013015691,"""sviraja""@en .",lcmpt:
svirala,prefLabel,mp2013015691,http://id.loc.gov/authorities/performanceMediums/mp2013015691,"""svirala""@en .",lcmpt:
svirale,altLabel,mp2013015691,http://id.loc.gov/authorities/performanceMediums/mp2013015691,"""svirale""@en .",lcmpt:
swaenap,altLabel,mp2013015693,http://id.loc.gov/authorities/performanceMediums/mp2013015693,"""swaenap""@en .",lcmpt:
swanee whistle,altLabel,mp2015015012,http://id.loc.gov/authorities/performanceMediums/mp2015015012,"""swanee whistle""@en .",lcmpt:
swannee whistle,altLabel,mp2015015012,http://id.loc.gov/authorities/performanceMediums/mp2015015012,"""swannee whistle""@en .",lcmpt:
syakuhati,altLabel,mp2013015633,http://id.loc.gov/authorities/performanceMediums/mp2013015633,"""syakuhati""@en .",lcmpt:
sybysghy,altLabel,mp2018015002,http://id.loc.gov/authorities/performanceMediums/mp2018015002,"""sybysghy""@en .",lcmpt:
sybysgy,altLabel,mp2018015002,http://id.loc.gov/authorities/performanceMediums/mp2018015002,"""sybysgy""@en .",lcmpt:
sybyzghy,prefLabel,mp2018015002,http://id.loc.gov/authorities/performanceMediums/mp2018015002,"""sybyzghy""@en .",lcmpt:
sybyzgy,altLabel,mp2018015002,http://id.loc.gov/authorities/performanceMediums/mp2018015002,"""sybyzgy""@en .",lcmpt:
sybyzyk,altLabel,mp2018015002,http://id.loc.gov/authorities/performanceMediums/mp2018015002,"""sybyzyk""@en .",lcmpt:
symphonet,altLabel,mp2013015555,http://id.loc.gov/authorities/performanceMediums/mp2013015555,"""symphonet""@en .",lcmpt:
symphonic band,altLabel,mp2013015048,http://id.loc.gov/authorities/performanceMediums/mp2013015048,"""symphonic band""@en .",lcmpt:
symphonic wind ensemble,altLabel,mp2013015048,http://id.loc.gov/authorities/performanceMediums/mp2013015048,"""symphonic wind ensemble""@en .",lcmpt:
symphonic winds,altLabel,mp2013015048,http://id.loc.gov/authorities/performanceMediums/mp2013015048,"""symphonic winds""@en .",lcmpt:
synth,altLabel,mp2013015692,http://id.loc.gov/authorities/performanceMediums/mp2013015692,"""synth""@en .",lcmpt:
synthesiser,altLabel,mp2013015692,http://id.loc.gov/authorities/performanceMediums/mp2013015692,"""synthesiser""@en .",lcmpt:
synthesizer,prefLabel,mp2013015692,http://id.loc.gov/authorities/performanceMediums/mp2013015692,"""synthesizer""@en .",lcmpt:
t'goerra,altLabel,mp2013015299,http://id.loc.gov/authorities/performanceMediums/mp2013015299,"""t'goerra""@en .",lcmpt:
t'gorrah,altLabel,mp2013015299,http://id.loc.gov/authorities/performanceMediums/mp2013015299,"""t'gorrah""@en .",lcmpt:
ta ti,altLabel,mp2013015687,http://id.loc.gov/authorities/performanceMediums/mp2013015687,"""ta ti""@en .",lcmpt:
taar,altLabel,mp2013015715,http://id.loc.gov/authorities/performanceMediums/mp2013015715,"""taar""@en .",lcmpt:
tabala,altLabel,mp2013015694,http://id.loc.gov/authorities/performanceMediums/mp2013015694,"""tabala""@en .",lcmpt:
"tabatière, mechanical singing-bird",altLabel,mp2013015459,http://id.loc.gov/authorities/performanceMediums/mp2013015459,"""tabatière, mechanical singing-bird""@en .",lcmpt:
tabla,prefLabel,mp2013015694,http://id.loc.gov/authorities/performanceMediums/mp2013015694,"""tabla""@en .",lcmpt:
table organ,altLabel,mp2013015572,http://id.loc.gov/authorities/performanceMediums/mp2013015572,"""table organ""@en .",lcmpt:
tabor,prefLabel,mp2013015695,http://id.loc.gov/authorities/performanceMediums/mp2013015695,"""tabor""@en .",lcmpt:
tabor pipe,altLabel,mp2013015555,http://id.loc.gov/authorities/performanceMediums/mp2013015555,"""tabor pipe""@en .",lcmpt:
tabour,altLabel,mp2013015704,http://id.loc.gov/authorities/performanceMediums/mp2013015704,"""tabour""@en .",lcmpt:
tabourin,altLabel,mp2013015704,http://id.loc.gov/authorities/performanceMediums/mp2013015704,"""tabourin""@en .",lcmpt:
taegŭm,prefLabel,mp2020015024,http://id.loc.gov/authorities/performanceMediums/mp2020015024,"""taegŭm""@en .",lcmpt:
taiko,prefLabel,mp2013015696,http://id.loc.gov/authorities/performanceMediums/mp2013015696,"""taiko""@en .",lcmpt:
taiko (drum ensemble),prefLabel,mp2013015697,http://id.loc.gov/authorities/performanceMediums/mp2013015697,"""taiko (drum ensemble)""@en .",lcmpt:
taille,prefLabel,mp2017015014,http://id.loc.gov/authorities/performanceMediums/mp2017015014,"""taille""@en .",lcmpt:
taille d'hautbois,altLabel,mp2017015014,http://id.loc.gov/authorities/performanceMediums/mp2017015014,"""taille d'hautbois""@en .",lcmpt:
taille de hautbois,altLabel,mp2017015014,http://id.loc.gov/authorities/performanceMediums/mp2017015014,"""taille de hautbois""@en .",lcmpt:
takebue,altLabel,mp2013015638,http://id.loc.gov/authorities/performanceMediums/mp2013015638,"""takebue""@en .",lcmpt:
talempong,prefLabel,mp2015015010,http://id.loc.gov/authorities/performanceMediums/mp2015015010,"""talempong""@en .",lcmpt:
Talerrollen,altLabel,mp2018015005,http://id.loc.gov/authorities/performanceMediums/mp2018015005,"""Talerrollen""@en .",lcmpt:
Talerschwingen,prefLabel,mp2018015005,http://id.loc.gov/authorities/performanceMediums/mp2018015005,"""Talerschwingen""@en .",lcmpt:
talharpa,prefLabel,mp2013015698,http://id.loc.gov/authorities/performanceMediums/mp2013015698,"""talharpa""@en .",lcmpt:
talking drum,prefLabel,mp2014015028,http://id.loc.gov/authorities/performanceMediums/mp2014015028,"""talking drum""@en .",lcmpt:
tam-tam,prefLabel,mp2013015699,http://id.loc.gov/authorities/performanceMediums/mp2013015699,"""tam-tam""@en .",lcmpt:
ṭambal,prefLabel,mp2013015700,http://id.loc.gov/authorities/performanceMediums/mp2013015700,"""ṭambal""@en .",lcmpt:
tambi,prefLabel,mp2013015701,http://id.loc.gov/authorities/performanceMediums/mp2013015701,"""tambi""@en .",lcmpt:
tambor,altLabel,mp2013015029,http://id.loc.gov/authorities/performanceMediums/mp2013015029,"""tambor""@en .",lcmpt:
tamboril,prefLabel,mp2013015702,http://id.loc.gov/authorities/performanceMediums/mp2013015702,"""tamboril""@en .",lcmpt:
tamborim,prefLabel,mp2014015009,http://id.loc.gov/authorities/performanceMediums/mp2014015009,"""tamborim""@en .",lcmpt:
tambou,prefLabel,mp2013015703,http://id.loc.gov/authorities/performanceMediums/mp2013015703,"""tambou""@en .",lcmpt:
tamboura,altLabel,mp2013015706,http://id.loc.gov/authorities/performanceMediums/mp2013015706,"""tamboura""@en .",lcmpt:
tambourin,prefLabel,mp2013015704,http://id.loc.gov/authorities/performanceMediums/mp2013015704,"""tambourin""@en .",lcmpt:
tambourin de Provence,altLabel,mp2013015704,http://id.loc.gov/authorities/performanceMediums/mp2013015704,"""tambourin de Provence""@en .",lcmpt:
tambourin provençal,altLabel,mp2013015704,http://id.loc.gov/authorities/performanceMediums/mp2013015704,"""tambourin provençal""@en .",lcmpt:
tambourine,prefLabel,mp2013015705,http://id.loc.gov/authorities/performanceMediums/mp2013015705,"""tambourine""@en .",lcmpt:
tambouritza,altLabel,mp2013015707,http://id.loc.gov/authorities/performanceMediums/mp2013015707,"""tambouritza""@en .",lcmpt:
ṭambūr,altLabel,mp2013015710,http://id.loc.gov/authorities/performanceMediums/mp2013015710,"""ṭambūr""@en .",lcmpt:
tambur de basque,altLabel,mp2013015705,http://id.loc.gov/authorities/performanceMediums/mp2013015705,"""tambur de basque""@en .",lcmpt:
tambūrā (drone lute),prefLabel,mp2013015706,http://id.loc.gov/authorities/performanceMediums/mp2013015706,"""tambūrā (drone lute)""@en .",lcmpt:
tambura (fretted lute),prefLabel,mp2013015707,http://id.loc.gov/authorities/performanceMediums/mp2013015707,"""tambura (fretted lute)""@en .",lcmpt:
tambura (fretted lute) ensemble,prefLabel,mp2013015708,http://id.loc.gov/authorities/performanceMediums/mp2013015708,"""tambura (fretted lute) ensemble""@en .",lcmpt:
tamburak,altLabel,mp2020015001,http://id.loc.gov/authorities/performanceMediums/mp2020015001,"""tamburak""@en .",lcmpt:
tambūrī,altLabel,mp2013015706,http://id.loc.gov/authorities/performanceMediums/mp2013015706,"""tambūrī""@en .",lcmpt:
tamburica,altLabel,mp2013015707,http://id.loc.gov/authorities/performanceMediums/mp2013015707,"""tamburica""@en .",lcmpt:
tamburitza,altLabel,mp2013015707,http://id.loc.gov/authorities/performanceMediums/mp2013015707,"""tamburitza""@en .",lcmpt:
tampūrī,altLabel,mp2013015706,http://id.loc.gov/authorities/performanceMediums/mp2013015706,"""tampūrī""@en .",lcmpt:
tamtam,altLabel,mp2013015699,http://id.loc.gov/authorities/performanceMediums/mp2013015699,"""tamtam""@en .",lcmpt:
tamukku,altLabel,mp2013015718,http://id.loc.gov/authorities/performanceMediums/mp2013015718,"""tamukku""@en .",lcmpt:
tanbirak,altLabel,mp2020015001,http://id.loc.gov/authorities/performanceMediums/mp2020015001,"""tanbirak""@en .",lcmpt:
tanbire,altLabel,mp2020015001,http://id.loc.gov/authorities/performanceMediums/mp2020015001,"""tanbire""@en .",lcmpt:
tanbireh,altLabel,mp2020015001,http://id.loc.gov/authorities/performanceMediums/mp2020015001,"""tanbireh""@en .",lcmpt:
tanboor,altLabel,mp2013015710,http://id.loc.gov/authorities/performanceMediums/mp2013015710,"""tanboor""@en .",lcmpt:
ṭanbūr,prefLabel,mp2013015710,http://id.loc.gov/authorities/performanceMediums/mp2013015710,"""ṭanbūr""@en .",lcmpt:
tanbura (lute),altLabel,mp2013015710,http://id.loc.gov/authorities/performanceMediums/mp2013015710,"""tanbura (lute)""@en .",lcmpt:
tanburag,prefLabel,mp2020015001,http://id.loc.gov/authorities/performanceMediums/mp2020015001,"""tanburag""@en .",lcmpt:
tanburak,altLabel,mp2020015001,http://id.loc.gov/authorities/performanceMediums/mp2020015001,"""tanburak""@en .",lcmpt:
tanbureh,altLabel,mp2020015001,http://id.loc.gov/authorities/performanceMediums/mp2020015001,"""tanbureh""@en .",lcmpt:
tangent piano,prefLabel,mp2013015711,http://id.loc.gov/authorities/performanceMediums/mp2013015711,"""tangent piano""@en .",lcmpt:
tanpūrā,altLabel,mp2013015706,http://id.loc.gov/authorities/performanceMediums/mp2013015706,"""tanpūrā""@en .",lcmpt:
tanso,prefLabel,mp2013015712,http://id.loc.gov/authorities/performanceMediums/mp2013015712,"""tanso""@en .",lcmpt:
tap bell,prefLabel,mp2017015024,http://id.loc.gov/authorities/performanceMediums/mp2017015024,"""tap bell""@en .",lcmpt:
tap box,altLabel,mp2017015001,http://id.loc.gov/authorities/performanceMediums/mp2017015001,"""tap box""@en .",lcmpt:
tap dancer,prefLabel,mp2013015713,http://id.loc.gov/authorities/performanceMediums/mp2013015713,"""tap dancer""@en .",lcmpt:
tape (electronics),altLabel,mp2013015248,http://id.loc.gov/authorities/performanceMediums/mp2013015248,"""tape (electronics)""@en .",lcmpt:
tape (electronics),altLabel,mp2017015003,http://id.loc.gov/authorities/performanceMediums/mp2017015003,"""tape (electronics)""@en .",lcmpt:
"tapping, foot",altLabel,mp2013015840,http://id.loc.gov/authorities/performanceMediums/mp2013015840,"""tapping, foot""@en .",lcmpt:
tar (drum),prefLabel,mp2013015714,http://id.loc.gov/authorities/performanceMediums/mp2013015714,"""tar (drum)""@en .",lcmpt:
tar (lute),prefLabel,mp2013015715,http://id.loc.gov/authorities/performanceMediums/mp2013015715,"""tar (lute)""@en .",lcmpt:
tar pinkayllu,altLabel,mp2013015716,http://id.loc.gov/authorities/performanceMediums/mp2013015716,"""tar pinkayllu""@en .",lcmpt:
taragot,altLabel,mp2013015717,http://id.loc.gov/authorities/performanceMediums/mp2013015717,"""taragot""@en .",lcmpt:
tarakava,altLabel,mp2013015717,http://id.loc.gov/authorities/performanceMediums/mp2013015717,"""tarakava""@en .",lcmpt:
tarca,altLabel,mp2013015716,http://id.loc.gov/authorities/performanceMediums/mp2013015716,"""tarca""@en .",lcmpt:
tarka,prefLabel,mp2013015716,http://id.loc.gov/authorities/performanceMediums/mp2013015716,"""tarka""@en .",lcmpt:
taro patch fiddle,altLabel,mp2013015761,http://id.loc.gov/authorities/performanceMediums/mp2013015761,"""taro patch fiddle""@en .",lcmpt:
tárogató,prefLabel,mp2013015717,http://id.loc.gov/authorities/performanceMediums/mp2013015717,"""tárogató""@en .",lcmpt:
taropatch,altLabel,mp2013015761,http://id.loc.gov/authorities/performanceMediums/mp2013015761,"""taropatch""@en .",lcmpt:
tarsa,altLabel,mp2013015718,http://id.loc.gov/authorities/performanceMediums/mp2013015718,"""tarsa""@en .",lcmpt:
tarshā,altLabel,mp2013015718,http://id.loc.gov/authorities/performanceMediums/mp2013015718,"""tarshā""@en .",lcmpt:
ṭāsa,altLabel,mp2013015718,http://id.loc.gov/authorities/performanceMediums/mp2013015718,"""ṭāsa""@en .",lcmpt:
Taschengeige,altLabel,mp2013015568,http://id.loc.gov/authorities/performanceMediums/mp2013015568,"""Taschengeige""@en .",lcmpt:
tāshā,prefLabel,mp2013015718,http://id.loc.gov/authorities/performanceMediums/mp2013015718,"""tāshā""@en .",lcmpt:
tavil,prefLabel,mp2013015719,http://id.loc.gov/authorities/performanceMediums/mp2013015719,"""tavil""@en .",lcmpt:
television set,prefLabel,mp2013015720,http://id.loc.gov/authorities/performanceMediums/mp2013015720,"""television set""@en .",lcmpt:
telharmonium,prefLabel,mp2013015721,http://id.loc.gov/authorities/performanceMediums/mp2013015721,"""telharmonium""@en .",lcmpt:
temple drum,altLabel,mp2013015815,http://id.loc.gov/authorities/performanceMediums/mp2013015815,"""temple drum""@en .",lcmpt:
tenor (singer),altLabel,mp2013015725,http://id.loc.gov/authorities/performanceMediums/mp2013015725,"""tenor (singer)""@en .",lcmpt:
tenor baritone bass chorus,altLabel,mp2021015005,http://id.loc.gov/authorities/performanceMediums/mp2021015005,"""tenor baritone bass chorus""@en .",lcmpt:
tenor bass chorus,prefLabel,mp2021015005,http://id.loc.gov/authorities/performanceMediums/mp2021015005,"""tenor bass chorus""@en .",lcmpt:
tenor bassoon,altLabel,mp2015015001,http://id.loc.gov/authorities/performanceMediums/mp2015015001,"""tenor bassoon""@en .",lcmpt:
tenor horn,altLabel,mp2013015013,http://id.loc.gov/authorities/performanceMediums/mp2013015013,"""tenor horn""@en .",lcmpt:
tenor oboe,altLabel,mp2013015251,http://id.loc.gov/authorities/performanceMediums/mp2013015251,"""tenor oboe""@en .",lcmpt:
tenor oboe,altLabel,mp2017015014,http://id.loc.gov/authorities/performanceMediums/mp2017015014,"""tenor oboe""@en .",lcmpt:
tenor pan,altLabel,mp2013015675,http://id.loc.gov/authorities/performanceMediums/mp2013015675,"""tenor pan""@en .",lcmpt:
tenor recorder,prefLabel,mp2013015722,http://id.loc.gov/authorities/performanceMediums/mp2013015722,"""tenor recorder""@en .",lcmpt:
tenor saxophone,prefLabel,mp2013015723,http://id.loc.gov/authorities/performanceMediums/mp2013015723,"""tenor saxophone""@en .",lcmpt:
tenor trombone,altLabel,mp2013015747,http://id.loc.gov/authorities/performanceMediums/mp2013015747,"""tenor trombone""@en .",lcmpt:
tenor viol,prefLabel,mp2016015006,http://id.loc.gov/authorities/performanceMediums/mp2016015006,"""tenor viol""@en .",lcmpt:
tenor violin,prefLabel,mp2013015724,http://id.loc.gov/authorities/performanceMediums/mp2013015724,"""tenor violin""@en .",lcmpt:
tenor voice,prefLabel,mp2013015725,http://id.loc.gov/authorities/performanceMediums/mp2013015725,"""tenor voice""@en .",lcmpt:
tenora,prefLabel,mp2013015726,http://id.loc.gov/authorities/performanceMediums/mp2013015726,"""tenora""@en .",lcmpt:
tenoroon,prefLabel,mp2015015001,http://id.loc.gov/authorities/performanceMediums/mp2015015001,"""tenoroon""@en .",lcmpt:
téorbe,altLabel,mp2013015729,http://id.loc.gov/authorities/performanceMediums/mp2013015729,"""téorbe""@en .",lcmpt:
tepenahuasqui,altLabel,mp2013015727,http://id.loc.gov/authorities/performanceMediums/mp2013015727,"""tepenahuasqui""@en .",lcmpt:
teponagua,altLabel,mp2013015727,http://id.loc.gov/authorities/performanceMediums/mp2013015727,"""teponagua""@en .",lcmpt:
teponahuaztli,altLabel,mp2013015727,http://id.loc.gov/authorities/performanceMediums/mp2013015727,"""teponahuaztli""@en .",lcmpt:
teponaxtle,altLabel,mp2013015727,http://id.loc.gov/authorities/performanceMediums/mp2013015727,"""teponaxtle""@en .",lcmpt:
teponaztli,prefLabel,mp2013015727,http://id.loc.gov/authorities/performanceMediums/mp2013015727,"""teponaztli""@en .",lcmpt:
termenvoks,altLabel,mp2013015730,http://id.loc.gov/authorities/performanceMediums/mp2013015730,"""termenvoks""@en .",lcmpt:
tharka,altLabel,mp2013015716,http://id.loc.gov/authorities/performanceMediums/mp2013015716,"""tharka""@en .",lcmpt:
thavil,altLabel,mp2013015719,http://id.loc.gov/authorities/performanceMediums/mp2013015719,"""thavil""@en .",lcmpt:
theater organ,prefLabel,mp2013015728,http://id.loc.gov/authorities/performanceMediums/mp2013015728,"""theater organ""@en .",lcmpt:
theatre organ,altLabel,mp2013015728,http://id.loc.gov/authorities/performanceMediums/mp2013015728,"""theatre organ""@en .",lcmpt:
theorb,altLabel,mp2013015729,http://id.loc.gov/authorities/performanceMediums/mp2013015729,"""theorb""@en .",lcmpt:
théorbe,altLabel,mp2013015729,http://id.loc.gov/authorities/performanceMediums/mp2013015729,"""théorbe""@en .",lcmpt:
theorbo,prefLabel,mp2013015729,http://id.loc.gov/authorities/performanceMediums/mp2013015729,"""theorbo""@en .",lcmpt:
theorbo-harpsichord,altLabel,mp2014015005,http://id.loc.gov/authorities/performanceMediums/mp2014015005,"""theorbo-harpsichord""@en .",lcmpt:
theremin,prefLabel,mp2013015730,http://id.loc.gov/authorities/performanceMediums/mp2013015730,"""theremin""@en .",lcmpt:
thereminvox,altLabel,mp2013015730,http://id.loc.gov/authorities/performanceMediums/mp2013015730,"""thereminvox""@en .",lcmpt:
thoroughbass,altLabel,mp2013015173,http://id.loc.gov/authorities/performanceMediums/mp2013015173,"""thoroughbass""@en .",lcmpt:
through bass,altLabel,mp2013015173,http://id.loc.gov/authorities/performanceMediums/mp2013015173,"""through bass""@en .",lcmpt:
thumb piano,altLabel,mp2013015455,http://id.loc.gov/authorities/performanceMediums/mp2013015455,"""thumb piano""@en .",lcmpt:
thunder sheet,prefLabel,mp2019015001,http://id.loc.gov/authorities/performanceMediums/mp2019015001,"""thunder sheet""@en .",lcmpt:
thundersheet,altLabel,mp2019015001,http://id.loc.gov/authorities/performanceMediums/mp2019015001,"""thundersheet""@en .",lcmpt:
tʻaepʻyŏngso,prefLabel,mp2013015693,http://id.loc.gov/authorities/performanceMediums/mp2013015693,"""tʻaepʻyŏngso""@en .",lcmpt:
ti-tse,altLabel,mp2013015207,http://id.loc.gov/authorities/performanceMediums/mp2013015207,"""ti-tse""@en .",lcmpt:
Tibetan singing bowl,altLabel,mp2013015647,http://id.loc.gov/authorities/performanceMediums/mp2013015647,"""Tibetan singing bowl""@en .",lcmpt:
tibia,prefLabel,mp2013015731,http://id.loc.gov/authorities/performanceMediums/mp2013015731,"""tibia""@en .",lcmpt:
timbales criollos,prefLabel,mp2013015732,http://id.loc.gov/authorities/performanceMediums/mp2013015732,"""timbales criollos""@en .",lcmpt:
timpani,prefLabel,mp2013015733,http://id.loc.gov/authorities/performanceMediums/mp2013015733,"""timpani""@en .",lcmpt:
timpano musicale,altLabel,mp2013015649,http://id.loc.gov/authorities/performanceMediums/mp2013015649,"""timpano musicale""@en .",lcmpt:
timpanum,altLabel,mp2013015733,http://id.loc.gov/authorities/performanceMediums/mp2013015733,"""timpanum""@en .",lcmpt:
timple,altLabel,mp2013015736,http://id.loc.gov/authorities/performanceMediums/mp2013015736,"""timple""@en .",lcmpt:
tin can,prefLabel,mp2013015734,http://id.loc.gov/authorities/performanceMediums/mp2013015734,"""tin can""@en .",lcmpt:
tin whistle,altLabel,mp2013015539,http://id.loc.gov/authorities/performanceMediums/mp2013015539,"""tin whistle""@en .",lcmpt:
tinco,altLabel,mp2013015727,http://id.loc.gov/authorities/performanceMediums/mp2013015727,"""tinco""@en .",lcmpt:
tingklik,prefLabel,mp2013015735,http://id.loc.gov/authorities/performanceMediums/mp2013015735,"""tingklik""@en .",lcmpt:
tinpanny,altLabel,mp2013015674,http://id.loc.gov/authorities/performanceMediums/mp2013015674,"""tinpanny""@en .",lcmpt:
tiorba,altLabel,mp2013015729,http://id.loc.gov/authorities/performanceMediums/mp2013015729,"""tiorba""@en .",lcmpt:
tiple,prefLabel,mp2013015736,http://id.loc.gov/authorities/performanceMediums/mp2013015736,"""tiple""@en .",lcmpt:
tlapitzalli,prefLabel,mp2018015013,http://id.loc.gov/authorities/performanceMediums/mp2018015013,"""tlapitzalli""@en .",lcmpt:
toacă,altLabel,mp2013015629,http://id.loc.gov/authorities/performanceMediums/mp2013015629,"""toacă""@en .",lcmpt:
toba,altLabel,mp2013015756,http://id.loc.gov/authorities/performanceMediums/mp2013015756,"""toba""@en .",lcmpt:
tom-tom,prefLabel,mp2013015737,http://id.loc.gov/authorities/performanceMediums/mp2013015737,"""tom-tom""@en .",lcmpt:
tombak,altLabel,mp2013015820,http://id.loc.gov/authorities/performanceMediums/mp2013015820,"""tombak""@en .",lcmpt:
tommy talker,altLabel,mp2013015378,http://id.loc.gov/authorities/performanceMediums/mp2013015378,"""tommy talker""@en .",lcmpt:
tonette,prefLabel,mp2013015738,http://id.loc.gov/authorities/performanceMediums/mp2013015738,"""tonette""@en .",lcmpt:
topan,altLabel,mp2013015756,http://id.loc.gov/authorities/performanceMediums/mp2013015756,"""topan""@en .",lcmpt:
torogoată,altLabel,mp2013015717,http://id.loc.gov/authorities/performanceMediums/mp2013015717,"""torogoată""@en .",lcmpt:
tower clock bell,altLabel,mp2013015163,http://id.loc.gov/authorities/performanceMediums/mp2013015163,"""tower clock bell""@en .",lcmpt:
toy instrument,prefLabel,mp2013015739,http://id.loc.gov/authorities/performanceMediums/mp2013015739,"""toy instrument""@en .",lcmpt:
toy musical instrument,altLabel,mp2013015739,http://id.loc.gov/authorities/performanceMediums/mp2013015739,"""toy musical instrument""@en .",lcmpt:
toy orchestra,prefLabel,mp2013015740,http://id.loc.gov/authorities/performanceMediums/mp2013015740,"""toy orchestra""@en .",lcmpt:
toy piano,prefLabel,mp2013015741,http://id.loc.gov/authorities/performanceMediums/mp2013015741,"""toy piano""@en .",lcmpt:
toy symphony,altLabel,mp2013015740,http://id.loc.gov/authorities/performanceMediums/mp2013015740,"""toy symphony""@en .",lcmpt:
transgender chorus,prefLabel,mp2021015002,http://id.loc.gov/authorities/performanceMediums/mp2021015002,"""transgender chorus""@en .",lcmpt:
transgender voice,prefLabel,mp2021015003,http://id.loc.gov/authorities/performanceMediums/mp2021015003,"""transgender voice""@en .",lcmpt:
transverse flute,altLabel,mp2013015268,http://id.loc.gov/authorities/performanceMediums/mp2013015268,"""transverse flute""@en .",lcmpt:
trap kit,altLabel,mp2013015222,http://id.loc.gov/authorities/performanceMediums/mp2013015222,"""trap kit""@en .",lcmpt:
trap set,altLabel,mp2013015222,http://id.loc.gov/authorities/performanceMediums/mp2013015222,"""trap set""@en .",lcmpt:
traps,altLabel,mp2013015222,http://id.loc.gov/authorities/performanceMediums/mp2013015222,"""traps""@en .",lcmpt:
trautonium,prefLabel,mp2013015742,http://id.loc.gov/authorities/performanceMediums/mp2013015742,"""trautonium""@en .",lcmpt:
treble chorus,prefLabel,mp2021015004,http://id.loc.gov/authorities/performanceMediums/mp2021015004,"""treble chorus""@en .",lcmpt:
treble recorder,altLabel,mp2013015014,http://id.loc.gov/authorities/performanceMediums/mp2013015014,"""treble recorder""@en .",lcmpt:
treble viol,prefLabel,mp2013015744,http://id.loc.gov/authorities/performanceMediums/mp2013015744,"""treble viol""@en .",lcmpt:
treble violin,altLabel,mp2013015568,http://id.loc.gov/authorities/performanceMediums/mp2013015568,"""treble violin""@en .",lcmpt:
treble voice,altLabel,mp2013015099,http://id.loc.gov/authorities/performanceMediums/mp2013015099,"""treble voice""@en .",lcmpt:
treble voice,altLabel,mp2013015136,http://id.loc.gov/authorities/performanceMediums/mp2013015136,"""treble voice""@en .",lcmpt:
tres,prefLabel,mp2013015745,http://id.loc.gov/authorities/performanceMediums/mp2013015745,"""tres""@en .",lcmpt:
triangle,prefLabel,mp2013015746,http://id.loc.gov/authorities/performanceMediums/mp2013015746,"""triangle""@en .",lcmpt:
triédda,altLabel,mp2013015415,http://id.loc.gov/authorities/performanceMediums/mp2013015415,"""triédda""@en .",lcmpt:
triple harp,prefLabel,mp2019015018,http://id.loc.gov/authorities/performanceMediums/mp2019015018,"""triple harp""@en .",lcmpt:
tromba marina,altLabel,mp2013015749,http://id.loc.gov/authorities/performanceMediums/mp2013015749,"""tromba marina""@en .",lcmpt:
trombone,prefLabel,mp2013015747,http://id.loc.gov/authorities/performanceMediums/mp2013015747,"""trombone""@en .",lcmpt:
trombone choir,altLabel,mp2013015833,http://id.loc.gov/authorities/performanceMediums/mp2013015833,"""trombone choir""@en .",lcmpt:
trombone ensemble,prefLabel,mp2013015833,http://id.loc.gov/authorities/performanceMediums/mp2013015833,"""trombone ensemble""@en .",lcmpt:
truédda,altLabel,mp2013015415,http://id.loc.gov/authorities/performanceMediums/mp2013015415,"""truédda""@en .",lcmpt:
trump,altLabel,mp2013015360,http://id.loc.gov/authorities/performanceMediums/mp2013015360,"""trump""@en .",lcmpt:
trumpet,prefLabel,mp2013015748,http://id.loc.gov/authorities/performanceMediums/mp2013015748,"""trumpet""@en .",lcmpt:
trumpet choir,altLabel,mp2013015834,http://id.loc.gov/authorities/performanceMediums/mp2013015834,"""trumpet choir""@en .",lcmpt:
trumpet ensemble,prefLabel,mp2013015834,http://id.loc.gov/authorities/performanceMediums/mp2013015834,"""trumpet ensemble""@en .",lcmpt:
trumpet marine,prefLabel,mp2013015749,http://id.loc.gov/authorities/performanceMediums/mp2013015749,"""trumpet marine""@en .",lcmpt:
"trumpet, mock",altLabel,mp2013015125,http://id.loc.gov/authorities/performanceMediums/mp2013015125,"""trumpet, mock""@en .",lcmpt:
"trumpet, singing",altLabel,mp2013015763,http://id.loc.gov/authorities/performanceMediums/mp2013015763,"""trumpet, singing""@en .",lcmpt:
truvédda,altLabel,mp2013015415,http://id.loc.gov/authorities/performanceMediums/mp2013015415,"""truvédda""@en .",lcmpt:
tsaung,altLabel,mp2013015622,http://id.loc.gov/authorities/performanceMediums/mp2013015622,"""tsaung""@en .",lcmpt:
tshipendani,altLabel,mp2013015140,http://id.loc.gov/authorities/performanceMediums/mp2013015140,"""tshipendani""@en .",lcmpt:
tsigulka,altLabel,mp2013015304,http://id.loc.gov/authorities/performanceMediums/mp2013015304,"""tsigulka""@en .",lcmpt:
tsymbaly,altLabel,mp2013015149,http://id.loc.gov/authorities/performanceMediums/mp2013015149,"""tsymbaly""@en .",lcmpt:
tuba,prefLabel,mp2013015750,http://id.loc.gov/authorities/performanceMediums/mp2013015750,"""tuba""@en .",lcmpt:
tuba ensemble,prefLabel,mp2013015751,http://id.loc.gov/authorities/performanceMediums/mp2013015751,"""tuba ensemble""@en .",lcmpt:
tuba stentoro-phonica,altLabel,mp2013015763,http://id.loc.gov/authorities/performanceMediums/mp2013015763,"""tuba stentoro-phonica""@en .",lcmpt:
tubaphone,prefLabel,mp2013015752,http://id.loc.gov/authorities/performanceMediums/mp2013015752,"""tubaphone""@en .",lcmpt:
tube zither,prefLabel,mp2013015753,http://id.loc.gov/authorities/performanceMediums/mp2013015753,"""tube zither""@en .",lcmpt:
tubular bells,prefLabel,mp2013015754,http://id.loc.gov/authorities/performanceMediums/mp2013015754,"""tubular bells""@en .",lcmpt:
tubuphone,altLabel,mp2013015752,http://id.loc.gov/authorities/performanceMediums/mp2013015752,"""tubuphone""@en .",lcmpt:
tulum,altLabel,mp2013015133,http://id.loc.gov/authorities/performanceMediums/mp2013015133,"""tulum""@en .",lcmpt:
tulumi,altLabel,mp2013015133,http://id.loc.gov/authorities/performanceMediums/mp2013015133,"""tulumi""@en .",lcmpt:
tumba,prefLabel,mp2013015755,http://id.loc.gov/authorities/performanceMediums/mp2013015755,"""tumba""@en .",lcmpt:
tumbadora,altLabel,mp2013015172,http://id.loc.gov/authorities/performanceMediums/mp2013015172,"""tumbadora""@en .",lcmpt:
tun-kul,altLabel,mp2013015727,http://id.loc.gov/authorities/performanceMediums/mp2013015727,"""tun-kul""@en .",lcmpt:
tûnbak,altLabel,mp2013015820,http://id.loc.gov/authorities/performanceMediums/mp2013015820,"""tûnbak""@en .",lcmpt:
tuning fork piano,altLabel,mp2013015230,http://id.loc.gov/authorities/performanceMediums/mp2013015230,"""tuning fork piano""@en .",lcmpt:
tuorba,altLabel,mp2013015729,http://id.loc.gov/authorities/performanceMediums/mp2013015729,"""tuorba""@en .",lcmpt:
tuorbe,altLabel,mp2013015729,http://id.loc.gov/authorities/performanceMediums/mp2013015729,"""tuorbe""@en .",lcmpt:
tupan,prefLabel,mp2013015756,http://id.loc.gov/authorities/performanceMediums/mp2013015756,"""tupan""@en .",lcmpt:
turntable system (phonograph),altLabel,mp2013015847,http://id.loc.gov/authorities/performanceMediums/mp2013015847,"""turntable system (phonograph)""@en .",lcmpt:
"turntable, phonograph",altLabel,mp2013015847,http://id.loc.gov/authorities/performanceMediums/mp2013015847,"""turntable, phonograph""@en .",lcmpt:
túru (side-blown trumpet),prefLabel,mp2013015757,http://id.loc.gov/authorities/performanceMediums/mp2013015757,"""túru (side-blown trumpet)""@en .",lcmpt:
tusse fløyte,altLabel,mp2013015758,http://id.loc.gov/authorities/performanceMediums/mp2013015758,"""tusse fløyte""@en .",lcmpt:
tussefløyte,prefLabel,mp2013015758,http://id.loc.gov/authorities/performanceMediums/mp2013015758,"""tussefløyte""@en .",lcmpt:
txalaparta,prefLabel,mp2013015759,http://id.loc.gov/authorities/performanceMediums/mp2013015759,"""txalaparta""@en .",lcmpt:
txistu,altLabel,mp2013015278,http://id.loc.gov/authorities/performanceMediums/mp2013015278,"""txistu""@en .",lcmpt:
tympani,altLabel,mp2013015733,http://id.loc.gov/authorities/performanceMediums/mp2013015733,"""tympani""@en .",lcmpt:
tʼpan,altLabel,mp2013015756,http://id.loc.gov/authorities/performanceMediums/mp2013015756,"""tʼpan""@en .",lcmpt:
ūd,altLabel,mp2013015525,http://id.loc.gov/authorities/performanceMediums/mp2013015525,"""ūd""@en .",lcmpt:
uilean pipe,altLabel,mp2013015760,http://id.loc.gov/authorities/performanceMediums/mp2013015760,"""uilean pipe""@en .",lcmpt:
uileann pipe,altLabel,mp2013015760,http://id.loc.gov/authorities/performanceMediums/mp2013015760,"""uileann pipe""@en .",lcmpt:
uilleann pipe,prefLabel,mp2013015760,http://id.loc.gov/authorities/performanceMediums/mp2013015760,"""uilleann pipe""@en .",lcmpt:
uke,altLabel,mp2013015761,http://id.loc.gov/authorities/performanceMediums/mp2013015761,"""uke""@en .",lcmpt:
ukelele,altLabel,mp2013015761,http://id.loc.gov/authorities/performanceMediums/mp2013015761,"""ukelele""@en .",lcmpt:
ukulele,prefLabel,mp2013015761,http://id.loc.gov/authorities/performanceMediums/mp2013015761,"""ukulele""@en .",lcmpt:
ukulele banjo,altLabel,mp2013015054,http://id.loc.gov/authorities/performanceMediums/mp2013015054,"""ukulele banjo""@en .",lcmpt:
unison chorus,prefLabel,mp2018015001,http://id.loc.gov/authorities/performanceMediums/mp2018015001,"""unison chorus""@en .",lcmpt:
unspecified instrument,altLabel,mp2013015354,http://id.loc.gov/authorities/performanceMediums/mp2013015354,"""unspecified instrument""@en .",lcmpt:
upright bass,altLabel,mp2013015216,http://id.loc.gov/authorities/performanceMediums/mp2013015216,"""upright bass""@en .",lcmpt:
upright piano,altLabel,mp2013015550,http://id.loc.gov/authorities/performanceMediums/mp2013015550,"""upright piano""@en .",lcmpt:
urucungu,altLabel,mp2013015080,http://id.loc.gov/authorities/performanceMediums/mp2013015080,"""urucungu""@en .",lcmpt:
valeha,altLabel,mp2013015762,http://id.loc.gov/authorities/performanceMediums/mp2013015762,"""valeha""@en .",lcmpt:
valiha,prefLabel,mp2013015762,http://id.loc.gov/authorities/performanceMediums/mp2013015762,"""valiha""@en .",lcmpt:
valiha-volo,altLabel,mp2013015762,http://id.loc.gov/authorities/performanceMediums/mp2013015762,"""valiha-volo""@en .",lcmpt:
valve trombone,altLabel,mp2013015747,http://id.loc.gov/authorities/performanceMediums/mp2013015747,"""valve trombone""@en .",lcmpt:
valve trumpet,altLabel,mp2013015748,http://id.loc.gov/authorities/performanceMediums/mp2013015748,"""valve trumpet""@en .",lcmpt:
vamp-horn,prefLabel,mp2013015763,http://id.loc.gov/authorities/performanceMediums/mp2013015763,"""vamp-horn""@en .",lcmpt:
vamping-horn,altLabel,mp2013015763,http://id.loc.gov/authorities/performanceMediums/mp2013015763,"""vamping-horn""@en .",lcmpt:
veena,altLabel,mp2013015770,http://id.loc.gov/authorities/performanceMediums/mp2013015770,"""veena""@en .",lcmpt:
veene,altLabel,mp2013015770,http://id.loc.gov/authorities/performanceMediums/mp2013015770,"""veene""@en .",lcmpt:
veṇu,prefLabel,mp2014015021,http://id.loc.gov/authorities/performanceMediums/mp2014015021,"""veṇu""@en .",lcmpt:
vēṇuvu,altLabel,mp2014015021,http://id.loc.gov/authorities/performanceMediums/mp2014015021,"""vēṇuvu""@en .",lcmpt:
verrophon,altLabel,mp2013015764,http://id.loc.gov/authorities/performanceMediums/mp2013015764,"""verrophon""@en .",lcmpt:
verrophone,prefLabel,mp2013015764,http://id.loc.gov/authorities/performanceMediums/mp2013015764,"""verrophone""@en .",lcmpt:
veuze,prefLabel,mp2013015765,http://id.loc.gov/authorities/performanceMediums/mp2013015765,"""veuze""@en .",lcmpt:
vibra-slap,altLabel,mp2019015024,http://id.loc.gov/authorities/performanceMediums/mp2019015024,"""vibra-slap""@en .",lcmpt:
vibraharp,altLabel,mp2013015766,http://id.loc.gov/authorities/performanceMediums/mp2013015766,"""vibraharp""@en .",lcmpt:
vibraphone,prefLabel,mp2013015766,http://id.loc.gov/authorities/performanceMediums/mp2013015766,"""vibraphone""@en .",lcmpt:
vibraslap,prefLabel,mp2019015024,http://id.loc.gov/authorities/performanceMediums/mp2019015024,"""vibraslap""@en .",lcmpt:
vichitra vina,altLabel,mp2013015768,http://id.loc.gov/authorities/performanceMediums/mp2013015768,"""vichitra vina""@en .",lcmpt:
vicitra vina,prefLabel,mp2013015768,http://id.loc.gov/authorities/performanceMediums/mp2013015768,"""vicitra vina""@en .",lcmpt:
vielle,altLabel,mp2013015347,http://id.loc.gov/authorities/performanceMediums/mp2013015347,"""vielle""@en .",lcmpt:
vielle à roue,altLabel,mp2013015347,http://id.loc.gov/authorities/performanceMediums/mp2013015347,"""vielle à roue""@en .",lcmpt:
vihuela,prefLabel,mp2013015769,http://id.loc.gov/authorities/performanceMediums/mp2013015769,"""vihuela""@en .",lcmpt:
vihuela comun,altLabel,mp2013015769,http://id.loc.gov/authorities/performanceMediums/mp2013015769,"""vihuela comun""@en .",lcmpt:
vihuela de mano,altLabel,mp2013015769,http://id.loc.gov/authorities/performanceMediums/mp2013015769,"""vihuela de mano""@en .",lcmpt:
vina,prefLabel,mp2013015770,http://id.loc.gov/authorities/performanceMediums/mp2013015770,"""vina""@en .",lcmpt:
vīṇai,altLabel,mp2013015770,http://id.loc.gov/authorities/performanceMediums/mp2013015770,"""vīṇai""@en .",lcmpt:
vīṇe,altLabel,mp2013015770,http://id.loc.gov/authorities/performanceMediums/mp2013015770,"""vīṇe""@en .",lcmpt:
viol,prefLabel,mp2013015771,http://id.loc.gov/authorities/performanceMediums/mp2013015771,"""viol""@en .",lcmpt:
"viol, bass",altLabel,mp2013015776,http://id.loc.gov/authorities/performanceMediums/mp2013015776,"""viol, bass""@en .",lcmpt:
viola,prefLabel,mp2013015772,http://id.loc.gov/authorities/performanceMediums/mp2013015772,"""viola""@en .",lcmpt:
viola bastarda,altLabel,mp2013015436,http://id.loc.gov/authorities/performanceMediums/mp2013015436,"""viola bastarda""@en .",lcmpt:
viola braguesa,altLabel,mp2013015774,http://id.loc.gov/authorities/performanceMediums/mp2013015774,"""viola braguesa""@en .",lcmpt:
viola choir,altLabel,mp2013015778,http://id.loc.gov/authorities/performanceMediums/mp2013015778,"""viola choir""@en .",lcmpt:
viola chuleira,altLabel,mp2013015774,http://id.loc.gov/authorities/performanceMediums/mp2013015774,"""viola chuleira""@en .",lcmpt:
viola d'amore,prefLabel,mp2013015773,http://id.loc.gov/authorities/performanceMediums/mp2013015773,"""viola d'amore""@en .",lcmpt:
viola d'arame,prefLabel,mp2013015774,http://id.loc.gov/authorities/performanceMediums/mp2013015774,"""viola d'arame""@en .",lcmpt:
viola da braccio,prefLabel,mp2013015775,http://id.loc.gov/authorities/performanceMediums/mp2013015775,"""viola da braccio""@en .",lcmpt:
viola da gamba,prefLabel,mp2013015776,http://id.loc.gov/authorities/performanceMediums/mp2013015776,"""viola da gamba""@en .",lcmpt:
viola da gamba (family of viols),altLabel,mp2013015771,http://id.loc.gov/authorities/performanceMediums/mp2013015771,"""viola da gamba (family of viols)""@en .",lcmpt:
viola de arame,altLabel,mp2013015774,http://id.loc.gov/authorities/performanceMediums/mp2013015774,"""viola de arame""@en .",lcmpt:
viola di bordone,altLabel,mp2013015062,http://id.loc.gov/authorities/performanceMediums/mp2013015062,"""viola di bordone""@en .",lcmpt:
viola ensemble,prefLabel,mp2013015778,http://id.loc.gov/authorities/performanceMediums/mp2013015778,"""viola ensemble""@en .",lcmpt:
viola paredon,altLabel,mp2013015062,http://id.loc.gov/authorities/performanceMediums/mp2013015062,"""viola paredon""@en .",lcmpt:
viola pomposa,prefLabel,mp2013015779,http://id.loc.gov/authorities/performanceMediums/mp2013015779,"""viola pomposa""@en .",lcmpt:
viola-de-cocho,prefLabel,mp2013015777,http://id.loc.gov/authorities/performanceMediums/mp2013015777,"""viola-de-cocho""@en .",lcmpt:
violano-virtuoso,prefLabel,mp2013015780,http://id.loc.gov/authorities/performanceMediums/mp2013015780,"""violano-virtuoso""@en .",lcmpt:
violetta d'amore,prefLabel,mp2013015781,http://id.loc.gov/authorities/performanceMediums/mp2013015781,"""violetta d'amore""@en .",lcmpt:
violin,prefLabel,mp2013015782,http://id.loc.gov/authorities/performanceMediums/mp2013015782,"""violin""@en .",lcmpt:
violin choir,altLabel,mp2013015835,http://id.loc.gov/authorities/performanceMediums/mp2013015835,"""violin choir""@en .",lcmpt:
violin ensemble,prefLabel,mp2013015835,http://id.loc.gov/authorities/performanceMediums/mp2013015835,"""violin ensemble""@en .",lcmpt:
violo,prefLabel,mp2013015783,http://id.loc.gov/authorities/performanceMediums/mp2013015783,"""violo""@en .",lcmpt:
violoncello,altLabel,mp2013015120,http://id.loc.gov/authorities/performanceMediums/mp2013015120,"""violoncello""@en .",lcmpt:
violoncello piccolo,prefLabel,mp2013015784,http://id.loc.gov/authorities/performanceMediums/mp2013015784,"""violoncello piccolo""@en .",lcmpt:
violone,prefLabel,mp2013015785,http://id.loc.gov/authorities/performanceMediums/mp2013015785,"""violone""@en .",lcmpt:
violotta,prefLabel,mp2013015786,http://id.loc.gov/authorities/performanceMediums/mp2013015786,"""violotta""@en .",lcmpt:
virginal,prefLabel,mp2013015787,http://id.loc.gov/authorities/performanceMediums/mp2013015787,"""virginal""@en .",lcmpt:
visuals,prefLabel,mp2013015788,http://id.loc.gov/authorities/performanceMediums/mp2013015788,"""visuals""@en .",lcmpt:
vocal ensemble,prefLabel,mp2013015789,http://id.loc.gov/authorities/performanceMediums/mp2013015789,"""vocal ensemble""@en .",lcmpt:
vocal percussion,prefLabel,mp2013015836,http://id.loc.gov/authorities/performanceMediums/mp2013015836,"""vocal percussion""@en .",lcmpt:
vocalion,prefLabel,mp2013015790,http://id.loc.gov/authorities/performanceMediums/mp2013015790,"""vocalion""@en .",lcmpt:
vocalist,altLabel,mp2013015646,http://id.loc.gov/authorities/performanceMediums/mp2013015646,"""vocalist""@en .",lcmpt:
voice,prefLabel,mp2013015791,http://id.loc.gov/authorities/performanceMediums/mp2013015791,"""voice""@en .",lcmpt:
volo,altLabel,mp2013015762,http://id.loc.gov/authorities/performanceMediums/mp2013015762,"""volo""@en .",lcmpt:
"Vosges, epinette des",altLabel,mp2013015253,http://id.loc.gov/authorities/performanceMediums/mp2013015253,"""Vosges, epinette des""@en .",lcmpt:
wa wa erh,altLabel,mp2013015687,http://id.loc.gov/authorities/performanceMediums/mp2013015687,"""wa wa erh""@en .",lcmpt:
Wagner horn,altLabel,mp2017015023,http://id.loc.gov/authorities/performanceMediums/mp2017015023,"""Wagner horn""@en .",lcmpt:
Wagner tuba,prefLabel,mp2017015023,http://id.loc.gov/authorities/performanceMediums/mp2017015023,"""Wagner tuba""@en .",lcmpt:
washboard,prefLabel,mp2013015792,http://id.loc.gov/authorities/performanceMediums/mp2013015792,"""washboard""@en .",lcmpt:
washboard band,prefLabel,mp2013015793,http://id.loc.gov/authorities/performanceMediums/mp2013015793,"""washboard band""@en .",lcmpt:
washint,prefLabel,mp2013015794,http://id.loc.gov/authorities/performanceMediums/mp2013015794,"""washint""@en .",lcmpt:
washtub bass,prefLabel,mp2013015795,http://id.loc.gov/authorities/performanceMediums/mp2013015795,"""washtub bass""@en .",lcmpt:
wāšint,altLabel,mp2013015794,http://id.loc.gov/authorities/performanceMediums/mp2013015794,"""wāšint""@en .",lcmpt:
water organ,prefLabel,mp2013015796,http://id.loc.gov/authorities/performanceMediums/mp2013015796,"""water organ""@en .",lcmpt:
waterphone,prefLabel,mp2013015797,http://id.loc.gov/authorities/performanceMediums/mp2013015797,"""waterphone""@en .",lcmpt:
Welsh harp,altLabel,mp2013015356,http://id.loc.gov/authorities/performanceMediums/mp2013015356,"""Welsh harp""@en .",lcmpt:
Welsh harp (triple harp),altLabel,mp2019015018,http://id.loc.gov/authorities/performanceMediums/mp2019015018,"""Welsh harp (triple harp)""@en .",lcmpt:
Welsh triple harp,altLabel,mp2019015018,http://id.loc.gov/authorities/performanceMediums/mp2019015018,"""Welsh triple harp""@en .",lcmpt:
whistle,prefLabel,mp2013015798,http://id.loc.gov/authorities/performanceMediums/mp2013015798,"""whistle""@en .",lcmpt:
whistle (penny whistle),altLabel,mp2013015539,http://id.loc.gov/authorities/performanceMediums/mp2013015539,"""whistle (penny whistle)""@en .",lcmpt:
whistling,prefLabel,mp2013015799,http://id.loc.gov/authorities/performanceMediums/mp2013015799,"""whistling""@en .",lcmpt:
wind band,altLabel,mp2013015048,http://id.loc.gov/authorities/performanceMediums/mp2013015048,"""wind band""@en .",lcmpt:
wind chime,prefLabel,mp2013015800,http://id.loc.gov/authorities/performanceMediums/mp2013015800,"""wind chime""@en .",lcmpt:
wind controller,prefLabel,mp2013015801,http://id.loc.gov/authorities/performanceMediums/mp2013015801,"""wind controller""@en .",lcmpt:
wind ensemble,prefLabel,mp2013015802,http://id.loc.gov/authorities/performanceMediums/mp2013015802,"""wind ensemble""@en .",lcmpt:
wind ensemble (band),altLabel,mp2013015048,http://id.loc.gov/authorities/performanceMediums/mp2013015048,"""wind ensemble (band)""@en .",lcmpt:
wind instrument,prefLabel,mp2013015803,http://id.loc.gov/authorities/performanceMediums/mp2013015803,"""wind instrument""@en .",lcmpt:
wind machine,prefLabel,mp2013015804,http://id.loc.gov/authorities/performanceMediums/mp2013015804,"""wind machine""@en .",lcmpt:
wind orchestra,altLabel,mp2013015048,http://id.loc.gov/authorities/performanceMediums/mp2013015048,"""wind orchestra""@en .",lcmpt:
wind symphony,altLabel,mp2013015048,http://id.loc.gov/authorities/performanceMediums/mp2013015048,"""wind symphony""@en .",lcmpt:
wind-bell,altLabel,mp2013015800,http://id.loc.gov/authorities/performanceMediums/mp2013015800,"""wind-bell""@en .",lcmpt:
windchime,altLabel,mp2013015800,http://id.loc.gov/authorities/performanceMediums/mp2013015800,"""windchime""@en .",lcmpt:
woman's voice,altLabel,mp2013015259,http://id.loc.gov/authorities/performanceMediums/mp2013015259,"""woman's voice""@en .",lcmpt:
women's chorus,prefLabel,mp2013015805,http://id.loc.gov/authorities/performanceMediums/mp2013015805,"""women's chorus""@en .",lcmpt:
wood block,prefLabel,mp2017015001,http://id.loc.gov/authorities/performanceMediums/mp2017015001,"""wood block""@en .",lcmpt:
wood-wind instrument,altLabel,mp2013015807,http://id.loc.gov/authorities/performanceMediums/mp2013015807,"""wood-wind instrument""@en .",lcmpt:
woodblock,altLabel,mp2017015001,http://id.loc.gov/authorities/performanceMediums/mp2017015001,"""woodblock""@en .",lcmpt:
woodwind ensemble,prefLabel,mp2013015806,http://id.loc.gov/authorities/performanceMediums/mp2013015806,"""woodwind ensemble""@en .",lcmpt:
woodwind instrument,prefLabel,mp2013015807,http://id.loc.gov/authorities/performanceMediums/mp2013015807,"""woodwind instrument""@en .",lcmpt:
wu li wa,altLabel,mp2013015687,http://id.loc.gov/authorities/performanceMediums/mp2013015687,"""wu li wa""@en .",lcmpt:
xaramita,altLabel,mp2013015301,http://id.loc.gov/authorities/performanceMediums/mp2013015301,"""xaramita""@en .",lcmpt:
xian ze,altLabel,mp2013015613,http://id.loc.gov/authorities/performanceMediums/mp2013015613,"""xian ze""@en .",lcmpt:
xianzi,altLabel,mp2013015613,http://id.loc.gov/authorities/performanceMediums/mp2013015613,"""xianzi""@en .",lcmpt:
xiao,prefLabel,mp2013015808,http://id.loc.gov/authorities/performanceMediums/mp2013015808,"""xiao""@en .",lcmpt:
xiaoluo,altLabel,mp2016015011,http://id.loc.gov/authorities/performanceMediums/mp2016015011,"""xiaoluo""@en .",lcmpt:
xirimía,altLabel,mp2013015141,http://id.loc.gov/authorities/performanceMediums/mp2013015141,"""xirimía""@en .",lcmpt:
xirimita,altLabel,mp2013015301,http://id.loc.gov/authorities/performanceMediums/mp2013015301,"""xirimita""@en .",lcmpt:
xun,prefLabel,mp2013015809,http://id.loc.gov/authorities/performanceMediums/mp2013015809,"""xun""@en .",lcmpt:
xylo-marimba,altLabel,mp2013015811,http://id.loc.gov/authorities/performanceMediums/mp2013015811,"""xylo-marimba""@en .",lcmpt:
xylophone,prefLabel,mp2013015810,http://id.loc.gov/authorities/performanceMediums/mp2013015810,"""xylophone""@en .",lcmpt:
xylophone controller,altLabel,mp2013015442,http://id.loc.gov/authorities/performanceMediums/mp2013015442,"""xylophone controller""@en .",lcmpt:
xylorimba,prefLabel,mp2013015811,http://id.loc.gov/authorities/performanceMediums/mp2013015811,"""xylorimba""@en .",lcmpt:
yamatobue,altLabel,mp2013015369,http://id.loc.gov/authorities/performanceMediums/mp2013015369,"""yamatobue""@en .",lcmpt:
yanchin,altLabel,mp2013015817,http://id.loc.gov/authorities/performanceMediums/mp2013015817,"""yanchin""@en .",lcmpt:
yanchir,altLabel,mp2013015817,http://id.loc.gov/authorities/performanceMediums/mp2013015817,"""yanchir""@en .",lcmpt:
yang qin,prefLabel,mp2013015813,http://id.loc.gov/authorities/performanceMediums/mp2013015813,"""yang qin""@en .",lcmpt:
yanggŭm,prefLabel,mp2013015814,http://id.loc.gov/authorities/performanceMediums/mp2013015814,"""yanggŭm""@en .",lcmpt:
yangqin,altLabel,mp2013015813,http://id.loc.gov/authorities/performanceMediums/mp2013015813,"""yangqin""@en .",lcmpt:
yaogu,prefLabel,mp2013015815,http://id.loc.gov/authorities/performanceMediums/mp2013015815,"""yaogu""@en .",lcmpt:
yataga,altLabel,mp2013015816,http://id.loc.gov/authorities/performanceMediums/mp2013015816,"""yataga""@en .",lcmpt:
yatga,prefLabel,mp2013015816,http://id.loc.gov/authorities/performanceMediums/mp2013015816,"""yatga""@en .",lcmpt:
yatug,altLabel,mp2013015816,http://id.loc.gov/authorities/performanceMediums/mp2013015816,"""yatug""@en .",lcmpt:
yatuġ-a,altLabel,mp2013015816,http://id.loc.gov/authorities/performanceMediums/mp2013015816,"""yatuġ-a""@en .",lcmpt:
yatuga,altLabel,mp2013015816,http://id.loc.gov/authorities/performanceMediums/mp2013015816,"""yatuga""@en .",lcmpt:
yoochin (dulcimer),prefLabel,mp2013015817,http://id.loc.gov/authorities/performanceMediums/mp2013015817,"""yoochin (dulcimer)""@en .",lcmpt:
yue hu,altLabel,mp2013015287,http://id.loc.gov/authorities/performanceMediums/mp2013015287,"""yue hu""@en .",lcmpt:
yue qin,prefLabel,mp2013015818,http://id.loc.gov/authorities/performanceMediums/mp2013015818,"""yue qin""@en .",lcmpt:
yueqin,altLabel,mp2013015818,http://id.loc.gov/authorities/performanceMediums/mp2013015818,"""yueqin""@en .",lcmpt:
yuka,prefLabel,mp2013015819,http://id.loc.gov/authorities/performanceMediums/mp2013015819,"""yuka""@en .",lcmpt:
yukelele,altLabel,mp2013015761,http://id.loc.gov/authorities/performanceMediums/mp2013015761,"""yukelele""@en .",lcmpt:
zampoña,altLabel,mp2013015644,http://id.loc.gov/authorities/performanceMediums/mp2013015644,"""zampoña""@en .",lcmpt:
zarah,altLabel,mp2013015378,http://id.loc.gov/authorities/performanceMediums/mp2013015378,"""zarah""@en .",lcmpt:
zarb,prefLabel,mp2013015820,http://id.loc.gov/authorities/performanceMediums/mp2013015820,"""zarb""@en .",lcmpt:
zheng,prefLabel,mp2013015821,http://id.loc.gov/authorities/performanceMediums/mp2013015821,"""zheng""@en .",lcmpt:
zhong hu,prefLabel,mp2013015822,http://id.loc.gov/authorities/performanceMediums/mp2013015822,"""zhong hu""@en .",lcmpt:
zhonghu,altLabel,mp2013015822,http://id.loc.gov/authorities/performanceMediums/mp2013015822,"""zhonghu""@en .",lcmpt:
zhongruan,altLabel,mp2013015604,http://id.loc.gov/authorities/performanceMediums/mp2013015604,"""zhongruan""@en .",lcmpt:
zhui qin,prefLabel,mp2013015823,http://id.loc.gov/authorities/performanceMediums/mp2013015823,"""zhui qin""@en .",lcmpt:
zilia,altLabel,mp2013015263,http://id.loc.gov/authorities/performanceMediums/mp2013015263,"""zilia""@en .",lcmpt:
zils,altLabel,mp2013015263,http://id.loc.gov/authorities/performanceMediums/mp2013015263,"""zils""@en .",lcmpt:
zink,altLabel,mp2013015185,http://id.loc.gov/authorities/performanceMediums/mp2013015185,"""zink""@en .",lcmpt:
zither,prefLabel,mp2013015824,http://id.loc.gov/authorities/performanceMediums/mp2013015824,"""zither""@en .",lcmpt:
zither ensemble,prefLabel,mp2013015825,http://id.loc.gov/authorities/performanceMediums/mp2013015825,"""zither ensemble""@en .",lcmpt:
zither harp,altLabel,mp2013015331,http://id.loc.gov/authorities/performanceMediums/mp2013015331,"""zither harp""@en .",lcmpt:
zitho-harp,prefLabel,mp2013015826,http://id.loc.gov/authorities/performanceMediums/mp2013015826,"""zitho-harp""@en .",lcmpt:
zoomoozophone,prefLabel,mp2013015827,http://id.loc.gov/authorities/performanceMediums/mp2013015827,"""zoomoozophone""@en .",lcmpt:
zukra,altLabel,mp2013015829,http://id.loc.gov/authorities/performanceMediums/mp2013015829,"""zukra""@en .",lcmpt:
zumari,prefLabel,mp2013015828,http://id.loc.gov/authorities/performanceMediums/mp2013015828,"""zumari""@en .",lcmpt:
zurla,altLabel,mp2013015829,http://id.loc.gov/authorities/performanceMediums/mp2013015829,"""zurla""@en .",lcmpt:
zūrnā,prefLabel,mp2013015829,http://id.loc.gov/authorities/performanceMediums/mp2013015829,"""zūrnā""@en .",lcmpt:
žvegljica,altLabel,mp2013015691,http://id.loc.gov/authorities/performanceMediums/mp2013015691,"""žvegljica""@en .",lcmpt: