lcmpt-label,lcmpt-id,lcmpt-uri,broader-label,skos:broader,skos:note
accordion,mp2013015001,http://id.loc.gov/authorities/performanceMediums/mp2013015001,free reed instrument,http://id.loc.gov/authorities/performanceMediums/mp2013015271,
accordion band,mp2013015002,http://id.loc.gov/authorities/performanceMediums/mp2013015002,instrumental ensemble,http://id.loc.gov/authorities/performanceMediums/mp2013015812,"An ensemble consisting of two or more accordions, with or without percussion and other instruments."
acoustic bass guitar,mp2013015003,http://id.loc.gov/authorities/performanceMediums/mp2013015003,guitar,http://id.loc.gov/authorities/performanceMediums/mp2013015306,
actor,mp2013015004,http://id.loc.gov/authorities/performanceMediums/mp2013015004,performer,http://id.loc.gov/authorities/performanceMediums/mp2013015545,"An actor in a non-singing role who is required for the performance of a musical composition with dramatic elements. For a performer who uses a speaking voice, rather than a singing voice, in a non-dramatic work see [speaker.]"
aeolian harp,mp2013015005,http://id.loc.gov/authorities/performanceMediums/mp2013015005,zither,http://id.loc.gov/authorities/performanceMediums/mp2013015824,
aerophone,mp2013015006,http://id.loc.gov/authorities/performanceMediums/mp2013015006,instrument,http://id.loc.gov/authorities/performanceMediums/mp2013015354,A musical instrument that creates sound through the vibration of air without the use of strings or membranes.
agogo,mp2014015007,http://id.loc.gov/authorities/performanceMediums/mp2014015007,bell,http://id.loc.gov/authorities/performanceMediums/mp2013015079,A conical bell or bells mounted on a sprung steel hoop.
ajaeng,mp2013015007,http://id.loc.gov/authorities/performanceMediums/mp2013015007,zither,http://id.loc.gov/authorities/performanceMediums/mp2013015824,
alboka,mp2013015008,http://id.loc.gov/authorities/performanceMediums/mp2013015008,double reed instrument,http://id.loc.gov/authorities/performanceMediums/mp2013015217,A Basque hornpipe with two pipes played simultaneously.
algōjā,mp2013015009,http://id.loc.gov/authorities/performanceMediums/mp2013015009,duct flute,http://id.loc.gov/authorities/performanceMediums/mp2013015223,"A pair of end-blown flutes played simultaneously, widespread in the Indian subcontinent."
alō̜,mp2013015608,http://id.loc.gov/authorities/performanceMediums/mp2013015608,bowed lute,http://id.loc.gov/authorities/performanceMediums/mp2013015097,A Thai two-string spike fiddle with a separate bow and coconut shell resonator.
alphorn,mp2013015010,http://id.loc.gov/authorities/performanceMediums/mp2013015010,natural horn,http://id.loc.gov/authorities/performanceMediums/mp2013015496,
alto clarinet,mp2013015011,http://id.loc.gov/authorities/performanceMediums/mp2013015011,clarinet,http://id.loc.gov/authorities/performanceMediums/mp2013015154,An alto member of the clarinet family that is associated with Western art music and is normally pitched in E♭.
alto flute,mp2013015012,http://id.loc.gov/authorities/performanceMediums/mp2013015012,flute,http://id.loc.gov/authorities/performanceMediums/mp2013015268,"A flute in G, a fourth below the concert flute."
alto horn,mp2013015013,http://id.loc.gov/authorities/performanceMediums/mp2013015013,saxhorn,http://id.loc.gov/authorities/performanceMediums/mp2013015623,A valved brass instrument of alto pitch that is similar to a small euphonium in shape.
alto recorder,mp2013015014,http://id.loc.gov/authorities/performanceMediums/mp2013015014,recorder,http://id.loc.gov/authorities/performanceMediums/mp2013015597,
alto saxophone,mp2013015015,http://id.loc.gov/authorities/performanceMediums/mp2013015015,saxophone,http://id.loc.gov/authorities/performanceMediums/mp2013015625,
alto trombone,mp2013015016,http://id.loc.gov/authorities/performanceMediums/mp2013015016,trombone,http://id.loc.gov/authorities/performanceMediums/mp2013015747,
alto voice,mp2013015017,http://id.loc.gov/authorities/performanceMediums/mp2013015017,low voice,http://id.loc.gov/authorities/performanceMediums/mp2013015429,
amadinda,mp2013015018,http://id.loc.gov/authorities/performanceMediums/mp2013015018,xylophone,http://id.loc.gov/authorities/performanceMediums/mp2013015810,A log xylophone of the Ganda people of Uganda.
amplified palette,mp2017015016,http://id.loc.gov/authorities/performanceMediums/mp2017015016,"electronic instrument,friction idiophone,struck idiophone","http://id.loc.gov/authorities/performanceMediums/mp2013015244,http://id.loc.gov/authorities/performanceMediums/mp2013015273,http://id.loc.gov/authorities/performanceMediums/mp2013015682",
angklung (rattle),mp2013015019,http://id.loc.gov/authorities/performanceMediums/mp2013015019,shaken idiophone,http://id.loc.gov/authorities/performanceMediums/mp2019015021,"A tuned bamboo sliding rattle of Indonesia and Southeast Asia, or a set of such rattles."
angklung (xylophone),mp2013015020,http://id.loc.gov/authorities/performanceMediums/mp2013015020,xylophone,http://id.loc.gov/authorities/performanceMediums/mp2013015810,An East Javanese xylophone consisting of bamboo tubes in a frame.
Appalachian dulcimer,mp2013015022,http://id.loc.gov/authorities/performanceMediums/mp2013015022,"plucked string instrument,zither","http://id.loc.gov/authorities/performanceMediums/mp2013015565,http://id.loc.gov/authorities/performanceMediums/mp2013015824",
arará,mp2013015023,http://id.loc.gov/authorities/performanceMediums/mp2013015023,drum,http://id.loc.gov/authorities/performanceMediums/mp2013015218,A drum constructed by the Arará people of Cuba.
archiphone,mp2013015024,http://id.loc.gov/authorities/performanceMediums/mp2013015024,electronic organ,http://id.loc.gov/authorities/performanceMediums/mp2013015245,A microtonal electronic organ first built in 1970 in the Netherlands.
archlute,mp2013015025,http://id.loc.gov/authorities/performanceMediums/mp2013015025,lute,http://id.loc.gov/authorities/performanceMediums/mp2013015433,"An extended-neck lute with two peg boxes that was principally used in the Baroque period, on which the upper courses are tuned like a Renaissance lute and the diapasons are tuned diatonically."
arcicembalo,mp2013015026,http://id.loc.gov/authorities/performanceMediums/mp2013015026,harpsichord,http://id.loc.gov/authorities/performanceMediums/mp2013015433,"A harpsichord equipped with many divided keys, or a second manual, to allow more precise tuning of diatonic, chromatic, and enharmonic notes."
armpit squeezing,mp2013015027,http://id.loc.gov/authorities/performanceMediums/mp2013015027,"aerophone,body percussion","http://id.loc.gov/authorities/performanceMediums/mp2013015006,http://id.loc.gov/authorities/performanceMediums/mp2013015090",A performer who traps air in his or her armpit and creates sound through a squeezing motion.
arpeggione,mp2013015028,http://id.loc.gov/authorities/performanceMediums/mp2013015028,bowed lute,http://id.loc.gov/authorities/performanceMediums/mp2013015097,"A fretted bowed string instrument of the 19th century, tuned like a guitar."
atabaque,mp2013015029,http://id.loc.gov/authorities/performanceMediums/mp2013015029,drum,http://id.loc.gov/authorities/performanceMediums/mp2013015218,"A large, narrow, single-headed conical drum from Brazil."
atenteben,mp2013015031,http://id.loc.gov/authorities/performanceMediums/mp2013015031,duct flute,http://id.loc.gov/authorities/performanceMediums/mp2013015223,An end-blown bamboo flute from Ghana.
audeharp,mp2013015032,http://id.loc.gov/authorities/performanceMediums/mp2013015032,harp,http://id.loc.gov/authorities/performanceMediums/mp2013015325,A wooden harp with sixty parallel strings in two planes that intersect near the middle.
audience,mp2013015033,http://id.loc.gov/authorities/performanceMediums/mp2013015033,"ensemble,performer","http://id.loc.gov/authorities/performanceMediums/mp2013015252,http://id.loc.gov/authorities/performanceMediums/mp2013015545","One or more participants in the performance of a musical work, other than the performer(s) on stage or otherwise presenting the work."
aulos,mp2013015034,http://id.loc.gov/authorities/performanceMediums/mp2013015034,double reed instrument,http://id.loc.gov/authorities/performanceMediums/mp2013015217,An ancient Greek reed instrument typically played in pairs by one player.
autoharp,mp2013015035,http://id.loc.gov/authorities/performanceMediums/mp2013015035,"plucked string instrument,zither","http://id.loc.gov/authorities/performanceMediums/mp2013015565,http://id.loc.gov/authorities/performanceMediums/mp2013015824",
babadok,mp2013015036,http://id.loc.gov/authorities/performanceMediums/mp2013015036,drum,http://id.loc.gov/authorities/performanceMediums/mp2013015218,A small conical drum played by women in Timor-Leste.
baby rattle,mp2013015037,http://id.loc.gov/authorities/performanceMediums/mp2013015037,"rattle,toy instrument","http://id.loc.gov/authorities/performanceMediums/mp2013015593,http://id.loc.gov/authorities/performanceMediums/mp2013015739","A toy rattle usually used to entertain infants, but sometimes used as a musical instrument."
bağlama,mp2013015038,http://id.loc.gov/authorities/performanceMediums/mp2013015038,saz,http://id.loc.gov/authorities/performanceMediums/mp2013015626,A Turkish long-necked lute.
bagpipe,mp2013015039,http://id.loc.gov/authorities/performanceMediums/mp2013015039,double reed instrument,http://id.loc.gov/authorities/performanceMediums/mp2013015217,
bajo sexto,mp2013015041,http://id.loc.gov/authorities/performanceMediums/mp2013015041,guitar,http://id.loc.gov/authorities/performanceMediums/mp2013015306,A large 12-string Mexican guitar.
bālabān (double reed instrument),mp2013015042,http://id.loc.gov/authorities/performanceMediums/mp2013015042,double reed instrument,http://id.loc.gov/authorities/performanceMediums/mp2013015217,A traditional cylindrical oboe of the Caucasas.
bālabān (single reed instrument),mp2013015043,http://id.loc.gov/authorities/performanceMediums/mp2013015043,single reed instrument,http://id.loc.gov/authorities/performanceMediums/mp2013015648,A single reed instrument of the Uzbek and Tajik peoples of Central Asia.
balalaika,mp2013015044,http://id.loc.gov/authorities/performanceMediums/mp2013015044,plucked lute,http://id.loc.gov/authorities/performanceMediums/mp2013015320,A Russian folk stringed instrument with a long neck and triangular body.
balalaika ensemble,mp2013015846,http://id.loc.gov/authorities/performanceMediums/mp2013015846,plucked instrument ensemble,http://id.loc.gov/authorities/performanceMediums/mp2013015564,An ensemble consisting of two or more balalaikas.
balalaika orchestra,mp2013015832,http://id.loc.gov/authorities/performanceMediums/mp2013015832,instrumental ensemble,http://id.loc.gov/authorities/performanceMediums/mp2013015812,"An ensemble consisting largely or wholly of balalaikas and domras of different sizes, usually including other Russian or Ukrainian folk instruments, percussion, woodwinds, and one or more bayans."
balloon,mp2013015045,http://id.loc.gov/authorities/performanceMediums/mp2013015045,"aerophone,percussion instrument","http://id.loc.gov/authorities/performanceMediums/mp2013015006,http://id.loc.gov/authorities/performanceMediums/mp2013015544",
balo,mp2013015046,http://id.loc.gov/authorities/performanceMediums/mp2013015046,mallet instrument,http://id.loc.gov/authorities/performanceMediums/mp2013015444,"A West African gourd-resonated frame xylophone."
Baltic psaltery,mp2013015373,http://id.loc.gov/authorities/performanceMediums/mp2013015373,psaltery,http://id.loc.gov/authorities/performanceMediums/mp2013015578,
bamboo marimba,mp2016015018,http://id.loc.gov/authorities/performanceMediums/mp2016015018,mallet instrument,http://id.loc.gov/authorities/performanceMediums/mp2013015444,
bambuso sonoro,mp2013015047,http://id.loc.gov/authorities/performanceMediums/mp2013015047,organ,http://id.loc.gov/authorities/performanceMediums/mp2013015519,"An experimental bamboo organ designed by artist Hans van Koolwijk."
band,mp2013015048,http://id.loc.gov/authorities/performanceMediums/mp2013015048,instrumental ensemble,http://id.loc.gov/authorities/performanceMediums/mp2013015812,"A large ensemble consisting primarily of woodwinds, brass, and percussion. For an ensemble consisting of two or more mixed woodwind or brass instruments, see [wind ensemble.] For an ensemble consisting of brass or woodwinds only, see [brass ensemble] or [woodwind ensemble.]"
bandolín,mp2014015026,http://id.loc.gov/authorities/performanceMediums/mp2014015026,plucked lute,http://id.loc.gov/authorities/performanceMediums/mp2013015320,A 15-stringed instrument from Ecuador that derives from the bandurria and/or bandola
bandoneon,mp2013015049,http://id.loc.gov/authorities/performanceMediums/mp2013015049,button-key accordion,http://id.loc.gov/authorities/performanceMediums/mp2013015108,A plucked wire-strung bass instrument invented in England in the 16th century.
bandora,mp2013015050,http://id.loc.gov/authorities/performanceMediums/mp2013015050,plucked lute,http://id.loc.gov/authorities/performanceMediums/mp2013015320,A plucked wire-strung bass instrument invented in England in the 16th century.
bandura,mp2013015051,http://id.loc.gov/authorities/performanceMediums/mp2013015051,plucked string instrument,http://id.loc.gov/authorities/performanceMediums/mp2013015565,A Ukrainian plucked-string instrument which combines elements of lute and zither construction.
bandurria,mp2013015052,http://id.loc.gov/authorities/performanceMediums/mp2013015052,plucked lute,http://id.loc.gov/authorities/performanceMediums/mp2013015320,"A plucked string instrument from Spain, Latin America, and the Philippines."
bangdi,mp2016015004,http://id.loc.gov/authorities/performanceMediums/mp2016015004,di zi,http://id.loc.gov/authorities/performanceMediums/mp2013015207,
banjo,mp2013015053,http://id.loc.gov/authorities/performanceMediums/mp2013015053,plucked lute,http://id.loc.gov/authorities/performanceMediums/mp2013015320,
banjo ukulele,mp2013015054,http://id.loc.gov/authorities/performanceMediums/mp2013015054,plucked lute,http://id.loc.gov/authorities/performanceMediums/mp2013015320,"An instrument combining a banjo body and ukulele tuning."
bānsurī,mp2013015055,http://id.loc.gov/authorities/performanceMediums/mp2013015055,ductless flute,http://id.loc.gov/authorities/performanceMediums/mp2013015224,"One of various types of South Asian flutes."
baritone horn,mp2013015056,http://id.loc.gov/authorities/performanceMediums/mp2013015056,saxhorn,http://id.loc.gov/authorities/performanceMediums/mp2013015623,"The baritone instrument of the saxhorn family, pitched in B♭. For the tenor of the tuba family see [euphonium]"
baritone saxophone,mp2013015057,http://id.loc.gov/authorities/performanceMediums/mp2013015057,saxophone,http://id.loc.gov/authorities/performanceMediums/mp2013015625,
baritone voice,mp2013015058,http://id.loc.gov/authorities/performanceMediums/mp2013015058,medium voice,http://id.loc.gov/authorities/performanceMediums/mp2013015461,
Baroque lute,mp2013015059,http://id.loc.gov/authorities/performanceMediums/mp2013015059,lute,http://id.loc.gov/authorities/performanceMediums/mp2013015433,"A lute popular in 17th-18th century Europe that has ten to thirteen courses, and the upper courses are tuned to an open D minor chord."
barrel organ,mp2013015060,http://id.loc.gov/authorities/performanceMediums/mp2013015060,mechanical organ,http://id.loc.gov/authorities/performanceMediums/mp2013015457,"A small organ played chiefly by street musicians, in which a barrel with pins or staples is activated by a hand crank."
barrel piano,mp2013015061,http://id.loc.gov/authorities/performanceMediums/mp2013015061,mechanical piano,http://id.loc.gov/authorities/performanceMediums/mp2013015458,"A mechanical piano activated by a hand crank, with a pinned barrel or cylinder, played chiefly by street musicians."
baryton,mp2013015062,http://id.loc.gov/authorities/performanceMediums/mp2013015062,bowed lute,http://id.loc.gov/authorities/performanceMediums/mp2013015097,"An 18th century bowed string instrument similar to the bass viol, but with the addition of sympathetic wire strings which could also be plucked with the left thumb."
bass clarinet,mp2013015064,http://id.loc.gov/authorities/performanceMediums/mp2013015064,clarinet,http://id.loc.gov/authorities/performanceMediums/mp2013015154,"A bass member of the clarinet family that is associated with Western art music and is generally pitched in B♭, an octave below the soprano clarinet."
bass drum,mp2013015065,http://id.loc.gov/authorities/performanceMediums/mp2013015065,drum,http://id.loc.gov/authorities/performanceMediums/mp2013015218,
bass flute,mp2013015066,http://id.loc.gov/authorities/performanceMediums/mp2013015066,flute,http://id.loc.gov/authorities/performanceMediums/mp2013015268,"A flute pitched in C, an octave below the concert flute."
bass guitar,mp2013015067,http://id.loc.gov/authorities/performanceMediums/mp2013015067,electric guitar,http://id.loc.gov/authorities/performanceMediums/mp2013015239,
bass instrument,mp2019015017,http://id.loc.gov/authorities/performanceMediums/mp2019015017,melody instrument,http://id.loc.gov/authorities/performanceMediums/mp2013015466,
bass marimba,mp2016015013,http://id.loc.gov/authorities/performanceMediums/mp2016015013,marimba,http://id.loc.gov/authorities/performanceMediums/mp2013015452,
bass oboe,mp2016015021,http://id.loc.gov/authorities/performanceMediums/mp2016015021,oboe,http://id.loc.gov/authorities/performanceMediums/mp2013015507,"An oboe pitched an octave below the standard orchestral oboe that is shaped like a large English horn."
bass recorder,mp2013015068,http://id.loc.gov/authorities/performanceMediums/mp2013015068,recorder,http://id.loc.gov/authorities/performanceMediums/mp2013015597,
bass saxophone,mp2013015069,http://id.loc.gov/authorities/performanceMediums/mp2013015069,saxophone,http://id.loc.gov/authorities/performanceMediums/mp2013015625,
bass trombone,mp2013015070,http://id.loc.gov/authorities/performanceMediums/mp2013015070,trombone,http://id.loc.gov/authorities/performanceMediums/mp2013015747,
bass trumpet,mp2018015014,http://id.loc.gov/authorities/performanceMediums/mp2018015014,trumpet,http://id.loc.gov/authorities/performanceMediums/mp2013015748,
bass voice,mp2013015071,http://id.loc.gov/authorities/performanceMediums/mp2013015071,low voice,http://id.loc.gov/authorities/performanceMediums/mp2013015429,
bass-baritone voice,mp2013015063,http://id.loc.gov/authorities/performanceMediums/mp2013015063,low voice,http://id.loc.gov/authorities/performanceMediums/mp2013015429,"A voice combining the compass and attributes of bass and baritone."
bass-horn (serpent),mp2019015003,http://id.loc.gov/authorities/performanceMediums/mp2019015003,serpent,http://id.loc.gov/authorities/performanceMediums/mp2013015631,"An upright serpent, consisting of a 230 cm long conical tube, a widely flared bell, and a swan-neck crook, that is generally made out of copper or brass."
basset clarinet,mp2013015072,http://id.loc.gov/authorities/performanceMediums/mp2013015072,clarinet,http://id.loc.gov/authorities/performanceMediums/mp2013015154,"A clarinet similar to the soprano clarinet but with an extended lower range."
basset horn,mp2013015073,http://id.loc.gov/authorities/performanceMediums/mp2013015073,clarinet,http://id.loc.gov/authorities/performanceMediums/mp2013015154,
basso profondo,mp2018015007,http://id.loc.gov/authorities/performanceMediums/mp2018015007,low voice,http://id.loc.gov/authorities/performanceMediums/mp2013015429,
bassoon,mp2013015074,http://id.loc.gov/authorities/performanceMediums/mp2013015074,double reed instrument,http://id.loc.gov/authorities/performanceMediums/mp2013015217,
batá,mp2013015075,http://id.loc.gov/authorities/performanceMediums/mp2013015075,hourglass drum,http://id.loc.gov/authorities/performanceMediums/mp2013015343,"A double-headed hourglass drum of the Afro-Cuban Lucumí cult."
bayan,mp2013015076,http://id.loc.gov/authorities/performanceMediums/mp2013015076,button-key accordion,http://id.loc.gov/authorities/performanceMediums/mp2013015108,"A Russian chromatic button-key accordion developed in the 20th century."
begena,mp2013015078,http://id.loc.gov/authorities/performanceMediums/mp2013015078,lyre,http://id.loc.gov/authorities/performanceMediums/mp2013015437,"An Ethiopian lyre with a box resonator."
bell,mp2013015079,http://id.loc.gov/authorities/performanceMediums/mp2013015079,percussion idiophone,http://id.loc.gov/authorities/performanceMediums/mp2013015543,"A pitched or unpitched directly struck percussion idiophone shaped as a cup or hollow sphere. For an unspecified or undetermined cluster of bells or other objects of indefinite pitch which are held, worn, or suspended, then shaken for rhythmic effect see [jingles (percussion).]"
bendīr,mp2017015009,http://id.loc.gov/authorities/performanceMediums/mp2017015009,frame drum,http://id.loc.gov/authorities/performanceMediums/mp2013015269,Circular single-headed frame drum of North Africa with gut snares running across the underside of the head.
berimbau,mp2013015080,http://id.loc.gov/authorities/performanceMediums/mp2013015080,"musical bow,struck string instrument","http://id.loc.gov/authorities/performanceMediums/mp2013015489,http://id.loc.gov/authorities/performanceMediums/mp2013015489","A single-string Brazilian musical bow with a gourd resonator that is played with a stick."
bian zhong,mp2013015081,http://id.loc.gov/authorities/performanceMediums/mp2013015081,bell,http://id.loc.gov/authorities/performanceMediums/mp2013015079,"A set of bronze bells of China."
bichromatic harmonium,mp2013015082,http://id.loc.gov/authorities/performanceMediums/mp2013015082,reed organ,http://id.loc.gov/authorities/performanceMediums/mp2013015599,"A quarter-tone harmonium invented by Willi von Möllendorff in the early 20th century."
big band,mp2013015083,http://id.loc.gov/authorities/performanceMediums/mp2013015083,band,http://id.loc.gov/authorities/performanceMediums/mp2013015048,"A band generally of 10-15 solo instruments, predominantly winds, and sometimes including a vocalist, that performs jazz and popular music for social dancing."
bilo,mp2013015084,http://id.loc.gov/authorities/performanceMediums/mp2013015084,percussion idiophone,http://id.loc.gov/authorities/performanceMediums/mp2013015543,"An ancient Russian percussion plaque or disc that is suspended from a tree."
birbynė,mp2013015085,http://id.loc.gov/authorities/performanceMediums/mp2013015085,single reed instrument,http://id.loc.gov/authorities/performanceMediums/mp2013015648,"A single-reed folk instrument of Lithuania."
biwa,mp2013015086,http://id.loc.gov/authorities/performanceMediums/mp2013015086,plucked lute,http://id.loc.gov/authorities/performanceMediums/mp2013015320,A pear-shaped Japanese lute.
blul,mp2013015087,http://id.loc.gov/authorities/performanceMediums/mp2013015087,ductless flute,http://id.loc.gov/authorities/performanceMediums/mp2013015224,"A Kurdish and Armenian open wooden end-blown flute."
bodhrán,mp2013015088,http://id.loc.gov/authorities/performanceMediums/mp2013015088,frame drum,http://id.loc.gov/authorities/performanceMediums/mp2013015269,
body percussion,mp2013015090,http://id.loc.gov/authorities/performanceMediums/mp2013015090,concussion idiophone,http://id.loc.gov/authorities/performanceMediums/mp2013015170,"A performer who creates percussive sounds using body movements and body parts exclusively."
body slapping,mp2013015089,http://id.loc.gov/authorities/performanceMediums/mp2013015089,body percussion,http://id.loc.gov/authorities/performanceMediums/mp2013015090,
bonang,mp2013015091,http://id.loc.gov/authorities/performanceMediums/mp2013015091,percussion idiophone,http://id.loc.gov/authorities/performanceMediums/mp2013015543,A gamelan instrument consisting of two rows of horizontal gong-kettles played with two sticks.
bones,mp2013015092,http://id.loc.gov/authorities/performanceMediums/mp2013015092,clapper (percussion),http://id.loc.gov/authorities/performanceMediums/mp2013015153,"A folk clapper consisting of a pair of animal bones, or pieces of wood or similar material, held between the fingers."
bongos,mp2013015093,http://id.loc.gov/authorities/performanceMediums/mp2013015093,drum,http://id.loc.gov/authorities/performanceMediums/mp2013015218,"A pair of small Afro-Cuban single headed drums with hardwood shells."
bonkó,mp2013015094,http://id.loc.gov/authorities/performanceMediums/mp2013015094,drum,http://id.loc.gov/authorities/performanceMediums/mp2013015218,"One of four drums in the ensemble associated with the Afro-Cuban Abakwá cult."
border pipes,mp2013015095,http://id.loc.gov/authorities/performanceMediums/mp2013015095,bagpipe,http://id.loc.gov/authorities/performanceMediums/mp2013015039,A bellows-blown bagpipe of the Scottish lowlands.
bouzouki,mp2013015096,http://id.loc.gov/authorities/performanceMediums/mp2013015096,plucked lute,http://id.loc.gov/authorities/performanceMediums/mp2013015320,"A plucked long-necked lute of the Mediterranean Region."
bowed lute,mp2013015097,http://id.loc.gov/authorities/performanceMediums/mp2013015097,bowed string instrument,http://id.loc.gov/authorities/performanceMediums/mp2013015098,"An unspecified bowed string instrument of the Sachs-Hornbostel lute classification."
bowed string ensemble,mp2013015679,http://id.loc.gov/authorities/performanceMediums/mp2013015679,instrumental ensemble,http://id.loc.gov/authorities/performanceMediums/mp2013015812,"A mixed or unspecified ensemble of bowed string instruments."
bowed string instrument,mp2013015098,http://id.loc.gov/authorities/performanceMediums/mp2013015098,"friction instrument,string instrument","http://id.loc.gov/authorities/performanceMediums/mp2013015274,http://id.loc.gov/authorities/performanceMediums/mp2013015680","An unspecified string instrument played with a bow."
boy soprano voice,mp2013015099,http://id.loc.gov/authorities/performanceMediums/mp2013015099,"child soprano voice,male voice","http://id.loc.gov/authorities/performanceMediums/mp2013015134,http://id.loc.gov/authorities/performanceMediums/mp2013015441","A treble voice that is traditionally performed by a male singer. For a child's voice regardless of gender, see [child's voice.]"
boys' chorus,mp2019015007,http://id.loc.gov/authorities/performanceMediums/mp2019015007,treble chorus,http://id.loc.gov/authorities/performanceMediums/mp2021015004,
brass band,mp2013015100,http://id.loc.gov/authorities/performanceMediums/mp2013015100,band,http://id.loc.gov/authorities/performanceMediums/mp2013015048,"A large ensemble consisting of brass instruments and sometimes percussion."
brass ensemble,mp2013015101,http://id.loc.gov/authorities/performanceMediums/mp2013015101,wind ensemble,http://id.loc.gov/authorities/performanceMediums/mp2013015802,"An ensemble consisting of diverse brass instruments that cannot be described by a more specific term."
brass instrument,mp2013015102,http://id.loc.gov/authorities/performanceMediums/mp2013015102,wind instrument,http://id.loc.gov/authorities/performanceMediums/mp2013015803,"An unspecified brass instrument."
bronze drum,mp2013015103,http://id.loc.gov/authorities/performanceMediums/mp2013015103,percussion idiophone,http://id.loc.gov/authorities/performanceMediums/mp2013015543,A drum with a bronze tympanum instead of a skin head.
bugle,mp2013015104,http://id.loc.gov/authorities/performanceMediums/mp2013015104,natural horn,http://id.loc.gov/authorities/performanceMediums/mp2013015496,
bulbultarang,mp2013015105,http://id.loc.gov/authorities/performanceMediums/mp2013015105,zither,http://id.loc.gov/authorities/performanceMediums/mp2013015824,"An Indian zither with a button keyboard."
bull-roarer,mp2013015106,http://id.loc.gov/authorities/performanceMediums/mp2013015106,free aerophone,http://id.loc.gov/authorities/performanceMediums/mp2013015270,"An instrument consisting of a flat, narrow, elongated object attached to a string that is whirled overhead."
bumbass,mp2013015107,http://id.loc.gov/authorities/performanceMediums/mp2013015107,"bowed string instrument,stick zither","http://id.loc.gov/authorities/performanceMediums/mp2013015098,http://id.loc.gov/authorities/performanceMediums/mp2013015677","A European folk instrument consisting of a single gut string fastened to a curved stick with an animal-bladder resonator."
button-key accordion,mp2013015108,http://id.loc.gov/authorities/performanceMediums/mp2013015108,accordion,http://id.loc.gov/authorities/performanceMediums/mp2013015001,
cabaca,mp2013015109,http://id.loc.gov/authorities/performanceMediums/mp2013015109,shaken idiophone,http://id.loc.gov/authorities/performanceMediums/mp2019015021,
cajón,mp2013015110,http://id.loc.gov/authorities/performanceMediums/mp2013015110,percussion idiophone,http://id.loc.gov/authorities/performanceMediums/mp2013015543,"A Latin American wooden box drum played with the hands."
calichon,mp2013015831,http://id.loc.gov/authorities/performanceMediums/mp2013015831,plucked lute,http://id.loc.gov/authorities/performanceMediums/mp2013015320,"A bass lute with six to eight courses used primarily for continuo in 18th and 19th century Germany, Austria, and Bohemia."
calliope,mp2013015111,http://id.loc.gov/authorities/performanceMediums/mp2013015111,mechanical organ,http://id.loc.gov/authorities/performanceMediums/mp2013015457,"An outdoor mechanical musical instrument consisting of tuned steam whistles."
campanula,mp2013015112,http://id.loc.gov/authorities/performanceMediums/mp2013015112,bowed lute,http://id.loc.gov/authorities/performanceMediums/mp2013015097,"A modern bowed string instrument invented by Helmut Bleffert that is like a cello but with 16 additional resonating strings."
carillon,mp2013015113,http://id.loc.gov/authorities/performanceMediums/mp2013015113,"bell,keyboard instrument","http://id.loc.gov/authorities/performanceMediums/mp2013015079,http://id.loc.gov/authorities/performanceMediums/mp2013015382",
castanets,mp2013015114,http://id.loc.gov/authorities/performanceMediums/mp2013015114,concussion idiophone,http://id.loc.gov/authorities/performanceMediums/mp2013015170,
catá,mp2013015115,http://id.loc.gov/authorities/performanceMediums/mp2013015115,percussion idiophone,http://id.loc.gov/authorities/performanceMediums/mp2013015543,A Cuban percussion instrument consisting of a hollowed-out tree trunk open at both ends and struck with wooden sticks.
cavaquinho,mp2013015116,http://id.loc.gov/authorities/performanceMediums/mp2013015116,plucked lute,http://id.loc.gov/authorities/performanceMediums/mp2013015320,"A small four-stringed plucked instrument of Portugal and Brazil."
celebrant,mp2013015117,http://id.loc.gov/authorities/performanceMediums/mp2013015117,performer,http://id.loc.gov/authorities/performanceMediums/mp2013015545,"A performer who celebrates a rite or special occasion and is explicitly required in the performance of a musical work."
celesta,mp2013015118,http://id.loc.gov/authorities/performanceMediums/mp2013015118,"keyboard instrument,percussion idiophone","http://id.loc.gov/authorities/performanceMediums/mp2013015382,http://id.loc.gov/authorities/performanceMediums/mp2013015543",
cell phone,mp2013015119,http://id.loc.gov/authorities/performanceMediums/mp2013015119,electronic instrument,http://id.loc.gov/authorities/performanceMediums/mp2013015244,"A mobile phone used as a musical instrument that is explicitly required in the performance of a musical work."
cello,mp2013015120,http://id.loc.gov/authorities/performanceMediums/mp2013015120,bowed lute,http://id.loc.gov/authorities/performanceMediums/mp2013015097,
cello ensemble,mp2013015121,http://id.loc.gov/authorities/performanceMediums/mp2013015121,bowed string ensemble,http://id.loc.gov/authorities/performanceMediums/mp2013015679,"An ensemble consisting of two or more cellos."
cellone,mp2013015122,http://id.loc.gov/authorities/performanceMediums/mp2013015122,bowed lute,http://id.loc.gov/authorities/performanceMediums/mp2013015097,"A large cello-like instrument tuned a fourth lower than the cello."
cembal d'amour,mp2013015123,http://id.loc.gov/authorities/performanceMediums/mp2013015123,clavichord,http://id.loc.gov/authorities/performanceMediums/mp2013015157,"A large clavichord on which the strings are struck by tangents at their precise mid-point."
ceṇḍa,mp2013015830,http://id.loc.gov/authorities/performanceMediums/mp2013015830,drum,http://id.loc.gov/authorities/performanceMediums/mp2013015218,"A cylindrical drum used widely in the Kerala and Karnataka states of India."
čhakhē,mp2013015124,http://id.loc.gov/authorities/performanceMediums/mp2013015124,"plucked string instrument,tube zither","http://id.loc.gov/authorities/performanceMediums/mp2013015565,http://id.loc.gov/authorities/performanceMediums/mp2013015753","A plucked zither of Thailand with three strings, two made of silk and the third of brass."
chalumeau,mp2013015125,http://id.loc.gov/authorities/performanceMediums/mp2013015125,single reed instrument,http://id.loc.gov/authorities/performanceMediums/mp2013015648,A single-reed instrument related to the clarinet.
chamadron,mp2013015126,http://id.loc.gov/authorities/performanceMediums/mp2013015126,organ,http://id.loc.gov/authorities/performanceMediums/mp2013015519,"A organ consisting of reed pipes projected horizontally through louvers in a church tower that was invented in the 20th century."
chamber orchestra,mp2013015127,http://id.loc.gov/authorities/performanceMediums/mp2013015127,orchestra,http://id.loc.gov/authorities/performanceMediums/mp2013015516,
chamber organ,mp2013015128,http://id.loc.gov/authorities/performanceMediums/mp2013015128,organ,http://id.loc.gov/authorities/performanceMediums/mp2013015519,
changgo,mp2013015129,http://id.loc.gov/authorities/performanceMediums/mp2013015129,hourglass drum,http://id.loc.gov/authorities/performanceMediums/mp2013015343,"A double-headed hourglass drum from Korea."
changing voice,mp2013015130,http://id.loc.gov/authorities/performanceMediums/mp2013015130,male voice,http://id.loc.gov/authorities/performanceMediums/mp2013015441,"A voice that is changing due to adolescent development of male secondary sex characteristics."
charango,mp2013015131,http://id.loc.gov/authorities/performanceMediums/mp2013015131,plucked lute,http://id.loc.gov/authorities/performanceMediums/mp2013015320,"A small fretted plucked-string instrument of the Andean region with a bowl made of an armadillo shell or of wood shaped like an armadillo shell."
chiboni,mp2013015133,http://id.loc.gov/authorities/performanceMediums/mp2013015133,bagpipe,http://id.loc.gov/authorities/performanceMediums/mp2013015039,A droneless bagpipe from the Caucasus region.
child soprano voice,mp2013015134,http://id.loc.gov/authorities/performanceMediums/mp2013015134,"child's voice,high voice","http://id.loc.gov/authorities/performanceMediums/mp2013015136,http://id.loc.gov/authorities/performanceMediums/mp2013015341",
child's voice,mp2013015136,http://id.loc.gov/authorities/performanceMediums/mp2013015136,singer,http://id.loc.gov/authorities/performanceMediums/mp2013015646,"A child's voice regardless of gender. For a treble voice that traditionally is performed by a male singer, see [boy soprano voice.]"
children's chorus,mp2013015135,http://id.loc.gov/authorities/performanceMediums/mp2013015135,treble chorus,http://id.loc.gov/authorities/performanceMediums/mp2021015004,
chimes,mp2013015137,http://id.loc.gov/authorities/performanceMediums/mp2013015137,bell,http://id.loc.gov/authorities/performanceMediums/mp2013015079,"An unspecified set of chimes."
ching (cymbals),mp2013015138,http://id.loc.gov/authorities/performanceMediums/mp2013015138,concussion idiophone,http://id.loc.gov/authorities/performanceMediums/mp2013015170,A small pair of hand cymbals from Southeast Asia.
ching (gong),mp2013015139,http://id.loc.gov/authorities/performanceMediums/mp2013015139,gong,http://id.loc.gov/authorities/performanceMediums/mp2013015297,"A large flat bronze gong of Korea."
chipendani,mp2013015140,http://id.loc.gov/authorities/performanceMediums/mp2013015140,"mouth bow,plucked string instrument","http://id.loc.gov/authorities/performanceMediums/mp2013015482,http://id.loc.gov/authorities/performanceMediums/mp2013015565","A mouth-resonated musical bow of the Shona people of Zimbabwe."
chirimía,mp2013015141,http://id.loc.gov/authorities/performanceMediums/mp2013015141,double reed instrument,http://id.loc.gov/authorities/performanceMediums/mp2013015217,"A double-reed folk instrument played in Spain and Latin America."
chitarra battente,mp2013015142,http://id.loc.gov/authorities/performanceMediums/mp2013015142,guitar,http://id.loc.gov/authorities/performanceMediums/mp2013015306,"A five-course metal-strung guitar of 17th and 18th century Italy."
chorus,mp2013015143,http://id.loc.gov/authorities/performanceMediums/mp2013015143,vocal ensemble,http://id.loc.gov/authorities/performanceMediums/mp2013015789,An unspecified chorus of voices.
chorus changing voices,mp2013015144,http://id.loc.gov/authorities/performanceMediums/mp2013015144,chorus,http://id.loc.gov/authorities/performanceMediums/mp2013015143,"A chorus of singers whose voices are changing due to adolescent development of male secondary sex characteristics."
çifte,mp2013015147,http://id.loc.gov/authorities/performanceMediums/mp2013015147,single reed instrument,http://id.loc.gov/authorities/performanceMediums/mp2013015648,"A Turkish double clarinet consisting of a melody pipe and drone pipe."
cigar box guitar,mp2013015148,http://id.loc.gov/authorities/performanceMediums/mp2013015148,plucked lute,http://id.loc.gov/authorities/performanceMediums/mp2013015320,"A guitar-like instrument that has an empty cigar box as a resonator."
cimbalom,mp2013015149,http://id.loc.gov/authorities/performanceMediums/mp2013015149,dulcimer,http://id.loc.gov/authorities/performanceMediums/mp2013015228,"A Hungarian hammered dulcimer used in both folk and concert music."
citaharp,mp2013015150,http://id.loc.gov/authorities/performanceMediums/mp2013015150,"plucked string instrument,zither","http://id.loc.gov/authorities/performanceMediums/mp2013015565,http://id.loc.gov/authorities/performanceMediums/mp2013015824","[A zither produced by the Audet Music Co. of Boston in the early 20th century.]"
cithara,mp2013015151,http://id.loc.gov/authorities/performanceMediums/mp2013015151,lyre,http://id.loc.gov/authorities/performanceMediums/mp2013015437,A large lyre from ancient Greece.
cittern,mp2013015152,http://id.loc.gov/authorities/performanceMediums/mp2013015152,plucked lute,http://id.loc.gov/authorities/performanceMediums/mp2013015320,"A wire-strung plucked instrument popular in 16th and 17th century Europe."
clapper (percussion),mp2013015153,http://id.loc.gov/authorities/performanceMediums/mp2013015153,concussion idiophone,http://id.loc.gov/authorities/performanceMediums/mp2013015170,"A general term for a percussion instrument that consists of two objects that clap together."
clapsticks,mp2013015845,http://id.loc.gov/authorities/performanceMediums/mp2013015845,"concussion idiophone,percussion idiophone","http://id.loc.gov/authorities/performanceMediums/mp2013015170,http://id.loc.gov/authorities/performanceMediums/mp2013015543","An Aboriginal Australian percussion instrument consisting of a pair of hardwood sticks that are struck together."
clarinet,mp2013015154,http://id.loc.gov/authorities/performanceMediums/mp2013015154,single reed instrument,http://id.loc.gov/authorities/performanceMediums/mp2013015648,"A soprano member of the clarinet family that is associated with Western art music, or any unspecified or undetermined member of the clarinet family."
clarinet choir,mp2013015837,http://id.loc.gov/authorities/performanceMediums/mp2013015837,woodwind ensemble,http://id.loc.gov/authorities/performanceMediums/mp2013015806,An ensemble consisting of two or more clarinets.
clarinette d'amour,mp2013015155,http://id.loc.gov/authorities/performanceMediums/mp2013015155,clarinet,http://id.loc.gov/authorities/performanceMediums/mp2013015154,
claves,mp2013015156,http://id.loc.gov/authorities/performanceMediums/mp2013015156,concussion idiophone,http://id.loc.gov/authorities/performanceMediums/mp2013015170,"A Latin American percussion instrument consisting of a pair of short, thick, hardwood sticks that are struck together."
clavichord,mp2013015157,http://id.loc.gov/authorities/performanceMediums/mp2013015157,"keyboard instrument,struck string instrument,zither","http://id.loc.gov/authorities/performanceMediums/mp2013015382,http://id.loc.gov/authorities/performanceMediums/mp2013015683,http://id.loc.gov/authorities/performanceMediums/mp2013015824","A European keyboard instrument on which the strings are struck by tangents."
clavicylinder,mp2013015158,http://id.loc.gov/authorities/performanceMediums/mp2013015158,"friction idiophone,keyboard instrument","http://id.loc.gov/authorities/performanceMediums/mp2013015273,http://id.loc.gov/authorities/performanceMediums/mp2013015382","A keyboard instrument invented in 1799 that sounds when curved metal rods attached to the keys contact a rotating wet glass cylinder."
clavicytherium,mp2013015159,http://id.loc.gov/authorities/performanceMediums/mp2013015159,harpsichord,http://id.loc.gov/authorities/performanceMediums/mp2013015333,An upright harpsichord with vertical soundboard.
claviharpe,mp2013015160,http://id.loc.gov/authorities/performanceMediums/mp2013015160,"harp,keyboard instrument","http://id.loc.gov/authorities/performanceMediums/mp2013015325,http://id.loc.gov/authorities/performanceMediums/mp2013015382","A 19th century instrument that combines a harp with a keyboard."
clavioline,mp2013015161,http://id.loc.gov/authorities/performanceMediums/mp2013015161,electronic keyboard,http://id.loc.gov/authorities/performanceMediums/mp2013015242,"An electronic keyboard instrument invented in 1947 that was a forerunner to the analog synthesizer."
claviorgan,mp2013015162,http://id.loc.gov/authorities/performanceMediums/mp2013015162,"keyboard instrument,plucked string instrument,zither","http://id.loc.gov/authorities/performanceMediums/mp2013015382,http://id.loc.gov/authorities/performanceMediums/mp2013015565,http://id.loc.gov/authorities/performanceMediums/mp2013015824","An instrument combining a harpsichord and an organ, in which the strings and pipes sound together."
clock chimes,mp2013015163,http://id.loc.gov/authorities/performanceMediums/mp2013015163,"chimes,mechanical instrument","http://id.loc.gov/authorities/performanceMediums/mp2013015137,http://id.loc.gov/authorities/performanceMediums/mp2013015456",A clock equipped with carillon or other chiming mechanism. For a clock equipped with a mechanical organ use [musical clock.]
cloud chamber bowls,mp2013015164,http://id.loc.gov/authorities/performanceMediums/mp2013015164,percussion idiophone,http://id.loc.gov/authorities/performanceMediums/mp2013015543,"An instrument invented by Harry Partch that consists of tuned glass bowls suspended in a frame."
colascione,mp2013015165,http://id.loc.gov/authorities/performanceMediums/mp2013015165,plucked lute,http://id.loc.gov/authorities/performanceMediums/mp2013015320,"An Italian long-neck lute derived from the Middle Eastern ṭanbūr, in which two or three courses of strings are played with a plectrum."
computer,mp2013015166,http://id.loc.gov/authorities/performanceMediums/mp2013015166,electronic instrument,http://id.loc.gov/authorities/performanceMediums/mp2013015244,"A computer that is explicitly required in the performance of a musical work."
computer printer,mp2013015167,http://id.loc.gov/authorities/performanceMediums/mp2013015167,electronic instrument,http://id.loc.gov/authorities/performanceMediums/mp2013015244,"A printer activated by a computer and used as medium of performance."
concertina,mp2013015168,http://id.loc.gov/authorities/performanceMediums/mp2013015168,button-key accordion,http://id.loc.gov/authorities/performanceMediums/mp2013015108,"A button-key accordion on which the button motion is in the same direction as that of the bellows."
concertina ensemble,mp2013015169,http://id.loc.gov/authorities/performanceMediums/mp2013015169,instrumental ensemble,http://id.loc.gov/authorities/performanceMediums/mp2013015812,"An ensemble consisting of two or more concertinas."
concussion idiophone,mp2013015170,http://id.loc.gov/authorities/performanceMediums/mp2013015170,struck idiophone,http://id.loc.gov/authorities/performanceMediums/mp2013015682,"An idiophone that consists of two or more complimentary sonorous parts struck against each other."
conductor,mp2013015171,http://id.loc.gov/authorities/performanceMediums/mp2013015171,performer,http://id.loc.gov/authorities/performanceMediums/mp2013015545,"A conductor who is also a performer, as explicitly stated by the composer."
conga,mp2013015172,http://id.loc.gov/authorities/performanceMediums/mp2013015172,drum,http://id.loc.gov/authorities/performanceMediums/mp2013015218,"A tall, narrow, single-headed Afro-Cuban drum."
continuo,mp2013015173,http://id.loc.gov/authorities/performanceMediums/mp2013015173,"ensemble,instrument","http://id.loc.gov/authorities/performanceMediums/mp2013015252,http://id.loc.gov/authorities/performanceMediums/mp2013015354",An instrumental practice of the 17th and 18th centuries in which one or more instruments improvise a chordal accompaniment from a written bass line.
contra-alto clarinet,mp2013015175,http://id.loc.gov/authorities/performanceMediums/mp2013015175,clarinet,http://id.loc.gov/authorities/performanceMediums/mp2013015154,"A contra-alto member of the clarinet family that is associated with Western art music and is pitched in E♭, a fourth higher than the contrabass clarinet."
contrabass clarinet,mp2013015176,http://id.loc.gov/authorities/performanceMediums/mp2013015176,clarinet,http://id.loc.gov/authorities/performanceMediums/mp2013015154,"A contrabass member of the clarinet family that is associated with Western art music and is pitched in B♭, two octaves below the soprano clarinet."
contrabass flute,mp2013015177,http://id.loc.gov/authorities/performanceMediums/mp2013015177,flute,http://id.loc.gov/authorities/performanceMediums/mp2013015268,
contrabass recorder,mp2013015178,http://id.loc.gov/authorities/performanceMediums/mp2013015178,recorder,http://id.loc.gov/authorities/performanceMediums/mp2013015597,
contrabass saxophone,mp2013015179,http://id.loc.gov/authorities/performanceMediums/mp2013015179,saxophone,http://id.loc.gov/authorities/performanceMediums/mp2013015625,
contrabass trombone,mp2015015011,http://id.loc.gov/authorities/performanceMediums/mp2015015011,trombone,http://id.loc.gov/authorities/performanceMediums/mp2013015747,
contrabassoon,mp2013015180,http://id.loc.gov/authorities/performanceMediums/mp2013015180,bassoon,http://id.loc.gov/authorities/performanceMediums/mp2013015074,
cornamusa,mp2014015001,http://id.loc.gov/authorities/performanceMediums/mp2014015001,double reed instrument,http://id.loc.gov/authorities/performanceMediums/mp2013015217,
cornet,mp2013015183,http://id.loc.gov/authorities/performanceMediums/mp2013015183,brass instrument,http://id.loc.gov/authorities/performanceMediums/mp2013015102,"A valved brass instrument of contralto or soprano pitch that was developed in the late 1820s."
cornet ensemble,mp2013015184,http://id.loc.gov/authorities/performanceMediums/mp2013015184,brass ensemble,http://id.loc.gov/authorities/performanceMediums/mp2013015101,An ensemble consisting of two or more cornets.
cornett,mp2013015185,http://id.loc.gov/authorities/performanceMediums/mp2013015185,brass instrument,http://id.loc.gov/authorities/performanceMediums/mp2013015102,"An wind instrument popular in the 16th and 17th centuries that consists of a conical wooden pipe with finger holes and a cup mouthpiece."
countertenor voice,mp2013015186,http://id.loc.gov/authorities/performanceMediums/mp2013015186,male voice,http://id.loc.gov/authorities/performanceMediums/mp2013015441,
cowbell,mp2013015187,http://id.loc.gov/authorities/performanceMediums/mp2013015187,bell,http://id.loc.gov/authorities/performanceMediums/mp2013015079,"A percussion instrument similar to bells worn by livestock, but without a clapper."
cristal,mp2013015188,http://id.loc.gov/authorities/performanceMediums/mp2013015188,friction idiophone,http://id.loc.gov/authorities/performanceMediums/mp2013015273,A musical instrument constructed of glass rods attached to tuned metal stems that are sounded by the friction of moistened fingers rubbed on the glass.
crotales,mp2013015189,http://id.loc.gov/authorities/performanceMediums/mp2013015189,percussion idiophone,http://id.loc.gov/authorities/performanceMediums/mp2013015543,Small cymbals tuned to a definite pitch.
crumhorn,mp2013015190,http://id.loc.gov/authorities/performanceMediums/mp2013015190,double reed instrument,http://id.loc.gov/authorities/performanceMediums/mp2013015217,"A capped double-reed instrument most commonly used in Renaissance Europe."
crwth,mp2013015191,http://id.loc.gov/authorities/performanceMediums/mp2013015191,"bowed string instrument,lyre","http://id.loc.gov/authorities/performanceMediums/mp2013015098,http://id.loc.gov/authorities/performanceMediums/mp2013015437","A Welsh lyre that has been bowed since the 11th century."
crychord,mp2016015014,http://id.loc.gov/authorities/performanceMediums/mp2016015014,monochord,http://id.loc.gov/authorities/performanceMediums/mp2013015479,
csakan,mp2013015192,http://id.loc.gov/authorities/performanceMediums/mp2013015192,recorder,http://id.loc.gov/authorities/performanceMediums/mp2013015597,"A walking stick recorder originating around Vienna in the early 19th century."
cuatro,mp2013015193,http://id.loc.gov/authorities/performanceMediums/mp2013015193,plucked lute,http://id.loc.gov/authorities/performanceMediums/mp2013015320,"Any of several distinct Latin American or Carribean instruments of the guitar family."
cuíca,mp2013015194,http://id.loc.gov/authorities/performanceMediums/mp2013015194,friction drum,http://id.loc.gov/authorities/performanceMediums/mp2013015272,"A Brazilian friction drum whose pitch can be changed by applying varying pressure to the drum head."
cümbüş,mp2019015010,http://id.loc.gov/authorities/performanceMediums/mp2019015010,plucked lute,http://id.loc.gov/authorities/performanceMediums/mp2013015320,
cymbal,mp2013015195,http://id.loc.gov/authorities/performanceMediums/mp2013015195,"concussion idiophone,percussion idiophone","http://id.loc.gov/authorities/performanceMediums/mp2013015170,http://id.loc.gov/authorities/performanceMediums/mp2013015543","A single cymbal suspended on a stand, or a pair of cymbals struck together."
da kuan hsien,mp2016015012,http://id.loc.gov/authorities/performanceMediums/mp2016015012,hu qin,http://id.loc.gov/authorities/performanceMediums/mp2013015345,
da tong,mp2013015196,http://id.loc.gov/authorities/performanceMediums/mp2013015196,er hu,http://id.loc.gov/authorities/performanceMediums/mp2013015255,A type of er hu used in performances of Hunan flower drum drama.
daff,mp2013015197,http://id.loc.gov/authorities/performanceMediums/mp2013015197,frame drum,http://id.loc.gov/authorities/performanceMediums/mp2013015269,"A round single-headed frame drum from the Middle East and North Africa."
damba,mp2013015198,http://id.loc.gov/authorities/performanceMediums/mp2013015198,hourglass drum,http://id.loc.gov/authorities/performanceMediums/mp2013015343,"A Ghanaian hourglass drum played at the damba festival."
đàn bâù,mp2013015199,http://id.loc.gov/authorities/performanceMediums/mp2013015199,"plucked string instrument,zither","http://id.loc.gov/authorities/performanceMediums/mp2013015565,http://id.loc.gov/authorities/performanceMediums/mp2013015824","A single-string zither of Vietnam."
dan pi ku,mp2016015010,http://id.loc.gov/authorities/performanceMediums/mp2016015010,drum,http://id.loc.gov/authorities/performanceMediums/mp2013015218,
đàn tranh,mp2013015200,http://id.loc.gov/authorities/performanceMediums/mp2013015200,zither,http://id.loc.gov/authorities/performanceMediums/mp2013015824,"A 16-string board zither of Vietnam."
dancer,mp2013015202,http://id.loc.gov/authorities/performanceMediums/mp2013015202,performer,http://id.loc.gov/authorities/performanceMediums/mp2013015545,"A dancer who is explicitly required by the composer for the performance of a musical work."
darabukka,mp2013015203,http://id.loc.gov/authorities/performanceMediums/mp2013015203,goblet drum,http://id.loc.gov/authorities/performanceMediums/mp2013015295,"A single-headed goblet drum found in the Middle East and North Africa."
daxophone,mp2013015204,http://id.loc.gov/authorities/performanceMediums/mp2013015204,friction idiophone,http://id.loc.gov/authorities/performanceMediums/mp2013015273,"A bowed idiophone consisting of a narrow, flat strip of wood anchored at one end, invented by Hans Reichel in the 1980s."
dhimay,mp2013015205,http://id.loc.gov/authorities/performanceMediums/mp2013015205,drum,http://id.loc.gov/authorities/performanceMediums/mp2013015218,"A double-headed cylindrical drum from Nepal."
dholi,mp2013015206,http://id.loc.gov/authorities/performanceMediums/mp2013015206,drum,http://id.loc.gov/authorities/performanceMediums/mp2013015218,"A Caucasian and Middle Eastern double-headed cylindrical drum with laced heads."
di zi,mp2013015207,http://id.loc.gov/authorities/performanceMediums/mp2013015207,ductless flute,http://id.loc.gov/authorities/performanceMediums/mp2013015224,A Chinese transverse flute.
diamond marimba,mp2016015019,http://id.loc.gov/authorities/performanceMediums/mp2016015019,mallet instrument,http://id.loc.gov/authorities/performanceMediums/mp2013015444,
diddley bow,mp2013015208,http://id.loc.gov/authorities/performanceMediums/mp2013015208,"plucked string instrument,zither","http://id.loc.gov/authorities/performanceMediums/mp2013015565,http://id.loc.gov/authorities/performanceMediums/mp2013015824","A single-string zither of the rural American South."
didjeridu,mp2013015209,http://id.loc.gov/authorities/performanceMediums/mp2013015209,natural horn,http://id.loc.gov/authorities/performanceMediums/mp2013015496,"An Aboriginal Australian brass instrument."
digital player piano,mp2013015210,http://id.loc.gov/authorities/performanceMediums/mp2013015210,"electronic instrument,player piano","http://id.loc.gov/authorities/performanceMediums/mp2013015244,http://id.loc.gov/authorities/performanceMediums/mp2013015560","An acoustic piano with added digital technology allowing for recording and playback of piano performances, as in a player piano."
dilrubā,mp2013015211,http://id.loc.gov/authorities/performanceMediums/mp2013015211,bowed lute,http://id.loc.gov/authorities/performanceMediums/mp2013015097,"A long-necked, fretted fiddle of Northern India and Pakistan. For the long-necked, fretted fiddle of Bengal, see [esrāj.]"
djembe,mp2013015212,http://id.loc.gov/authorities/performanceMediums/mp2013015212,goblet drum,http://id.loc.gov/authorities/performanceMediums/mp2013015295,"An African goat skin goblet drum played with bare hands."
dolceola,mp2013015838,http://id.loc.gov/authorities/performanceMediums/mp2013015838,"keyboard instrument,zither","http://id.loc.gov/authorities/performanceMediums/mp2013015382,http://id.loc.gov/authorities/performanceMediums/mp2013015824","A zither with a keyboard manufactured in the early 20th century."
dömbra,mp2013015214,http://id.loc.gov/authorities/performanceMediums/mp2013015214,plucked lute,http://id.loc.gov/authorities/performanceMediums/mp2013015320,A long-necked two-string plucked lute of Central Asia.
domra,mp2013015215,http://id.loc.gov/authorities/performanceMediums/mp2013015215,plucked lute,http://id.loc.gov/authorities/performanceMediums/mp2013015320,"A long-necked plucked lute of Russia with a round body and three or four strings."
doneli,mp2020015002,http://id.loc.gov/authorities/performanceMediums/mp2020015002,duct flute,http://id.loc.gov/authorities/performanceMediums/mp2013015223,"Double duct flute of Iranian Baluchistan."
double bass,mp2013015216,http://id.loc.gov/authorities/performanceMediums/mp2013015216,bowed lute,http://id.loc.gov/authorities/performanceMediums/mp2013015097,
double reed instrument,mp2013015217,http://id.loc.gov/authorities/performanceMediums/mp2013015217,reed instrument,http://id.loc.gov/authorities/performanceMediums/mp2013015598,"An unspecified double reed instrument."
double-bell euphonium,mp2019015013,http://id.loc.gov/authorities/performanceMediums/mp2019015013,brass instrument,http://id.loc.gov/authorities/performanceMediums/mp2013015102,
drum,mp2013015218,http://id.loc.gov/authorities/performanceMediums/mp2013015218,"membranophone,percussion instrument","http://id.loc.gov/authorities/performanceMediums/mp2013015468,http://id.loc.gov/authorities/performanceMediums/mp2013015544","An unspecified drum."
drum and bugle corps,mp2013015219,http://id.loc.gov/authorities/performanceMediums/mp2013015219,band,http://id.loc.gov/authorities/performanceMediums/mp2013015048,"A musical marching ensemble consisting of brass instruments, percussion instruments, and color guard, but excluding woodwind instruments."
drum circle,mp2013015220,http://id.loc.gov/authorities/performanceMediums/mp2013015220,percussion ensemble,http://id.loc.gov/authorities/performanceMediums/mp2013015542,"A group of people informally gathered, usually in a circle, who play improvised rhythms on world percussion instruments."
drum machine,mp2013015221,http://id.loc.gov/authorities/performanceMediums/mp2013015221,electronic instrument,http://id.loc.gov/authorities/performanceMediums/mp2013015244,"Any of a broad range of electronic instruments that combine the functions of the synthesizer and the sequencer in a way specially adapted to the generation of polyphonic percussion patterns."
drum set,mp2013015222,http://id.loc.gov/authorities/performanceMediums/mp2013015222,percussion instrument,http://id.loc.gov/authorities/performanceMediums/mp2013015544,"A collection of percussion instruments played by a single player, typically consisting of a snare drum, kick drum, tom-toms, hi-hat, and cymbals."
duct flute,mp2013015223,http://id.loc.gov/authorities/performanceMediums/mp2013015223,edge-blown instrument,http://id.loc.gov/authorities/performanceMediums/mp2013015235,"An unspecified wind instrument on which a narrow duct directs the air stream against a sharp edge."
ductless flute,mp2013015224,http://id.loc.gov/authorities/performanceMediums/mp2013015224,edge-blown instrument,http://id.loc.gov/authorities/performanceMediums/mp2013015235,"An unspecified wind instrument that does not have an air duct, and instead the player creates a ribbon-shaped stream of air with the lips."
duduk (double reed instrument),mp2013015225,http://id.loc.gov/authorities/performanceMediums/mp2013015225,double reed instrument,http://id.loc.gov/authorities/performanceMediums/mp2013015217,"A double-reed instrument of ancient Armenian origin."
dudy,mp2013015226,http://id.loc.gov/authorities/performanceMediums/mp2013015226,bagpipe,http://id.loc.gov/authorities/performanceMediums/mp2013015039,"A bagpipe found in Poland and Czech Republic."
dulcian,mp2013015227,http://id.loc.gov/authorities/performanceMediums/mp2013015227,double reed instrument,http://id.loc.gov/authorities/performanceMediums/mp2013015217,"A Renaissance double-reed in one piece, the predecessor of the modern bassoon."
dulcimer,mp2013015228,http://id.loc.gov/authorities/performanceMediums/mp2013015228,"struck string instrument,zither","http://id.loc.gov/authorities/performanceMediums/mp2013015683,http://id.loc.gov/authorities/performanceMediums/mp2013015824",A zither whose strings are sounded by striking with hammers.
dulcimer ensemble,mp2013015229,http://id.loc.gov/authorities/performanceMediums/mp2013015229,instrumental ensemble,http://id.loc.gov/authorities/performanceMediums/mp2013015812,An ensemble consisting of two or more dulcimers.
dulcitone,mp2013015230,http://id.loc.gov/authorities/performanceMediums/mp2013015230,"keyboard instrument,percussion idiophone","http://id.loc.gov/authorities/performanceMediums/mp2013015382,http://id.loc.gov/authorities/performanceMediums/mp2013015543",A tuning fork piano created by Thomas Machell in the late 19th century.
dulzaina,mp2013015231,http://id.loc.gov/authorities/performanceMediums/mp2013015231,double reed instrument,http://id.loc.gov/authorities/performanceMediums/mp2013015217,A double-reed folk instrument of Spain and the Basque region.
dümbelek,mp2013015232,http://id.loc.gov/authorities/performanceMediums/mp2013015232,goblet drum,http://id.loc.gov/authorities/performanceMediums/mp2013015295,A single-headed goblet drum of Syria and Turkey.
dutār,mp2013015233,http://id.loc.gov/authorities/performanceMediums/mp2013015233,plucked lute,http://id.loc.gov/authorities/performanceMediums/mp2013015320,"Any one of various types of long-neck fretted lutes of the Middle East and Central Asia."
dvorgrle,mp2013015234,http://id.loc.gov/authorities/performanceMediums/mp2013015234,duct flute,http://id.loc.gov/authorities/performanceMediums/mp2013015223,"A double flute of Herzegovina."
edge-blown instrument,mp2013015235,http://id.loc.gov/authorities/performanceMediums/mp2013015235,woodwind instrument,http://id.loc.gov/authorities/performanceMediums/mp2013015807,"A woodwind instrument whose sound is created by blowing across an edge."
egg shaker,mp2019015023,http://id.loc.gov/authorities/performanceMediums/mp2019015023,shaken idiophone,http://id.loc.gov/authorities/performanceMediums/mp2019015021,
ekón,mp2013015236,http://id.loc.gov/authorities/performanceMediums/mp2013015236,bell,http://id.loc.gov/authorities/performanceMediums/mp2013015079,"A bell made from two pieces of metal, lacking a clapper, and struck on the outside, used by the Afro-Cuban Abakwá people."
ekue,mp2013015237,http://id.loc.gov/authorities/performanceMediums/mp2013015237,friction drum,http://id.loc.gov/authorities/performanceMediums/mp2013015272,An Afro-Cuban single-headed friction drum with a loose shaft.
electric cello,mp2013015238,http://id.loc.gov/authorities/performanceMediums/mp2013015238,"cello,electronic instrument","http://id.loc.gov/authorities/performanceMediums/mp2013015120,http://id.loc.gov/authorities/performanceMediums/mp2013015244",
electric guitar,mp2013015239,http://id.loc.gov/authorities/performanceMediums/mp2013015239,"guitar,electronic instrument","http://id.loc.gov/authorities/performanceMediums/mp2013015306,http://id.loc.gov/authorities/performanceMediums/mp2013015244",An acoustic or solid-bodied guitar that is electronically amplified.
electric violin,mp2013015240,http://id.loc.gov/authorities/performanceMediums/mp2013015240,"violin,electronic instrument","http://id.loc.gov/authorities/performanceMediums/mp2013015782,http://id.loc.gov/authorities/performanceMediums/mp2013015244",An acoustic or solid-bodied violin that is electronically amplified.
electronic harpsichord,mp2013015241,http://id.loc.gov/authorities/performanceMediums/mp2013015241,"harpsichord,electronic instrument","http://id.loc.gov/authorities/performanceMediums/mp2013015333,http://id.loc.gov/authorities/performanceMediums/mp2013015244",
electronic instrument,mp2013015244,http://id.loc.gov/authorities/performanceMediums/mp2013015244,instrument,http://id.loc.gov/authorities/performanceMediums/mp2013015354,An instrument that produces sounds by outputting an electric audio signal.
electronic keyboard,mp2013015242,http://id.loc.gov/authorities/performanceMediums/mp2013015242,"keyboard instrument,synthesizer","http://id.loc.gov/authorities/performanceMediums/mp2013015382,http://id.loc.gov/authorities/performanceMediums/mp2013015692",
electronic keyboard ensemble,mp2013015243,http://id.loc.gov/authorities/performanceMediums/mp2013015243,"electronics,keyboard ensemble","http://id.loc.gov/authorities/performanceMediums/mp2013015248,http://id.loc.gov/authorities/performanceMediums/mp2013015842","An ensemble consisting of two or more electronic keyboards."
electronic organ,mp2013015245,http://id.loc.gov/authorities/performanceMediums/mp2013015245,"organ,electronic instrument","http://id.loc.gov/authorities/performanceMediums/mp2013015519,http://id.loc.gov/authorities/performanceMediums/mp2013015244","An organ that produces sounds only through electronic means, or that has electroacoustical or electromechanical elements."
electronic organ ensemble,mp2013015246,http://id.loc.gov/authorities/performanceMediums/mp2013015246,keyboard ensemble,http://id.loc.gov/authorities/performanceMediums/mp2013015842,
electronic piano,mp2013015247,http://id.loc.gov/authorities/performanceMediums/mp2013015247,"keyboard instrument,electronic instrument","http://id.loc.gov/authorities/performanceMediums/mp2013015382,http://id.loc.gov/authorities/performanceMediums/mp2013015244",A piano that produces sounds through digital oscillators or through digital synthesis.
electronics,mp2013015248,http://id.loc.gov/authorities/performanceMediums/mp2013015248,"instrumental ensemble,electronic instrument","http://id.loc.gov/authorities/performanceMediums/mp2013015812,http://id.loc.gov/authorities/performanceMediums/mp2013015244",
electronium,mp2013015249,http://id.loc.gov/authorities/performanceMediums/mp2013015249,"keyboard instrument,electronic instrument","http://id.loc.gov/authorities/performanceMediums/mp2013015382,http://id.loc.gov/authorities/performanceMediums/mp2013015244",
English guitar,mp2013015250,http://id.loc.gov/authorities/performanceMediums/mp2013015250,plucked lute,http://id.loc.gov/authorities/performanceMediums/mp2013015320,
English horn,mp2013015251,http://id.loc.gov/authorities/performanceMediums/mp2013015251,double reed instrument,http://id.loc.gov/authorities/performanceMediums/mp2013015217,
ensemble,mp2013015252,http://id.loc.gov/authorities/performanceMediums/mp2013015252,TOPCONCEPT,,"A group that is not named according to number of performers or a more specific medium of performance."
epinette des Vosges,mp2013015253,http://id.loc.gov/authorities/performanceMediums/mp2013015253,psaltery,http://id.loc.gov/authorities/performanceMediums/mp2013015578,
equal voices,mp2013015254,http://id.loc.gov/authorities/performanceMediums/mp2013015254,chorus,http://id.loc.gov/authorities/performanceMediums/mp2013015143,A chorus in which all the voices parts are for one type of voice.
er hu,mp2013015255,http://id.loc.gov/authorities/performanceMediums/mp2013015255,hu qin,http://id.loc.gov/authorities/performanceMediums/mp2013015345,
esrāj,mp2020015003,http://id.loc.gov/authorities/performanceMediums/mp2020015003,bowed lute,http://id.loc.gov/authorities/performanceMediums/mp2013015097,"A long-necked, fretted fiddle of Bengal. For the long-necked, fretted fiddle of Northern India and Pakistan, see [dilrubā.]"
euphonium,mp2013015256,http://id.loc.gov/authorities/performanceMediums/mp2013015256,brass instrument,http://id.loc.gov/authorities/performanceMediums/mp2013015102,The tenor instrument of the tuba family. For the baritone of the saxhorn family see [baritone horn.]
fairground organ,mp2013015257,http://id.loc.gov/authorities/performanceMediums/mp2013015257,mechanical organ,http://id.loc.gov/authorities/performanceMediums/mp2013015457,A mechanical organ used for outdoor entertainments and circuses.
fêli,mp2013015258,http://id.loc.gov/authorities/performanceMediums/mp2013015258,goblet drum,http://id.loc.gov/authorities/performanceMediums/mp2013015295,A single-headed goblet drum with attached metal rattles.
female voice,mp2013015259,http://id.loc.gov/authorities/performanceMediums/mp2013015259,singer,http://id.loc.gov/authorities/performanceMediums/mp2013015646,
fiddle,mp2013015260,http://id.loc.gov/authorities/performanceMediums/mp2013015260,bowed lute,http://id.loc.gov/authorities/performanceMediums/mp2013015097," (generic term for any chordophone played with a bow. It includes all such instruments, whether of art or popular music, and hybrid types which do not conform to any more standardized pattern. Colloquially, ‘fiddle’ is often used for a member of the violin family)"
fife,mp2013015261,http://id.loc.gov/authorities/performanceMediums/mp2013015261,ductless flute,http://id.loc.gov/authorities/performanceMediums/mp2013015224," (small cylindrical transverse Flute, but with a narrower bore and hence a louder, shriller sound than the flute proper)"
fife and drum corps,mp2013015262,http://id.loc.gov/authorities/performanceMediums/mp2013015262,band,http://id.loc.gov/authorities/performanceMediums/mp2013015048,
finger cymbals,mp2013015263,http://id.loc.gov/authorities/performanceMediums/mp2013015263,concussion idiophone,http://id.loc.gov/authorities/performanceMediums/mp2013015170,
finger snapping,mp2013015264,http://id.loc.gov/authorities/performanceMediums/mp2013015264,body percussion,http://id.loc.gov/authorities/performanceMediums/mp2013015090,
flageolet,mp2013015265,http://id.loc.gov/authorities/performanceMediums/mp2013015265,duct flute,http://id.loc.gov/authorities/performanceMediums/mp2013015223,
flaviol,mp2013015266,http://id.loc.gov/authorities/performanceMediums/mp2013015266,pipe (musical instrument),http://id.loc.gov/authorities/performanceMediums/mp2013015555,
flowerpot,mp2015015002,http://id.loc.gov/authorities/performanceMediums/mp2015015002,percussion instrument,http://id.loc.gov/authorities/performanceMediums/mp2013015544,
flugelhorn,mp2013015267,http://id.loc.gov/authorities/performanceMediums/mp2013015267,brass instrument,http://id.loc.gov/authorities/performanceMediums/mp2013015102,
flute,mp2013015268,http://id.loc.gov/authorities/performanceMediums/mp2013015268,ductless flute,http://id.loc.gov/authorities/performanceMediums/mp2013015224,"The flute of European art music. For generic uses of flute see [ductless flute] or [duct flute.]"
flute choir,mp2013015839,http://id.loc.gov/authorities/performanceMediums/mp2013015839,woodwind ensemble,http://id.loc.gov/authorities/performanceMediums/mp2013015806,An ensemble of two or more flutes of any type.
flûte d'amour,mp2015015015,http://id.loc.gov/authorities/performanceMediums/mp2015015015,flute,http://id.loc.gov/authorities/performanceMediums/mp2013015268,"A member of the flute family that is associated with Western art music and is pitched in A or B♭, between the C concert flute and the G alto flute."
foot tapping,mp2013015840,http://id.loc.gov/authorities/performanceMediums/mp2013015840,body percussion,http://id.loc.gov/authorities/performanceMediums/mp2013015090,
frame drum,mp2013015269,http://id.loc.gov/authorities/performanceMediums/mp2013015269,drum,http://id.loc.gov/authorities/performanceMediums/mp2013015218,"A struck drum, with or without handles, in which the depth of the body does not exceed the circumference of the membrane."
free aerophone,mp2013015270,http://id.loc.gov/authorities/performanceMediums/mp2013015270,aerophone,http://id.loc.gov/authorities/performanceMediums/mp2013015006,"An aerophone in which the vibrating air is not confined by the instrument."
free reed instrument,mp2013015271,http://id.loc.gov/authorities/performanceMediums/mp2013015271,aerophone,http://id.loc.gov/authorities/performanceMediums/mp2013015006,"An instrument in which the reeds move freely at one end, not overlapping any opening."
friction drum,mp2013015272,http://id.loc.gov/authorities/performanceMediums/mp2013015272,"drum,friction instrument","http://id.loc.gov/authorities/performanceMediums/mp2013015218,http://id.loc.gov/authorities/performanceMediums/mp2013015274","A drum in which the membrane is made to vibrate through direct or indirect friction."
friction idiophone,mp2013015273,http://id.loc.gov/authorities/performanceMediums/mp2013015273,"friction instrument,idiophone","http://id.loc.gov/authorities/performanceMediums/mp2013015274,http://id.loc.gov/authorities/performanceMediums/mp2013015351",
friction instrument,mp2013015274,http://id.loc.gov/authorities/performanceMediums/mp2013015274,instrument,http://id.loc.gov/authorities/performanceMediums/mp2013015354,"An instrument sounded by the use of direct or indirect friction to the instrument itself."
gaita (bagpipe),mp2013015276,http://id.loc.gov/authorities/performanceMediums/mp2013015276,bagpipe,http://id.loc.gov/authorities/performanceMediums/mp2013015039,
gaita (pipe),mp2013015277,http://id.loc.gov/authorities/performanceMediums/mp2013015277,pipe (musical instrument),http://id.loc.gov/authorities/performanceMediums/mp2013015555,
galoubet,mp2013015278,http://id.loc.gov/authorities/performanceMediums/mp2013015278,pipe (musical instrument),http://id.loc.gov/authorities/performanceMediums/mp2013015555,
gambang,mp2013015279,http://id.loc.gov/authorities/performanceMediums/mp2013015279,xylophone,http://id.loc.gov/authorities/performanceMediums/mp2013015810,"A wooden or bamboo xylophone of Malaysia and Indonesia."
gamelan,mp2013015280,http://id.loc.gov/authorities/performanceMediums/mp2013015280,instrumental ensemble,http://id.loc.gov/authorities/performanceMediums/mp2013015812,"An ensemble from Bali, Java, and the surrounding areas consisting of various gongs, metallophones and drums."
gamelan degung,mp2013015281,http://id.loc.gov/authorities/performanceMediums/mp2013015281,gamelan,http://id.loc.gov/authorities/performanceMediums/mp2013015280,"A small gamelan ensemble from Sunda."
gamelan genggong,mp2014015027,http://id.loc.gov/authorities/performanceMediums/mp2014015027,gamelan,http://id.loc.gov/authorities/performanceMediums/mp2013015280,A gamelan ensemble from Bali.
gamelan gong gede,mp2013015282,http://id.loc.gov/authorities/performanceMediums/mp2013015282,gamelan,http://id.loc.gov/authorities/performanceMediums/mp2013015280,"A large gamelan ensemble associated with Balinese temples and old court ceremonies."
gamelan gong kebyar,mp2013015283,http://id.loc.gov/authorities/performanceMediums/mp2013015283,gamelan,http://id.loc.gov/authorities/performanceMediums/mp2013015280,"A 20th century gamelan from North Bali."
gamelan jegog,mp2013015284,http://id.loc.gov/authorities/performanceMediums/mp2013015284,gamelan,http://id.loc.gov/authorities/performanceMediums/mp2013015280,"A gamelan consisting of bamboo xylophones from West Bali."
gamelan joged bumbung,mp2013015285,http://id.loc.gov/authorities/performanceMediums/mp2013015285,gamelan,http://id.loc.gov/authorities/performanceMediums/mp2013015280,"A gamelan consisting of four or more tingklik with added flutes, drums and gong, used to accompany social dance."
gamelan semar pegulingan,mp2013015286,http://id.loc.gov/authorities/performanceMediums/mp2013015286,gamelan,http://id.loc.gov/authorities/performanceMediums/mp2013015280,"A court gamelan from Bali."
gao hu,mp2013015287,http://id.loc.gov/authorities/performanceMediums/mp2013015287,hu qin,http://id.loc.gov/authorities/performanceMediums/mp2013015345,"A string instrument similar to the er hu, but smaller and with a higher tone."
garklein recorder,mp2018015019,http://id.loc.gov/authorities/performanceMediums/mp2018015019,recorder,http://id.loc.gov/authorities/performanceMediums/mp2013015597,
ge hu,mp2013015288,http://id.loc.gov/authorities/performanceMediums/mp2013015288,hu qin,http://id.loc.gov/authorities/performanceMediums/mp2013015345,"A large four-stringed Chinese instrument from the 1950s that is tuned like a cello."
gender,mp2013015289,http://id.loc.gov/authorities/performanceMediums/mp2013015289,mallet instrument,http://id.loc.gov/authorities/performanceMediums/mp2013015444,"A multi-octave mallet instrument from Java and Bali."
ghaṭa,mp2013015290,http://id.loc.gov/authorities/performanceMediums/mp2013015290,drum,http://id.loc.gov/authorities/performanceMediums/mp2013015218,
ghichak,mp2013015291,http://id.loc.gov/authorities/performanceMediums/mp2013015291,bowed lute,http://id.loc.gov/authorities/performanceMediums/mp2013015097,
girls' chorus,mp2017015012,http://id.loc.gov/authorities/performanceMediums/mp2017015012,treble chorus,http://id.loc.gov/authorities/performanceMediums/mp2021015004,
glass,mp2013015292,http://id.loc.gov/authorities/performanceMediums/mp2013015292,"friction idiophone,percussion instrument","http://id.loc.gov/authorities/performanceMediums/mp2013015273,http://id.loc.gov/authorities/performanceMediums/mp2013015544",A glass of any shape or size manipulated to produce sound.
glass harmonica,mp2013015293,http://id.loc.gov/authorities/performanceMediums/mp2013015293,friction idiophone,http://id.loc.gov/authorities/performanceMediums/mp2013015273,
glockenspiel,mp2013015294,http://id.loc.gov/authorities/performanceMediums/mp2013015294,mallet instrument,http://id.loc.gov/authorities/performanceMediums/mp2013015444,
goblet drum,mp2013015295,http://id.loc.gov/authorities/performanceMediums/mp2013015295,drum,http://id.loc.gov/authorities/performanceMediums/mp2013015218,
goge,mp2013015296,http://id.loc.gov/authorities/performanceMediums/mp2013015296,bowed lute,http://id.loc.gov/authorities/performanceMediums/mp2013015097,
gong,mp2013015297,http://id.loc.gov/authorities/performanceMediums/mp2013015297,percussion idiophone,http://id.loc.gov/authorities/performanceMediums/mp2013015543,
gonrang,mp2013015298,http://id.loc.gov/authorities/performanceMediums/mp2013015298,instrumental ensemble,http://id.loc.gov/authorities/performanceMediums/mp2013015812,
gora,mp2013015299,http://id.loc.gov/authorities/performanceMediums/mp2013015299,musical bow,http://id.loc.gov/authorities/performanceMediums/mp2013015489,
gottuvadyam,mp2013015300,http://id.loc.gov/authorities/performanceMediums/mp2013015300,vina,http://id.loc.gov/authorities/performanceMediums/mp2013015770,A fretless vina from Southern India.
gralla,mp2013015301,http://id.loc.gov/authorities/performanceMediums/mp2013015301,double reed instrument,http://id.loc.gov/authorities/performanceMediums/mp2013015217,"A small shawm-like double-reed instrument from Catalonia and Spain."
great bass recorder,mp2013015302,http://id.loc.gov/authorities/performanceMediums/mp2013015302,recorder,http://id.loc.gov/authorities/performanceMediums/mp2013015597,
guan,mp2013015303,http://id.loc.gov/authorities/performanceMediums/mp2013015303,double reed instrument,http://id.loc.gov/authorities/performanceMediums/mp2013015217,
gŭdulka,mp2013015304,http://id.loc.gov/authorities/performanceMediums/mp2013015304,bowed string instrument,http://id.loc.gov/authorities/performanceMediums/mp2013015098,
guiro,mp2013015305,http://id.loc.gov/authorities/performanceMediums/mp2013015305,scraped idiophone,http://id.loc.gov/authorities/performanceMediums/mp2019015022,
guitar,mp2013015306,http://id.loc.gov/authorities/performanceMediums/mp2013015306,plucked lute,http://id.loc.gov/authorities/performanceMediums/mp2013015320,
guitar ensemble,mp2013015307,http://id.loc.gov/authorities/performanceMediums/mp2013015307,plucked instrument ensemble,http://id.loc.gov/authorities/performanceMediums/mp2013015564,"An ensemble consisting of two or more guitars."
guitarra portuguesa,mp2013015309,http://id.loc.gov/authorities/performanceMediums/mp2013015309,plucked lute,http://id.loc.gov/authorities/performanceMediums/mp2013015320,
guitarrón,mp2013015310,http://id.loc.gov/authorities/performanceMediums/mp2013015310,plucked lute,http://id.loc.gov/authorities/performanceMediums/mp2013015320,A fretless bass guitar from Mexico.
gunibrī,mp2013015311,http://id.loc.gov/authorities/performanceMediums/mp2013015311,plucked lute,http://id.loc.gov/authorities/performanceMediums/mp2013015320,"A plucked lute with one to three strings from North Africa."
gusle,mp2013015312,http://id.loc.gov/authorities/performanceMediums/mp2013015312,bowed lute,http://id.loc.gov/authorities/performanceMediums/mp2013015097,A single-string bowed lute of Southeastern Europe. For the psaltery from Russia see [gusli.]
gusli,mp2013015313,http://id.loc.gov/authorities/performanceMediums/mp2013015313,psaltery,http://id.loc.gov/authorities/performanceMediums/mp2013015578,A psaltery from Russia. For the single-string bowed lute of Southeastern Europe see [gusle.]
gyil,mp2017015005,http://id.loc.gov/authorities/performanceMediums/mp2017015005,xylophone,http://id.loc.gov/authorities/performanceMediums/mp2013015810,
haegŭm,mp2013015315,http://id.loc.gov/authorities/performanceMediums/mp2013015315,bowed lute,http://id.loc.gov/authorities/performanceMediums/mp2013015097,"A two-string spike fiddle from Korea."
hand clapping,mp2013015316,http://id.loc.gov/authorities/performanceMediums/mp2013015316,body percussion,http://id.loc.gov/authorities/performanceMediums/mp2013015090,
handbell,mp2013015317,http://id.loc.gov/authorities/performanceMediums/mp2013015317,bell,http://id.loc.gov/authorities/performanceMediums/mp2013015079,"A bell with a handle held in the hand for ringing."
handbell choir,mp2013015318,http://id.loc.gov/authorities/performanceMediums/mp2013015318,percussion ensemble,http://id.loc.gov/authorities/performanceMediums/mp2013015542,"An ensemble consisting of two or more handbells."
handchime choir,mp2017015017,http://id.loc.gov/authorities/performanceMediums/mp2017015017,percussion ensemble,http://id.loc.gov/authorities/performanceMediums/mp2013015542,"An ensemble consisting of two or more handchimes."
handchimes,mp2013015319,http://id.loc.gov/authorities/performanceMediums/mp2013015319,chimes,http://id.loc.gov/authorities/performanceMediums/mp2013015137,"A chime, usually in the shape of a square tube, with an external clapper that is rung by hand."
Hardanger fiddle,mp2013015321,http://id.loc.gov/authorities/performanceMediums/mp2013015321,bowed lute,http://id.loc.gov/authorities/performanceMediums/mp2013015097,"A traditional violin of Western Norway with four or five sympathetic strings running beneath the fingerboard."
harmonic canon,mp2013015322,http://id.loc.gov/authorities/performanceMediums/mp2013015322,"plucked string instrument,zither","http://id.loc.gov/authorities/performanceMediums/mp2013015565,http://id.loc.gov/authorities/performanceMediums/mp2013015824","A plucked box zither with 44 or 88 strings invented by Harry Partch."
harmonica,mp2013015323,http://id.loc.gov/authorities/performanceMediums/mp2013015323,mouth organ,http://id.loc.gov/authorities/performanceMediums/mp2013015484,
harmonica ensemble,mp2013015324,http://id.loc.gov/authorities/performanceMediums/mp2013015324,instrumental ensemble,http://id.loc.gov/authorities/performanceMediums/mp2013015812,An ensemble consisting of two or more harmonicas.
harmonichord,mp2019015004,http://id.loc.gov/authorities/performanceMediums/mp2019015004,"friction idiophone,keyboard instrument","http://id.loc.gov/authorities/performanceMediums/mp2013015273,http://id.loc.gov/authorities/performanceMediums/mp2013015382",
harp,mp2013015325,http://id.loc.gov/authorities/performanceMediums/mp2013015325,plucked string instrument,http://id.loc.gov/authorities/performanceMediums/mp2013015565,"An unspecified chordophone in which the plane of strings is perpendicular to the soundboard. For the modern Western pedal harp, use [pedal harp.]"
harp ensemble,mp2013015326,http://id.loc.gov/authorities/performanceMediums/mp2013015326,plucked instrument ensemble,http://id.loc.gov/authorities/performanceMediums/mp2013015564,An ensemble consisting of two or more harps.
harp guitar,mp2013015327,http://id.loc.gov/authorities/performanceMediums/mp2013015327,"guitar,zither","http://id.loc.gov/authorities/performanceMediums/mp2013015306,http://id.loc.gov/authorities/performanceMediums/mp2013015824","A guitar with any number of additional unstopped strings that can accommodate individual plucking."
harp zither,mp2013015331,http://id.loc.gov/authorities/performanceMediums/mp2013015331,"plucked string instrument,zither","http://id.loc.gov/authorities/performanceMediums/mp2013015565,http://id.loc.gov/authorities/performanceMediums/mp2013015824","A fretless zither with two sets of strings, one tuned to a scale and the other to complete the chords in the key of the melody strings."
harp-lute,mp2013015328,http://id.loc.gov/authorities/performanceMediums/mp2013015328,string instrument,http://id.loc.gov/authorities/performanceMediums/mp2013015680,"An unspecified instrument in the Sachs-Hornbostel harp-lute category."
harp-lute guitar,mp2013015329,http://id.loc.gov/authorities/performanceMediums/mp2013015329,plucked lute,http://id.loc.gov/authorities/performanceMediums/mp2013015320,"Any one of the family of instruments invented by Edward Light in the late 18th and early 19th centuries that combined aspects of the guitar or lute with an extended harp-styled neck that held extra strings."
harp-piano,mp2013015330,http://id.loc.gov/authorities/performanceMediums/mp2013015330,"keyboard instrument,plucked string instrument,zither","http://id.loc.gov/authorities/performanceMediums/mp2013015382,http://id.loc.gov/authorities/performanceMediums/mp2013015565,http://id.loc.gov/authorities/performanceMediums/mp2013015824","A harp-shaped instrument fitted with a keyboard."
harpola,mp2013015332,http://id.loc.gov/authorities/performanceMediums/mp2013015332,"plucked string instrument,toy instrument,zither","http://id.loc.gov/authorities/performanceMediums/mp2013015565,http://id.loc.gov/authorities/performanceMediums/mp2013015739,http://id.loc.gov/authorities/performanceMediums/mp2013015824",
harpsichord,mp2013015333,http://id.loc.gov/authorities/performanceMediums/mp2013015333,"keyboard instrument,plucked string instrument,zither","http://id.loc.gov/authorities/performanceMediums/mp2013015382,http://id.loc.gov/authorities/performanceMediums/mp2013015565,http://id.loc.gov/authorities/performanceMediums/mp2013015824",
harpsichord ensemble,mp2013015334,http://id.loc.gov/authorities/performanceMediums/mp2013015334,keyboard ensemble,http://id.loc.gov/authorities/performanceMediums/mp2013015842,"An ensemble consisting of two or more solo harpsichords."
hautbois de Poitou,mp2014015023,http://id.loc.gov/authorities/performanceMediums/mp2014015023,double reed instrument,http://id.loc.gov/authorities/performanceMediums/mp2013015217,"A straight wind-cap shawm from France."
head rapping,mp2013015336,http://id.loc.gov/authorities/performanceMediums/mp2013015336,body percussion,http://id.loc.gov/authorities/performanceMediums/mp2013015090,
heckelphone,mp2013015337,http://id.loc.gov/authorities/performanceMediums/mp2013015337,double reed instrument,http://id.loc.gov/authorities/performanceMediums/mp2013015217,"A double-reed instrument with a wide bore and spherical bell sounding an octave below the oboe."
helicon,mp2013015338,http://id.loc.gov/authorities/performanceMediums/mp2013015338,tuba,http://id.loc.gov/authorities/performanceMediums/mp2013015750,"A valved brass instrument of the tuba family distinguished by its circular shape, allowing the performer to rest the weight of the instrument on his shoulder."
heliphon,mp2013015339,http://id.loc.gov/authorities/performanceMediums/mp2013015339,"electronic instrument,mallet instrument","http://id.loc.gov/authorities/performanceMediums/mp2013015244,http://id.loc.gov/authorities/performanceMediums/mp2013015444","A MIDI-controlled xylophone in the shape of a double helix played by striking the keys with solenoids."
hichiriki,mp2013015340,http://id.loc.gov/authorities/performanceMediums/mp2013015340,double reed instrument,http://id.loc.gov/authorities/performanceMediums/mp2013015217,"A Japanese oboe made of bamboo and with a reverse conical bore."
high voice,mp2013015341,http://id.loc.gov/authorities/performanceMediums/mp2013015341,singer,http://id.loc.gov/authorities/performanceMediums/mp2013015646,"A high-register voice that is not otherwise specified."
hō̜ng wong,mp2013015390,http://id.loc.gov/authorities/performanceMediums/mp2013015390,percussion idiophone,http://id.loc.gov/authorities/performanceMediums/mp2013015543,"A group of bossed gongs set on a circular frame."
horn,mp2013015342,http://id.loc.gov/authorities/performanceMediums/mp2013015342,brass instrument,http://id.loc.gov/authorities/performanceMediums/mp2013015102,"An orchestral valved or valveless French horn. For an unspecified valveless horn see [natural horn.]"
horn ensemble,mp2013015844,http://id.loc.gov/authorities/performanceMediums/mp2013015844,brass ensemble,http://id.loc.gov/authorities/performanceMediums/mp2013015101,"An ensemble consisting of two or more horns."
hourglass drum,mp2013015343,http://id.loc.gov/authorities/performanceMediums/mp2013015343,drum,http://id.loc.gov/authorities/performanceMediums/mp2013015218,"A struck drum with a body that is smaller in diameter in the middle than at the ends."
hrū̜ang sāi,mp2013015391,http://id.loc.gov/authorities/performanceMediums/mp2013015391,instrumental ensemble,http://id.loc.gov/authorities/performanceMediums/mp2013015812,"A instrumental ensemble consisting of strings and a flute and used in the Thai court."
hsiao luo,mp2016015011,http://id.loc.gov/authorities/performanceMediums/mp2016015011,gong,http://id.loc.gov/authorities/performanceMediums/mp2013015297,
hu hu,mp2013015344,http://id.loc.gov/authorities/performanceMediums/mp2013015344,hu qin,http://id.loc.gov/authorities/performanceMediums/mp2013015345,
hu qin,mp2013015345,http://id.loc.gov/authorities/performanceMediums/mp2013015345,bowed string instrument,http://id.loc.gov/authorities/performanceMediums/mp2013015098,"A generic term for a Chinese spike fiddle, usually with two strings, but sometimes three or four."
huang zhong,mp2013015346,http://id.loc.gov/authorities/performanceMediums/mp2013015346,ductless flute,http://id.loc.gov/authorities/performanceMediums/mp2013015224,
hurdy-gurdy,mp2013015347,http://id.loc.gov/authorities/performanceMediums/mp2013015347,"friction instrument,zither","http://id.loc.gov/authorities/performanceMediums/mp2013015274,http://id.loc.gov/authorities/performanceMediums/mp2013015824","An instrument in which a crank-turned rosined wheel vibrates the strings, whose pitches are manipulated on a keyboard or buttons."
hydraulic barrel organ,mp2013015348,http://id.loc.gov/authorities/performanceMediums/mp2013015348,"barrel organ,water organ","http://id.loc.gov/authorities/performanceMediums/mp2013015060,http://id.loc.gov/authorities/performanceMediums/mp2013015796",
hyperbass flute,mp2019015016,http://id.loc.gov/authorities/performanceMediums/mp2019015016,flute,http://id.loc.gov/authorities/performanceMediums/mp2013015268,
ichigenkin,mp2013015350,http://id.loc.gov/authorities/performanceMediums/mp2013015350,"plucked string instrument,zither","http://id.loc.gov/authorities/performanceMediums/mp2013015565,http://id.loc.gov/authorities/performanceMediums/mp2013015824",A single-string Japanese zither.
idiophone,mp2013015351,http://id.loc.gov/authorities/performanceMediums/mp2013015351,instrument,http://id.loc.gov/authorities/performanceMediums/mp2013015354,An unspecified or undetermined instrument that produces sound through vibration of the instrument itself.
imzad,mp2013015352,http://id.loc.gov/authorities/performanceMediums/mp2013015352,rubāb,http://id.loc.gov/authorities/performanceMediums/mp2013015586,A single-string rubāb with a high bridge a curved neck.
inanga,mp2019015011,http://id.loc.gov/authorities/performanceMediums/mp2019015011,"plucked string instrument,zither","http://id.loc.gov/authorities/performanceMediums/mp2013015565,http://id.loc.gov/authorities/performanceMediums/mp2013015824",
indirectly struck idiophone,mp2013015353,http://id.loc.gov/authorities/performanceMediums/mp2013015353,struck idiophone,http://id.loc.gov/authorities/performanceMediums/mp2013015682,"An unspecified or undetermined idiophone in which the percussion is produced indirectly, such as by shaking or scraping the instrument."
instrument,mp2013015354,http://id.loc.gov/authorities/performanceMediums/mp2013015354,performer,http://id.loc.gov/authorities/performanceMediums/mp2013015545,Any unspecified or undetermined solo instrument.
instrumental ensemble,mp2013015812,http://id.loc.gov/authorities/performanceMediums/mp2013015812,ensemble,http://id.loc.gov/authorities/performanceMediums/mp2013015252,"An ensemble consisting of diverse instruments that cannot be described by a more specific term."
Irish harp,mp2013015356,http://id.loc.gov/authorities/performanceMediums/mp2013015356,harp,http://id.loc.gov/authorities/performanceMediums/mp2013015325,"Use for a variety of small, gut-string harps used in Celtic or Celtic-derived music."
iwabue,mp2013015357,http://id.loc.gov/authorities/performanceMediums/mp2013015357,duct flute,http://id.loc.gov/authorities/performanceMediums/mp2013015223,"A small Japanese stone flute."
jaltarang,mp2013015358,http://id.loc.gov/authorities/performanceMediums/mp2013015358,percussion idiophone,http://id.loc.gov/authorities/performanceMediums/mp2013015543,"A set of bowls tuned by filling them with different levels of water, struck with bamboo sticks."
jao pa,mp2016015008,http://id.loc.gov/authorities/performanceMediums/mp2016015008,cymbal,http://id.loc.gov/authorities/performanceMediums/mp2013015195,
jarana huasteca,mp2020015008,http://id.loc.gov/authorities/performanceMediums/mp2020015008,plucked lute,http://id.loc.gov/authorities/performanceMediums/mp2013015320,
jawbone,mp2013015359,http://id.loc.gov/authorities/performanceMediums/mp2013015359,indirectly struck idiophone,http://id.loc.gov/authorities/performanceMediums/mp2013015353,"A jawbone used as an idiophone that may be struck, rattled, or rubbed."
jazz combo,mp2016015002,http://id.loc.gov/authorities/performanceMediums/mp2016015002,instrumental ensemble,http://id.loc.gov/authorities/performanceMediums/mp2013015812,"A small ensemble associated with jazz that usually consists of 3 to 6 instruments, including piano, bass, drum set, guitar, saxophone, trumpet, percussion, or other instruments."
Jew's harp,mp2013015360,http://id.loc.gov/authorities/performanceMediums/mp2013015360,plucked idiophone,http://id.loc.gov/authorities/performanceMediums/mp2013015562,
jhāājh,mp2013015361,http://id.loc.gov/authorities/performanceMediums/mp2013015361,cymbal,http://id.loc.gov/authorities/performanceMediums/mp2013015195,
jin qian ban,mp2013015362,http://id.loc.gov/authorities/performanceMediums/mp2013015362,clapper (percussion),http://id.loc.gov/authorities/performanceMediums/mp2013015153,"A Chinese clapper used in storytelling."
jing hu,mp2013015363,http://id.loc.gov/authorities/performanceMediums/mp2013015363,hu qin,http://id.loc.gov/authorities/performanceMediums/mp2013015345,A high-pitched hu qin.
jouhikko,mp2013015364,http://id.loc.gov/authorities/performanceMediums/mp2013015364,"bowed string instrument,lyre","http://id.loc.gov/authorities/performanceMediums/mp2013015098,http://id.loc.gov/authorities/performanceMediums/mp2013015437",A Finnish bowed lyre with two to four strings.
jug,mp2013015365,http://id.loc.gov/authorities/performanceMediums/mp2013015365,wind instrument,http://id.loc.gov/authorities/performanceMediums/mp2013015803,
jug band,mp2013015366,http://id.loc.gov/authorities/performanceMediums/mp2013015366,instrumental ensemble,http://id.loc.gov/authorities/performanceMediums/mp2013015812,"An instrumental ensemble consisting of one or more jugs used as bass wind instruments that arose among African Americans in the early 20th century as popular entertainment for medicine shows and picnics."
jūshichigen,mp2014015010,http://id.loc.gov/authorities/performanceMediums/mp2014015010,koto,http://id.loc.gov/authorities/performanceMediums/mp2013015406,A 17-string bass koto from Japan.
kā’eke’eke,mp2018015012,http://id.loc.gov/authorities/performanceMediums/mp2018015012,percussion idiophone,http://id.loc.gov/authorities/performanceMediums/mp2013015543,
kaājirā,mp2013015372,http://id.loc.gov/authorities/performanceMediums/mp2013015372,drum,http://id.loc.gov/authorities/performanceMediums/mp2013015218,A South Indian frame drum.
kacapi (plucked lute),mp2013015367,http://id.loc.gov/authorities/performanceMediums/mp2013015367,plucked lute,http://id.loc.gov/authorities/performanceMediums/mp2013015320,"A boat-shaped plucked lute from Indonesia."
kacapi (zither),mp2013015368,http://id.loc.gov/authorities/performanceMediums/mp2013015368,"plucked string instrument,zither","http://id.loc.gov/authorities/performanceMediums/mp2013015565,http://id.loc.gov/authorities/performanceMediums/mp2013015824","A plucked box zither from the Sundanese areas of West Java."
kagurabue,mp2013015369,http://id.loc.gov/authorities/performanceMediums/mp2013015369,ductless flute,http://id.loc.gov/authorities/performanceMediums/mp2013015224,A six- or seven-hole Japanese flute.
kamānche,mp2013015370,http://id.loc.gov/authorities/performanceMediums/mp2013015370,bowed lute,http://id.loc.gov/authorities/performanceMediums/mp2013015097,"A spike fiddle of the Black Sea region, Pontic Greece, and Iran."
kamele ngoni,mp2013015371,http://id.loc.gov/authorities/performanceMediums/mp2013015371,harp-lute,http://id.loc.gov/authorities/performanceMediums/mp2013015328,A six-stringed harp of the Wassolou region of Mali.
kaval,mp2013015376,http://id.loc.gov/authorities/performanceMediums/mp2013015376,ductless flute,http://id.loc.gov/authorities/performanceMediums/mp2013015224,"A rim-blown flute of Southeastern Europe and Turkey."
kaw law,mp2015015007,http://id.loc.gov/authorities/performanceMediums/mp2015015007,xylophone,http://id.loc.gov/authorities/performanceMediums/mp2013015810,"A vertical log xylophone of northeastern Thailand."
kayagŭm,mp2013015377,http://id.loc.gov/authorities/performanceMediums/mp2013015377,"plucked string instrument,zither","http://id.loc.gov/authorities/performanceMediums/mp2013015565,http://id.loc.gov/authorities/performanceMediums/mp2013015824","A Korean twelve-stringed zither."
kazoo,mp2013015378,http://id.loc.gov/authorities/performanceMediums/mp2013015378,singing membrane,http://id.loc.gov/authorities/performanceMediums/mp2013015642,
kei,mp2013015379,http://id.loc.gov/authorities/performanceMediums/mp2013015379,percussion idiophone,http://id.loc.gov/authorities/performanceMediums/mp2013015543,
kemanak,mp2013015380,http://id.loc.gov/authorities/performanceMediums/mp2013015380,percussion idiophone,http://id.loc.gov/authorities/performanceMediums/mp2013015543,"A banana-shaped metal idiophone of Java that is usually used in pairs."
keyboard controller,mp2013015381,http://id.loc.gov/authorities/performanceMediums/mp2013015381,MIDI controller,http://id.loc.gov/authorities/performanceMediums/mp2013015474,A MIDI with a keyboard controller.
keyboard ensemble,mp2013015842,http://id.loc.gov/authorities/performanceMediums/mp2013015842,instrumental ensemble,http://id.loc.gov/authorities/performanceMediums/mp2013015812,An ensemble consisting of two or more varied keyboard instruments.
keyboard instrument,mp2013015382,http://id.loc.gov/authorities/performanceMediums/mp2013015382,instrument,http://id.loc.gov/authorities/performanceMediums/mp2013015354,"An unspecified or unidentified keyboard instrument."
keyed bugle,mp2013015384,http://id.loc.gov/authorities/performanceMediums/mp2013015384,bugle,http://id.loc.gov/authorities/performanceMediums/mp2013015104,
keyed fiddle,mp2013015385,http://id.loc.gov/authorities/performanceMediums/mp2013015385,bowed lute,http://id.loc.gov/authorities/performanceMediums/mp2013015097,
keyed trumpet,mp2013015386,http://id.loc.gov/authorities/performanceMediums/mp2013015386,trumpet,http://id.loc.gov/authorities/performanceMediums/mp2013015748,
khǣn,mp2013015387,http://id.loc.gov/authorities/performanceMediums/mp2013015387,mouth organ,http://id.loc.gov/authorities/performanceMediums/mp2013015484,
khim,mp2013015388,http://id.loc.gov/authorities/performanceMediums/mp2013015388,dulcimer,http://id.loc.gov/authorities/performanceMediums/mp2013015228,"A hammered dulcimer of Laos and Thailand that is similar to, but smaller than, the yang qin."
khlui,mp2013015389,http://id.loc.gov/authorities/performanceMediums/mp2013015389,duct flute,http://id.loc.gov/authorities/performanceMediums/mp2013015223,A bamboo duct flute from Thailand with six or seven finger holes and a thumb hole.
kōauau,mp2013015394,http://id.loc.gov/authorities/performanceMediums/mp2013015394,"ductless flute,taonga puoro","http://id.loc.gov/authorities/performanceMediums/mp2013015224,http://id.loc.gov/authorities/performanceMediums/mp2022015004","A flute of the Māori people of New Zealand."
kob,mp2013015395,http://id.loc.gov/authorities/performanceMediums/mp2013015395,natural horn,http://id.loc.gov/authorities/performanceMediums/mp2013015496,A curved brass horn from India.
kobza,mp2013015396,http://id.loc.gov/authorities/performanceMediums/mp2013015396,plucked lute,http://id.loc.gov/authorities/performanceMediums/mp2013015320,
kŏmunʼgo,mp2013015401,http://id.loc.gov/authorities/performanceMediums/mp2013015401,"plucked string instrument,zither","http://id.loc.gov/authorities/performanceMediums/mp2013015565,http://id.loc.gov/authorities/performanceMediums/mp2013015824","A six-stringed fretted, plucked, zither of Korea."
komuz,mp2013015402,http://id.loc.gov/authorities/performanceMediums/mp2013015402,plucked lute,http://id.loc.gov/authorities/performanceMediums/mp2013015320,"A long-necked, unfretted, three-stringed lute of the Kirghiz people of Central Asia."
kong hou,mp2013015403,http://id.loc.gov/authorities/performanceMediums/mp2013015403,harp,http://id.loc.gov/authorities/performanceMediums/mp2013015325,
kopuz,mp2013015404,http://id.loc.gov/authorities/performanceMediums/mp2013015404,plucked lute,http://id.loc.gov/authorities/performanceMediums/mp2013015320,
kora,mp2013015405,http://id.loc.gov/authorities/performanceMediums/mp2013015405,harp-lute,http://id.loc.gov/authorities/performanceMediums/mp2013015328,"A 21-string harp-lute of the Mende people of West Africa."
koto,mp2013015406,http://id.loc.gov/authorities/performanceMediums/mp2013015406,"plucked string instrument,zither","http://id.loc.gov/authorities/performanceMediums/mp2013015565,http://id.loc.gov/authorities/performanceMediums/mp2013015824",A Japanese zither with 13 strings.
koto ensemble,mp2013015407,http://id.loc.gov/authorities/performanceMediums/mp2013015407,plucked instrument ensemble,http://id.loc.gov/authorities/performanceMediums/mp2013015564,An ensemble consisting of two or more koto.
kotsuzumi,mp2013015408,http://id.loc.gov/authorities/performanceMediums/mp2013015408,hourglass drum,http://id.loc.gov/authorities/performanceMediums/mp2013015343,An hourglass drum used in Japanese theater.
krar,mp2013015409,http://id.loc.gov/authorities/performanceMediums/mp2013015409,lyre,http://id.loc.gov/authorities/performanceMediums/mp2013015437,A six-string bowl lyre from Ethiopia and Eritrea.
kudyapi,mp2018015008,http://id.loc.gov/authorities/performanceMediums/mp2018015008,plucked lute,http://id.loc.gov/authorities/performanceMediums/mp2013015320,
kulintang,mp2013015410,http://id.loc.gov/authorities/performanceMediums/mp2013015410,percussion idiophone,http://id.loc.gov/authorities/performanceMediums/mp2013015543,
kulintang ensemble,mp2013015411,http://id.loc.gov/authorities/performanceMediums/mp2013015411,percussion ensemble,http://id.loc.gov/authorities/performanceMediums/mp2013015542,A Filipino ensemble consisting of two sets of kulintang and a drum.
kurai,mp2013015412,http://id.loc.gov/authorities/performanceMediums/mp2013015412,ductless flute,http://id.loc.gov/authorities/performanceMediums/mp2013015224,An end-blown flute of the Bashkir and Tatar peoples.
lambeg drum,mp2013015413,http://id.loc.gov/authorities/performanceMediums/mp2013015413,drum,http://id.loc.gov/authorities/performanceMediums/mp2013015218,"A large double-headed drum associated with the Orange Order in Northern Ireland and traditionally used in parades."
langeleik,mp2013015414,http://id.loc.gov/authorities/performanceMediums/mp2013015414,psaltery,http://id.loc.gov/authorities/performanceMediums/mp2013015578,A fretted Norwegian box zither.
launeddas,mp2013015415,http://id.loc.gov/authorities/performanceMediums/mp2013015415,single reed instrument,http://id.loc.gov/authorities/performanceMediums/mp2013015648,A polyphonic single-reed instrument with three pipes that originated in Southern Sardinia.
lavta,mp2014015006,http://id.loc.gov/authorities/performanceMediums/mp2014015006,plucked lute,http://id.loc.gov/authorities/performanceMediums/mp2013015320,"A Turkish plucked lute with tied frets, popular in the early 20th century."
lead singer,mp2013015416,http://id.loc.gov/authorities/performanceMediums/mp2013015416,singer,http://id.loc.gov/authorities/performanceMediums/mp2013015646,"A performer who sings the main solo vocal portions of a popular song, often as part of a band."
leaf,mp2013015417,http://id.loc.gov/authorities/performanceMediums/mp2013015417,instrument,http://id.loc.gov/authorities/performanceMediums/mp2013015354,"One or more leaves from a tree or other plant that produce sound, usually through vibration (aerophone) or rattling (shaken idiophone)."
ligawka,mp2013015418,http://id.loc.gov/authorities/performanceMediums/mp2013015418,natural horn,http://id.loc.gov/authorities/performanceMediums/mp2013015496,A wooden aerophone from the Mazowsze region of Poland.
limbe,mp2013015419,http://id.loc.gov/authorities/performanceMediums/mp2013015419,ductless flute,http://id.loc.gov/authorities/performanceMediums/mp2013015224,A side-blown flute that originated in China and Mongolia.
lira (short-necked fiddle),mp2013015421,http://id.loc.gov/authorities/performanceMediums/mp2013015421,bowed lute,http://id.loc.gov/authorities/performanceMediums/mp2013015097,
lira da braccio,mp2013015422,http://id.loc.gov/authorities/performanceMediums/mp2013015422,bowed lute,http://id.loc.gov/authorities/performanceMediums/mp2013015097,
lirica,mp2013015423,http://id.loc.gov/authorities/performanceMediums/mp2013015423,bowed lute,http://id.loc.gov/authorities/performanceMediums/mp2013015097,
lirone,mp2013015424,http://id.loc.gov/authorities/performanceMediums/mp2013015424,bowed lute,http://id.loc.gov/authorities/performanceMediums/mp2013015097,
lithophone,mp2013015425,http://id.loc.gov/authorities/performanceMediums/mp2013015425,percussion idiophone,http://id.loc.gov/authorities/performanceMediums/mp2013015543,A stone or a set of stones that is struck to produce sound.
liu qin,mp2013015426,http://id.loc.gov/authorities/performanceMediums/mp2013015426,plucked lute,http://id.loc.gov/authorities/performanceMediums/mp2013015320,
live electronics,mp2013015427,http://id.loc.gov/authorities/performanceMediums/mp2013015427,electronics,http://id.loc.gov/authorities/performanceMediums/mp2013015248,
lō̜ng ǣ,mp2013015392,http://id.loc.gov/authorities/performanceMediums/mp2013015392,goblet drum,http://id.loc.gov/authorities/performanceMediums/mp2013015295,A large Thai drum used in Buddhist temples.
lō̜ng yāo,mp2013015393,http://id.loc.gov/authorities/performanceMediums/mp2013015393,goblet drum,http://id.loc.gov/authorities/performanceMediums/mp2013015295,A Thai drum played with the hands and used in festival parades.
lõõtspill,mp2013015428,http://id.loc.gov/authorities/performanceMediums/mp2013015428,accordion,http://id.loc.gov/authorities/performanceMediums/mp2013015001,
low voice,mp2013015429,http://id.loc.gov/authorities/performanceMediums/mp2013015429,singer,http://id.loc.gov/authorities/performanceMediums/mp2013015646,
lu sheng,mp2013015430,http://id.loc.gov/authorities/performanceMediums/mp2013015430,mouth organ,http://id.loc.gov/authorities/performanceMediums/mp2013015484,
luo gu,mp2013015431,http://id.loc.gov/authorities/performanceMediums/mp2013015431,percussion ensemble,http://id.loc.gov/authorities/performanceMediums/mp2013015542,
lur,mp2013015432,http://id.loc.gov/authorities/performanceMediums/mp2013015432,natural horn,http://id.loc.gov/authorities/performanceMediums/mp2013015496,
lute,mp2013015433,http://id.loc.gov/authorities/performanceMediums/mp2013015433,plucked lute,http://id.loc.gov/authorities/performanceMediums/mp2013015320,"A fretted plucked-string instrument with a pear-shaped body that was popular in 16th-18th century Europe. For other lute-type instruments, see [plucked lute] and [bowed lute.]"
lute ensemble,mp2013015434,http://id.loc.gov/authorities/performanceMediums/mp2013015434,plucked instrument ensemble,http://id.loc.gov/authorities/performanceMediums/mp2013015564,"An ensemble consisting of two or more European lutes, often of different sizes."
lute-harpsichord,mp2014015005,http://id.loc.gov/authorities/performanceMediums/mp2014015005,"keyboard instrument,plucked string instrument,zither","http://id.loc.gov/authorities/performanceMediums/mp2013015382,http://id.loc.gov/authorities/performanceMediums/mp2013015565,http://id.loc.gov/authorities/performanceMediums/mp2013015824",A gut-strung harpsichord with a mellow tone similar to a lute.
luthéal,mp2013015435,http://id.loc.gov/authorities/performanceMediums/mp2013015435,prepared piano,http://id.loc.gov/authorities/performanceMediums/mp2013015575,
lyra viol,mp2013015436,http://id.loc.gov/authorities/performanceMediums/mp2013015436,viol,http://id.loc.gov/authorities/performanceMediums/mp2013015771,
lyre,mp2013015437,http://id.loc.gov/authorities/performanceMediums/mp2013015437,plucked string instrument,http://id.loc.gov/authorities/performanceMediums/mp2013015565,An unspecified string instrument whose strings are attached to a yoke that lies in the same plane as the soundtable.
lyre-guitar,mp2013015438,http://id.loc.gov/authorities/performanceMediums/mp2013015438,guitar,http://id.loc.gov/authorities/performanceMediums/mp2013015306,
mādal,mp2013015439,http://id.loc.gov/authorities/performanceMediums/mp2013015439,drum,http://id.loc.gov/authorities/performanceMediums/mp2013015218,
magnetic resonator piano,mp2014015004,http://id.loc.gov/authorities/performanceMediums/mp2014015004,piano,http://id.loc.gov/authorities/performanceMediums/mp2013015550,An electronically-augmented acoustic grand piano using electromagnets to extend the capabilities of the traditional piano without speakers or amplification.
mahōrī,mp2013015440,http://id.loc.gov/authorities/performanceMediums/mp2013015440,instrumental ensemble,http://id.loc.gov/authorities/performanceMediums/mp2013015812,"An instrumental ensemble originating in Thailand that combines melodic and rhythmic percussion, string, and wind instruments."
male voice,mp2013015441,http://id.loc.gov/authorities/performanceMediums/mp2013015441,singer,http://id.loc.gov/authorities/performanceMediums/mp2013015646,
mallet controller,mp2013015442,http://id.loc.gov/authorities/performanceMediums/mp2013015442,"mallet instrument,percussion controller","http://id.loc.gov/authorities/performanceMediums/mp2013015444,http://id.loc.gov/authorities/performanceMediums/mp2013015541",An electronic instrument that simulates the sound of a mallet instrument.
mallet ensemble,mp2013015443,http://id.loc.gov/authorities/performanceMediums/mp2013015443,percussion ensemble,http://id.loc.gov/authorities/performanceMediums/mp2013015542,An ensemble consisting of two or more different mallet instruments of any type.
mallet instrument,mp2013015444,http://id.loc.gov/authorities/performanceMediums/mp2013015444,percussion idiophone,http://id.loc.gov/authorities/performanceMediums/mp2013015543,An unspecified mallet instrument of any type.
mandola,mp2013015445,http://id.loc.gov/authorities/performanceMediums/mp2013015445,mandolin,http://id.loc.gov/authorities/performanceMediums/mp2013015446,
mandolin,mp2013015446,http://id.loc.gov/authorities/performanceMediums/mp2013015446,plucked lute,http://id.loc.gov/authorities/performanceMediums/mp2013015320,
mandolin ensemble,mp2013015447,http://id.loc.gov/authorities/performanceMediums/mp2013015447,plucked instrument ensemble,http://id.loc.gov/authorities/performanceMediums/mp2013015564,An ensemble consisting of two or more instruments of the mandolin family.
mandoloncello,mp2013015449,http://id.loc.gov/authorities/performanceMediums/mp2013015449,mandolin,http://id.loc.gov/authorities/performanceMediums/mp2013015446,
maraca,mp2013015450,http://id.loc.gov/authorities/performanceMediums/mp2013015450,shaken idiophone,http://id.loc.gov/authorities/performanceMediums/mp2019015021,
marching band,mp2013015451,http://id.loc.gov/authorities/performanceMediums/mp2013015451,band,http://id.loc.gov/authorities/performanceMediums/mp2013015048,
marimba,mp2013015452,http://id.loc.gov/authorities/performanceMediums/mp2013015452,mallet instrument,http://id.loc.gov/authorities/performanceMediums/mp2013015444,
marimba ensemble,mp2013015453,http://id.loc.gov/authorities/performanceMediums/mp2013015453,mallet ensemble,http://id.loc.gov/authorities/performanceMediums/mp2013015443,
marovany (box zither),mp2013015454,http://id.loc.gov/authorities/performanceMediums/mp2013015454,"plucked string instrument,zither","http://id.loc.gov/authorities/performanceMediums/mp2013015565,http://id.loc.gov/authorities/performanceMediums/mp2013015824",
mbira,mp2013015455,http://id.loc.gov/authorities/performanceMediums/mp2013015455,plucked idiophone,http://id.loc.gov/authorities/performanceMediums/mp2013015562,
mechanical instrument,mp2013015456,http://id.loc.gov/authorities/performanceMediums/mp2013015456,instrument,http://id.loc.gov/authorities/performanceMediums/mp2013015354,An unspecified instrument whose sound is produced fully or partially through automated means.
mechanical organ,mp2013015457,http://id.loc.gov/authorities/performanceMediums/mp2013015457,"mechanical instrument,organ","http://id.loc.gov/authorities/performanceMediums/mp2013015456,http://id.loc.gov/authorities/performanceMediums/mp2013015519",An unspecified mechanized organ.
mechanical piano,mp2013015458,http://id.loc.gov/authorities/performanceMediums/mp2013015458,"mechanical instrument,piano","http://id.loc.gov/authorities/performanceMediums/mp2013015456,http://id.loc.gov/authorities/performanceMediums/mp2013015550",An unspecified mechanized piano.
mechanical singing-bird box,mp2013015459,http://id.loc.gov/authorities/performanceMediums/mp2013015459,music box,http://id.loc.gov/authorities/performanceMediums/mp2013015488,
medium voice,mp2013015461,http://id.loc.gov/authorities/performanceMediums/mp2013015461,singer,http://id.loc.gov/authorities/performanceMediums/mp2013015646,
megaphone,mp2013015462,http://id.loc.gov/authorities/performanceMediums/mp2013015462,wind instrument,http://id.loc.gov/authorities/performanceMediums/mp2013015803,"A device used to amplify other media in the performance of a musical work."
melodeon (button-key accordion),mp2013015463,http://id.loc.gov/authorities/performanceMediums/mp2013015463,button-key accordion,http://id.loc.gov/authorities/performanceMediums/mp2013015108,
melodica,mp2013015464,http://id.loc.gov/authorities/performanceMediums/mp2013015464,harmonica,http://id.loc.gov/authorities/performanceMediums/mp2013015323,A keyboard harmonica.
melody flute,mp2013015465,http://id.loc.gov/authorities/performanceMediums/mp2013015465,"duct flute,toy instrument","http://id.loc.gov/authorities/performanceMediums/mp2013015223,http://id.loc.gov/authorities/performanceMediums/mp2013015739",
melody instrument,mp2013015466,http://id.loc.gov/authorities/performanceMediums/mp2013015466,instrument,http://id.loc.gov/authorities/performanceMediums/mp2013015354,An unspecified instrument on which more than one note can be played.
meloharp,mp2013015467,http://id.loc.gov/authorities/performanceMediums/mp2013015467,zither,http://id.loc.gov/authorities/performanceMediums/mp2013015824,
membranophone,mp2013015468,http://id.loc.gov/authorities/performanceMediums/mp2013015468,instrument,http://id.loc.gov/authorities/performanceMediums/mp2013015354,An unspecified instrument whose sound is produced via vibrations of a stretched membrane.
men's chorus,mp2013015469,http://id.loc.gov/authorities/performanceMediums/mp2013015469,tenor bass chorus,http://id.loc.gov/authorities/performanceMediums/mp2021015005,"A chorus identified as comprising adult male voices. For a chorus comprising adult voices of unspecified gender singing lower ranges (tenor, baritone, and/or bass), use [tenor bass chorus.]"
mendzan,mp2013015470,http://id.loc.gov/authorities/performanceMediums/mp2013015470,xylophone,http://id.loc.gov/authorities/performanceMediums/mp2013015810,
meta-harp,mp2013015471,http://id.loc.gov/authorities/performanceMediums/mp2013015471,"plucked string instrument,zither","http://id.loc.gov/authorities/performanceMediums/mp2013015565,http://id.loc.gov/authorities/performanceMediums/mp2013015824",
metronome,mp2019015012,http://id.loc.gov/authorities/performanceMediums/mp2019015012,"electronic instrument,mechanical instrument","http://id.loc.gov/authorities/performanceMediums/mp2013015244,http://id.loc.gov/authorities/performanceMediums/mp2013015456",
mey,mp2013015472,http://id.loc.gov/authorities/performanceMediums/mp2013015472,double reed instrument,http://id.loc.gov/authorities/performanceMediums/mp2013015217,
mezzo-soprano voice,mp2013015473,http://id.loc.gov/authorities/performanceMediums/mp2013015473,medium voice,http://id.loc.gov/authorities/performanceMediums/mp2013015461,
MIDI controller,mp2013015474,http://id.loc.gov/authorities/performanceMediums/mp2013015474,electronic instrument,http://id.loc.gov/authorities/performanceMediums/mp2013015244,
mime,mp2013015475,http://id.loc.gov/authorities/performanceMediums/mp2013015475,performer,http://id.loc.gov/authorities/performanceMediums/mp2013015545,
mirliton,mp2013015476,http://id.loc.gov/authorities/performanceMediums/mp2013015476,singing membrane,http://id.loc.gov/authorities/performanceMediums/mp2013015642,
mišnice,mp2013015477,http://id.loc.gov/authorities/performanceMediums/mp2013015477,bagpipe,http://id.loc.gov/authorities/performanceMediums/mp2013015039,
mixed chorus,mp2013015146,http://id.loc.gov/authorities/performanceMediums/mp2013015146,chorus,http://id.loc.gov/authorities/performanceMediums/mp2013015143,"A chorus comprising voices singing both higher (soprano and/or alto) and lower ranges (tenor and/or bass)."
mixed media,mp2013015478,http://id.loc.gov/authorities/performanceMediums/mp2013015478,"ensemble,performer","http://id.loc.gov/authorities/performanceMediums/mp2013015252,http://id.loc.gov/authorities/performanceMediums/mp2013015545","Merged elements from various arts that cannot be described by a more specific term. For a visual component of musical performance, see [visuals.]"
monochord,mp2013015479,http://id.loc.gov/authorities/performanceMediums/mp2013015479,"plucked string instrument,zither","http://id.loc.gov/authorities/performanceMediums/mp2013015565,http://id.loc.gov/authorities/performanceMediums/mp2013015824",
morin huur,mp2013015480,http://id.loc.gov/authorities/performanceMediums/mp2013015480,bowed lute,http://id.loc.gov/authorities/performanceMediums/mp2013015097,
mouseketier,mp2013015481,http://id.loc.gov/authorities/performanceMediums/mp2013015481,electronic instrument,http://id.loc.gov/authorities/performanceMediums/mp2013015244,
mouth bow,mp2013015482,http://id.loc.gov/authorities/performanceMediums/mp2013015482,musical bow,http://id.loc.gov/authorities/performanceMediums/mp2013015489,
mouth organ,mp2013015484,http://id.loc.gov/authorities/performanceMediums/mp2013015484,free reed instrument,http://id.loc.gov/authorities/performanceMediums/mp2013015271,"An unspecified mouth organ."
mridanga,mp2013015485,http://id.loc.gov/authorities/performanceMediums/mp2013015485,drum,http://id.loc.gov/authorities/performanceMediums/mp2013015218,"Any of several types of double-headed drum used to accompany devotional music and known by various names in different regions of India."
mukhavīṇā,mp2013015486,http://id.loc.gov/authorities/performanceMediums/mp2013015486,double reed instrument,http://id.loc.gov/authorities/performanceMediums/mp2013015217,
musette (oboe),mp2013015487,http://id.loc.gov/authorities/performanceMediums/mp2013015487,oboe,http://id.loc.gov/authorities/performanceMediums/mp2013015507,
music box,mp2013015488,http://id.loc.gov/authorities/performanceMediums/mp2013015488,"mechanical instrument,plucked idiophone","http://id.loc.gov/authorities/performanceMediums/mp2013015456,http://id.loc.gov/authorities/performanceMediums/mp2013015562",
musical bow,mp2013015489,http://id.loc.gov/authorities/performanceMediums/mp2013015489,zither,http://id.loc.gov/authorities/performanceMediums/mp2013015824,A bow that is played as a musical instrument in its own right and not as a device to draw sound from another instrument.
musical clock,mp2013015490,http://id.loc.gov/authorities/performanceMediums/mp2013015490,mechanical organ,http://id.loc.gov/authorities/performanceMediums/mp2013015457,A clock equipped with a mechanical organ. For sounds produced by a clock equipped with a carillon or other chiming mechanism use [clock chimes.]
musical saw,mp2017015015,http://id.loc.gov/authorities/performanceMediums/mp2017015015,"friction idiophone,struck idiophone","http://id.loc.gov/authorities/performanceMediums/mp2013015273,http://id.loc.gov/authorities/performanceMediums/mp2013015682",
nāgasvaram,mp2013015493,http://id.loc.gov/authorities/performanceMediums/mp2013015493,double reed instrument,http://id.loc.gov/authorities/performanceMediums/mp2013015217,
Native American flute,mp2013015495,http://id.loc.gov/authorities/performanceMediums/mp2013015495,duct flute,http://id.loc.gov/authorities/performanceMediums/mp2013015223,
natural horn,mp2013015496,http://id.loc.gov/authorities/performanceMediums/mp2013015496,brass instrument,http://id.loc.gov/authorities/performanceMediums/mp2013015102,"An unspecified valveless horn. For the orchestral valved or valveless French horn, use [horn.]"
nāy (flute),mp2014015003,http://id.loc.gov/authorities/performanceMediums/mp2014015003,ductless flute,http://id.loc.gov/authorities/performanceMediums/mp2013015224,
nāykhīṃ,mp2013015498,http://id.loc.gov/authorities/performanceMediums/mp2013015498,drum,http://id.loc.gov/authorities/performanceMediums/mp2013015218,
new century harp,mp2013015499,http://id.loc.gov/authorities/performanceMediums/mp2013015499,"plucked string instrument,zither","http://id.loc.gov/authorities/performanceMediums/mp2013015565,http://id.loc.gov/authorities/performanceMediums/mp2013015824",
ngoma,mp2013015500,http://id.loc.gov/authorities/performanceMediums/mp2013015500,drum,http://id.loc.gov/authorities/performanceMediums/mp2013015218,
nōkan,mp2013015501,http://id.loc.gov/authorities/performanceMediums/mp2013015501,ductless flute,http://id.loc.gov/authorities/performanceMediums/mp2013015224,
noordsche balk,mp2013015502,http://id.loc.gov/authorities/performanceMediums/mp2013015502,psaltery,http://id.loc.gov/authorities/performanceMediums/mp2013015578,Any of several types of zither played in the Low Countries.
Northumbrian small pipe,mp2013015503,http://id.loc.gov/authorities/performanceMediums/mp2013015503,bagpipe,http://id.loc.gov/authorities/performanceMediums/mp2013015039,
nose flute,mp2017015011,http://id.loc.gov/authorities/performanceMediums/mp2017015011,edge-blown instrument,http://id.loc.gov/authorities/performanceMediums/mp2013015235,
notched rattle,mp2013015504,http://id.loc.gov/authorities/performanceMediums/mp2013015504,scraped idiophone,http://id.loc.gov/authorities/performanceMediums/mp2019015022,
Novachord,mp2013015505,http://id.loc.gov/authorities/performanceMediums/mp2013015505,"electronic keyboard,electronic organ","http://id.loc.gov/authorities/performanceMediums/mp2013015242,http://id.loc.gov/authorities/performanceMediums/mp2013015245",
ō̜ dūang,mp2013015658,http://id.loc.gov/authorities/performanceMediums/mp2013015658,bowed lute,http://id.loc.gov/authorities/performanceMediums/mp2013015097,A two-stringed Thai bowed lute.
ō̜ sām sāi,mp2013015659,http://id.loc.gov/authorities/performanceMediums/mp2013015659,bowed lute,http://id.loc.gov/authorities/performanceMediums/mp2013015097,A three-stringed Thai spike fiddle.
ō̜ ū,mp2013015660,http://id.loc.gov/authorities/performanceMediums/mp2013015660,bowed lute,http://id.loc.gov/authorities/performanceMediums/mp2013015097,
oboe,mp2013015507,http://id.loc.gov/authorities/performanceMediums/mp2013015507,double reed instrument,http://id.loc.gov/authorities/performanceMediums/mp2013015217,
oboe d'amore,mp2013015508,http://id.loc.gov/authorities/performanceMediums/mp2013015508,oboe,http://id.loc.gov/authorities/performanceMediums/mp2013015507,
oboe da caccia,mp2013015509,http://id.loc.gov/authorities/performanceMediums/mp2013015509,oboe,http://id.loc.gov/authorities/performanceMediums/mp2013015507,
oboe ensemble,mp2013015510,http://id.loc.gov/authorities/performanceMediums/mp2013015510,woodwind ensemble,http://id.loc.gov/authorities/performanceMediums/mp2013015806,"An ensemble consisting of two or more oboes of any type, sometimes also including one or more English horns or other double reed instrument."
ocarina,mp2013015511,http://id.loc.gov/authorities/performanceMediums/mp2013015511,duct flute,http://id.loc.gov/authorities/performanceMediums/mp2013015223,
oḷ,mp2013015398,http://id.loc.gov/authorities/performanceMediums/mp2013015398,double reed instrument,http://id.loc.gov/authorities/performanceMediums/mp2013015217,A double-reed instrument of the Kota people of India.
oliphant,mp2013015512,http://id.loc.gov/authorities/performanceMediums/mp2013015512,natural horn,http://id.loc.gov/authorities/performanceMediums/mp2013015496,
ondes Martenot,mp2013015513,http://id.loc.gov/authorities/performanceMediums/mp2013015513,electronic instrument,http://id.loc.gov/authorities/performanceMediums/mp2013015244,
ongnyugŭm,mp2013015514,http://id.loc.gov/authorities/performanceMediums/mp2013015514,"plucked string instrument,zither","http://id.loc.gov/authorities/performanceMediums/mp2013015565,http://id.loc.gov/authorities/performanceMediums/mp2013015824",
OOVE,mp2018015003,http://id.loc.gov/authorities/performanceMediums/mp2018015003,string instrument,http://id.loc.gov/authorities/performanceMediums/mp2013015680,
ophicleide,mp2013015515,http://id.loc.gov/authorities/performanceMediums/mp2013015515,brass instrument,http://id.loc.gov/authorities/performanceMediums/mp2013015102,
orchestra,mp2013015516,http://id.loc.gov/authorities/performanceMediums/mp2013015516,instrumental ensemble,http://id.loc.gov/authorities/performanceMediums/mp2013015812,"A large ensemble consisting of bowed string instruments and some combination of wind and other types of instruments, or such an ensemble whose relative size is not specified. For a small orchestra so specified, use [chamber orchestra.]"
orchestrion,mp2013015517,http://id.loc.gov/authorities/performanceMediums/mp2013015517,mechanical instrument,http://id.loc.gov/authorities/performanceMediums/mp2013015456,
organ,mp2013015519,http://id.loc.gov/authorities/performanceMediums/mp2013015519,"aerophone,keyboard instrument","http://id.loc.gov/authorities/performanceMediums/mp2013015006,http://id.loc.gov/authorities/performanceMediums/mp2013015382",
organ ensemble,mp2013015520,http://id.loc.gov/authorities/performanceMediums/mp2013015520,keyboard ensemble,http://id.loc.gov/authorities/performanceMediums/mp2013015842,An ensemble consisting of two or more organs of any type.
organette,mp2013015521,http://id.loc.gov/authorities/performanceMediums/mp2013015521,player organ,http://id.loc.gov/authorities/performanceMediums/mp2013015559,
orkon,mp2013015522,http://id.loc.gov/authorities/performanceMediums/mp2013015522,recorder,http://id.loc.gov/authorities/performanceMediums/mp2013015597,
orpharion,mp2013015523,http://id.loc.gov/authorities/performanceMediums/mp2013015523,plucked lute,http://id.loc.gov/authorities/performanceMediums/mp2013015320,
orphéal,mp2013015524,http://id.loc.gov/authorities/performanceMediums/mp2013015524,keyboard instrument,http://id.loc.gov/authorities/performanceMediums/mp2013015382,"An instrument combining aspects of the piano, organ, and harmonium."
oud,mp2013015525,http://id.loc.gov/authorities/performanceMediums/mp2013015525,plucked lute,http://id.loc.gov/authorities/performanceMediums/mp2013015320,
panharmonicon,mp2013015527,http://id.loc.gov/authorities/performanceMediums/mp2013015527,mechanical instrument,http://id.loc.gov/authorities/performanceMediums/mp2013015456,
panpipes,mp2013015528,http://id.loc.gov/authorities/performanceMediums/mp2013015528,ductless flute,http://id.loc.gov/authorities/performanceMediums/mp2013015224,
panpipes ensemble,mp2013015529,http://id.loc.gov/authorities/performanceMediums/mp2013015529,woodwind ensemble,http://id.loc.gov/authorities/performanceMediums/mp2013015806,An ensemble consisting of two or more sets of panpipes.
par,mp2013015530,http://id.loc.gov/authorities/performanceMediums/mp2013015530,drum,http://id.loc.gov/authorities/performanceMediums/mp2013015218,"A cylindrical drum that originated in Tamil Nadu, India."
pardessus de viole,mp2013015532,http://id.loc.gov/authorities/performanceMediums/mp2013015532,viol,http://id.loc.gov/authorities/performanceMediums/mp2013015771,
parr̲ai,mp2013015531,http://id.loc.gov/authorities/performanceMediums/mp2013015531,frame drum,http://id.loc.gov/authorities/performanceMediums/mp2013015269,
pedal clavichord,mp2013015533,http://id.loc.gov/authorities/performanceMediums/mp2013015533,clavichord,http://id.loc.gov/authorities/performanceMediums/mp2013015157,"A clavichord with a pedal-board like that of an organ."
pedal harp,mp2013015535,http://id.loc.gov/authorities/performanceMediums/mp2013015535,harp,http://id.loc.gov/authorities/performanceMediums/mp2013015325,"A modern Western harp. For an unspecified chordophone in which the plane of strings is perpendicular to the soundboard see [harp.]"
pedal harpsichord,mp2013015534,http://id.loc.gov/authorities/performanceMediums/mp2013015534,harpsichord,http://id.loc.gov/authorities/performanceMediums/mp2013015333,"A harpsichord with a pedal-board like that of an organ."
pedal piano,mp2013015536,http://id.loc.gov/authorities/performanceMediums/mp2013015536,piano,http://id.loc.gov/authorities/performanceMediums/mp2013015550,"A piano with a pedal-board like that of an organ."
pedal steel guitar,mp2013015537,http://id.loc.gov/authorities/performanceMediums/mp2013015537,steel guitar,http://id.loc.gov/authorities/performanceMediums/mp2013015335,"A steel guitar equipped with a pedal that allows for instantaneous change of tuning."
pelittone,mp2013015538,http://id.loc.gov/authorities/performanceMediums/mp2013015538,tuba,http://id.loc.gov/authorities/performanceMediums/mp2013015750,
penny whistle,mp2013015539,http://id.loc.gov/authorities/performanceMediums/mp2013015539,duct flute,http://id.loc.gov/authorities/performanceMediums/mp2013015223,
percussion,mp2013015540,http://id.loc.gov/authorities/performanceMediums/mp2013015540,instrument,http://id.loc.gov/authorities/performanceMediums/mp2013015354,"One or more unspecified instruments in the percussion family that are often included as part of a larger ensemble. For a single unspecified percussion instrument see [percussion instrument.]"
percussion controller,mp2013015541,http://id.loc.gov/authorities/performanceMediums/mp2013015541,"electronic instrument,percussion instrument","http://id.loc.gov/authorities/performanceMediums/mp2013015244,http://id.loc.gov/authorities/performanceMediums/mp2013015544",
percussion ensemble,mp2013015542,http://id.loc.gov/authorities/performanceMediums/mp2013015542,instrumental ensemble,http://id.loc.gov/authorities/performanceMediums/mp2013015812,
percussion idiophone,mp2013015543,http://id.loc.gov/authorities/performanceMediums/mp2013015543,struck idiophone,http://id.loc.gov/authorities/performanceMediums/mp2013015682,An unspecified percussion idiophone.
percussion instrument,mp2013015544,http://id.loc.gov/authorities/performanceMediums/mp2013015544,instrument,http://id.loc.gov/authorities/performanceMediums/mp2013015354,A single unspecified percussion instrument. For one or more unspecified percussion instruments that are often included as part of a larger ensemble see [percussion.]
percussion tube,mp2019015020,http://id.loc.gov/authorities/performanceMediums/mp2019015020,percussion idiophone,http://id.loc.gov/authorities/performanceMediums/mp2013015543,An unspecified participant in a musical work.
performer,mp2013015545,http://id.loc.gov/authorities/performanceMediums/mp2013015545,TOPCONCEPT,,
phin phia,mp2013015546,http://id.loc.gov/authorities/performanceMediums/mp2013015546,stick zither,http://id.loc.gov/authorities/performanceMediums/mp2013015677,
phonofiddle,mp2013015547,http://id.loc.gov/authorities/performanceMediums/mp2013015547,violin,http://id.loc.gov/authorities/performanceMediums/mp2013015782,"A one-string violin developed by Augustus Stroh and used in early sound recordings."
phonograph turntable,mp2013015847,http://id.loc.gov/authorities/performanceMediums/mp2013015847,mechanical instrument,http://id.loc.gov/authorities/performanceMediums/mp2013015456,
pʻiri,mp2013015526,http://id.loc.gov/authorities/performanceMediums/mp2013015526,double reed instrument,http://id.loc.gov/authorities/performanceMediums/mp2013015217,
pī,mp2013015548,http://id.loc.gov/authorities/performanceMediums/mp2013015548,double reed instrument,http://id.loc.gov/authorities/performanceMediums/mp2013015217,
pi pa,mp2013015549,http://id.loc.gov/authorities/performanceMediums/mp2013015549,plucked lute,http://id.loc.gov/authorities/performanceMediums/mp2013015320,
piano,mp2013015550,http://id.loc.gov/authorities/performanceMediums/mp2013015550,"keyboard instrument,struck string instrument,zither","http://id.loc.gov/authorities/performanceMediums/mp2013015382,http://id.loc.gov/authorities/performanceMediums/mp2013015683,http://id.loc.gov/authorities/performanceMediums/mp2013015824",
piano ensemble,mp2013015551,http://id.loc.gov/authorities/performanceMediums/mp2013015551,keyboard ensemble,http://id.loc.gov/authorities/performanceMediums/mp2013015842,"An ensemble consisting of two or more pianos, each of which has one or more performers."
piano-harp,mp2013015552,http://id.loc.gov/authorities/performanceMediums/mp2013015552,electronic instrument,http://id.loc.gov/authorities/performanceMediums/mp2013015244,
piccolo,mp2013015553,http://id.loc.gov/authorities/performanceMediums/mp2013015553,flute,http://id.loc.gov/authorities/performanceMediums/mp2013015268,
piccolo trumpet,mp2018015015,http://id.loc.gov/authorities/performanceMediums/mp2018015015,trumpet,http://id.loc.gov/authorities/performanceMediums/mp2013015748,
pin peat,mp2014015025,http://id.loc.gov/authorities/performanceMediums/mp2014015025,ensemble,http://id.loc.gov/authorities/performanceMediums/mp2013015252,"A Khmer classical court ensemble."
pinkullu,mp2013015554,http://id.loc.gov/authorities/performanceMediums/mp2013015554,duct flute,http://id.loc.gov/authorities/performanceMediums/mp2013015223,"An end-blown flute from the Andes region."
pipe (musical instrument),mp2013015555,http://id.loc.gov/authorities/performanceMediums/mp2013015555,duct flute,http://id.loc.gov/authorities/performanceMediums/mp2013015223,"An unspecified simple end-blown flute with or without finger holes."
pipe band,mp2013015556,http://id.loc.gov/authorities/performanceMediums/mp2013015556,instrumental ensemble,http://id.loc.gov/authorities/performanceMediums/mp2013015812,An ensemble consisting of two or more bagpipes and various drums.
pīphāt,mp2013015557,http://id.loc.gov/authorities/performanceMediums/mp2013015557,instrumental ensemble,http://id.loc.gov/authorities/performanceMediums/mp2013015812,"An instrumental ensemble of Thailand featuring the pī."
pitchpipe,mp2013015558,http://id.loc.gov/authorities/performanceMediums/mp2013015558,free reed instrument,http://id.loc.gov/authorities/performanceMediums/mp2013015271,
player organ,mp2013015559,http://id.loc.gov/authorities/performanceMediums/mp2013015559,mechanical organ,http://id.loc.gov/authorities/performanceMediums/mp2013015457,
player piano,mp2013015560,http://id.loc.gov/authorities/performanceMediums/mp2013015560,mechanical piano,http://id.loc.gov/authorities/performanceMediums/mp2013015458,
player piano ensemble,mp2013015561,http://id.loc.gov/authorities/performanceMediums/mp2013015561,keyboard ensemble,http://id.loc.gov/authorities/performanceMediums/mp2013015842,"An ensemble consisting of two or more player pianos."
plucked idiophone,mp2013015562,http://id.loc.gov/authorities/performanceMediums/mp2013015562,"idiophone,plucked instrument","http://id.loc.gov/authorities/performanceMediums/mp2013015351,http://id.loc.gov/authorities/performanceMediums/mp2013015563",
plucked instrument,mp2013015563,http://id.loc.gov/authorities/performanceMediums/mp2013015563,instrument,http://id.loc.gov/authorities/performanceMediums/mp2013015354,"An unspecified plucked instrument of any material. For a plucked string instrument see [plucked string instrument.]"
plucked instrument ensemble,mp2013015564,http://id.loc.gov/authorities/performanceMediums/mp2013015564,instrumental ensemble,http://id.loc.gov/authorities/performanceMediums/mp2013015812,An ensemble consisting of two or more plucked instruments of various types.
plucked lute,mp2013015320,http://id.loc.gov/authorities/performanceMediums/mp2013015320,plucked string instrument,http://id.loc.gov/authorities/performanceMediums/mp2013015565,An unspecified plucked string instrument of the Sachs-Hornbostel classification. For the fretted plucked-string instrument popular in 16th-18th century Europe see [lute.]
plucked string instrument,mp2013015565,http://id.loc.gov/authorities/performanceMediums/mp2013015565,"plucked instrument,string instrument","http://id.loc.gov/authorities/performanceMediums/mp2013015563,http://id.loc.gov/authorities/performanceMediums/mp2013015680","An unspecified plucked string instrument. For an unspecified plucked instrument of any material see [plucked instrument.]"
plung,mp2013015566,http://id.loc.gov/authorities/performanceMediums/mp2013015566,mouth organ,http://id.loc.gov/authorities/performanceMediums/mp2013015484,
plung orchestra,mp2013015567,http://id.loc.gov/authorities/performanceMediums/mp2013015567,instrumental ensemble,http://id.loc.gov/authorities/performanceMediums/mp2013015812,"An ensemble consisting of two or more plungs."
pochette,mp2013015568,http://id.loc.gov/authorities/performanceMediums/mp2013015568,violin,http://id.loc.gov/authorities/performanceMediums/mp2013015782,
polopalo,mp2013015570,http://id.loc.gov/authorities/performanceMediums/mp2013015570,percussion idiophone,http://id.loc.gov/authorities/performanceMediums/mp2013015543,
portative,mp2018015010,http://id.loc.gov/authorities/performanceMediums/mp2018015010,organ,http://id.loc.gov/authorities/performanceMediums/mp2013015519,"A small organ of treble flue pipes carried by a strap over the player’s shoulder."
positive organ,mp2013015572,http://id.loc.gov/authorities/performanceMediums/mp2013015572,organ,http://id.loc.gov/authorities/performanceMediums/mp2013015519,"A movable organ."
post horn,mp2013015573,http://id.loc.gov/authorities/performanceMediums/mp2013015573,natural horn,http://id.loc.gov/authorities/performanceMediums/mp2013015496,
practice chanter,mp2013015574,http://id.loc.gov/authorities/performanceMediums/mp2013015574,double reed instrument,http://id.loc.gov/authorities/performanceMediums/mp2013015217,
pre-recorded audio,mp2017015003,http://id.loc.gov/authorities/performanceMediums/mp2017015003,electronics,http://id.loc.gov/authorities/performanceMediums/mp2013015248,"Sounds generated, captured, or manipulated in advance and later played back as part of the performance of a musical work."
prepared piano,mp2013015575,http://id.loc.gov/authorities/performanceMediums/mp2013015575,piano,http://id.loc.gov/authorities/performanceMediums/mp2013015550,A piano that has been altered by placing objects on and/or between the strings.
prepared violin,mp2014015017,http://id.loc.gov/authorities/performanceMediums/mp2014015017,violin,http://id.loc.gov/authorities/performanceMediums/mp2013015782,A violin that has been altered by attaching wire or objects on and/or between the strings.
processed sound,mp2013015576,http://id.loc.gov/authorities/performanceMediums/mp2013015576,electronics,http://id.loc.gov/authorities/performanceMediums/mp2013015248,
psalmodikon,mp2013015577,http://id.loc.gov/authorities/performanceMediums/mp2013015577,"bowed string instrument,zither","http://id.loc.gov/authorities/performanceMediums/mp2013015098,http://id.loc.gov/authorities/performanceMediums/mp2013015824",
psaltery,mp2013015578,http://id.loc.gov/authorities/performanceMediums/mp2013015578,"plucked string instrument,zither","http://id.loc.gov/authorities/performanceMediums/mp2013015565,http://id.loc.gov/authorities/performanceMediums/mp2013015824","An unspecified neckless zither."
pung,mp2013015579,http://id.loc.gov/authorities/performanceMediums/mp2013015579,drum,http://id.loc.gov/authorities/performanceMediums/mp2013015218,
pyrophone,mp2013015580,http://id.loc.gov/authorities/performanceMediums/mp2013015580,organ,http://id.loc.gov/authorities/performanceMediums/mp2013015218,
qānūn,mp2013015581,http://id.loc.gov/authorities/performanceMediums/mp2013015581,"plucked string instrument,zither","http://id.loc.gov/authorities/performanceMediums/mp2013015565,http://id.loc.gov/authorities/performanceMediums/mp2013015824",
qashkarcha,mp2019015005,http://id.loc.gov/authorities/performanceMediums/mp2019015005,plucked lute,http://id.loc.gov/authorities/performanceMediums/mp2013015320,
qin,mp2013015582,http://id.loc.gov/authorities/performanceMediums/mp2013015582,"plucked string instrument,zither","http://id.loc.gov/authorities/performanceMediums/mp2013015565,http://id.loc.gov/authorities/performanceMediums/mp2013015824",
qobuz,mp2013015583,http://id.loc.gov/authorities/performanceMediums/mp2013015583,bowed lute,http://id.loc.gov/authorities/performanceMediums/mp2013015097,
quadrachord,mp2018015011,http://id.loc.gov/authorities/performanceMediums/mp2018015011,string instrument,http://id.loc.gov/authorities/performanceMediums/mp2013015680,
qudi,mp2016015003,http://id.loc.gov/authorities/performanceMediums/mp2016015003,di zi,http://id.loc.gov/authorities/performanceMediums/mp2013015207,
quena,mp2013015584,http://id.loc.gov/authorities/performanceMediums/mp2013015584,ductless flute,http://id.loc.gov/authorities/performanceMediums/mp2013015224,
quinto (drum),mp2013015585,http://id.loc.gov/authorities/performanceMediums/mp2013015585,conga,http://id.loc.gov/authorities/performanceMediums/mp2013015172,
rabāb (spike fiddle),mp2013015587,http://id.loc.gov/authorities/performanceMediums/mp2013015587,bowed lute,http://id.loc.gov/authorities/performanceMediums/mp2013015097,"Any of the various spike fiddles common in North Africa, the Middle East, and other parts of Asia."
rabeca,mp2013015588,http://id.loc.gov/authorities/performanceMediums/mp2013015588,bowed lute,http://id.loc.gov/authorities/performanceMediums/mp2013015097,
racket,mp2013015589,http://id.loc.gov/authorities/performanceMediums/mp2013015589,double reed instrument,http://id.loc.gov/authorities/performanceMediums/mp2013015217,
radio receiver,mp2013015590,http://id.loc.gov/authorities/performanceMediums/mp2013015590,electronic instrument,http://id.loc.gov/authorities/performanceMediums/mp2013015244,
rainstick,mp2020015025,http://id.loc.gov/authorities/performanceMediums/mp2020015025,shaken idiophone,http://id.loc.gov/authorities/performanceMediums/mp2019015021,
ranāt ēk,mp2013015591,http://id.loc.gov/authorities/performanceMediums/mp2013015591,percussion idiophone,http://id.loc.gov/authorities/performanceMediums/mp2013015543,
ranāt thum,mp2013015592,http://id.loc.gov/authorities/performanceMediums/mp2013015592,percussion idiophone,http://id.loc.gov/authorities/performanceMediums/mp2013015543,
rapper,mp2020015007,http://id.loc.gov/authorities/performanceMediums/mp2020015007,voice,http://id.loc.gov/authorities/performanceMediums/mp2013015791,"A vocalist who uses semi-spoken rhymes declaimed over a rhythmic musical backing. For a vocalist who primarily creates sounds with the mouth that approximate, imitate, or otherwise serve the same purpose as a percussion instrument, see [vocal percussion.]"
rattle,mp2013015593,http://id.loc.gov/authorities/performanceMediums/mp2013015593,shaken idiophone,http://id.loc.gov/authorities/performanceMediums/mp2019015021,
ravanne,mp2015015013,http://id.loc.gov/authorities/performanceMediums/mp2015015013,frame drum,http://id.loc.gov/authorities/performanceMediums/mp2013015269,
rebana,mp2013015595,http://id.loc.gov/authorities/performanceMediums/mp2013015595,drum,http://id.loc.gov/authorities/performanceMediums/mp2013015218,
rebec,mp2014015024,http://id.loc.gov/authorities/performanceMediums/mp2014015024,bowed lute,http://id.loc.gov/authorities/performanceMediums/mp2013015097,"A European bowed lute, normally with a vaulted back and tapering outline."
reco-reco,mp2013015596,http://id.loc.gov/authorities/performanceMediums/mp2013015596,scraped idiophone,http://id.loc.gov/authorities/performanceMediums/mp2019015022,
recorder,mp2013015597,http://id.loc.gov/authorities/performanceMediums/mp2013015597,duct flute,http://id.loc.gov/authorities/performanceMediums/mp2013015223,
reed instrument,mp2013015598,http://id.loc.gov/authorities/performanceMediums/mp2013015598,woodwind instrument,http://id.loc.gov/authorities/performanceMediums/mp2013015807,An unspecified reed instrument.
reed organ,mp2013015599,http://id.loc.gov/authorities/performanceMediums/mp2013015599,free reed instrument,http://id.loc.gov/authorities/performanceMediums/mp2013015271,
Renaissance lute,mp2013015600,http://id.loc.gov/authorities/performanceMediums/mp2013015600,lute,http://id.loc.gov/authorities/performanceMediums/mp2013015433,"A lute popular in Europe from the 15th-17th centuries that has five to twelve courses, the upper courses tuned primarily in fourths."
repinque,mp2014015008,http://id.loc.gov/authorities/performanceMediums/mp2014015008,drum,http://id.loc.gov/authorities/performanceMediums/mp2013015218,"An Afro-Brazilian medium-sized single-headed drum, sometimes used in pairs."
resonator guitar,mp2013015601,http://id.loc.gov/authorities/performanceMediums/mp2013015601,guitar,http://id.loc.gov/authorities/performanceMediums/mp2013015306,
rgya-gling,mp2013015602,http://id.loc.gov/authorities/performanceMediums/mp2013015602,double reed instrument,http://id.loc.gov/authorities/performanceMediums/mp2013015217,
riqq,mp2017015008,http://id.loc.gov/authorities/performanceMediums/mp2017015008,tambourine,http://id.loc.gov/authorities/performanceMediums/mp2013015705,"A small Arabic circular frame drum with jingles."
roopill,mp2013015603,http://id.loc.gov/authorities/performanceMediums/mp2013015603,single reed instrument,http://id.loc.gov/authorities/performanceMediums/mp2013015648,
roto-tom,mp2019015002,http://id.loc.gov/authorities/performanceMediums/mp2019015002,drum,http://id.loc.gov/authorities/performanceMediums/mp2013015218,
rouleur,mp2015015014,http://id.loc.gov/authorities/performanceMediums/mp2015015014,drum,http://id.loc.gov/authorities/performanceMediums/mp2013015218,
ruan,mp2013015604,http://id.loc.gov/authorities/performanceMediums/mp2013015604,plucked lute,http://id.loc.gov/authorities/performanceMediums/mp2013015320,
rubāb,mp2013015586,http://id.loc.gov/authorities/performanceMediums/mp2013015586,plucked lute,http://id.loc.gov/authorities/performanceMediums/mp2013015320,
rozhok,mp2013015605,http://id.loc.gov/authorities/performanceMediums/mp2013015605,natural horn,http://id.loc.gov/authorities/performanceMediums/mp2013015496,A wooden conical horn with or without tone holes associated with Russian folk music.
ryūteki,mp2013015606,http://id.loc.gov/authorities/performanceMediums/mp2013015606,ductless flute,http://id.loc.gov/authorities/performanceMediums/mp2013015224,
sackbut,mp2013015607,http://id.loc.gov/authorities/performanceMediums/mp2013015607,trombone,http://id.loc.gov/authorities/performanceMediums/mp2013015747,A brass instrument operated using a telescopic slide that was generally used in the 15th-18th centuries.
śahnāī,mp2013015636,http://id.loc.gov/authorities/performanceMediums/mp2013015636,double reed instrument,http://id.loc.gov/authorities/performanceMediums/mp2013015217,
saluang,mp2013015610,http://id.loc.gov/authorities/performanceMediums/mp2013015610,ductless flute,http://id.loc.gov/authorities/performanceMediums/mp2013015224,"An Indonesian open end-blown bamboo flute."
sambuca lincea,mp2013015611,http://id.loc.gov/authorities/performanceMediums/mp2013015611,harpsichord,http://id.loc.gov/authorities/performanceMediums/mp2013015333,An enharmonic harpsichord.
sampler,mp2013015612,http://id.loc.gov/authorities/performanceMediums/mp2013015612,electronic instrument,http://id.loc.gov/authorities/performanceMediums/mp2013015244,"An electronic musical instrument that has no sound of its own, and whose sounds are entirely derived from recordings."
sanshin,mp2013015614,http://id.loc.gov/authorities/performanceMediums/mp2013015614,plucked lute,http://id.loc.gov/authorities/performanceMediums/mp2013015320,A Japanese three-stringed lute.
santūr,mp2013015615,http://id.loc.gov/authorities/performanceMediums/mp2013015615,dulcimer,http://id.loc.gov/authorities/performanceMediums/mp2013015228,A trapezoidal dulcimer of Asia and the Balkans.
sanxian,mp2013015613,http://id.loc.gov/authorities/performanceMediums/mp2013015613,plucked lute,http://id.loc.gov/authorities/performanceMediums/mp2013015320,A Chinese long-necked lute.
sáo,mp2013015616,http://id.loc.gov/authorities/performanceMediums/mp2013015616,ductless flute,http://id.loc.gov/authorities/performanceMediums/mp2013015224,A Vietnamese transverse bamboo flute.
sapeh,mp2013015617,http://id.loc.gov/authorities/performanceMediums/mp2013015617,plucked lute,http://id.loc.gov/authorities/performanceMediums/mp2013015320,An Indonesian plucked lute.
sāraṅgī,mp2013015618,http://id.loc.gov/authorities/performanceMediums/mp2013015618,bowed lute,http://id.loc.gov/authorities/performanceMediums/mp2013015097,A South Asian short-necked fiddle.
sārindā,mp2013015619,http://id.loc.gov/authorities/performanceMediums/mp2013015619,bowed lute,http://id.loc.gov/authorities/performanceMediums/mp2013015097,A South Asian bowed lute.
sarod,mp2013015620,http://id.loc.gov/authorities/performanceMediums/mp2013015620,plucked lute,http://id.loc.gov/authorities/performanceMediums/mp2013015320,A South Asian short fretless plucked lute.
sarrusophone,mp2013015621,http://id.loc.gov/authorities/performanceMediums/mp2013015621,double reed instrument,http://id.loc.gov/authorities/performanceMediums/mp2013015217,A brass instrument played with a double reed.
saùng-gauk,mp2013015622,http://id.loc.gov/authorities/performanceMediums/mp2013015622,harp,http://id.loc.gov/authorities/performanceMediums/mp2013015325,A Burmese arched harp.
saxhorn,mp2013015623,http://id.loc.gov/authorities/performanceMediums/mp2013015623,brass instrument,http://id.loc.gov/authorities/performanceMediums/mp2013015102,
saxoflute,mp2013015624,http://id.loc.gov/authorities/performanceMediums/mp2013015624,"duct flute,toy instrument","http://id.loc.gov/authorities/performanceMediums/mp2013015223,http://id.loc.gov/authorities/performanceMediums/mp2013015739",A toy wind instrument consisting of 15 pieces that can be connected in various ways.
saxophone,mp2013015625,http://id.loc.gov/authorities/performanceMediums/mp2013015625,single reed instrument,http://id.loc.gov/authorities/performanceMediums/mp2013015648,
saxophone ensemble,mp2013015843,http://id.loc.gov/authorities/performanceMediums/mp2013015843,woodwind ensemble,http://id.loc.gov/authorities/performanceMediums/mp2013015806,An ensemble consisting of two or more saxophones of any type.
saz,mp2013015626,http://id.loc.gov/authorities/performanceMediums/mp2013015626,plucked lute,http://id.loc.gov/authorities/performanceMediums/mp2013015320,A long-necked fretted lute.
scraped idiophone,mp2019015022,http://id.loc.gov/authorities/performanceMediums/mp2019015022,indirectly struck idiophone,http://id.loc.gov/authorities/performanceMediums/mp2013015353,An unspecified or undetermined idiophone in which the percussion is produced by a scraping movement.
sēmantron,mp2013015629,http://id.loc.gov/authorities/performanceMediums/mp2013015629,percussion idiophone,http://id.loc.gov/authorities/performanceMediums/mp2013015543,A wooden percussion board struck with a hammer and used as a call to prayer.
sequencer,mp2013015630,http://id.loc.gov/authorities/performanceMediums/mp2013015630,electronic instrument,http://id.loc.gov/authorities/performanceMediums/mp2013015244,An electronic device that creates repeatable sequences of sound.
serpent,mp2013015631,http://id.loc.gov/authorities/performanceMediums/mp2013015631,brass instrument,http://id.loc.gov/authorities/performanceMediums/mp2013015102,
setār (Iranian instrument),mp2013015632,http://id.loc.gov/authorities/performanceMediums/mp2013015632,plucked lute,http://id.loc.gov/authorities/performanceMediums/mp2013015320,An Iranian four-stringed plucked long-necked lute.
shaken idiophone,mp2019015021,http://id.loc.gov/authorities/performanceMediums/mp2019015021,indirectly struck idiophone,http://id.loc.gov/authorities/performanceMediums/mp2013015353,"An unspecified or undetermined idiophone in which the percussion is produced by shaking the instrument."
shakuhachi,mp2013015633,http://id.loc.gov/authorities/performanceMediums/mp2013015633,ductless flute,http://id.loc.gov/authorities/performanceMediums/mp2013015224,"A Japanese end-blown bamboo flute."
shamisen,mp2013015634,http://id.loc.gov/authorities/performanceMediums/mp2013015634,plucked lute,http://id.loc.gov/authorities/performanceMediums/mp2013015320,"A Japanese three-stringed fretless plucked lute."
shawm,mp2013015635,http://id.loc.gov/authorities/performanceMediums/mp2013015635,double reed instrument,http://id.loc.gov/authorities/performanceMediums/mp2013015217,
sheng,mp2013015637,http://id.loc.gov/authorities/performanceMediums/mp2013015637,mouth organ,http://id.loc.gov/authorities/performanceMediums/mp2013015484,
shinobue,mp2013015638,http://id.loc.gov/authorities/performanceMediums/mp2013015638,ductless flute,http://id.loc.gov/authorities/performanceMediums/mp2013015224,"A Japanese transverse bamboo flute."
shō,mp2013015639,http://id.loc.gov/authorities/performanceMediums/mp2013015639,mouth organ,http://id.loc.gov/authorities/performanceMediums/mp2013015484,
shofar,mp2013015640,http://id.loc.gov/authorities/performanceMediums/mp2013015640,natural horn,http://id.loc.gov/authorities/performanceMediums/mp2013015496,
shudraga,mp2013015641,http://id.loc.gov/authorities/performanceMediums/mp2013015641,plucked lute,http://id.loc.gov/authorities/performanceMediums/mp2013015320,Mongolian lute
signer,mp2013015643,http://id.loc.gov/authorities/performanceMediums/mp2013015643,performer,http://id.loc.gov/authorities/performanceMediums/mp2013015545,"A performer who uses sign language."
siku,mp2013015644,http://id.loc.gov/authorities/performanceMediums/mp2013015644,panpipes,http://id.loc.gov/authorities/performanceMediums/mp2013015528,"(called siku in the native Aymara and Quechua languages; also known by the word zampoña, a Spanish generic term)"
simsimīyya,mp2013015645,http://id.loc.gov/authorities/performanceMediums/mp2013015645,lyre,http://id.loc.gov/authorities/performanceMediums/mp2013015437,An Arabian bowl or box lyre.
singer,mp2013015646,http://id.loc.gov/authorities/performanceMediums/mp2013015646,voice,http://id.loc.gov/authorities/performanceMediums/mp2013015791,"A performer who uses his or her voice to produce musical tone. For an unspecified vocalized part see [voice.]"
singing bowl,mp2013015647,http://id.loc.gov/authorities/performanceMediums/mp2013015647,"bell,friction idiophone","http://id.loc.gov/authorities/performanceMediums/mp2013015079,http://id.loc.gov/authorities/performanceMediums/mp2013015273","A Himalayan metal bowl that is generally struck or rubbed with a padded mallet."
singing membrane,mp2013015642,http://id.loc.gov/authorities/performanceMediums/mp2013015642,membranophone,http://id.loc.gov/authorities/performanceMediums/mp2013015468,A membrane made to vibrate by speaking or singing into it.
single reed instrument,mp2013015648,http://id.loc.gov/authorities/performanceMediums/mp2013015648,reed instrument,http://id.loc.gov/authorities/performanceMediums/mp2013015598,An unspecified single reed instrument.
sistro,mp2013015649,http://id.loc.gov/authorities/performanceMediums/mp2013015649,bell,http://id.loc.gov/authorities/performanceMediums/mp2013015079,A series of small mushroom-shaped bells mounted in a frame on a handle.
sistrum,mp2013015650,http://id.loc.gov/authorities/performanceMediums/mp2013015650,rattle,http://id.loc.gov/authorities/performanceMediums/mp2013015593,(sliding rattle in the shape of a spur (classified as an Idiophone))
sitar,mp2013015651,http://id.loc.gov/authorities/performanceMediums/mp2013015651,plucked lute,http://id.loc.gov/authorities/performanceMediums/mp2013015320,
siter,mp2013015652,http://id.loc.gov/authorities/performanceMediums/mp2013015652,"plucked string instrument,zither","http://id.loc.gov/authorities/performanceMediums/mp2013015565,http://id.loc.gov/authorities/performanceMediums/mp2013015824",
sĭyotanka,mp2013015654,http://id.loc.gov/authorities/performanceMediums/mp2013015654,Native American flute,http://id.loc.gov/authorities/performanceMediums/mp2013015495,
skrzypce,mp2013015655,http://id.loc.gov/authorities/performanceMediums/mp2013015655,violin,http://id.loc.gov/authorities/performanceMediums/mp2013015782,
slide whistle,mp2015015012,http://id.loc.gov/authorities/performanceMediums/mp2015015012,duct flute,http://id.loc.gov/authorities/performanceMediums/mp2013015223,
slit drum,mp2013015656,http://id.loc.gov/authorities/performanceMediums/mp2013015656,percussion idiophone,http://id.loc.gov/authorities/performanceMediums/mp2013015543,A hollowed-out piece of wood with one or more slits.
snare drum,mp2013015657,http://id.loc.gov/authorities/performanceMediums/mp2013015657,drum,http://id.loc.gov/authorities/performanceMediums/mp2013015218,
software sampler,mp2013015661,http://id.loc.gov/authorities/performanceMediums/mp2013015661,sampler,http://id.loc.gov/authorities/performanceMediums/mp2013015612,
solo vocal ensemble,mp2013015841,http://id.loc.gov/authorities/performanceMediums/mp2013015841,vocal ensemble,http://id.loc.gov/authorities/performanceMediums/mp2013015789,An ensemble consisting of solo voices. For an ensemble consisting of two or more unspecified voices see [vocal ensemble.]
sopranino clarinet,mp2014015002,http://id.loc.gov/authorities/performanceMediums/mp2014015002,clarinet,http://id.loc.gov/authorities/performanceMediums/mp2013015154,"A sopranino member of the clarinet family that is associated with Western art music and is pitched in E♭ or D."
sopranino recorder,mp2013015662,http://id.loc.gov/authorities/performanceMediums/mp2013015662,recorder,http://id.loc.gov/authorities/performanceMediums/mp2013015597,
sopranino saxophone,mp2013015663,http://id.loc.gov/authorities/performanceMediums/mp2013015663,saxophone,http://id.loc.gov/authorities/performanceMediums/mp2013015625,
soprano recorder,mp2013015664,http://id.loc.gov/authorities/performanceMediums/mp2013015664,recorder,http://id.loc.gov/authorities/performanceMediums/mp2013015597,
soprano saxophone,mp2013015665,http://id.loc.gov/authorities/performanceMediums/mp2013015665,saxophone,http://id.loc.gov/authorities/performanceMediums/mp2013015625,
soprano voice,mp2013015666,http://id.loc.gov/authorities/performanceMediums/mp2013015666,high voice,http://id.loc.gov/authorities/performanceMediums/mp2013015341,
sordellina,mp2013015667,http://id.loc.gov/authorities/performanceMediums/mp2013015667,bagpipe,http://id.loc.gov/authorities/performanceMediums/mp2013015039,
sound effects,mp2013015668,http://id.loc.gov/authorities/performanceMediums/mp2013015668,percussion instrument,http://id.loc.gov/authorities/performanceMediums/mp2013015544,"Sounds and noises, primarily percussive that are often produced by noise-making objects not normally regarded as musical instruments."
sousaphone,mp2013015669,http://id.loc.gov/authorities/performanceMediums/mp2013015669,tuba,http://id.loc.gov/authorities/performanceMediums/mp2013015750,
speaker,mp2013015670,http://id.loc.gov/authorities/performanceMediums/mp2013015670,voice,http://id.loc.gov/authorities/performanceMediums/mp2013015791,"A performer who uses a speaking voice, rather than a singing voice, in a non-dramatic work. For an actor in a non-singing role who is required for the performance of a musical composition with dramatic elements see [actor.]"
spinet,mp2013015671,http://id.loc.gov/authorities/performanceMediums/mp2013015671,piano,http://id.loc.gov/authorities/performanceMediums/mp2013015550,
spoils of war (musical instrument),mp2016015015,http://id.loc.gov/authorities/performanceMediums/mp2016015015,percussion instrument,http://id.loc.gov/authorities/performanceMediums/mp2013015544,
spoken chorus,mp2013015672,http://id.loc.gov/authorities/performanceMediums/mp2013015672,chorus,http://id.loc.gov/authorities/performanceMediums/mp2013015143,An ensemble of performers who use a speaking voice rather than a singing voice.
square piano,mp2013015673,http://id.loc.gov/authorities/performanceMediums/mp2013015673,piano,http://id.loc.gov/authorities/performanceMediums/mp2013015550,
steel band,mp2013015674,http://id.loc.gov/authorities/performanceMediums/mp2013015674,percussion ensemble,http://id.loc.gov/authorities/performanceMediums/mp2013015542,"An ensemble consisting of steel drums and rhythm instruments."
steel drum,mp2013015675,http://id.loc.gov/authorities/performanceMediums/mp2013015675,percussion idiophone,http://id.loc.gov/authorities/performanceMediums/mp2013015543,
steel guitar,mp2013015335,http://id.loc.gov/authorities/performanceMediums/mp2013015335,guitar,http://id.loc.gov/authorities/performanceMediums/mp2013015306,
sticcado pastorale,mp2013015676,http://id.loc.gov/authorities/performanceMediums/mp2013015676,mallet instrument,http://id.loc.gov/authorities/performanceMediums/mp2013015444,
stick zither,mp2013015677,http://id.loc.gov/authorities/performanceMediums/mp2013015677,"plucked string instrument,zither","http://id.loc.gov/authorities/performanceMediums/mp2013015565,http://id.loc.gov/authorities/performanceMediums/mp2013015824","A chordophone consisting of a stick bearing a string."
string band,mp2013015678,http://id.loc.gov/authorities/performanceMediums/mp2013015678,instrumental ensemble,http://id.loc.gov/authorities/performanceMediums/mp2013015812,"An ensemble consisting largely or wholly of string instruments and often associated with jazz music."
string instrument,mp2013015680,http://id.loc.gov/authorities/performanceMediums/mp2013015680,instrument,http://id.loc.gov/authorities/performanceMediums/mp2013015354,"An unspecified string instrument. For an unspecified string instrument played with a bow see [bowed string instrument.]"
string orchestra,mp2013015681,http://id.loc.gov/authorities/performanceMediums/mp2013015681,instrumental ensemble,http://id.loc.gov/authorities/performanceMediums/mp2013015812,"An orchestra consisting solely or primarily of string instruments."
struck idiophone,mp2013015682,http://id.loc.gov/authorities/performanceMediums/mp2013015682,"idiophone,percussion instrument","http://id.loc.gov/authorities/performanceMediums/mp2013015351,http://id.loc.gov/authorities/performanceMediums/mp2013015544",
struck string instrument,mp2013015683,http://id.loc.gov/authorities/performanceMediums/mp2013015683,"percussion instrument,string instrument","http://id.loc.gov/authorities/performanceMediums/mp2013015544,http://id.loc.gov/authorities/performanceMediums/mp2013015680",
subcontrabass flute,mp2018015006,http://id.loc.gov/authorities/performanceMediums/mp2018015006,flute,http://id.loc.gov/authorities/performanceMediums/mp2013015268,"A flute in G, pitched two octaves below the alto flute and two and a half octaves below the concert flute."
suifūkin,mp2013015684,http://id.loc.gov/authorities/performanceMediums/mp2013015684,edge-blown instrument,http://id.loc.gov/authorities/performanceMediums/mp2013015235,
suling,mp2013015685,http://id.loc.gov/authorities/performanceMediums/mp2013015685,duct flute,http://id.loc.gov/authorities/performanceMediums/mp2013015223,
suo na,mp2013015687,http://id.loc.gov/authorities/performanceMediums/mp2013015687,double reed instrument,http://id.loc.gov/authorities/performanceMediums/mp2013015217,
šupeljka,mp2013015688,http://id.loc.gov/authorities/performanceMediums/mp2013015688,ductless flute,http://id.loc.gov/authorities/performanceMediums/mp2013015224,
surbahar,mp2013015689,http://id.loc.gov/authorities/performanceMediums/mp2013015689,sitar,http://id.loc.gov/authorities/performanceMediums/mp2013015651,
surdo,mp2013015690,http://id.loc.gov/authorities/performanceMediums/mp2013015690,snare drum,http://id.loc.gov/authorities/performanceMediums/mp2013015657,
surrogate kithara,mp2016015016,http://id.loc.gov/authorities/performanceMediums/mp2016015016,lyre,http://id.loc.gov/authorities/performanceMediums/mp2013015437,
suu̜ng,mp2013015686,http://id.loc.gov/authorities/performanceMediums/mp2013015686,plucked lute,http://id.loc.gov/authorities/performanceMediums/mp2013015320,
svirala,mp2013015691,http://id.loc.gov/authorities/performanceMediums/mp2013015691,duct flute,http://id.loc.gov/authorities/performanceMediums/mp2013015223,
sybyzghy,mp2018015002,http://id.loc.gov/authorities/performanceMediums/mp2018015002,ductless flute,http://id.loc.gov/authorities/performanceMediums/mp2013015224,"A Kazakh or Kyrgyz side- or end-blown flute made from wood, reed, or metal."
synthesizer,mp2013015692,http://id.loc.gov/authorities/performanceMediums/mp2013015692,electronic instrument,http://id.loc.gov/authorities/performanceMediums/mp2013015244,"An electronic instrument capable of producing sounds by generating electrical signals of different frequencies."
tabla,mp2013015694,http://id.loc.gov/authorities/performanceMediums/mp2013015694,drum,http://id.loc.gov/authorities/performanceMediums/mp2013015218,"A pair of small, tuned, hand-played drums from South Asia."
tabor,mp2013015695,http://id.loc.gov/authorities/performanceMediums/mp2013015695,snare drum,http://id.loc.gov/authorities/performanceMediums/mp2013015657,
taegŭm,mp2020015024,http://id.loc.gov/authorities/performanceMediums/mp2020015024,ductless flute,http://id.loc.gov/authorities/performanceMediums/mp2013015224,"A transverse ductless bamboo flute of Korea."
taiko,mp2013015696,http://id.loc.gov/authorities/performanceMediums/mp2013015696,drum,http://id.loc.gov/authorities/performanceMediums/mp2013015218,
taiko (drum ensemble),mp2013015697,http://id.loc.gov/authorities/performanceMediums/mp2013015697,percussion ensemble,http://id.loc.gov/authorities/performanceMediums/mp2013015542,"An ensemble consisting mainly of indigenous Japanese percussion instruments."
taille,mp2017015014,http://id.loc.gov/authorities/performanceMediums/mp2017015014,oboe,http://id.loc.gov/authorities/performanceMediums/mp2013015507,
talempong,mp2015015010,http://id.loc.gov/authorities/performanceMediums/mp2015015010,instrumental ensemble,http://id.loc.gov/authorities/performanceMediums/mp2013015812,
Talerschwingen,mp2018015005,http://id.loc.gov/authorities/performanceMediums/mp2018015005,indirectly struck idiophone,http://id.loc.gov/authorities/performanceMediums/mp2013015353,
talharpa,mp2013015698,http://id.loc.gov/authorities/performanceMediums/mp2013015698,"bowed string instrument,lyre","http://id.loc.gov/authorities/performanceMediums/mp2013015098,http://id.loc.gov/authorities/performanceMediums/mp2013015437",
talking drum,mp2014015028,http://id.loc.gov/authorities/performanceMediums/mp2014015028,hourglass drum,http://id.loc.gov/authorities/performanceMediums/mp2013015343,
tam-tam,mp2013015699,http://id.loc.gov/authorities/performanceMediums/mp2013015699,gong,http://id.loc.gov/authorities/performanceMediums/mp2013015297,A large flat gong of indefinite pitch.
ṭambal,mp2013015700,http://id.loc.gov/authorities/performanceMediums/mp2013015700,dulcimer,http://id.loc.gov/authorities/performanceMediums/mp2013015228,
tambi,mp2013015701,http://id.loc.gov/authorities/performanceMediums/mp2013015701,"plucked string instrument,zither","http://id.loc.gov/authorities/performanceMediums/mp2013015565,http://id.loc.gov/authorities/performanceMediums/mp2013015824",
tamboril,mp2013015702,http://id.loc.gov/authorities/performanceMediums/mp2013015702,snare drum,http://id.loc.gov/authorities/performanceMediums/mp2013015657,
tamborim,mp2014015009,http://id.loc.gov/authorities/performanceMediums/mp2014015009,frame drum,http://id.loc.gov/authorities/performanceMediums/mp2013015269,
tambou,mp2013015703,http://id.loc.gov/authorities/performanceMediums/mp2013015703,drum,http://id.loc.gov/authorities/performanceMediums/mp2013015218,"A French Caribbean drum formed from a hollowed out tree trunk covered in animal skin."
tambourin,mp2013015704,http://id.loc.gov/authorities/performanceMediums/mp2013015704,snare drum,http://id.loc.gov/authorities/performanceMediums/mp2013015657,"A double-headed snare drum from Provence. For the single-headed frame drum, usually with jingles hanging loosely from openings in the shell, see [tambourine.]"
tambourine,mp2013015705,http://id.loc.gov/authorities/performanceMediums/mp2013015705,"frame drum,shaken idiophone","http://id.loc.gov/authorities/performanceMediums/mp2013015269,http://id.loc.gov/authorities/performanceMediums/mp2019015021","A small single-headed frame drum, usually with jingles hanging loosely from openings in the shell. For the double-headed snare drum from Provence see [tambourin.]"
tambūrā (drone lute),mp2013015706,http://id.loc.gov/authorities/performanceMediums/mp2013015706,plucked lute,http://id.loc.gov/authorities/performanceMediums/mp2013015320,"A South Asian long-necked plucked drone lute."
tambura (fretted lute),mp2013015707,http://id.loc.gov/authorities/performanceMediums/mp2013015707,plucked lute,http://id.loc.gov/authorities/performanceMediums/mp2013015320,"A Balkan long-necked lute."
tambura (fretted lute) ensemble,mp2013015708,http://id.loc.gov/authorities/performanceMediums/mp2013015708,plucked instrument ensemble,http://id.loc.gov/authorities/performanceMediums/mp2013015564,"An ensemble consisting of two or more tamburas."
ṭanbūr,mp2013015710,http://id.loc.gov/authorities/performanceMediums/mp2013015710,plucked lute,http://id.loc.gov/authorities/performanceMediums/mp2013015320,
tanburag,mp2020015001,http://id.loc.gov/authorities/performanceMediums/mp2020015001,plucked lute,http://id.loc.gov/authorities/performanceMediums/mp2013015320,"Three-stringed plucked long-necked lute of Iranian Baluchistan, used as an accompanying instrument to provide a rhythmic drone."
tangent piano,mp2013015711,http://id.loc.gov/authorities/performanceMediums/mp2013015711,"keyboard instrument,struck string instrument,zither","http://id.loc.gov/authorities/performanceMediums/mp2013015382,http://id.loc.gov/authorities/performanceMediums/mp2013015683,http://id.loc.gov/authorities/performanceMediums/mp2013015824","A keyboard instrument whose strings are struck by slips of wood that resemble harpsichord jacks."
tanso,mp2013015712,http://id.loc.gov/authorities/performanceMediums/mp2013015712,ductless flute,http://id.loc.gov/authorities/performanceMediums/mp2013015224,
tap bell,mp2017015024,http://id.loc.gov/authorities/performanceMediums/mp2017015024,bell,http://id.loc.gov/authorities/performanceMediums/mp2013015079,
tap dancer,mp2013015713,http://id.loc.gov/authorities/performanceMediums/mp2013015713,dancer,http://id.loc.gov/authorities/performanceMediums/mp2013015202,"A performer who tap dances as part of a musical composition."
tar (drum),mp2013015714,http://id.loc.gov/authorities/performanceMediums/mp2013015714,frame drum,http://id.loc.gov/authorities/performanceMediums/mp2013015269,
tar (lute),mp2013015715,http://id.loc.gov/authorities/performanceMediums/mp2013015715,plucked lute,http://id.loc.gov/authorities/performanceMediums/mp2013015320,
tarka,mp2013015716,http://id.loc.gov/authorities/performanceMediums/mp2013015716,duct flute,http://id.loc.gov/authorities/performanceMediums/mp2013015223,"A wooden duct flute of the Andes."
tárogató,mp2013015717,http://id.loc.gov/authorities/performanceMediums/mp2013015717,single reed instrument,http://id.loc.gov/authorities/performanceMediums/mp2013015648,"(woodwind instrument with a reed, generally associated with Hungarian music)"
tāshā,mp2013015718,http://id.loc.gov/authorities/performanceMediums/mp2013015718,drum,http://id.loc.gov/authorities/performanceMediums/mp2013015218,
tavil,mp2013015719,http://id.loc.gov/authorities/performanceMediums/mp2013015719,drum,http://id.loc.gov/authorities/performanceMediums/mp2013015218,
television set,mp2013015720,http://id.loc.gov/authorities/performanceMediums/mp2013015720,electronic instrument,http://id.loc.gov/authorities/performanceMediums/mp2013015244,
telharmonium,mp2013015721,http://id.loc.gov/authorities/performanceMediums/mp2013015721,"electronic instrument,keyboard instrument","http://id.loc.gov/authorities/performanceMediums/mp2013015244,http://id.loc.gov/authorities/performanceMediums/mp2013015382",
tenor bass chorus,mp2021015005,http://id.loc.gov/authorities/performanceMediums/mp2021015005,chorus,http://id.loc.gov/authorities/performanceMediums/mp2013015143,"A chorus comprising adult voices of unspecified gender singing lower ranges (tenor, baritone, and/or bass). For a chorus identified as comprising adult male voices, use [men's chorus.]"
tenor recorder,mp2013015722,http://id.loc.gov/authorities/performanceMediums/mp2013015722,recorder,http://id.loc.gov/authorities/performanceMediums/mp2013015597,
tenor saxophone,mp2013015723,http://id.loc.gov/authorities/performanceMediums/mp2013015723,saxophone,http://id.loc.gov/authorities/performanceMediums/mp2013015625,
tenor viol,mp2016015006,http://id.loc.gov/authorities/performanceMediums/mp2016015006,viol,http://id.loc.gov/authorities/performanceMediums/mp2013015771,
tenor violin,mp2013015724,http://id.loc.gov/authorities/performanceMediums/mp2013015724,bowed lute,http://id.loc.gov/authorities/performanceMediums/mp2013015097,
tenor voice,mp2013015725,http://id.loc.gov/authorities/performanceMediums/mp2013015725,high voice,http://id.loc.gov/authorities/performanceMediums/mp2013015341,
tenora,mp2013015726,http://id.loc.gov/authorities/performanceMediums/mp2013015726,double reed instrument,http://id.loc.gov/authorities/performanceMediums/mp2013015217,
tenoroon,mp2015015001,http://id.loc.gov/authorities/performanceMediums/mp2015015001,bassoon,http://id.loc.gov/authorities/performanceMediums/mp2013015074,
teponaztli,mp2013015727,http://id.loc.gov/authorities/performanceMediums/mp2013015727,slit drum,http://id.loc.gov/authorities/performanceMediums/mp2013015656,
theater organ,mp2013015728,http://id.loc.gov/authorities/performanceMediums/mp2013015728,organ,http://id.loc.gov/authorities/performanceMediums/mp2013015519,"An organ developed to provide background music for silent films."
theorbo,mp2013015729,http://id.loc.gov/authorities/performanceMediums/mp2013015729,plucked lute,http://id.loc.gov/authorities/performanceMediums/mp2013015320,"A large extended-neck lute with two peg boxes that was used principally in the Baroque period, on which the upper courses have a reentrant tuning and the diapasons are tuned diatonically."
theremin,mp2013015730,http://id.loc.gov/authorities/performanceMediums/mp2013015730,electronic instrument,http://id.loc.gov/authorities/performanceMediums/mp2013015244,
thunder sheet,mp2019015001,http://id.loc.gov/authorities/performanceMediums/mp2019015001,"friction idiophone,percussion instrument","http://id.loc.gov/authorities/performanceMediums/mp2013015273,http://id.loc.gov/authorities/performanceMediums/mp2013015544",
tʻaepʻyŏngso,mp2013015693,http://id.loc.gov/authorities/performanceMediums/mp2013015693,double reed instrument,http://id.loc.gov/authorities/performanceMediums/mp2013015217,
tibia,mp2013015731,http://id.loc.gov/authorities/performanceMediums/mp2013015731,woodwind instrument,http://id.loc.gov/authorities/performanceMediums/mp2013015807,
timbales criollos,mp2013015732,http://id.loc.gov/authorities/performanceMediums/mp2013015732,drum,http://id.loc.gov/authorities/performanceMediums/mp2013015218,
timpani,mp2013015733,http://id.loc.gov/authorities/performanceMediums/mp2013015733,drum,http://id.loc.gov/authorities/performanceMediums/mp2013015218,
tin can,mp2013015734,http://id.loc.gov/authorities/performanceMediums/mp2013015734,percussion instrument,http://id.loc.gov/authorities/performanceMediums/mp2013015544,
tingklik,mp2013015735,http://id.loc.gov/authorities/performanceMediums/mp2013015735,xylophone,http://id.loc.gov/authorities/performanceMediums/mp2013015810,
tiple,mp2013015736,http://id.loc.gov/authorities/performanceMediums/mp2013015736,plucked lute,http://id.loc.gov/authorities/performanceMediums/mp2013015320,
tlapitzalli,mp2018015013,http://id.loc.gov/authorities/performanceMediums/mp2018015013,duct flute,http://id.loc.gov/authorities/performanceMediums/mp2013015223,
tom-tom,mp2013015737,http://id.loc.gov/authorities/performanceMediums/mp2013015737,drum,http://id.loc.gov/authorities/performanceMediums/mp2013015218,
tonette,mp2013015738,http://id.loc.gov/authorities/performanceMediums/mp2013015738,recorder,http://id.loc.gov/authorities/performanceMediums/mp2013015597,
toy instrument,mp2013015739,http://id.loc.gov/authorities/performanceMediums/mp2013015739,instrument,http://id.loc.gov/authorities/performanceMediums/mp2013015354,
toy orchestra,mp2013015740,http://id.loc.gov/authorities/performanceMediums/mp2013015740,instrumental ensemble,http://id.loc.gov/authorities/performanceMediums/mp2013015812,
toy piano,mp2013015741,http://id.loc.gov/authorities/performanceMediums/mp2013015741,"keyboard instrument,percussion idiophone,toy instrument","http://id.loc.gov/authorities/performanceMediums/mp2013015382,http://id.loc.gov/authorities/performanceMediums/mp2013015543,http://id.loc.gov/authorities/performanceMediums/mp2013015739",
transgender chorus,mp2021015002,http://id.loc.gov/authorities/performanceMediums/mp2021015002,chorus,http://id.loc.gov/authorities/performanceMediums/mp2013015143,"A chorus of voices comprised of singers who identify as transgender or gender-nonconforming."
transgender voice,mp2021015003,http://id.loc.gov/authorities/performanceMediums/mp2021015003,singer,http://id.loc.gov/authorities/performanceMediums/mp2013015646,
trautonium,mp2013015742,http://id.loc.gov/authorities/performanceMediums/mp2013015742,electronic instrument,http://id.loc.gov/authorities/performanceMediums/mp2013015244,
treble chorus,mp2021015004,http://id.loc.gov/authorities/performanceMediums/mp2021015004,chorus,http://id.loc.gov/authorities/performanceMediums/mp2013015143,"A chorus comprising soprano and alto voices of unspecified age or gender. For a chorus comprising adult soprano and/or alto voices identified as women's voices use [women's chorus.] For a chorus comprising children's voices, use [children's chorus.]"
treble viol,mp2013015744,http://id.loc.gov/authorities/performanceMediums/mp2013015744,viol,http://id.loc.gov/authorities/performanceMediums/mp2013015771,
tres,mp2013015745,http://id.loc.gov/authorities/performanceMediums/mp2013015745,plucked lute,http://id.loc.gov/authorities/performanceMediums/mp2013015320,
triangle,mp2013015746,http://id.loc.gov/authorities/performanceMediums/mp2013015746,percussion idiophone,http://id.loc.gov/authorities/performanceMediums/mp2013015543,
triple harp,mp2019015018,http://id.loc.gov/authorities/performanceMediums/mp2019015018,harp,http://id.loc.gov/authorities/performanceMediums/mp2013015325,"A chromatic harp with three parallel rows of strings."
trombone,mp2013015747,http://id.loc.gov/authorities/performanceMediums/mp2013015747,brass instrument,http://id.loc.gov/authorities/performanceMediums/mp2013015102,
trombone ensemble,mp2013015833,http://id.loc.gov/authorities/performanceMediums/mp2013015833,brass ensemble,http://id.loc.gov/authorities/performanceMediums/mp2013015101,An ensemble consisting of two or more trombones.
trumpet,mp2013015748,http://id.loc.gov/authorities/performanceMediums/mp2013015748,brass instrument,http://id.loc.gov/authorities/performanceMediums/mp2013015102,
trumpet ensemble,mp2013015834,http://id.loc.gov/authorities/performanceMediums/mp2013015834,brass ensemble,http://id.loc.gov/authorities/performanceMediums/mp2013015101,An ensemble consisting of two or more trumpets.
trumpet marine,mp2013015749,http://id.loc.gov/authorities/performanceMediums/mp2013015749,bowed lute,http://id.loc.gov/authorities/performanceMediums/mp2013015097,
tuba,mp2013015750,http://id.loc.gov/authorities/performanceMediums/mp2013015750,brass instrument,http://id.loc.gov/authorities/performanceMediums/mp2013015102,
tuba ensemble,mp2013015751,http://id.loc.gov/authorities/performanceMediums/mp2013015751,brass ensemble,http://id.loc.gov/authorities/performanceMediums/mp2013015101,"An ensemble consisting of two or more tubas."
tubaphone,mp2013015752,http://id.loc.gov/authorities/performanceMediums/mp2013015752,percussion idiophone,http://id.loc.gov/authorities/performanceMediums/mp2013015543,
tube zither,mp2013015753,http://id.loc.gov/authorities/performanceMediums/mp2013015753,zither,http://id.loc.gov/authorities/performanceMediums/mp2013015824,
tubular bells,mp2013015754,http://id.loc.gov/authorities/performanceMediums/mp2013015754,bell,http://id.loc.gov/authorities/performanceMediums/mp2013015079,
tumba,mp2013015755,http://id.loc.gov/authorities/performanceMediums/mp2013015755,drum,http://id.loc.gov/authorities/performanceMediums/mp2013015218,
tupan,mp2013015756,http://id.loc.gov/authorities/performanceMediums/mp2013015756,drum,http://id.loc.gov/authorities/performanceMediums/mp2013015218,
túru (side-blown trumpet),mp2013015757,http://id.loc.gov/authorities/performanceMediums/mp2013015757,natural horn,http://id.loc.gov/authorities/performanceMediums/mp2013015496,
tussefløyte,mp2013015758,http://id.loc.gov/authorities/performanceMediums/mp2013015758,recorder,http://id.loc.gov/authorities/performanceMediums/mp2013015597,
txalaparta,mp2013015759,http://id.loc.gov/authorities/performanceMediums/mp2013015759,percussion idiophone,http://id.loc.gov/authorities/performanceMediums/mp2013015543,
uilleann pipe,mp2013015760,http://id.loc.gov/authorities/performanceMediums/mp2013015760,bagpipe,http://id.loc.gov/authorities/performanceMediums/mp2013015039,
ukulele,mp2013015761,http://id.loc.gov/authorities/performanceMediums/mp2013015761,plucked lute,http://id.loc.gov/authorities/performanceMediums/mp2013015320,
unison chorus,mp2018015001,http://id.loc.gov/authorities/performanceMediums/mp2018015001,chorus,http://id.loc.gov/authorities/performanceMediums/mp2013015143,
valiha,mp2013015762,http://id.loc.gov/authorities/performanceMediums/mp2013015762,"plucked string instrument,tube zither","http://id.loc.gov/authorities/performanceMediums/mp2013015565,http://id.loc.gov/authorities/performanceMediums/mp2013015753",
vamp-horn,mp2013015763,http://id.loc.gov/authorities/performanceMediums/mp2013015763,megaphone,http://id.loc.gov/authorities/performanceMediums/mp2013015462,
veṇu,mp2014015021,http://id.loc.gov/authorities/performanceMediums/mp2014015021,ductless flute,http://id.loc.gov/authorities/performanceMediums/mp2013015224,A ductless flute used in Carnatic music.
verrophone,mp2013015764,http://id.loc.gov/authorities/performanceMediums/mp2013015764,friction idiophone,http://id.loc.gov/authorities/performanceMediums/mp2013015273,
veuze,mp2013015765,http://id.loc.gov/authorities/performanceMediums/mp2013015765,bagpipe,http://id.loc.gov/authorities/performanceMediums/mp2013015039,
vibraphone,mp2013015766,http://id.loc.gov/authorities/performanceMediums/mp2013015766,mallet instrument,http://id.loc.gov/authorities/performanceMediums/mp2013015444,
vibraslap,mp2019015024,http://id.loc.gov/authorities/performanceMediums/mp2019015024,indirectly struck idiophone,http://id.loc.gov/authorities/performanceMediums/mp2013015353,
vicitra vina,mp2013015768,http://id.loc.gov/authorities/performanceMediums/mp2013015768,vina,http://id.loc.gov/authorities/performanceMediums/mp2013015770,
vihuela,mp2013015769,http://id.loc.gov/authorities/performanceMediums/mp2013015769,plucked lute,http://id.loc.gov/authorities/performanceMediums/mp2013015320,
vina,mp2013015770,http://id.loc.gov/authorities/performanceMediums/mp2013015770,"plucked string instrument,zither","http://id.loc.gov/authorities/performanceMediums/mp2013015565,http://id.loc.gov/authorities/performanceMediums/mp2013015824",
viol,mp2013015771,http://id.loc.gov/authorities/performanceMediums/mp2013015771,bowed lute,http://id.loc.gov/authorities/performanceMediums/mp2013015097,"An unspecified instrument from the family of fretted, bowed string instruments in use from the 16th-18th centuries."
viola,mp2013015772,http://id.loc.gov/authorities/performanceMediums/mp2013015772,bowed lute,http://id.loc.gov/authorities/performanceMediums/mp2013015097,
viola d'amore,mp2013015773,http://id.loc.gov/authorities/performanceMediums/mp2013015773,viol,http://id.loc.gov/authorities/performanceMediums/mp2013015771,
viola d'arame,mp2013015774,http://id.loc.gov/authorities/performanceMediums/mp2013015774,plucked lute,http://id.loc.gov/authorities/performanceMediums/mp2013015320,
viola da braccio,mp2013015775,http://id.loc.gov/authorities/performanceMediums/mp2013015775,bowed string instrument,http://id.loc.gov/authorities/performanceMediums/mp2013015098,
viola da gamba,mp2013015776,http://id.loc.gov/authorities/performanceMediums/mp2013015776,viol,http://id.loc.gov/authorities/performanceMediums/mp2013015771,
viola ensemble,mp2013015778,http://id.loc.gov/authorities/performanceMediums/mp2013015778,bowed string ensemble,http://id.loc.gov/authorities/performanceMediums/mp2013015679,
viola pomposa,mp2013015779,http://id.loc.gov/authorities/performanceMediums/mp2013015779,viola,http://id.loc.gov/authorities/performanceMediums/mp2013015772,
viola-de-cocho,mp2013015777,http://id.loc.gov/authorities/performanceMediums/mp2013015777,plucked lute,http://id.loc.gov/authorities/performanceMediums/mp2013015320,
violano-virtuoso,mp2013015780,http://id.loc.gov/authorities/performanceMediums/mp2013015780,mechanical instrument,http://id.loc.gov/authorities/performanceMediums/mp2013015456,
violetta d'amore,mp2013015781,http://id.loc.gov/authorities/performanceMediums/mp2013015781,bowed lute,http://id.loc.gov/authorities/performanceMediums/mp2013015097,"A bowed string instrument with five playing and six resonating strings developed in Germany in the 20th century."
violin,mp2013015782,http://id.loc.gov/authorities/performanceMediums/mp2013015782,bowed lute,http://id.loc.gov/authorities/performanceMediums/mp2013015097,
violin ensemble,mp2013015835,http://id.loc.gov/authorities/performanceMediums/mp2013015835,bowed string ensemble,http://id.loc.gov/authorities/performanceMediums/mp2013015679,An ensemble consisting of two or more violins.
violo,mp2013015783,http://id.loc.gov/authorities/performanceMediums/mp2013015783,bowed lute,http://id.loc.gov/authorities/performanceMediums/mp2013015097,
violoncello piccolo,mp2013015784,http://id.loc.gov/authorities/performanceMediums/mp2013015784,cello,http://id.loc.gov/authorities/performanceMediums/mp2013015120,
violone,mp2013015785,http://id.loc.gov/authorities/performanceMediums/mp2013015785,viol,http://id.loc.gov/authorities/performanceMediums/mp2013015771,
violotta,mp2013015786,http://id.loc.gov/authorities/performanceMediums/mp2013015786,bowed lute,http://id.loc.gov/authorities/performanceMediums/mp2013015097,
virginal,mp2013015787,http://id.loc.gov/authorities/performanceMediums/mp2013015787,"keyboard instrument,plucked string instrument,zither","http://id.loc.gov/authorities/performanceMediums/mp2013015382,http://id.loc.gov/authorities/performanceMediums/mp2013015565,http://id.loc.gov/authorities/performanceMediums/mp2013015824",
visuals,mp2013015788,http://id.loc.gov/authorities/performanceMediums/mp2013015788,TOPCONCEPT,,"A visual component of a musical performance. For merged elements from various arts that cannot be described by a more specific term, see [mixed media.]"
vocal ensemble,mp2013015789,http://id.loc.gov/authorities/performanceMediums/mp2013015789,ensemble,http://id.loc.gov/authorities/performanceMediums/mp2013015252,"An ensemble consisting of two or more unspecified voices. For an ensemble consisting of solo voices, use [solo vocal ensemble.]"
vocal percussion,mp2013015836,http://id.loc.gov/authorities/performanceMediums/mp2013015836,"body percussion,voice","http://id.loc.gov/authorities/performanceMediums/mp2013015090,http://id.loc.gov/authorities/performanceMediums/mp2013015791","A vocalist who creates sounds with the mouth that approximate, imitate, or otherwise serve the same purpose as a percussion instrument. For a vocalist who uses semi-spoken rhymes declaimed over a rhythmic musical backing, see [rapper.]"
vocalion,mp2013015790,http://id.loc.gov/authorities/performanceMediums/mp2013015790,reed organ,http://id.loc.gov/authorities/performanceMediums/mp2013015599,
voice,mp2013015791,http://id.loc.gov/authorities/performanceMediums/mp2013015791,performer,http://id.loc.gov/authorities/performanceMediums/mp2013015545,An unspecified vocalized part. For a performer who uses his or her voice to produce musical tone see [singer.]
Wagner tuba,mp2017015023,http://id.loc.gov/authorities/performanceMediums/mp2017015023,brass instrument,http://id.loc.gov/authorities/performanceMediums/mp2013015102,
washboard,mp2013015792,http://id.loc.gov/authorities/performanceMediums/mp2013015792,scraped idiophone,http://id.loc.gov/authorities/performanceMediums/mp2019015022,
washboard band,mp2013015793,http://id.loc.gov/authorities/performanceMediums/mp2013015793,instrumental ensemble,http://id.loc.gov/authorities/performanceMediums/mp2013015812,
washint,mp2013015794,http://id.loc.gov/authorities/performanceMediums/mp2013015794,ductless flute,http://id.loc.gov/authorities/performanceMediums/mp2013015224,
washtub bass,mp2013015795,http://id.loc.gov/authorities/performanceMediums/mp2013015795,plucked string instrument,http://id.loc.gov/authorities/performanceMediums/mp2013015565,
water organ,mp2013015796,http://id.loc.gov/authorities/performanceMediums/mp2013015796,mechanical organ,http://id.loc.gov/authorities/performanceMediums/mp2013015457,
waterphone,mp2013015797,http://id.loc.gov/authorities/performanceMediums/mp2013015797,friction idiophone,http://id.loc.gov/authorities/performanceMediums/mp2013015273,
whistle,mp2013015798,http://id.loc.gov/authorities/performanceMediums/mp2013015798,duct flute,http://id.loc.gov/authorities/performanceMediums/mp2013015223,
whistling,mp2013015799,http://id.loc.gov/authorities/performanceMediums/mp2013015799,"aerophone,body percussion","http://id.loc.gov/authorities/performanceMediums/mp2013015006,http://id.loc.gov/authorities/performanceMediums/mp2013015090",
wind chime,mp2013015800,http://id.loc.gov/authorities/performanceMediums/mp2013015800,"aerophone,idiophone","http://id.loc.gov/authorities/performanceMediums/mp2013015006,http://id.loc.gov/authorities/performanceMediums/mp2013015351",
wind controller,mp2013015801,http://id.loc.gov/authorities/performanceMediums/mp2013015801,"aerophone,MIDI controller","http://id.loc.gov/authorities/performanceMediums/mp2013015006,http://id.loc.gov/authorities/performanceMediums/mp2013015474",
wind ensemble,mp2013015802,http://id.loc.gov/authorities/performanceMediums/mp2013015802,instrumental ensemble,http://id.loc.gov/authorities/performanceMediums/mp2013015812,"Ensemble consisting of two or more mixed woodwind and brass instruments. For a large ensemble consisting of brass or woodwind instruments only, see [brass ensemble] or [woodwind ensemble.] For large ensemble consisting primarily of woodwinds, brass, and percussion, even if called a wind ensemble, see [band.]"
wind instrument,mp2013015803,http://id.loc.gov/authorities/performanceMediums/mp2013015803,aerophone,http://id.loc.gov/authorities/performanceMediums/mp2013015006,An unspecified woodwind or brass instrument.
wind machine,mp2013015804,http://id.loc.gov/authorities/performanceMediums/mp2013015804,friction idiophone,http://id.loc.gov/authorities/performanceMediums/mp2013015273,
women's chorus,mp2013015805,http://id.loc.gov/authorities/performanceMediums/mp2013015805,treble chorus,http://id.loc.gov/authorities/performanceMediums/mp2021015004,
wood block,mp2017015001,http://id.loc.gov/authorities/performanceMediums/mp2017015001,slit drum,http://id.loc.gov/authorities/performanceMediums/mp2013015656,
woodwind ensemble,mp2013015806,http://id.loc.gov/authorities/performanceMediums/mp2013015806,wind ensemble,http://id.loc.gov/authorities/performanceMediums/mp2013015802,An ensemble consisting of two or more different woodwind instruments.
woodwind instrument,mp2013015807,http://id.loc.gov/authorities/performanceMediums/mp2013015807,wind instrument,http://id.loc.gov/authorities/performanceMediums/mp2013015803,An unspecified woodwind instrument.
xiao,mp2013015808,http://id.loc.gov/authorities/performanceMediums/mp2013015808,ductless flute,http://id.loc.gov/authorities/performanceMediums/mp2013015224,
xun,mp2013015809,http://id.loc.gov/authorities/performanceMediums/mp2013015809,ductless flute,http://id.loc.gov/authorities/performanceMediums/mp2013015224,
xylophone,mp2013015810,http://id.loc.gov/authorities/performanceMediums/mp2013015810,mallet instrument,http://id.loc.gov/authorities/performanceMediums/mp2013015444,
xylorimba,mp2013015811,http://id.loc.gov/authorities/performanceMediums/mp2013015811,mallet instrument,http://id.loc.gov/authorities/performanceMediums/mp2013015444,
yang qin,mp2013015813,http://id.loc.gov/authorities/performanceMediums/mp2013015813,dulcimer,http://id.loc.gov/authorities/performanceMediums/mp2013015228,
yanggŭm,mp2013015814,http://id.loc.gov/authorities/performanceMediums/mp2013015814,dulcimer,http://id.loc.gov/authorities/performanceMediums/mp2013015228,
yaogu,mp2013015815,http://id.loc.gov/authorities/performanceMediums/mp2013015815,drum,http://id.loc.gov/authorities/performanceMediums/mp2013015218,
yatga,mp2013015816,http://id.loc.gov/authorities/performanceMediums/mp2013015816,"plucked string instrument,zither","http://id.loc.gov/authorities/performanceMediums/mp2013015565,http://id.loc.gov/authorities/performanceMediums/mp2013015824",
yoochin (dulcimer),mp2013015817,http://id.loc.gov/authorities/performanceMediums/mp2013015817,dulcimer,http://id.loc.gov/authorities/performanceMediums/mp2013015228,
yue qin,mp2013015818,http://id.loc.gov/authorities/performanceMediums/mp2013015818,plucked lute,http://id.loc.gov/authorities/performanceMediums/mp2013015320,
yuka,mp2013015819,http://id.loc.gov/authorities/performanceMediums/mp2013015819,drum,http://id.loc.gov/authorities/performanceMediums/mp2013015218,
zarb,mp2013015820,http://id.loc.gov/authorities/performanceMediums/mp2013015820,goblet drum,http://id.loc.gov/authorities/performanceMediums/mp2013015295,
zheng,mp2013015821,http://id.loc.gov/authorities/performanceMediums/mp2013015821,"plucked string instrument,zither","http://id.loc.gov/authorities/performanceMediums/mp2013015565,http://id.loc.gov/authorities/performanceMediums/mp2013015824",
zhong hu,mp2013015822,http://id.loc.gov/authorities/performanceMediums/mp2013015822,er hu,http://id.loc.gov/authorities/performanceMediums/mp2013015255,
zhui qin,mp2013015823,http://id.loc.gov/authorities/performanceMediums/mp2013015823,hu qin,http://id.loc.gov/authorities/performanceMediums/mp2013015345,
zither,mp2013015824,http://id.loc.gov/authorities/performanceMediums/mp2013015824,string instrument,http://id.loc.gov/authorities/performanceMediums/mp2013015680,
zither ensemble,mp2013015825,http://id.loc.gov/authorities/performanceMediums/mp2013015825,instrumental ensemble,http://id.loc.gov/authorities/performanceMediums/mp2013015812,An ensemble consisting of two or more zithers.
zitho-harp,mp2013015826,http://id.loc.gov/authorities/performanceMediums/mp2013015826,"plucked string instrument,zither","http://id.loc.gov/authorities/performanceMediums/mp2013015565,http://id.loc.gov/authorities/performanceMediums/mp2013015824",
zoomoozophone,mp2013015827,http://id.loc.gov/authorities/performanceMediums/mp2013015827,mallet instrument,http://id.loc.gov/authorities/performanceMediums/mp2013015444,
zumari,mp2013015828,http://id.loc.gov/authorities/performanceMediums/mp2013015828,double reed instrument,http://id.loc.gov/authorities/performanceMediums/mp2013015217,
zūrnā,mp2013015829,http://id.loc.gov/authorities/performanceMediums/mp2013015829,double reed instrument,http://id.loc.gov/authorities/performanceMediums/mp2013015217,