LCSH-label,LCSH-label-type,LCSH-URI
Bull-roarer,prefLabel,http://id.loc.gov/authorities/subjects/sh97006054
Bullroarer,altLabel,http://id.loc.gov/authorities/subjects/sh97006054
Electronic musical instruments,prefLabel,http://id.loc.gov/authorities/subjects/sh85089002
Electronic instruments (Music),altLabel,http://id.loc.gov/authorities/subjects/sh85089002
Electrophonic musical instruments,altLabel,http://id.loc.gov/authorities/subjects/sh85089002
Free reed instruments,prefLabel,http://id.loc.gov/authorities/subjects/sh2002002646
Glass as a musical instrument,prefLabel,http://id.loc.gov/authorities/subjects/sh2002007240
Glass harmonica,prefLabel,http://id.loc.gov/authorities/subjects/sh85055151
Armonica,altLabel,http://id.loc.gov/authorities/subjects/sh85055151
"Glasses, Musical",altLabel,http://id.loc.gov/authorities/subjects/sh85055151
"Harmonica, Glass",altLabel,http://id.loc.gov/authorities/subjects/sh85055151
Musical glasses,altLabel,http://id.loc.gov/authorities/subjects/sh85055151
Hurdy-gurdy,prefLabel,http://id.loc.gov/authorities/subjects/sh85063168
Jew's harp,prefLabel,http://id.loc.gov/authorities/subjects/sh85070508
Genggong,altLabel,http://id.loc.gov/authorities/subjects/sh85070508
Jaw harp,altLabel,http://id.loc.gov/authorities/subjects/sh85070508
Jaw's-harp,altLabel,http://id.loc.gov/authorities/subjects/sh85070508
Khomus,altLabel,http://id.loc.gov/authorities/subjects/sh85070508
Trump,altLabel,http://id.loc.gov/authorities/subjects/sh85070508
Keyboard instruments,prefLabel,http://id.loc.gov/authorities/subjects/sh85072117
"Instruments, Keyboard",altLabel,http://id.loc.gov/authorities/subjects/sh85072117
Keyboard stringed instruments,altLabel,http://id.loc.gov/authorities/subjects/sh85072117
String keyboard instruments,altLabel,http://id.loc.gov/authorities/subjects/sh85072117
Stringed keyboard instruments,altLabel,http://id.loc.gov/authorities/subjects/sh85072117
Liquimofono,prefLabel,http://id.loc.gov/authorities/subjects/sh85077412
Mechanical musical instruments,prefLabel,http://id.loc.gov/authorities/subjects/sh85089003
Automatic instruments (Music),altLabel,http://id.loc.gov/authorities/subjects/sh85089003
Automatic musical instruments,altLabel,http://id.loc.gov/authorities/subjects/sh85089003
Automatophones,altLabel,http://id.loc.gov/authorities/subjects/sh85089003
Mechanical instruments (Music),altLabel,http://id.loc.gov/authorities/subjects/sh85089003
Musical instruments (Mechanical),altLabel,http://id.loc.gov/authorities/subjects/sh85089003
Musical saw,prefLabel,http://id.loc.gov/authorities/subjects/sh85089021
Percussion instruments,prefLabel,http://id.loc.gov/authorities/subjects/sh85099761
"Instruments, Percussion",altLabel,http://id.loc.gov/authorities/subjects/sh85099761
Keyboard percussion instruments,altLabel,http://id.loc.gov/authorities/subjects/sh85099761
Mallet instruments,altLabel,http://id.loc.gov/authorities/subjects/sh85099761
Mallet percussion,altLabel,http://id.loc.gov/authorities/subjects/sh85099761
Mallet percussions,altLabel,http://id.loc.gov/authorities/subjects/sh85099761
Metallophones,altLabel,http://id.loc.gov/authorities/subjects/sh85099761
Percussion (Musical instruments),altLabel,http://id.loc.gov/authorities/subjects/sh85099761
Pitchpipe,prefLabel,http://id.loc.gov/authorities/subjects/sh85102498
Pitch-pipe,altLabel,http://id.loc.gov/authorities/subjects/sh85102498
Reeds (Music),prefLabel,http://id.loc.gov/authorities/subjects/sh85112170
Stringed instruments,prefLabel,http://id.loc.gov/authorities/subjects/sh85129118
Toy instruments,prefLabel,http://id.loc.gov/authorities/subjects/sh2007000968
Musical toy instruments,altLabel,http://id.loc.gov/authorities/subjects/sh2007000968
Toy musical instruments,altLabel,http://id.loc.gov/authorities/subjects/sh2007000968
Verrophone,prefLabel,http://id.loc.gov/authorities/subjects/sh2007000968
"Glasses, Musical",altLabel,http://id.loc.gov/authorities/subjects/sh2007000968
Musical glasses,altLabel,http://id.loc.gov/authorities/subjects/sh2007000968
Verrophon,altLabel,http://id.loc.gov/authorities/subjects/sh2007000968
Wind instruments,prefLabel,http://id.loc.gov/authorities/subjects/sh85146863
"Instruments, Wind",altLabel,http://id.loc.gov/authorities/subjects/sh85146863
Winds (Musical instruments),altLabel,http://id.loc.gov/authorities/subjects/sh85146863
Wind machine (Musical instrument),prefLabel,http://id.loc.gov/authorities/subjects/sh93001623
Aeoliphone,altLabel,http://id.loc.gov/authorities/subjects/sh93001623
Amplified palette (Musical instrument),prefLabel,http://id.loc.gov/authorities/subjects/sh2017003538
Drum machine,prefLabel,http://id.loc.gov/authorities/subjects/sh91000627
Electronic drum,altLabel,http://id.loc.gov/authorities/subjects/sh91000627
Electronic percussion,altLabel,http://id.loc.gov/authorities/subjects/sh91000627
Electronic percussion instruments,altLabel,http://id.loc.gov/authorities/subjects/sh91000627
Preset rhythm machine,altLabel,http://id.loc.gov/authorities/subjects/sh91000627
Rhythm machine,altLabel,http://id.loc.gov/authorities/subjects/sh91000627
Sampling drum machine,altLabel,http://id.loc.gov/authorities/subjects/sh91000627
Electric cello,prefLabel,http://id.loc.gov/authorities/subjects/sh2005006932
Electric guitar,prefLabel,http://id.loc.gov/authorities/subjects/sh86008003
E-guitar,altLabel,http://id.loc.gov/authorities/subjects/sh86008003
"Guitar, Electric",altLabel,http://id.loc.gov/authorities/subjects/sh86008003
Electric acoustic guitar,altLabel,http://id.loc.gov/authorities/subjects/sh86008003
Electro-acoustic guitar,altLabel,http://id.loc.gov/authorities/subjects/sh86008003
Electroacoustic guitar,altLabel,http://id.loc.gov/authorities/subjects/sh86008003
Electric violin,prefLabel,http://id.loc.gov/authorities/subjects/sh2004009814
Electronic harpsichord,prefLabel,http://id.loc.gov/authorities/subjects/sh85042335
Electronic organ,prefLabel,http://id.loc.gov/authorities/subjects/sh85042356
Electronic piano,prefLabel,http://id.loc.gov/authorities/subjects/sh85042367
Electronium,prefLabel,http://id.loc.gov/authorities/subjects/sh85042420
Encephalophone,prefLabel,http://id.loc.gov/authorities/subjects/sh2020000653
Heliphon,prefLabel,http://id.loc.gov/authorities/subjects/sh2007005700
Mellotron,prefLabel,http://id.loc.gov/authorities/subjects/sh2002010485
Novatron,altLabel,http://id.loc.gov/authorities/subjects/sh2002010485
MIDI controllers,prefLabel,http://id.loc.gov/authorities/subjects/sh93006387
Mouseketier (Musical instrument),prefLabel,http://id.loc.gov/authorities/subjects/sh2011000395
Ondes Martenot,prefLabel,http://id.loc.gov/authorities/subjects/sh85094731
Martenot (Musical instrument),altLabel,http://id.loc.gov/authorities/subjects/sh85094731
Martenot's ondes musicales,altLabel,http://id.loc.gov/authorities/subjects/sh85094731
Ondes musicales,altLabel,http://id.loc.gov/authorities/subjects/sh85094731
Ondium Martenot,altLabel,http://id.loc.gov/authorities/subjects/sh85094731
Piano-harp,prefLabel,http://id.loc.gov/authorities/subjects/sh2007001867
Pianocorder,prefLabel,http://id.loc.gov/authorities/subjects/sh92000810
Sampler (Musical instrument),prefLabel,http://id.loc.gov/authorities/subjects/sh96011393
Sequencer (Musical instrument),prefLabel,http://id.loc.gov/authorities/subjects/sh90005022
Synthesizer (Musical instrument),prefLabel,http://id.loc.gov/authorities/subjects/sh85131654
Telharmonium,prefLabel,http://id.loc.gov/authorities/subjects/sh94007167
Theremin,prefLabel,http://id.loc.gov/authorities/subjects/sh89006582
Aetherphon,altLabel,http://id.loc.gov/authorities/subjects/sh89006582
Termenvoks,altLabel,http://id.loc.gov/authorities/subjects/sh89006582
Thereminvox,altLabel,http://id.loc.gov/authorities/subjects/sh89006582
Trautonium,prefLabel,http://id.loc.gov/authorities/subjects/sh85137146
Alesis HR-16 drum machine,prefLabel,http://id.loc.gov/authorities/subjects/sh2002004066
Alesis MMT-8 drum machine,prefLabel,http://id.loc.gov/authorities/subjects/sh2002004067
Korg DDD-1 drum machine,prefLabel,http://id.loc.gov/authorities/subjects/sh2002004073
Korg DDD-5 drum machine,prefLabel,http://id.loc.gov/authorities/subjects/sh2002004074
Roland drum machine,prefLabel,http://id.loc.gov/authorities/subjects/sh2002004077
Yamaha RX-11 drum machine,prefLabel,http://id.loc.gov/authorities/subjects/sh2002004086
Yamaha RX-15 drum machine,prefLabel,http://id.loc.gov/authorities/subjects/sh2002004087
Bass guitar,prefLabel,http://id.loc.gov/authorities/subjects/sh85012161
"Bass, Electric",altLabel,http://id.loc.gov/authorities/subjects/sh85012161
Bass (Electric guitar),altLabel,http://id.loc.gov/authorities/subjects/sh85012161
Electric bass,altLabel,http://id.loc.gov/authorities/subjects/sh85012161
Electric bass guitar,altLabel,http://id.loc.gov/authorities/subjects/sh85012161
Fender guitar,prefLabel,http://id.loc.gov/authorities/subjects/sh93007714
Gibson ES-175 guitar,prefLabel,http://id.loc.gov/authorities/subjects/sh2008020290
175 guitar,altLabel,http://id.loc.gov/authorities/subjects/sh2008020290
ES-175 guitar,altLabel,http://id.loc.gov/authorities/subjects/sh2008020290
Gibson 175 guitar,altLabel,http://id.loc.gov/authorities/subjects/sh2008020290
Gibson Electric Spanish 175 guitar,altLabel,http://id.loc.gov/authorities/subjects/sh2008020290
Gibson Les Paul standard guitar,prefLabel,http://id.loc.gov/authorities/subjects/sh2008009864
Gibson goldtop guitar,altLabel,http://id.loc.gov/authorities/subjects/sh2008009864
Les Paul cherry sunburst guitar,altLabel,http://id.loc.gov/authorities/subjects/sh2008009864
Les Paul standard guitar,altLabel,http://id.loc.gov/authorities/subjects/sh2008009864
Les Paul sunburst guitar,altLabel,http://id.loc.gov/authorities/subjects/sh2008009864
Sunburst Gibson Les Paul guitar,altLabel,http://id.loc.gov/authorities/subjects/sh2008009864
Gibson Moderne guitar,prefLabel,http://id.loc.gov/authorities/subjects/sh2011001101
Moderne guitar,altLabel,http://id.loc.gov/authorities/subjects/sh2011001101
Gretsch 6120 guitar,prefLabel,http://id.loc.gov/authorities/subjects/sh2011001276
6120 guitar,altLabel,http://id.loc.gov/authorities/subjects/sh2011001276
Gretsch guitar,prefLabel,http://id.loc.gov/authorities/subjects/sh96010776
Hamer guitar,prefLabel,http://id.loc.gov/authorities/subjects/sh2014001606
Rickenbacker guitar,prefLabel,http://id.loc.gov/authorities/subjects/sh95001754
Stratocaster,prefLabel,http://id.loc.gov/authorities/subjects/sh95001754
Fender Stratocaster,altLabel,http://id.loc.gov/authorities/subjects/sh95001754
Telecaster guitar,prefLabel,http://id.loc.gov/authorities/subjects/sh93007713
Broadcaster guitar,altLabel,http://id.loc.gov/authorities/subjects/sh93007713
Fender Broadcaster guitar,altLabel,http://id.loc.gov/authorities/subjects/sh93007713
Fender Telecaster guitar,altLabel,http://id.loc.gov/authorities/subjects/sh93007713
Telecaster (Electric guitar),altLabel,http://id.loc.gov/authorities/subjects/sh93007713
Allen organ,prefLabel,http://id.loc.gov/authorities/subjects/sh85003651
Atelier organ,prefLabel,http://id.loc.gov/authorities/subjects/sh00005200
Baldwin organ,prefLabel,http://id.loc.gov/authorities/subjects/sh85011162
Conn organ,prefLabel,http://id.loc.gov/authorities/subjects/sh2004003812
Gulbransen organ,prefLabel,http://id.loc.gov/authorities/subjects/sh2005005173
Hammond organ,prefLabel,http://id.loc.gov/authorities/subjects/sh85058585
Kimball organ,prefLabel,http://id.loc.gov/authorities/subjects/sh85072346
Lichtton-Orgel,prefLabel,http://id.loc.gov/authorities/subjects/sh85146092
Lowrey organ,prefLabel,http://id.loc.gov/authorities/subjects/sh00003180
Minshall-Estey organ,prefLabel,http://id.loc.gov/authorities/subjects/sh85085872
Silvertone organ,prefLabel,http://id.loc.gov/authorities/subjects/sh85122664
Technics organ,prefLabel,http://id.loc.gov/authorities/subjects/sh98007675
Thomas organ,prefLabel,http://id.loc.gov/authorities/subjects/sh2004003816
Wurlitzer organ,prefLabel,http://id.loc.gov/authorities/subjects/sh85148682
Yamaha organ,prefLabel,http://id.loc.gov/authorities/subjects/sh2006000866
Fender Rhodes piano,prefLabel,http://id.loc.gov/authorities/subjects/sh00003201
Guitar controller (Musical instrument),prefLabel,http://id.loc.gov/authorities/subjects/sh2017002937
Keyboard controller (Musical instrument),prefLabel,http://id.loc.gov/authorities/subjects/sh93007491
Percussion controller (Musical instrument),prefLabel,http://id.loc.gov/authorities/subjects/sh93007495
Wind controller (Musical instrument),prefLabel,http://id.loc.gov/authorities/subjects/sh93006385
Mallet controller (Musical instrument),prefLabel,http://id.loc.gov/authorities/subjects/sh93007493
Yamaha WX7 wind controller,prefLabel,http://id.loc.gov/authorities/subjects/sh2004003835
Casio FZ-10M synthesizer,prefLabel,http://id.loc.gov/authorities/subjects/sh2002004071
Electronic keyboard (Synthesizer),prefLabel,http://id.loc.gov/authorities/subjects/sh87003472
Modular synthesizer (Musical instrument),prefLabel,http://id.loc.gov/authorities/subjects/sh2024000244
Moog synthesizer,prefLabel,http://id.loc.gov/authorities/subjects/sh2002004076
Software synthesizers,prefLabel,http://id.loc.gov/authorities/subjects/sh2006002928
Yamaha synthesizer,prefLabel,http://id.loc.gov/authorities/subjects/sh2002004080
Mouth organs,prefLabel,http://id.loc.gov/authorities/subjects/sh85088008
Reed organ,prefLabel,http://id.loc.gov/authorities/subjects/sh85112159
Harmonica,prefLabel,http://id.loc.gov/authorities/subjects/sh85058948
Kaen,prefLabel,http://id.loc.gov/authorities/subjects/sh85071251
Lu sheng,prefLabel,http://id.loc.gov/authorities/subjects/sh94000323
Plung,prefLabel,http://id.loc.gov/authorities/subjects/sh99011236
Sheng (Musical instrument),prefLabel,http://id.loc.gov/authorities/subjects/sh85121342
Shō,prefLabel,http://id.loc.gov/authorities/subjects/sh85121698
Melodica,prefLabel,http://id.loc.gov/authorities/subjects/sh85083435
Scaletta,altLabel,http://id.loc.gov/authorities/subjects/sh85083435
Accordion,prefLabel,http://id.loc.gov/authorities/subjects/sh85000385
Bichromatic harmonium,prefLabel,http://id.loc.gov/authorities/subjects/sh85013883
Concertina,prefLabel,http://id.loc.gov/authorities/subjects/sh85029639
Estey reed organ,prefLabel,http://id.loc.gov/authorities/subjects/sh96012146
Button-key accordion,prefLabel,http://id.loc.gov/authorities/subjects/sh85018395
Bandoneon,prefLabel,http://id.loc.gov/authorities/subjects/sh85011492
Celesta,prefLabel,http://id.loc.gov/authorities/subjects/sh85021624
Clavi-harp,prefLabel,http://id.loc.gov/authorities/subjects/sh85026841
Clavichord,prefLabel,http://id.loc.gov/authorities/subjects/sh85026847
Cristal,prefLabel,http://id.loc.gov/authorities/subjects/sh92004693
Dolceola,prefLabel,http://id.loc.gov/authorities/subjects/sh2002004316
Dulcitone,prefLabel,http://id.loc.gov/authorities/subjects/sh2005006962
Electronic keyboard (Synthesizer),prefLabel,http://id.loc.gov/authorities/subjects/sh87003472
Harmonichord,prefLabel,http://id.loc.gov/authorities/subjects/sh2019003699
Harpsichord,prefLabel,http://id.loc.gov/authorities/subjects/sh85059045
Cembalo,altLabel,http://id.loc.gov/authorities/subjects/sh85059045
Spinet (Harpsichord),altLabel,http://id.loc.gov/authorities/subjects/sh85059045
Virginal,altLabel,http://id.loc.gov/authorities/subjects/sh85059045
Lute-harpsichord,prefLabel,http://id.loc.gov/authorities/subjects/sh2013000953
Mellotron,prefLabel,http://id.loc.gov/authorities/subjects/sh2002010485
Organ (Musical instrument),prefLabel,http://id.loc.gov/authorities/subjects/sh85095454
Enharmonic organ,altLabel,http://id.loc.gov/authorities/subjects/sh85095454
Organ,altLabel,http://id.loc.gov/authorities/subjects/sh85095454
Organs,altLabel,http://id.loc.gov/authorities/subjects/sh85095454
Pipe organ,altLabel,http://id.loc.gov/authorities/subjects/sh85095454
Orphéal,prefLabel,http://id.loc.gov/authorities/subjects/sh2003002964
Piano,prefLabel,http://id.loc.gov/authorities/subjects/sh85101722
Concert grand (Piano),altLabel,http://id.loc.gov/authorities/subjects/sh85101722
Fortepiano,altLabel,http://id.loc.gov/authorities/subjects/sh85101722
Grand piano,altLabel,http://id.loc.gov/authorities/subjects/sh85101722
Pianoforte,altLabel,http://id.loc.gov/authorities/subjects/sh85101722
Spinet (Piano),altLabel,http://id.loc.gov/authorities/subjects/sh85101722
Spinnet (Piano),altLabel,http://id.loc.gov/authorities/subjects/sh85101722
Upright piano,altLabel,http://id.loc.gov/authorities/subjects/sh85101722
Tangent piano,prefLabel,http://id.loc.gov/authorities/subjects/sh2003002969
Toy piano,prefLabel,http://id.loc.gov/authorities/subjects/sh2001006041
Viola organista,prefLabel,http://id.loc.gov/authorities/subjects/sh2024001253
Geigenwerk,altLabel,http://id.loc.gov/authorities/subjects/sh2024001253
Cembal d'amour,prefLabel,http://id.loc.gov/authorities/subjects/sh2003002967
Pedal clavichord,prefLabel,http://id.loc.gov/authorities/subjects/sh2002002633
Casio CZ synthesizer,prefLabel,http://id.loc.gov/authorities/subjects/sh2002004068
Casio CZ-101 synthesizer,prefLabel,http://id.loc.gov/authorities/subjects/sh2002004069
Casio FZ-1 synthesizer,prefLabel,http://id.loc.gov/authorities/subjects/sh2002004070
Clavioline,prefLabel,http://id.loc.gov/authorities/subjects/sh85026857
Korg 01/W keyboard synthesizer,prefLabel,http://id.loc.gov/authorities/subjects/sh2002004072
Korg M1 synthesizer,prefLabel,http://id.loc.gov/authorities/subjects/sh2002004075
Novachord,prefLabel,http://id.loc.gov/authorities/subjects/sh00000861
Solovox,prefLabel,http://id.loc.gov/authorities/subjects/sh85124722
Synket synthesizer,prefLabel,http://id.loc.gov/authorities/subjects/sh2016002729
Technics PR digital ensemble,prefLabel,http://id.loc.gov/authorities/subjects/sh2002004078
Yamaha DX7 synthesizer,prefLabel,http://id.loc.gov/authorities/subjects/sh2002004079
Archicembalo,prefLabel,http://id.loc.gov/authorities/subjects/sh85006543
Clavicytherium,prefLabel,http://id.loc.gov/authorities/subjects/sh90004128
Cembalo verticale,altLabel,http://id.loc.gov/authorities/subjects/sh90004128
Clavecin vertical,altLabel,http://id.loc.gov/authorities/subjects/sh90004128
Klaviziterium,altLabel,http://id.loc.gov/authorities/subjects/sh90004128
Klavizitherium,altLabel,http://id.loc.gov/authorities/subjects/sh90004128
Claviorganum,prefLabel,http://id.loc.gov/authorities/subjects/sh85026859
Electronic harpsichord,prefLabel,http://id.loc.gov/authorities/subjects/sh85042335
Harpsichord strings,prefLabel,http://id.loc.gov/authorities/subjects/sh93007641
Pedal harpsichord,prefLabel,http://id.loc.gov/authorities/subjects/sh2004002306
Pedalcembalo,altLabel,http://id.loc.gov/authorities/subjects/sh2004002306
Sambuca lincea,prefLabel,http://id.loc.gov/authorities/subjects/sh85117015
Pentacontachordon,altLabel,http://id.loc.gov/authorities/subjects/sh85117015
Archiphone,prefLabel,http://id.loc.gov/authorities/subjects/sh85006559
Bambuso sonoro (Musical instrument),prefLabel,http://id.loc.gov/authorities/subjects/sh92004468
Chamadron,prefLabel,http://id.loc.gov/authorities/subjects/sh2003002122
Chamber organ,prefLabel,http://id.loc.gov/authorities/subjects/sh92003320
Cabinet organ,altLabel,http://id.loc.gov/authorities/subjects/sh92003320
Claviorganum,prefLabel,http://id.loc.gov/authorities/subjects/sh85026859
Electronic organ,prefLabel,http://id.loc.gov/authorities/subjects/sh85042356
Hydraulic organ,prefLabel,http://id.loc.gov/authorities/subjects/sh85063330
Hydraulis,altLabel,http://id.loc.gov/authorities/subjects/sh85063330
Hydraulos,altLabel,http://id.loc.gov/authorities/subjects/sh85063330
Hydraulus,altLabel,http://id.loc.gov/authorities/subjects/sh85063330
Water organ,altLabel,http://id.loc.gov/authorities/subjects/sh85063330
Mechanical organs,prefLabel,http://id.loc.gov/authorities/subjects/sh86004922
Automatic organs,altLabel,http://id.loc.gov/authorities/subjects/sh86004922
Organ pipes,prefLabel,http://id.loc.gov/authorities/subjects/sh85095481
Organ stops,prefLabel,http://id.loc.gov/authorities/subjects/sh85095483
Positive organ (Musical instrument),prefLabel,http://id.loc.gov/authorities/subjects/sh89007093
Positive (Musical instrument),altLabel,http://id.loc.gov/authorities/subjects/sh89007093
Table organ,altLabel,http://id.loc.gov/authorities/subjects/sh89007093
Pyrophone,prefLabel,http://id.loc.gov/authorities/subjects/sh85109354
Chemical harmonica,altLabel,http://id.loc.gov/authorities/subjects/sh85109354
Explosion calliope,altLabel,http://id.loc.gov/authorities/subjects/sh85109354
Explosion organ,altLabel,http://id.loc.gov/authorities/subjects/sh85109354
Fire calliope,altLabel,http://id.loc.gov/authorities/subjects/sh85109354
Fire organ,altLabel,http://id.loc.gov/authorities/subjects/sh85109354
Flame organ,altLabel,http://id.loc.gov/authorities/subjects/sh85109354
"Harmonica, Chemical",altLabel,http://id.loc.gov/authorities/subjects/sh85109354
Reed organ,prefLabel,http://id.loc.gov/authorities/subjects/sh85112159
Cabinet organ,altLabel,http://id.loc.gov/authorities/subjects/sh85112159
Harmonium,altLabel,http://id.loc.gov/authorities/subjects/sh85112159
Melodeon (Reed organ),altLabel,http://id.loc.gov/authorities/subjects/sh85112159
Parlor organ,altLabel,http://id.loc.gov/authorities/subjects/sh85112159
Vocalion,altLabel,http://id.loc.gov/authorities/subjects/sh85112159
Theater organ,prefLabel,http://id.loc.gov/authorities/subjects/sh2002002631
Cinema organ,altLabel,http://id.loc.gov/authorities/subjects/sh2002002631
Theatre organ,altLabel,http://id.loc.gov/authorities/subjects/sh2002002631
Allen organ,prefLabel,http://id.loc.gov/authorities/subjects/sh85003651
Atelier organ,prefLabel,http://id.loc.gov/authorities/subjects/sh00005200
Baldwin organ,prefLabel,http://id.loc.gov/authorities/subjects/sh85011162
Conn organ,prefLabel,http://id.loc.gov/authorities/subjects/sh2004003812
Gulbransen organ,prefLabel,http://id.loc.gov/authorities/subjects/sh2005005173
Hammond organ,prefLabel,http://id.loc.gov/authorities/subjects/sh85058585
Kimball organ,prefLabel,http://id.loc.gov/authorities/subjects/sh85072346
Lichtton-Orgel,prefLabel,http://id.loc.gov/authorities/subjects/sh85146092
Lichtton electronic organ,altLabel,http://id.loc.gov/authorities/subjects/sh85146092
Lichtton organ,altLabel,http://id.loc.gov/authorities/subjects/sh85146092
Photophone,altLabel,http://id.loc.gov/authorities/subjects/sh85146092
Phototone,altLabel,http://id.loc.gov/authorities/subjects/sh85146092
Welte-Lichtton-Orgel,altLabel,http://id.loc.gov/authorities/subjects/sh85146092
Lowrey organ,prefLabel,http://id.loc.gov/authorities/subjects/sh00003180
Minshall-Estey organ,prefLabel,http://id.loc.gov/authorities/subjects/sh85085872
Silvertone organ,prefLabel,http://id.loc.gov/authorities/subjects/sh85122664
Technics organ,prefLabel,http://id.loc.gov/authorities/subjects/sh98007675
Thomas organ,prefLabel,http://id.loc.gov/authorities/subjects/sh2004003816
Wurlitzer organ,prefLabel,http://id.loc.gov/authorities/subjects/sh85148682
Yamaha organ,prefLabel,http://id.loc.gov/authorities/subjects/sh2006000866
Electone,altLabel,http://id.loc.gov/authorities/subjects/sh2006000866
Yamaha Electone,altLabel,http://id.loc.gov/authorities/subjects/sh2006000866
Yamaha electronic organ,altLabel,http://id.loc.gov/authorities/subjects/sh2006000866
Hammond B-3 organ,prefLabel,http://id.loc.gov/authorities/subjects/sh2006007700
Hydraulic barrel organ,prefLabel,http://id.loc.gov/authorities/subjects/sh85011934
Band organ,prefLabel,http://id.loc.gov/authorities/subjects/sh86004921
Fair organ,altLabel,http://id.loc.gov/authorities/subjects/sh86004921
Fairground organ,altLabel,http://id.loc.gov/authorities/subjects/sh86004921
Showground organ,altLabel,http://id.loc.gov/authorities/subjects/sh86004921
Barrel organ,prefLabel,http://id.loc.gov/authorities/subjects/sh85011933
Dutch organ,altLabel,http://id.loc.gov/authorities/subjects/sh85011933
Grinder organ,altLabel,http://id.loc.gov/authorities/subjects/sh85011933
Hand organ,altLabel,http://id.loc.gov/authorities/subjects/sh85011933
Street organ,altLabel,http://id.loc.gov/authorities/subjects/sh85011933
Calliope,prefLabel,http://id.loc.gov/authorities/subjects/sh85018991
Musical clock,prefLabel,http://id.loc.gov/authorities/subjects/sh86004919
"Clock, Musical",altLabel,http://id.loc.gov/authorities/subjects/sh86004919
Clock-organ,altLabel,http://id.loc.gov/authorities/subjects/sh86004919
Flute clock,altLabel,http://id.loc.gov/authorities/subjects/sh86004919
Flute-playing clock,altLabel,http://id.loc.gov/authorities/subjects/sh86004919
Mechanical clock-organ,altLabel,http://id.loc.gov/authorities/subjects/sh86004919
Player organ,prefLabel,http://id.loc.gov/authorities/subjects/sh85103380
Aeolian Duo-Art player organ,prefLabel,http://id.loc.gov/authorities/subjects/sh2002002614
Organette,prefLabel,http://id.loc.gov/authorities/subjects/sh85095518
Organina,altLabel,http://id.loc.gov/authorities/subjects/sh85095518
Welte-Philharmonie player organ,prefLabel,http://id.loc.gov/authorities/subjects/sh99004294
Barrel piano,prefLabel,http://id.loc.gov/authorities/subjects/sh97003394
Cylinder piano,altLabel,http://id.loc.gov/authorities/subjects/sh97003394
Pianette,altLabel,http://id.loc.gov/authorities/subjects/sh97003394
Piano organ,altLabel,http://id.loc.gov/authorities/subjects/sh97003394
Street piano,altLabel,http://id.loc.gov/authorities/subjects/sh97003394
Player piano,prefLabel,http://id.loc.gov/authorities/subjects/sh85103383
Piano-player,altLabel,http://id.loc.gov/authorities/subjects/sh85103383
Reproducing piano,altLabel,http://id.loc.gov/authorities/subjects/sh85103383
Ampico reproducing piano,prefLabel,http://id.loc.gov/authorities/subjects/sh88007292
Artrio-Angelus reproducing piano,prefLabel,http://id.loc.gov/authorities/subjects/sh98003355
Digital player piano,prefLabel,http://id.loc.gov/authorities/subjects/sh2009002538
Duo-Art reproducing piano,prefLabel,http://id.loc.gov/authorities/subjects/sh97005678
Manualo,prefLabel,http://id.loc.gov/authorities/subjects/sh85080655
Pianola,prefLabel,http://id.loc.gov/authorities/subjects/sh85101881
Welte-Mignon reproducing piano,prefLabel,http://id.loc.gov/authorities/subjects/sh99004293
Mechanical singing-bird boxes,prefLabel,http://id.loc.gov/authorities/subjects/sh00009803
Mechanical singing-bird tabatières,altLabel,http://id.loc.gov/authorities/subjects/sh00009803
"Singing-bird boxes, Mechanical",altLabel,http://id.loc.gov/authorities/subjects/sh00009803
"Tabatières, Mechanical singing-bird",altLabel,http://id.loc.gov/authorities/subjects/sh00009803
Accordion,prefLabel,http://id.loc.gov/authorities/subjects/sh85000385
Accordeon,altLabel,http://id.loc.gov/authorities/subjects/sh85000385
Buzika,altLabel,http://id.loc.gov/authorities/subjects/sh85000385
Garmonica,altLabel,http://id.loc.gov/authorities/subjects/sh85000385
Garmonik,altLabel,http://id.loc.gov/authorities/subjects/sh85000385
Garmonya,altLabel,http://id.loc.gov/authorities/subjects/sh85000385
Garmoshka,altLabel,http://id.loc.gov/authorities/subjects/sh85000385
Garmon,altLabel,http://id.loc.gov/authorities/subjects/sh85000385
Piano accordion,altLabel,http://id.loc.gov/authorities/subjects/sh85000385
Bichromatic harmonium,prefLabel,http://id.loc.gov/authorities/subjects/sh85013883
Concertina,prefLabel,http://id.loc.gov/authorities/subjects/sh85029639
Estey reed organ,prefLabel,http://id.loc.gov/authorities/subjects/sh96012146
Button-key accordion,prefLabel,http://id.loc.gov/authorities/subjects/sh85018395
Button accordion,altLabel,http://id.loc.gov/authorities/subjects/sh85018395
Button box (Accordion),altLabel,http://id.loc.gov/authorities/subjects/sh85018395
Button-key accordions,altLabel,http://id.loc.gov/authorities/subjects/sh85018395
Squeezebox,altLabel,http://id.loc.gov/authorities/subjects/sh85018395
Bandoneon,prefLabel,http://id.loc.gov/authorities/subjects/sh85011492
Bandonion,altLabel,http://id.loc.gov/authorities/subjects/sh85011492
Bayan,prefLabel,http://id.loc.gov/authorities/subjects/sh85012503
Bajan (Musical instrument),altLabel,http://id.loc.gov/authorities/subjects/sh85012503
Lõõtspill,prefLabel,http://id.loc.gov/authorities/subjects/sh2001002351
Melodeon (Button-key accordion),prefLabel,http://id.loc.gov/authorities/subjects/sh85083433
Aeolian-vocalion,prefLabel,http://id.loc.gov/authorities/subjects/sh85001246
Clavicylinder,prefLabel,http://id.loc.gov/authorities/subjects/sh85026856
"Euphonium (Chladni's)",altLabel,http://id.loc.gov/authorities/subjects/sh85026856
Harmonometer,prefLabel,http://id.loc.gov/authorities/subjects/sh85058962
Jukeboxes,prefLabel,http://id.loc.gov/authorities/subjects/sh85070985
Mechanical organs,prefLabel,http://id.loc.gov/authorities/subjects/sh86004922
Mechanical pianos,prefLabel,http://id.loc.gov/authorities/subjects/sh97003371
Music box,prefLabel,http://id.loc.gov/authorities/subjects/sh85088897
Musical box,altLabel,http://id.loc.gov/authorities/subjects/sh85088897
Music recorder,prefLabel,http://id.loc.gov/authorities/subjects/sh85088939
Orchestrion,prefLabel,http://id.loc.gov/authorities/subjects/sh88006772
Nickelodeon,altLabel,http://id.loc.gov/authorities/subjects/sh88006772
Panharmonicon,prefLabel,http://id.loc.gov/authorities/subjects/sh99004195
Violano-virtuoso,prefLabel,http://id.loc.gov/authorities/subjects/sh85143510
Harpola (Musical instrument),prefLabel,http://id.loc.gov/authorities/subjects/sh2007002137
Saxoflute,prefLabel,http://id.loc.gov/authorities/subjects/sh2009003745
Toy piano,prefLabel,http://id.loc.gov/authorities/subjects/sh2001006041
Broadwood piano,prefLabel,http://id.loc.gov/authorities/subjects/sh2008005660
Electronic piano,prefLabel,http://id.loc.gov/authorities/subjects/sh85042367
Digital piano,altLabel,http://id.loc.gov/authorities/subjects/sh85042367
Electric piano,altLabel,http://id.loc.gov/authorities/subjects/sh85042367
Erard piano,prefLabel,http://id.loc.gov/authorities/subjects/sh2005006923
Gaveau piano,prefLabel,http://id.loc.gov/authorities/subjects/sh2010010725
Knabe piano,prefLabel,http://id.loc.gov/authorities/subjects/sh2005001952
Luthéal,prefLabel,http://id.loc.gov/authorities/subjects/sh00000666
Piano luthéal,altLabel,http://id.loc.gov/authorities/subjects/sh00000666
Magnetic resonator piano,prefLabel,http://id.loc.gov/authorities/subjects/sh2013000919
MRP (Musical instrument),altLabel,http://id.loc.gov/authorities/subjects/sh2013000919
Mechanical pianos,prefLabel,http://id.loc.gov/authorities/subjects/sh97003371
Music recorder,prefLabel,http://id.loc.gov/authorities/subjects/sh85088939
Melograph,altLabel,http://id.loc.gov/authorities/subjects/sh85088939
Music-recorders,altLabel,http://id.loc.gov/authorities/subjects/sh85088939
Pianograph,altLabel,http://id.loc.gov/authorities/subjects/sh85088939
Pedal piano,prefLabel,http://id.loc.gov/authorities/subjects/sh87006800
Pianocorder,prefLabel,http://id.loc.gov/authorities/subjects/sh92000810
Pleyel piano,prefLabel,http://id.loc.gov/authorities/subjects/sh2002002634
Sohmer piano,prefLabel,http://id.loc.gov/authorities/subjects/sh99004292
Square piano,prefLabel,http://id.loc.gov/authorities/subjects/sh2008003295
Steinway piano,prefLabel,http://id.loc.gov/authorities/subjects/sh96008521
Bamboo marimba,prefLabel,http://id.loc.gov/authorities/subjects/sh2016001843
Boo (Bamboo marimba),altLabel,http://id.loc.gov/authorities/subjects/sh2016001843
Bells,prefLabel,http://id.loc.gov/authorities/subjects/sh85013057
Bilo,prefLabel,http://id.loc.gov/authorities/subjects/sh99004734
Body percussion,prefLabel,http://id.loc.gov/authorities/subjects/sh2008009507
Bonang,prefLabel,http://id.loc.gov/authorities/subjects/sh2012001107
Castanets,prefLabel,http://id.loc.gov/authorities/subjects/sh85020646
Chekeré,prefLabel,http://id.loc.gov/authorities/subjects/sh98005212
Agbe,altLabel,http://id.loc.gov/authorities/subjects/sh98005212
Aggüé,altLabel,http://id.loc.gov/authorities/subjects/sh98005212
Shekeré,altLabel,http://id.loc.gov/authorities/subjects/sh98005212
Ching (Cymbals),prefLabel,http://id.loc.gov/authorities/subjects/sh93005461
Clappers (Musical instrument),prefLabel,http://id.loc.gov/authorities/subjects/sh85026559
Claves,prefLabel,http://id.loc.gov/authorities/subjects/sh85026839
Cloud chamber bowls (Musical instrument),prefLabel,http://id.loc.gov/authorities/subjects/sh00000686
Cymbals,prefLabel,http://id.loc.gov/authorities/subjects/sh85035141
Daxophone,prefLabel,http://id.loc.gov/authorities/subjects/sh2003010847
Diamond marimba,prefLabel,http://id.loc.gov/authorities/subjects/sh2016001842
Drum,prefLabel,http://id.loc.gov/authorities/subjects/sh85039773
Drums (Musical instruments),altLabel,http://id.loc.gov/authorities/subjects/sh85039773
Drum set,prefLabel,http://id.loc.gov/authorities/subjects/sh96008240
Drum kit,altLabel,http://id.loc.gov/authorities/subjects/sh96008240
Drumset,altLabel,http://id.loc.gov/authorities/subjects/sh96008240
Trap kit,altLabel,http://id.loc.gov/authorities/subjects/sh96008240
Trap set,altLabel,http://id.loc.gov/authorities/subjects/sh96008240
Traps (Drum set),altLabel,http://id.loc.gov/authorities/subjects/sh96008240
Gambang,prefLabel,http://id.loc.gov/authorities/subjects/sh2008006115
Gender (Musical instrument),prefLabel,http://id.loc.gov/authorities/subjects/sh85053730
Glockenspiel,prefLabel,http://id.loc.gov/authorities/subjects/sh85055309
Bell lyra,altLabel,http://id.loc.gov/authorities/subjects/sh85055309
Bell lyre,altLabel,http://id.loc.gov/authorities/subjects/sh85055309
"Bells, Orchestral",altLabel,http://id.loc.gov/authorities/subjects/sh85055309
Bells (Glockenspiel),altLabel,http://id.loc.gov/authorities/subjects/sh85055309
Chimes (Glockenspiel),altLabel,http://id.loc.gov/authorities/subjects/sh85055309
Glock,altLabel,http://id.loc.gov/authorities/subjects/sh85055309
Orchestra bells,altLabel,http://id.loc.gov/authorities/subjects/sh85055309
Gong,prefLabel,http://id.loc.gov/authorities/subjects/sh91001511
Guiro,prefLabel,http://id.loc.gov/authorities/subjects/sh98005987
Calabazo (Musical instrument),altLabel,http://id.loc.gov/authorities/subjects/sh98005987
Guayo,altLabel,http://id.loc.gov/authorities/subjects/sh98005987
Guiro (Scraper),altLabel,http://id.loc.gov/authorities/subjects/sh98005987
Ralladera (Musical instrument),altLabel,http://id.loc.gov/authorities/subjects/sh98005987
Rascador (Musical instrument),altLabel,http://id.loc.gov/authorities/subjects/sh98005987
Guṃlā,prefLabel,http://id.loc.gov/authorities/subjects/sh85057907
Jaltarang,prefLabel,http://id.loc.gov/authorities/subjects/sh2011005517
Jal tarang,altLabel,http://id.loc.gov/authorities/subjects/sh2011005517
Jaltarangam,altLabel,http://id.loc.gov/authorities/subjects/sh2011005517
Jawbone (Musical instrument),prefLabel,http://id.loc.gov/authorities/subjects/sh85069801
Jaw bone (Musical instrument),altLabel,http://id.loc.gov/authorities/subjects/sh85069801
"Jaw bone, Musical",altLabel,http://id.loc.gov/authorities/subjects/sh85069801
Musical jaw bone,altLabel,http://id.loc.gov/authorities/subjects/sh85069801
Quijada (Musical instrument),altLabel,http://id.loc.gov/authorities/subjects/sh85069801
Quijada de burro (Musical instrument),altLabel,http://id.loc.gov/authorities/subjects/sh85069801
Kei,prefLabel,http://id.loc.gov/authorities/subjects/sh85071858
Kemanak,prefLabel,http://id.loc.gov/authorities/subjects/sh85071905
Kenawak,altLabel,http://id.loc.gov/authorities/subjects/sh85071905
Kolintang (Xylophone),prefLabel,http://id.loc.gov/authorities/subjects/sh2012001176
Kulintang,prefLabel,http://id.loc.gov/authorities/subjects/sh85072830
Gulintangan,altLabel,http://id.loc.gov/authorities/subjects/sh85072830
Klentangan,altLabel,http://id.loc.gov/authorities/subjects/sh85072830
Kolintang,altLabel,http://id.loc.gov/authorities/subjects/sh85072830
Kolintang (Gong-chime),altLabel,http://id.loc.gov/authorities/subjects/sh85072830
Kwintangan,altLabel,http://id.loc.gov/authorities/subjects/sh85072830
Lithophone,prefLabel,http://id.loc.gov/authorities/subjects/sh2004007058
Maraca,prefLabel,http://id.loc.gov/authorities/subjects/sh85080885
Marimba,prefLabel,http://id.loc.gov/authorities/subjects/sh85081095
Marimbaphone,altLabel,http://id.loc.gov/authorities/subjects/sh85081095
Notched rattle,prefLabel,http://id.loc.gov/authorities/subjects/sh85092790
Bone rattle,altLabel,http://id.loc.gov/authorities/subjects/sh85092790
"Rattle, Notched",altLabel,http://id.loc.gov/authorities/subjects/sh85092790
Polopalo,prefLabel,http://id.loc.gov/authorities/subjects/sh94005663
Ranāt ēk,prefLabel,http://id.loc.gov/authorities/subjects/sh93005471
Rana-t ay-k,altLabel,http://id.loc.gov/authorities/subjects/sh93005471
Rànaât eèk,altLabel,http://id.loc.gov/authorities/subjects/sh93005471
Ranāt aek,altLabel,http://id.loc.gov/authorities/subjects/sh93005471
Roneat ek,altLabel,http://id.loc.gov/authorities/subjects/sh93005471
Ranāt thum,prefLabel,http://id.loc.gov/authorities/subjects/sh93005472
Ranāt dhaṃ,altLabel,http://id.loc.gov/authorities/subjects/sh93005472
Rattle (Musical instrument),prefLabel,http://id.loc.gov/authorities/subjects/sh85111552
Rattle,altLabel,http://id.loc.gov/authorities/subjects/sh85111552
Reco-reco (Musical instrument),prefLabel,http://id.loc.gov/authorities/subjects/sh2001008753
Canzá,altLabel,http://id.loc.gov/authorities/subjects/sh2001008753
Caracaxá,altLabel,http://id.loc.gov/authorities/subjects/sh2001008753
Casaca (Musical instrument),altLabel,http://id.loc.gov/authorities/subjects/sh2001008753
Catacá,altLabel,http://id.loc.gov/authorities/subjects/sh2001008753
Ganzá,altLabel,http://id.loc.gov/authorities/subjects/sh2001008753
Querequexé,altLabel,http://id.loc.gov/authorities/subjects/sh2001008753
Raspador (Brazilian musical instrument),altLabel,http://id.loc.gov/authorities/subjects/sh2001008753
Reque-reque,altLabel,http://id.loc.gov/authorities/subjects/sh2001008753
Reyong,prefLabel,http://id.loc.gov/authorities/subjects/sh2019003627
Reong,altLabel,http://id.loc.gov/authorities/subjects/sh2019003627
Sēmantron,prefLabel,http://id.loc.gov/authorities/subjects/sh99004735
Klepalo,altLabel,http://id.loc.gov/authorities/subjects/sh99004735
Nāqūs,altLabel,http://id.loc.gov/authorities/subjects/sh99004735
Sēmandron,altLabel,http://id.loc.gov/authorities/subjects/sh99004735
Sēmantēr,altLabel,http://id.loc.gov/authorities/subjects/sh99004735
Sēmantērion,altLabel,http://id.loc.gov/authorities/subjects/sh99004735
Sēmanthron,altLabel,http://id.loc.gov/authorities/subjects/sh99004735
Simandron,altLabel,http://id.loc.gov/authorities/subjects/sh99004735
Singing bowl,prefLabel,http://id.loc.gov/authorities/subjects/sh2002002862
Slit drums,prefLabel,http://id.loc.gov/authorities/subjects/sh97002408
Spoils of war (Musical instrument),prefLabel,http://id.loc.gov/authorities/subjects/sh2016001693
Steel drum (Musical instrument),prefLabel,http://id.loc.gov/authorities/subjects/sh94002502
Bass pan (Musical instrument),altLabel,http://id.loc.gov/authorities/subjects/sh94002502
"Pan, Steel (Musical instrument)",altLabel,http://id.loc.gov/authorities/subjects/sh94002502
Soprano pan (Musical instrument),altLabel,http://id.loc.gov/authorities/subjects/sh94002502
Steel pan (Musical instrument),altLabel,http://id.loc.gov/authorities/subjects/sh94002502
Tenor pan (Musical instrument),altLabel,http://id.loc.gov/authorities/subjects/sh94002502
Talempong,prefLabel,http://id.loc.gov/authorities/subjects/sh2015001139
Caklempong,altLabel,http://id.loc.gov/authorities/subjects/sh2015001139
Tambourine,prefLabel,http://id.loc.gov/authorities/subjects/sh85132177
Tambour de Basque,altLabel,http://id.loc.gov/authorities/subjects/sh85132177
Temple blocks,prefLabel,http://id.loc.gov/authorities/subjects/sh2023002255
"Blocks, Temple",altLabel,http://id.loc.gov/authorities/subjects/sh2023002255
Chinese temple blocks,altLabel,http://id.loc.gov/authorities/subjects/sh2023002255
Dragon mouths (Musical instrument),altLabel,http://id.loc.gov/authorities/subjects/sh2023002255
Korean temple blocks,altLabel,http://id.loc.gov/authorities/subjects/sh2023002255
Toy piano,prefLabel,http://id.loc.gov/authorities/subjects/sh2001006041
Triangle (Musical instrument),prefLabel,http://id.loc.gov/authorities/subjects/sh89003577
Tubaphone,prefLabel,http://id.loc.gov/authorities/subjects/sh2005008079
Tubuphone,altLabel,http://id.loc.gov/authorities/subjects/sh2005008079
Tubular bells,prefLabel,http://id.loc.gov/authorities/subjects/sh97008695
"Bells, Orchestral",altLabel,http://id.loc.gov/authorities/subjects/sh97008695
"Bells, Tubular",altLabel,http://id.loc.gov/authorities/subjects/sh97008695
"Chimes, Orchestral",altLabel,http://id.loc.gov/authorities/subjects/sh97008695
Orchestra bells,altLabel,http://id.loc.gov/authorities/subjects/sh97008695
Orchestral chimes,altLabel,http://id.loc.gov/authorities/subjects/sh97008695
Txalaparta,prefLabel,http://id.loc.gov/authorities/subjects/sh2005005708
Vibraphone,prefLabel,http://id.loc.gov/authorities/subjects/sh85143104
Vibraharp,altLabel,http://id.loc.gov/authorities/subjects/sh85143104
Waterphone (Musical instrument),prefLabel,http://id.loc.gov/authorities/subjects/sh2005001818
Xylophone,prefLabel,http://id.loc.gov/authorities/subjects/sh85148860
Song bells,altLabel,http://id.loc.gov/authorities/subjects/sh85148860
Straw fiddle,altLabel,http://id.loc.gov/authorities/subjects/sh85148860
Zoomoozophone,prefLabel,http://id.loc.gov/authorities/subjects/sh92003843
Bian zhong,prefLabel,http://id.loc.gov/authorities/subjects/sh98001605
Bianzhong,altLabel,http://id.loc.gov/authorities/subjects/sh98001605
Pien chung,altLabel,http://id.loc.gov/authorities/subjects/sh98001605
Bronze bells,prefLabel,http://id.loc.gov/authorities/subjects/sh2001008382
Buddhist temple bells,prefLabel,http://id.loc.gov/authorities/subjects/sh89000864
"Temple bells, Buddhist",altLabel,http://id.loc.gov/authorities/subjects/sh89000864
Carillons,prefLabel,http://id.loc.gov/authorities/subjects/sh85020322
Chimes,prefLabel,http://id.loc.gov/authorities/subjects/sh85023961
Church bells,prefLabel,http://id.loc.gov/authorities/subjects/sh89000863
Tower bells (Church bells),altLabel,http://id.loc.gov/authorities/subjects/sh89000863
Cowbells,prefLabel,http://id.loc.gov/authorities/subjects/sh85033627
Cow-bells,altLabel,http://id.loc.gov/authorities/subjects/sh85033627
Doorbells,prefLabel,http://id.loc.gov/authorities/subjects/sh96009015
Ekón,prefLabel,http://id.loc.gov/authorities/subjects/sh98005230
Banká,altLabel,http://id.loc.gov/authorities/subjects/sh98005230
Ekong,altLabel,http://id.loc.gov/authorities/subjects/sh98005230
Electric bells,prefLabel,http://id.loc.gov/authorities/subjects/sh85041590
Fog bells,prefLabel,http://id.loc.gov/authorities/subjects/sh85049622
Glass bells,prefLabel,http://id.loc.gov/authorities/subjects/sh85055119
Handbells,prefLabel,http://id.loc.gov/authorities/subjects/sh85058658
Jaquemarts,prefLabel,http://id.loc.gov/authorities/subjects/sh85069745
Jacquemarts,altLabel,http://id.loc.gov/authorities/subjects/sh85069745
Porcelain bells,prefLabel,http://id.loc.gov/authorities/subjects/sh85104983
Sistro,prefLabel,http://id.loc.gov/authorities/subjects/sh2002004335
Timpano musicale,altLabel,http://id.loc.gov/authorities/subjects/sh2002004335
Tap bells,prefLabel,http://id.loc.gov/authorities/subjects/sh88006042
Celesta-chime,prefLabel,http://id.loc.gov/authorities/subjects/sh2002004313
Celestachime,altLabel,http://id.loc.gov/authorities/subjects/sh2002004313
Handchimes,prefLabel,http://id.loc.gov/authorities/subjects/sh91000466
Bones (Musical instrument),prefLabel,http://id.loc.gov/authorities/subjects/sh85015556
Jin qian ban (Musical instrument),prefLabel,http://id.loc.gov/authorities/subjects/sh89000434
Chin chʻien pan (Musical instrument),altLabel,http://id.loc.gov/authorities/subjects/sh89000434
Crotales,prefLabel,http://id.loc.gov/authorities/subjects/sh2002002860
Finger cymbals,prefLabel,http://id.loc.gov/authorities/subjects/sh99011316
Zilia,altLabel,http://id.loc.gov/authorities/subjects/sh99011316
Zils,altLabel,http://id.loc.gov/authorities/subjects/sh99011316
Jhāñjh,prefLabel,http://id.loc.gov/authorities/subjects/sh2005006690
Jhāni,altLabel,http://id.loc.gov/authorities/subjects/sh2005006690
Jhānj,altLabel,http://id.loc.gov/authorities/subjects/sh2005006690
Jhān-jhān,altLabel,http://id.loc.gov/authorities/subjects/sh2005006690
Jhānjha,altLabel,http://id.loc.gov/authorities/subjects/sh2005006690
Arará (Drum),prefLabel,http://id.loc.gov/authorities/subjects/sh98005044
Atabaque,prefLabel,http://id.loc.gov/authorities/subjects/sh91002796
Babadok,prefLabel,http://id.loc.gov/authorities/subjects/sh2011000689
Bass drum,prefLabel,http://id.loc.gov/authorities/subjects/sh94008705
Bongo,prefLabel,http://id.loc.gov/authorities/subjects/sh85015558
Bongo drum,altLabel,http://id.loc.gov/authorities/subjects/sh85015558
Bonkó,prefLabel,http://id.loc.gov/authorities/subjects/sh98003202
Bonkó-enchemiyá,altLabel,http://id.loc.gov/authorities/subjects/sh98003202
Enchemí,altLabel,http://id.loc.gov/authorities/subjects/sh98003202
Bronze drum,prefLabel,http://id.loc.gov/authorities/subjects/sh85017118
Cajón (Musical instrument),prefLabel,http://id.loc.gov/authorities/subjects/sh98005536
Catá (Musical instrument),prefLabel,http://id.loc.gov/authorities/subjects/sh98005534
Catá,altLabel,http://id.loc.gov/authorities/subjects/sh98005534
Hueco,altLabel,http://id.loc.gov/authorities/subjects/sh98005534
Ceṇḍa,prefLabel,http://id.loc.gov/authorities/subjects/sh96003976
Ceṇḍe,altLabel,http://id.loc.gov/authorities/subjects/sh96003976
Chenda,altLabel,http://id.loc.gov/authorities/subjects/sh96003976
Cheṇḍamēḷaṃ,altLabel,http://id.loc.gov/authorities/subjects/sh96003976
Congas,prefLabel,http://id.loc.gov/authorities/subjects/sh85031082
Conga (Drum),altLabel,http://id.loc.gov/authorities/subjects/sh85031082
Conga drums,altLabel,http://id.loc.gov/authorities/subjects/sh85031082
Cuíca,prefLabel,http://id.loc.gov/authorities/subjects/sh2009006694
Puíta,altLabel,http://id.loc.gov/authorities/subjects/sh2009006694
Quíca,altLabel,http://id.loc.gov/authorities/subjects/sh2009006694
Damba (Drum),prefLabel,http://id.loc.gov/authorities/subjects/sh88003379
Damba (Dance drumming),altLabel,http://id.loc.gov/authorities/subjects/sh88003379
Dhimay,prefLabel,http://id.loc.gov/authorities/subjects/sh94002406
Dhime,altLabel,http://id.loc.gov/authorities/subjects/sh94002406
Dholi,prefLabel,http://id.loc.gov/authorities/subjects/sh2003002124
Daule,altLabel,http://id.loc.gov/authorities/subjects/sh2003002124
Davul,altLabel,http://id.loc.gov/authorities/subjects/sh2003002124
Dhol (Caucasian drum),altLabel,http://id.loc.gov/authorities/subjects/sh2003002124
Dohol,altLabel,http://id.loc.gov/authorities/subjects/sh2003002124
Doli,altLabel,http://id.loc.gov/authorities/subjects/sh2003002124
Doul,altLabel,http://id.loc.gov/authorities/subjects/sh2003002124
Djembe,prefLabel,http://id.loc.gov/authorities/subjects/sh99013972
Jembe,altLabel,http://id.loc.gov/authorities/subjects/sh99013972
Jenbe,altLabel,http://id.loc.gov/authorities/subjects/sh99013972
Ekue,prefLabel,http://id.loc.gov/authorities/subjects/sh98007388
Frame drums,prefLabel,http://id.loc.gov/authorities/subjects/sh87003799
Ghaṭa,prefLabel,http://id.loc.gov/authorities/subjects/sh96003868
Ghaṙā,altLabel,http://id.loc.gov/authorities/subjects/sh96003868
Ghatam,altLabel,http://id.loc.gov/authorities/subjects/sh96003868
Ghaṭi,altLabel,http://id.loc.gov/authorities/subjects/sh96003868
Kaṭam,altLabel,http://id.loc.gov/authorities/subjects/sh96003868
Goblet drum,prefLabel,http://id.loc.gov/authorities/subjects/sh87007474
Hourglass drum,prefLabel,http://id.loc.gov/authorities/subjects/sh85062529
Kañjirā,prefLabel,http://id.loc.gov/authorities/subjects/sh96004191
Kañcirā,altLabel,http://id.loc.gov/authorities/subjects/sh96004191
Kanjeera,altLabel,http://id.loc.gov/authorities/subjects/sh96004191
Kendang,prefLabel,http://id.loc.gov/authorities/subjects/sh2016001631
Gandang,altLabel,http://id.loc.gov/authorities/subjects/sh2016001631
Gendang,altLabel,http://id.loc.gov/authorities/subjects/sh2016001631
Kendhang,altLabel,http://id.loc.gov/authorities/subjects/sh2016001631
Lambeg drum,prefLabel,http://id.loc.gov/authorities/subjects/sh2002002636
Mādal,prefLabel,http://id.loc.gov/authorities/subjects/sh2001002361
Mādala,altLabel,http://id.loc.gov/authorities/subjects/sh2001002361
Mridanga,prefLabel,http://id.loc.gov/authorities/subjects/sh85088214
Khol,altLabel,http://id.loc.gov/authorities/subjects/sh85088214
Mirdang,altLabel,http://id.loc.gov/authorities/subjects/sh85088214
Mr̥dang,altLabel,http://id.loc.gov/authorities/subjects/sh85088214
Mr̥daṅga,altLabel,http://id.loc.gov/authorities/subjects/sh85088214
Mr̥daṅgam,altLabel,http://id.loc.gov/authorities/subjects/sh85088214
Mridangam,altLabel,http://id.loc.gov/authorities/subjects/sh85088214
Pakhāvaj,altLabel,http://id.loc.gov/authorities/subjects/sh85088214
Pakhawaj,altLabel,http://id.loc.gov/authorities/subjects/sh85088214
Nāykhīṃ,prefLabel,http://id.loc.gov/authorities/subjects/sh90001532
Nāykhĩ,altLabel,http://id.loc.gov/authorities/subjects/sh90001532
Ngoma (Drum),prefLabel,http://id.loc.gov/authorities/subjects/sh2005000124
Engoma (Drum),altLabel,http://id.loc.gov/authorities/subjects/sh2005000124
Goma (Drum),altLabel,http://id.loc.gov/authorities/subjects/sh2005000124
Gomo (Drum),altLabel,http://id.loc.gov/authorities/subjects/sh2005000124
In̄goma (Drum),altLabel,http://id.loc.gov/authorities/subjects/sh2005000124
Ingomba (Drum),altLabel,http://id.loc.gov/authorities/subjects/sh2005000124
Ngomba (Drum),altLabel,http://id.loc.gov/authorities/subjects/sh2005000124
Ngomm (Drum),altLabel,http://id.loc.gov/authorities/subjects/sh2005000124
Ngomo (Drum),altLabel,http://id.loc.gov/authorities/subjects/sh2005000124
Par (Musical instrument),prefLabel,http://id.loc.gov/authorities/subjects/sh2005006693
Pung (Drum),prefLabel,http://id.loc.gov/authorities/subjects/sh85109108
Rebana,prefLabel,http://id.loc.gov/authorities/subjects/sh97006217
Rebano,altLabel,http://id.loc.gov/authorities/subjects/sh97006217
Snare drum,prefLabel,http://id.loc.gov/authorities/subjects/sh87003761
"Side drum",altLabel,http://id.loc.gov/authorities/subjects/sh87003761
Tabla,prefLabel,http://id.loc.gov/authorities/subjects/sh85131789
Tabala,altLabel,http://id.loc.gov/authorities/subjects/sh85131789
Taiko,prefLabel,http://id.loc.gov/authorities/subjects/sh98001608
Tamboril,prefLabel,http://id.loc.gov/authorities/subjects/sh96010805
Tambou,prefLabel,http://id.loc.gov/authorities/subjects/sh85132175
Tavil,prefLabel,http://id.loc.gov/authorities/subjects/sh96004187
Dhavul,altLabel,http://id.loc.gov/authorities/subjects/sh96004187
Thavil,altLabel,http://id.loc.gov/authorities/subjects/sh96004187
Timbales criollos,prefLabel,http://id.loc.gov/authorities/subjects/sh98005486
Timpani,prefLabel,http://id.loc.gov/authorities/subjects/sh85135469
Kettledrum,altLabel,http://id.loc.gov/authorities/subjects/sh85135469
Timpanum,altLabel,http://id.loc.gov/authorities/subjects/sh85135469
Tympani,altLabel,http://id.loc.gov/authorities/subjects/sh85135469
Tom-tom,prefLabel,http://id.loc.gov/authorities/subjects/sh2003002994
Chinese tom-tom (in drum kit),altLabel,http://id.loc.gov/authorities/subjects/sh2003002994
Tumba (Musical instrument),prefLabel,http://id.loc.gov/authorities/subjects/sh98005527
Tupan,prefLabel,http://id.loc.gov/authorities/subjects/sh85138688
Daul,altLabel,http://id.loc.gov/authorities/subjects/sh85138688
Goč,altLabel,http://id.loc.gov/authorities/subjects/sh85138688
Toba,altLabel,http://id.loc.gov/authorities/subjects/sh85138688
Topan,altLabel,http://id.loc.gov/authorities/subjects/sh85138688
Tʾpan,altLabel,http://id.loc.gov/authorities/subjects/sh85138688
Yuka (Musical instrument),prefLabel,http://id.loc.gov/authorities/subjects/sh98005542
Quinto (Drum),prefLabel,http://id.loc.gov/authorities/subjects/sh2005006516
Bodhrán,prefLabel,http://id.loc.gov/authorities/subjects/sh85015214
Ḍaph,prefLabel,http://id.loc.gov/authorities/subjects/sh87003796
Daf,altLabel,http://id.loc.gov/authorities/subjects/sh87003796
Ḍaff,altLabel,http://id.loc.gov/authorities/subjects/sh87003796
Duff,altLabel,http://id.loc.gov/authorities/subjects/sh87003796
Par̲ai,prefLabel,http://id.loc.gov/authorities/subjects/sh2001002362
Pirai,altLabel,http://id.loc.gov/authorities/subjects/sh2001002362
Ravanne,prefLabel,http://id.loc.gov/authorities/subjects/sh2017003856
Ravann,altLabel,http://id.loc.gov/authorities/subjects/sh2017003856
Tar (Drum),prefLabel,http://id.loc.gov/authorities/subjects/sh2007000959
Yaogu,prefLabel,http://id.loc.gov/authorities/subjects/sh92005372
Huagu,altLabel,http://id.loc.gov/authorities/subjects/sh92005372
Temple drum,altLabel,http://id.loc.gov/authorities/subjects/sh92005372
Darabukka,prefLabel,http://id.loc.gov/authorities/subjects/sh88003602
Darabuke,altLabel,http://id.loc.gov/authorities/subjects/sh88003602
Darboukka,altLabel,http://id.loc.gov/authorities/subjects/sh88003602
Darbuga,altLabel,http://id.loc.gov/authorities/subjects/sh88003602
Darbuka,altLabel,http://id.loc.gov/authorities/subjects/sh88003602
Darbukka,altLabel,http://id.loc.gov/authorities/subjects/sh88003602
Derabucca,altLabel,http://id.loc.gov/authorities/subjects/sh88003602
Derbouka,altLabel,http://id.loc.gov/authorities/subjects/sh88003602
Derbuga,altLabel,http://id.loc.gov/authorities/subjects/sh88003602
Derbukka,altLabel,http://id.loc.gov/authorities/subjects/sh88003602
Dumbek,altLabel,http://id.loc.gov/authorities/subjects/sh88003602
Dümbelek,prefLabel,http://id.loc.gov/authorities/subjects/sh92005340
Deblek,altLabel,http://id.loc.gov/authorities/subjects/sh92005340
Dumbeg,altLabel,http://id.loc.gov/authorities/subjects/sh92005340
Dümbek,altLabel,http://id.loc.gov/authorities/subjects/sh92005340
Fêli,prefLabel,http://id.loc.gov/authorities/subjects/sh2005006551
Klō̜ng ǣ,prefLabel,http://id.loc.gov/authorities/subjects/sh93005465
Glaw-ng æ,altLabel,http://id.loc.gov/authorities/subjects/sh93005465
Klō̜ng lūang,prefLabel,http://id.loc.gov/authorities/subjects/sh2024000384
Klō̜ng yāo,prefLabel,http://id.loc.gov/authorities/subjects/sh93005466
Glaw-ng yao,altLabel,http://id.loc.gov/authorities/subjects/sh93005466
Zarb,prefLabel,http://id.loc.gov/authorities/subjects/sh85138584
Dombäck,altLabel,http://id.loc.gov/authorities/subjects/sh85138584
Dombak,altLabel,http://id.loc.gov/authorities/subjects/sh85138584
Tombak,altLabel,http://id.loc.gov/authorities/subjects/sh85138584
Tûnbak,altLabel,http://id.loc.gov/authorities/subjects/sh85138584
Tunbūk,altLabel,http://id.loc.gov/authorities/subjects/sh85138584
Batá,prefLabel,http://id.loc.gov/authorities/subjects/sh98005043
Changgo,prefLabel,http://id.loc.gov/authorities/subjects/sh85022517
Chang go,altLabel,http://id.loc.gov/authorities/subjects/sh85022517
Changgu,altLabel,http://id.loc.gov/authorities/subjects/sh85022517
Seyo go,altLabel,http://id.loc.gov/authorities/subjects/sh85022517
Sŏlchanggo,altLabel,http://id.loc.gov/authorities/subjects/sh85022517
Kotsuzumi,prefLabel,http://id.loc.gov/authorities/subjects/sh85073202
Ko tsuzumi,altLabel,http://id.loc.gov/authorities/subjects/sh85073202
Talking drum,prefLabel,http://id.loc.gov/authorities/subjects/sh2014002574
Dùndún,altLabel,http://id.loc.gov/authorities/subjects/sh2014002574
Gángán,altLabel,http://id.loc.gov/authorities/subjects/sh2014002574
Surdo,prefLabel,http://id.loc.gov/authorities/subjects/sh2006000487
"Caixa-surda",altLabel,http://id.loc.gov/authorities/subjects/sh2006000487
Tabor,prefLabel,http://id.loc.gov/authorities/subjects/sh96010828
Tamboril,prefLabel,http://id.loc.gov/authorities/subjects/sh96010805
Tambourin,prefLabel,http://id.loc.gov/authorities/subjects/sh85132176
Tabour,altLabel,http://id.loc.gov/authorities/subjects/sh85132176
Tabourin,altLabel,http://id.loc.gov/authorities/subjects/sh85132176
Tambourin de Provence,altLabel,http://id.loc.gov/authorities/subjects/sh85132176
Tambourin provençal,altLabel,http://id.loc.gov/authorities/subjects/sh85132176
Tāshā,prefLabel,http://id.loc.gov/authorities/subjects/sh2005006573
Tamukku,altLabel,http://id.loc.gov/authorities/subjects/sh2005006573
Tarsa,altLabel,http://id.loc.gov/authorities/subjects/sh2005006573
Tarshā,altLabel,http://id.loc.gov/authorities/subjects/sh2005006573
Ṭāsa,altLabel,http://id.loc.gov/authorities/subjects/sh2005006573
Khō̜ng wong,prefLabel,http://id.loc.gov/authorities/subjects/sh93005463
Kháw-ng wong,altLabel,http://id.loc.gov/authorities/subjects/sh93005463
Tam-tam,prefLabel,http://id.loc.gov/authorities/subjects/sh85132226
Tamtam,altLabel,http://id.loc.gov/authorities/subjects/sh85132226
Atcheré,prefLabel,http://id.loc.gov/authorities/subjects/sh98005206
Acheré,altLabel,http://id.loc.gov/authorities/subjects/sh98005206
Guiro (Rattle),altLabel,http://id.loc.gov/authorities/subjects/sh98005206
Bass marimba,prefLabel,http://id.loc.gov/authorities/subjects/sh2016001841
Xylorimba,prefLabel,http://id.loc.gov/authorities/subjects/sh2003002081
Marimba-xylophone,altLabel,http://id.loc.gov/authorities/subjects/sh2003002081
Xylo-marimba,altLabel,http://id.loc.gov/authorities/subjects/sh2003002081
Baby rattles,prefLabel,http://id.loc.gov/authorities/subjects/sh98006834
Sistrum,prefLabel,http://id.loc.gov/authorities/subjects/sh85123013
Garamut,prefLabel,http://id.loc.gov/authorities/subjects/sh2018000148
Teponaztli,prefLabel,http://id.loc.gov/authorities/subjects/sh97002434
Quiringua,altLabel,http://id.loc.gov/authorities/subjects/sh97002434
Tepenahuasqui,altLabel,http://id.loc.gov/authorities/subjects/sh97002434
Teponagua,altLabel,http://id.loc.gov/authorities/subjects/sh97002434
Teponahuaztli,altLabel,http://id.loc.gov/authorities/subjects/sh97002434
Teponaxtle,altLabel,http://id.loc.gov/authorities/subjects/sh97002434
Tinco,altLabel,http://id.loc.gov/authorities/subjects/sh97002434
Tun-kul,altLabel,http://id.loc.gov/authorities/subjects/sh97002434
Woodblock (Musical instrument),prefLabel,http://id.loc.gov/authorities/subjects/sh2018002927
Bloc de bois (Musical instrument),altLabel,http://id.loc.gov/authorities/subjects/sh2018002927
Cassa di legno (Musical instrument),altLabel,http://id.loc.gov/authorities/subjects/sh2018002927
Clog box (Musical instrument),altLabel,http://id.loc.gov/authorities/subjects/sh2018002927
Holzblock (Musical instrument),altLabel,http://id.loc.gov/authorities/subjects/sh2018002927
Holzblocktromme,altLabel,http://id.loc.gov/authorities/subjects/sh2018002927
Tambour de bois,altLabel,http://id.loc.gov/authorities/subjects/sh2018002927
Tap box (Musical instrument),altLabel,http://id.loc.gov/authorities/subjects/sh2018002927
Wood block (Musical instrument),altLabel,http://id.loc.gov/authorities/subjects/sh2018002927
Amadinda,prefLabel,http://id.loc.gov/authorities/subjects/sh92003421
Madinda,altLabel,http://id.loc.gov/authorities/subjects/sh92003421
Angklung,prefLabel,http://id.loc.gov/authorities/subjects/sh85005041
Kechruk,altLabel,http://id.loc.gov/authorities/subjects/sh85005041
Balo,prefLabel,http://id.loc.gov/authorities/subjects/sh85011346
Bala,altLabel,http://id.loc.gov/authorities/subjects/sh85011346
Balafo,altLabel,http://id.loc.gov/authorities/subjects/sh85011346
Balafon,altLabel,http://id.loc.gov/authorities/subjects/sh85011346
Balafou,altLabel,http://id.loc.gov/authorities/subjects/sh85011346
Balaphon,altLabel,http://id.loc.gov/authorities/subjects/sh85011346
Heliphon,prefLabel,http://id.loc.gov/authorities/subjects/sh2007005700
Kaw law (Musical instrument),prefLabel,http://id.loc.gov/authorities/subjects/sh2015000992
Bong lang,altLabel,http://id.loc.gov/authorities/subjects/sh2015000992
Khō̜lō̜,altLabel,http://id.loc.gov/authorities/subjects/sh2015000992
Pong lang,altLabel,http://id.loc.gov/authorities/subjects/sh2015000992
Pong larng,altLabel,http://id.loc.gov/authorities/subjects/sh2015000992
Pōnglāng,altLabel,http://id.loc.gov/authorities/subjects/sh2015000992
Menzan,prefLabel,http://id.loc.gov/authorities/subjects/sh85083735
Mendzan,altLabel,http://id.loc.gov/authorities/subjects/sh85083735
Mendzang,altLabel,http://id.loc.gov/authorities/subjects/sh85083735
Mendjan,altLabel,http://id.loc.gov/authorities/subjects/sh85083735
Menjyang,altLabel,http://id.loc.gov/authorities/subjects/sh85083735
Sticcado pastorale,prefLabel,http://id.loc.gov/authorities/subjects/sh2006005085
Staccato-pastorella,altLabel,http://id.loc.gov/authorities/subjects/sh2006005085
Sticcado,altLabel,http://id.loc.gov/authorities/subjects/sh2006005085
Sticcado-pastrole,altLabel,http://id.loc.gov/authorities/subjects/sh2006005085
Tingklik,prefLabel,http://id.loc.gov/authorities/subjects/sh94002481
Rindik,altLabel,http://id.loc.gov/authorities/subjects/sh94002481
Tinglik,altLabel,http://id.loc.gov/authorities/subjects/sh94002481
Xylorimba,prefLabel,http://id.loc.gov/authorities/subjects/sh2003002081
Marimba-xylophone,altLabel,http://id.loc.gov/authorities/subjects/sh2003002081
Xylo-marimba,altLabel,http://id.loc.gov/authorities/subjects/sh2003002081
Bowed stringed instruments,prefLabel,http://id.loc.gov/authorities/subjects/sh85129122
Bowed instruments,altLabel,http://id.loc.gov/authorities/subjects/sh85129122
Bowed string instruments,altLabel,http://id.loc.gov/authorities/subjects/sh85129122
Bowed strings (Musical instruments): Fiddle,altLabel,http://id.loc.gov/authorities/subjects/sh85129122
Fretted instruments,altLabel,http://id.loc.gov/authorities/subjects/sh85129122
"Instruments, Bowed string",altLabel,http://id.loc.gov/authorities/subjects/sh85129122
Lira (Musical instrument),altLabel,http://id.loc.gov/authorities/subjects/sh85129122
Lyra (Musical instrument),altLabel,http://id.loc.gov/authorities/subjects/sh85129122
"Stringed instruments, Bowed",altLabel,http://id.loc.gov/authorities/subjects/sh85129122
Strings (Musical instruments),altLabel,http://id.loc.gov/authorities/subjects/sh85129122
Viole da braccio,altLabel,http://id.loc.gov/authorities/subjects/sh85129122
Diabelskie skrzypce,prefLabel,http://id.loc.gov/authorities/subjects/sh89002190
Devil's fiddle (Polish musical instrument),altLabel,http://id.loc.gov/authorities/subjects/sh89002190
Devil's violin (Polish musical instrument),altLabel,http://id.loc.gov/authorities/subjects/sh89002190
Diable skrzype,altLabel,http://id.loc.gov/authorities/subjects/sh89002190
Musical bow,prefLabel,http://id.loc.gov/authorities/subjects/sh99004444
Harp bow,altLabel,http://id.loc.gov/authorities/subjects/sh99004444
Plucked instruments,prefLabel,http://id.loc.gov/authorities/subjects/sh98007684
Fretted instruments,altLabel,http://id.loc.gov/authorities/subjects/sh98007684
Plectral instruments,altLabel,http://id.loc.gov/authorities/subjects/sh98007684
Plucked string instruments,altLabel,http://id.loc.gov/authorities/subjects/sh98007684
Plucked stringed instruments,altLabel,http://id.loc.gov/authorities/subjects/sh98007684
"Stringed instruments, Plucked",altLabel,http://id.loc.gov/authorities/subjects/sh98007684
Rabāb,prefLabel,http://id.loc.gov/authorities/subjects/sh91004170
Afghan lute,altLabel,http://id.loc.gov/authorities/subjects/sh91004170
Rabābah,altLabel,http://id.loc.gov/authorities/subjects/sh91004170
Rabob,altLabel,http://id.loc.gov/authorities/subjects/sh91004170
Rbab,altLabel,http://id.loc.gov/authorities/subjects/sh91004170
Rebab,altLabel,http://id.loc.gov/authorities/subjects/sh91004170
Ribāb,altLabel,http://id.loc.gov/authorities/subjects/sh91004170
Robāb,altLabel,http://id.loc.gov/authorities/subjects/sh91004170
Rohbab,altLabel,http://id.loc.gov/authorities/subjects/sh91004170
Rubāb,altLabel,http://id.loc.gov/authorities/subjects/sh91004170
Rubaub,altLabel,http://id.loc.gov/authorities/subjects/sh91004170
Rubob,altLabel,http://id.loc.gov/authorities/subjects/sh91004170
Spike fiddle,altLabel,http://id.loc.gov/authorities/subjects/sh91004170
Sympathetic strings,prefLabel,http://id.loc.gov/authorities/subjects/sh97003167
Zither,prefLabel,http://id.loc.gov/authorities/subjects/sh85149919
Ajaeng,prefLabel,http://id.loc.gov/authorities/subjects/sh2008001042
A-jaeng,altLabel,http://id.loc.gov/authorities/subjects/sh2008001042
Arpeggione,prefLabel,http://id.loc.gov/authorities/subjects/sh85007412
Bowed guitar,altLabel,http://id.loc.gov/authorities/subjects/sh85007412
Guitar violoncello,altLabel,http://id.loc.gov/authorities/subjects/sh85007412
Banam,prefLabel,http://id.loc.gov/authorities/subjects/sh2025000395
Baryton,prefLabel,http://id.loc.gov/authorities/subjects/sh85012008
Bariton,altLabel,http://id.loc.gov/authorities/subjects/sh85012008
Barydon,altLabel,http://id.loc.gov/authorities/subjects/sh85012008
Lyra bastarda,altLabel,http://id.loc.gov/authorities/subjects/sh85012008
Paradon,altLabel,http://id.loc.gov/authorities/subjects/sh85012008
Paridon,altLabel,http://id.loc.gov/authorities/subjects/sh85012008
Pariton,altLabel,http://id.loc.gov/authorities/subjects/sh85012008
Viola di bordone,altLabel,http://id.loc.gov/authorities/subjects/sh85012008
Viola paredon,altLabel,http://id.loc.gov/authorities/subjects/sh85012008
Campanula (Musical instrument),prefLabel,http://id.loc.gov/authorities/subjects/sh95000392
Cello,prefLabel,http://id.loc.gov/authorities/subjects/sh85143658
Bass violin,altLabel,http://id.loc.gov/authorities/subjects/sh85143658
Violoncello,altLabel,http://id.loc.gov/authorities/subjects/sh85143658
Cellone,prefLabel,http://id.loc.gov/authorities/subjects/sh2009003660
Crwth,prefLabel,http://id.loc.gov/authorities/subjects/sh85034328
Chorus (Musical instrument),altLabel,http://id.loc.gov/authorities/subjects/sh85034328
Crot,altLabel,http://id.loc.gov/authorities/subjects/sh85034328
Crouth,altLabel,http://id.loc.gov/authorities/subjects/sh85034328
Crowd (Musical instrument),altLabel,http://id.loc.gov/authorities/subjects/sh85034328
Dilrubā,prefLabel,http://id.loc.gov/authorities/subjects/sh2001003482
Double bass,prefLabel,http://id.loc.gov/authorities/subjects/sh85039150
Bass (Stringed instrument),altLabel,http://id.loc.gov/authorities/subjects/sh85039150
Bass viol,altLabel,http://id.loc.gov/authorities/subjects/sh85039150
Contrabass,altLabel,http://id.loc.gov/authorities/subjects/sh85039150
Stand-up bass,altLabel,http://id.loc.gov/authorities/subjects/sh85039150
String bass,altLabel,http://id.loc.gov/authorities/subjects/sh85039150
Upright bass,altLabel,http://id.loc.gov/authorities/subjects/sh85039150
Ghichak,prefLabel,http://id.loc.gov/authorities/subjects/sh94000289
Gidzhak,altLabel,http://id.loc.gov/authorities/subjects/sh94000289
Gijak,altLabel,http://id.loc.gov/authorities/subjects/sh94000289
Goge,prefLabel,http://id.loc.gov/authorities/subjects/sh00008578
Godie,altLabel,http://id.loc.gov/authorities/subjects/sh00008578
Goje,altLabel,http://id.loc.gov/authorities/subjects/sh00008578
Gonje,altLabel,http://id.loc.gov/authorities/subjects/sh00008578
Gŭdulka,prefLabel,http://id.loc.gov/authorities/subjects/sh85057685
Gadulka,altLabel,http://id.loc.gov/authorities/subjects/sh85057685
Gamlka,altLabel,http://id.loc.gov/authorities/subjects/sh85057685
Gjold,altLabel,http://id.loc.gov/authorities/subjects/sh85057685
Kemene,altLabel,http://id.loc.gov/authorities/subjects/sh85057685
Kopanka,altLabel,http://id.loc.gov/authorities/subjects/sh85057685
Tsigulka,altLabel,http://id.loc.gov/authorities/subjects/sh85057685
Gusle,prefLabel,http://id.loc.gov/authorities/subjects/sh92005165
Gusla,altLabel,http://id.loc.gov/authorities/subjects/sh92005165
Haegŭm,prefLabel,http://id.loc.gov/authorities/subjects/sh85058218
Hyegum,altLabel,http://id.loc.gov/authorities/subjects/sh85058218
Hu qin,prefLabel,http://id.loc.gov/authorities/subjects/sh2001006594
Hu chʻin,altLabel,http://id.loc.gov/authorities/subjects/sh2001006594
Huqin,altLabel,http://id.loc.gov/authorities/subjects/sh2001006594
Kamānche,prefLabel,http://id.loc.gov/authorities/subjects/sh90002262
Black Sea fiddle,altLabel,http://id.loc.gov/authorities/subjects/sh90002262
Black Sea kemençe,altLabel,http://id.loc.gov/authorities/subjects/sh90002262
Çemençe,altLabel,http://id.loc.gov/authorities/subjects/sh90002262
Gemendze,altLabel,http://id.loc.gov/authorities/subjects/sh90002262
Kʻaman,altLabel,http://id.loc.gov/authorities/subjects/sh90002262
K'amancha,altLabel,http://id.loc.gov/authorities/subjects/sh90002262
Kamancheh,altLabel,http://id.loc.gov/authorities/subjects/sh90002262
Kāmanja,altLabel,http://id.loc.gov/authorities/subjects/sh90002262
Kamantcha,altLabel,http://id.loc.gov/authorities/subjects/sh90002262
Karadeniz kemençesi,altLabel,http://id.loc.gov/authorities/subjects/sh90002262
Kemancha,altLabel,http://id.loc.gov/authorities/subjects/sh90002262
Kemanche,altLabel,http://id.loc.gov/authorities/subjects/sh90002262
Kemençe,altLabel,http://id.loc.gov/authorities/subjects/sh90002262
Kemenche,altLabel,http://id.loc.gov/authorities/subjects/sh90002262
Kemendze,altLabel,http://id.loc.gov/authorities/subjects/sh90002262
Kementche,altLabel,http://id.loc.gov/authorities/subjects/sh90002262
Kyamancha,altLabel,http://id.loc.gov/authorities/subjects/sh90002262
Pontian lyra,altLabel,http://id.loc.gov/authorities/subjects/sh90002262
Pontic kemenche,altLabel,http://id.loc.gov/authorities/subjects/sh90002262
Pontic lyra,altLabel,http://id.loc.gov/authorities/subjects/sh90002262
Keyed fiddle,prefLabel,http://id.loc.gov/authorities/subjects/sh85072122
Key fiddle,altLabel,http://id.loc.gov/authorities/subjects/sh85072122
Lökkelje,altLabel,http://id.loc.gov/authorities/subjects/sh85072122
Nyckelgiga,altLabel,http://id.loc.gov/authorities/subjects/sh85072122
Nyckelharpa,altLabel,http://id.loc.gov/authorities/subjects/sh85072122
Schlüsselfidel,altLabel,http://id.loc.gov/authorities/subjects/sh85072122
Schlüsselfiedel,altLabel,http://id.loc.gov/authorities/subjects/sh85072122
Lira (Short-necked fiddle),prefLabel,http://id.loc.gov/authorities/subjects/sh95008017
Lyra (Musical instrument),altLabel,http://id.loc.gov/authorities/subjects/sh95008017
Lyra (Short-necked fiddle),altLabel,http://id.loc.gov/authorities/subjects/sh95008017
Lira da braccio,prefLabel,http://id.loc.gov/authorities/subjects/sh94002440
Lira da spalla,altLabel,http://id.loc.gov/authorities/subjects/sh94002440
Lira di sette corde,altLabel,http://id.loc.gov/authorities/subjects/sh94002440
Lira moderna,altLabel,http://id.loc.gov/authorities/subjects/sh94002440
Lyra (Lira da braccio),altLabel,http://id.loc.gov/authorities/subjects/sh94002440
Lirica,prefLabel,http://id.loc.gov/authorities/subjects/sh92005141
Liritza,altLabel,http://id.loc.gov/authorities/subjects/sh92005141
Lirone,prefLabel,http://id.loc.gov/authorities/subjects/sh2002002639
Arcivioladaslyras,altLabel,http://id.loc.gov/authorities/subjects/sh2002002639
Arciviolata,altLabel,http://id.loc.gov/authorities/subjects/sh2002002639
Arciviolatalira,altLabel,http://id.loc.gov/authorities/subjects/sh2002002639
Gran lira,altLabel,http://id.loc.gov/authorities/subjects/sh2002002639
Lira (Lirone),altLabel,http://id.loc.gov/authorities/subjects/sh2002002639
Lira da gamba,altLabel,http://id.loc.gov/authorities/subjects/sh2002002639
Lira doppia,altLabel,http://id.loc.gov/authorities/subjects/sh2002002639
Lira grande,altLabel,http://id.loc.gov/authorities/subjects/sh2002002639
Lira in gamba,altLabel,http://id.loc.gov/authorities/subjects/sh2002002639
Lirone perfetto,altLabel,http://id.loc.gov/authorities/subjects/sh2002002639
Lyra (Lirone,altLabel,http://id.loc.gov/authorities/subjects/sh2002002639
Lyra de gamba,altLabel,http://id.loc.gov/authorities/subjects/sh2002002639
Lyra perfecta,altLabel,http://id.loc.gov/authorities/subjects/sh2002002639
Lyrone,altLabel,http://id.loc.gov/authorities/subjects/sh2002002639
Morin huur,prefLabel,http://id.loc.gov/authorities/subjects/sh85087273
"Huur, Morin",altLabel,http://id.loc.gov/authorities/subjects/sh85087273
Khil-khuur,altLabel,http://id.loc.gov/authorities/subjects/sh85087273
Ma tʻou chʻin,altLabel,http://id.loc.gov/authorities/subjects/sh85087273
Matou qin,altLabel,http://id.loc.gov/authorities/subjects/sh85087273
Matouqin,altLabel,http://id.loc.gov/authorities/subjects/sh85087273
Morin khuur,altLabel,http://id.loc.gov/authorities/subjects/sh85087273
Qobuz (Fiddle),prefLabel,http://id.loc.gov/authorities/subjects/sh2005005297
Kiak,altLabel,http://id.loc.gov/authorities/subjects/sh2005005297
Kobuz (Fiddle),altLabel,http://id.loc.gov/authorities/subjects/sh2005005297
Kobyz (Fiddle),altLabel,http://id.loc.gov/authorities/subjects/sh2005005297
Kyl-kobyz (Fiddle),altLabel,http://id.loc.gov/authorities/subjects/sh2005005297
Kyyak,altLabel,http://id.loc.gov/authorities/subjects/sh2005005297
Qobyz (Fiddle),altLabel,http://id.loc.gov/authorities/subjects/sh2005005297
Quadrachord,prefLabel,http://id.loc.gov/authorities/subjects/sh2018001822
Salō̜,prefLabel,http://id.loc.gov/authorities/subjects/sh93005473
Sà láw,altLabel,http://id.loc.gov/authorities/subjects/sh93005473
Sarangi,prefLabel,http://id.loc.gov/authorities/subjects/sh85117483
Sārindā (Musical instrument),prefLabel,http://id.loc.gov/authorities/subjects/sh2006006845
Qeychak,altLabel,http://id.loc.gov/authorities/subjects/sh2006006845
Sorud,altLabel,http://id.loc.gov/authorities/subjects/sh2006006845
Soruz,altLabel,http://id.loc.gov/authorities/subjects/sh2006006845
Sarang (Musical instrument),altLabel,http://id.loc.gov/authorities/subjects/sh2006006845
Sō̜ dūang,prefLabel,http://id.loc.gov/authorities/subjects/sh93005474
Saw dûa-ng,altLabel,http://id.loc.gov/authorities/subjects/sh93005474
Sō̜ sām sāi,prefLabel,http://id.loc.gov/authorities/subjects/sh93005475
Saw-sǎ-m sǎi,altLabel,http://id.loc.gov/authorities/subjects/sh93005475
Sō̜ ū,prefLabel,http://id.loc.gov/authorities/subjects/sh93005476
Saw û,altLabel,http://id.loc.gov/authorities/subjects/sh93005476
Soundpost,prefLabel,http://id.loc.gov/authorities/subjects/sh2018000451
Sound post,altLabel,http://id.loc.gov/authorities/subjects/sh2018000451
Stradivari stringed instruments,prefLabel,http://id.loc.gov/authorities/subjects/sh2006007782
Stringed instrument bows,prefLabel,http://id.loc.gov/authorities/subjects/sh85129123
Tenor violin,prefLabel,http://id.loc.gov/authorities/subjects/sh85133918
Trumpet marine,prefLabel,http://id.loc.gov/authorities/subjects/sh85119264
Marine trumpet,altLabel,http://id.loc.gov/authorities/subjects/sh85119264
Nun's fiddle,altLabel,http://id.loc.gov/authorities/subjects/sh85119264
Sea-trumpet,altLabel,http://id.loc.gov/authorities/subjects/sh85119264
Tromba marina,altLabel,http://id.loc.gov/authorities/subjects/sh85119264
Viola,prefLabel,http://id.loc.gov/authorities/subjects/sh85143429
Braccio (Viola da braccio),altLabel,http://id.loc.gov/authorities/subjects/sh85143429
Viola da braccio,altLabel,http://id.loc.gov/authorities/subjects/sh85143429
Violetta d'amore,prefLabel,http://id.loc.gov/authorities/subjects/sh90005376
Violin,prefLabel,http://id.loc.gov/authorities/subjects/sh85143544
Fiddle,altLabel,http://id.loc.gov/authorities/subjects/sh85143544
Violo,prefLabel,http://id.loc.gov/authorities/subjects/sh85143656
Violotta,prefLabel,http://id.loc.gov/authorities/subjects/sh2005002197
Viols,prefLabel,http://id.loc.gov/authorities/subjects/sh85143421
Gamba (Family of viols),altLabel,http://id.loc.gov/authorities/subjects/sh85143421
Viol,altLabel,http://id.loc.gov/authorities/subjects/sh85143421
Viola da gamba (Family of viols),altLabel,http://id.loc.gov/authorities/subjects/sh85143421
Electric cello,prefLabel,http://id.loc.gov/authorities/subjects/sh2005006932
E-cello,altLabel,http://id.loc.gov/authorities/subjects/sh2005006932
Electric violoncello,altLabel,http://id.loc.gov/authorities/subjects/sh2005006932
Electronic violoncello,altLabel,http://id.loc.gov/authorities/subjects/sh2005006932
Violoncello piccolo,prefLabel,http://id.loc.gov/authorities/subjects/sh85143683
Stradivarius violin,prefLabel,http://id.loc.gov/authorities/subjects/sh2006007757
Viola pomposa,prefLabel,http://id.loc.gov/authorities/subjects/sh85143489
Electric violin,prefLabel,http://id.loc.gov/authorities/subjects/sh2004009814
E-violin,altLabel,http://id.loc.gov/authorities/subjects/sh2004009814
Electronic violin,altLabel,http://id.loc.gov/authorities/subjects/sh2004009814
Hardanger fiddle,prefLabel,http://id.loc.gov/authorities/subjects/sh85058871
"Harding fiddle",altLabel,http://id.loc.gov/authorities/subjects/sh85058871
Phonofiddle,prefLabel,http://id.loc.gov/authorities/subjects/sh2007001886
Pochette (Musical instrument),prefLabel,http://id.loc.gov/authorities/subjects/sh2007001886
Kit (Musical instrument),altLabel,http://id.loc.gov/authorities/subjects/sh2007001886
Pochette,altLabel,http://id.loc.gov/authorities/subjects/sh2007001886
Pocket fiddle,altLabel,http://id.loc.gov/authorities/subjects/sh2007001886
Taschengeige,altLabel,http://id.loc.gov/authorities/subjects/sh2007001886
Prepared violin,prefLabel,http://id.loc.gov/authorities/subjects/sh2014000960
Rabeca,prefLabel,http://id.loc.gov/authorities/subjects/sh2005003618
Rebeca,altLabel,http://id.loc.gov/authorities/subjects/sh2005003618
Pardessus de viole,prefLabel,http://id.loc.gov/authorities/subjects/sh92001880
Descant viol,altLabel,http://id.loc.gov/authorities/subjects/sh92001880
High treble viol,altLabel,http://id.loc.gov/authorities/subjects/sh92001880
Par-dessus de viole,altLabel,http://id.loc.gov/authorities/subjects/sh92001880
Quinton,altLabel,http://id.loc.gov/authorities/subjects/sh92001880
Treble viol,prefLabel,http://id.loc.gov/authorities/subjects/sh2005005065
Viola d'amore,prefLabel,http://id.loc.gov/authorities/subjects/sh85143468
Viola da gamba,prefLabel,http://id.loc.gov/authorities/subjects/sh85143457
Bass viol,altLabel,http://id.loc.gov/authorities/subjects/sh85143457
Gamba (Viola da gamba),altLabel,http://id.loc.gov/authorities/subjects/sh85143457
"Viol, Bass",altLabel,http://id.loc.gov/authorities/subjects/sh85143457
Violone,prefLabel,http://id.loc.gov/authorities/subjects/sh85143712
Lyra viol,prefLabel,http://id.loc.gov/authorities/subjects/sh85079172
Lyro-viol,altLabel,http://id.loc.gov/authorities/subjects/sh85079172
Viola bastarda,altLabel,http://id.loc.gov/authorities/subjects/sh85079172
Berimbau,prefLabel,http://id.loc.gov/authorities/subjects/sh85013324
Berimbao,altLabel,http://id.loc.gov/authorities/subjects/sh85013324
Berimbau de barriga,altLabel,http://id.loc.gov/authorities/subjects/sh85013324
Urucungu,altLabel,http://id.loc.gov/authorities/subjects/sh85013324
Gora (Musical instrument),prefLabel,http://id.loc.gov/authorities/subjects/sh85056024
Gom-gom (Musical instrument),altLabel,http://id.loc.gov/authorities/subjects/sh85056024
Gorah (Musical instrument),altLabel,http://id.loc.gov/authorities/subjects/sh85056024
Gorra (Musical instrument),altLabel,http://id.loc.gov/authorities/subjects/sh85056024
Goura (Musical instrument),altLabel,http://id.loc.gov/authorities/subjects/sh85056024
Gowra (Musical instrument),altLabel,http://id.loc.gov/authorities/subjects/sh85056024
T'goerra (Musical instrument),altLabel,http://id.loc.gov/authorities/subjects/sh85056024
T'gorrah (Musical instrument),altLabel,http://id.loc.gov/authorities/subjects/sh85056024
Mouth bow,prefLabel,http://id.loc.gov/authorities/subjects/sh99004445
Chipendani,prefLabel,http://id.loc.gov/authorities/subjects/sh99003391
Tshipendani,altLabel,http://id.loc.gov/authorities/subjects/sh99003391
Bandora,prefLabel,http://id.loc.gov/authorities/subjects/sh85097401
Pandora (Musical instrument),altLabel,http://id.loc.gov/authorities/subjects/sh85097401
Pandore,altLabel,http://id.loc.gov/authorities/subjects/sh85097401
Banjo ukulele,prefLabel,http://id.loc.gov/authorities/subjects/sh2005002905
Banjo uke,altLabel,http://id.loc.gov/authorities/subjects/sh2005002905
Banjolele,altLabel,http://id.loc.gov/authorities/subjects/sh2005002905
Banjouke,altLabel,http://id.loc.gov/authorities/subjects/sh2005002905
Banjulele,altLabel,http://id.loc.gov/authorities/subjects/sh2005002905
Ukulele banjo,altLabel,http://id.loc.gov/authorities/subjects/sh2005002905
Cittern,prefLabel,http://id.loc.gov/authorities/subjects/sh85026124
Citharen,altLabel,http://id.loc.gov/authorities/subjects/sh85026124
Cithern,altLabel,http://id.loc.gov/authorities/subjects/sh85026124
Cithren,altLabel,http://id.loc.gov/authorities/subjects/sh85026124
Cittharn,altLabel,http://id.loc.gov/authorities/subjects/sh85026124
Guitar,prefLabel,http://id.loc.gov/authorities/subjects/sh85057803
Acoustic guitar,altLabel,http://id.loc.gov/authorities/subjects/sh85057803
Flat-top guitar,altLabel,http://id.loc.gov/authorities/subjects/sh85057803
Spanish guitar,altLabel,http://id.loc.gov/authorities/subjects/sh85057803
Harp,prefLabel,http://id.loc.gov/authorities/subjects/sh85058984
Jarana huasteca,prefLabel,http://id.loc.gov/authorities/subjects/sh2022006994
Jarana de son huasteco,altLabel,http://id.loc.gov/authorities/subjects/sh2022006994
Jaranita,altLabel,http://id.loc.gov/authorities/subjects/sh2022006994
Lute,prefLabel,http://id.loc.gov/authorities/subjects/sh85078975
Lyra (Musical instrument),altLabel,http://id.loc.gov/authorities/subjects/sh85078975
Lyre,prefLabel,http://id.loc.gov/authorities/subjects/sh85079175
Lira (Musical instrument),altLabel,http://id.loc.gov/authorities/subjects/sh85079175
Lyra (Musical instrument),altLabel,http://id.loc.gov/authorities/subjects/sh85079175
Mandolin,prefLabel,http://id.loc.gov/authorities/subjects/sh85080452
Mandoline,altLabel,http://id.loc.gov/authorities/subjects/sh85080452
Phin (Plucked instruments),prefLabel,http://id.loc.gov/authorities/subjects/sh2017004731
Phi-n (Plucked instruments),altLabel,http://id.loc.gov/authorities/subjects/sh2017004731
Piano-harp,prefLabel,http://id.loc.gov/authorities/subjects/sh2007001867
Psaltery,prefLabel,http://id.loc.gov/authorities/subjects/sh87001755
Ala,altLabel,http://id.loc.gov/authorities/subjects/sh87001755
Salterio,altLabel,http://id.loc.gov/authorities/subjects/sh87001755
Quadrachord,prefLabel,http://id.loc.gov/authorities/subjects/sh2018001822
Tambi,prefLabel,http://id.loc.gov/authorities/subjects/sh85132170
Vina,prefLabel,http://id.loc.gov/authorities/subjects/sh85143383
Bīṇ,altLabel,http://id.loc.gov/authorities/subjects/sh85143383
Bīṇā,altLabel,http://id.loc.gov/authorities/subjects/sh85143383
Rudra veena,altLabel,http://id.loc.gov/authorities/subjects/sh85143383
Rudra vīṇā,altLabel,http://id.loc.gov/authorities/subjects/sh85143383
Veena,altLabel,http://id.loc.gov/authorities/subjects/sh85143383
Veene,altLabel,http://id.loc.gov/authorities/subjects/sh85143383
Vīṇai,altLabel,http://id.loc.gov/authorities/subjects/sh85143383
Vīṇe,altLabel,http://id.loc.gov/authorities/subjects/sh85143383
Washtub bass,prefLabel,http://id.loc.gov/authorities/subjects/sh2008009814
Gutbucket (Musical instrument),altLabel,http://id.loc.gov/authorities/subjects/sh2008009814
Zither,prefLabel,http://id.loc.gov/authorities/subjects/sh85149919
Cither,altLabel,http://id.loc.gov/authorities/subjects/sh85149919
Orpharion,prefLabel,http://id.loc.gov/authorities/subjects/sh92004632
English guitar,prefLabel,http://id.loc.gov/authorities/subjects/sh85043378
Cetra,altLabel,http://id.loc.gov/authorities/subjects/sh85043378
Portuguese guitar,altLabel,http://id.loc.gov/authorities/subjects/sh85043378
Acoustic bass guitar,prefLabel,http://id.loc.gov/authorities/subjects/sh2008002881
Folk bass guitar,altLabel,http://id.loc.gov/authorities/subjects/sh2008002881
Air guitar,prefLabel,http://id.loc.gov/authorities/subjects/sh2004006680
Bajo sexto,prefLabel,http://id.loc.gov/authorities/subjects/sh2002000274
Cavaquinho,prefLabel,http://id.loc.gov/authorities/subjects/sh99003516
Braga,altLabel,http://id.loc.gov/authorities/subjects/sh99003516
Braguinha,altLabel,http://id.loc.gov/authorities/subjects/sh99003516
Machada,altLabel,http://id.loc.gov/authorities/subjects/sh99003516
Machete (Musical instrument),altLabel,http://id.loc.gov/authorities/subjects/sh99003516
Machete-de-braga,altLabel,http://id.loc.gov/authorities/subjects/sh99003516
Machetinho,altLabel,http://id.loc.gov/authorities/subjects/sh99003516
Charango,prefLabel,http://id.loc.gov/authorities/subjects/sh86007107
Chitarra battente,prefLabel,http://id.loc.gov/authorities/subjects/sh99000455
Guitare en bateau,altLabel,http://id.loc.gov/authorities/subjects/sh99000455
Cigar box guitar,prefLabel,http://id.loc.gov/authorities/subjects/sh2011004802
Cuatro (Musical instrument),prefLabel,http://id.loc.gov/authorities/subjects/sh85034543
Cuatro puertorriqueño,altLabel,http://id.loc.gov/authorities/subjects/sh85034543
D'Angelico guitar,prefLabel,http://id.loc.gov/authorities/subjects/sh2009000339
Electric guitar,prefLabel,http://id.loc.gov/authorities/subjects/sh86008003
E-guitar,altLabel,http://id.loc.gov/authorities/subjects/sh86008003
"Guitar, Electric",altLabel,http://id.loc.gov/authorities/subjects/sh86008003
Electric acoustic guitar,altLabel,http://id.loc.gov/authorities/subjects/sh86008003
Electro-acoustic guitar,altLabel,http://id.loc.gov/authorities/subjects/sh86008003
Electroacoustic guitar,altLabel,http://id.loc.gov/authorities/subjects/sh86008003
English guitar,prefLabel,http://id.loc.gov/authorities/subjects/sh85043378
Cetra,altLabel,http://id.loc.gov/authorities/subjects/sh85043378
Portuguese guitar,altLabel,http://id.loc.gov/authorities/subjects/sh85043378
Epiphone guitar,prefLabel,http://id.loc.gov/authorities/subjects/sh97002895
Gibson guitar,prefLabel,http://id.loc.gov/authorities/subjects/sh2008020292
Gretsch guitar,prefLabel,http://id.loc.gov/authorities/subjects/sh96010776
Guitarrón,prefLabel,http://id.loc.gov/authorities/subjects/sh94005016
Harp-lute,prefLabel,http://id.loc.gov/authorities/subjects/sh92005568
Harp-lute guitar,prefLabel,http://id.loc.gov/authorities/subjects/sh85059000
Hawaiian guitar,prefLabel,http://id.loc.gov/authorities/subjects/sh85059367
"Guitar, Hawaiian",altLabel,http://id.loc.gov/authorities/subjects/sh85059367
"Guitar, Steel",altLabel,http://id.loc.gov/authorities/subjects/sh85059367
Hawaiian steel guitar,altLabel,http://id.loc.gov/authorities/subjects/sh85059367
Kīkā kila,altLabel,http://id.loc.gov/authorities/subjects/sh85059367
Pedal steel guitar,altLabel,http://id.loc.gov/authorities/subjects/sh85059367
Steel guitar,altLabel,http://id.loc.gov/authorities/subjects/sh85059367
Lyre-guitar,prefLabel,http://id.loc.gov/authorities/subjects/sh85079177
Martin guitar,prefLabel,http://id.loc.gov/authorities/subjects/sh95009238
Maton guitar,prefLabel,http://id.loc.gov/authorities/subjects/sh2017000168
PRS guitar,prefLabel,http://id.loc.gov/authorities/subjects/sh2016001215
Paul Reed Smith guitar,altLabel,http://id.loc.gov/authorities/subjects/sh2016001215
Smith guitar,altLabel,http://id.loc.gov/authorities/subjects/sh2016001215
Resonator guitar,prefLabel,http://id.loc.gov/authorities/subjects/sh85038690
Dobro,altLabel,http://id.loc.gov/authorities/subjects/sh85038690
Resophonic guitar,altLabel,http://id.loc.gov/authorities/subjects/sh85038690
Stella guitar,prefLabel,http://id.loc.gov/authorities/subjects/sh2007003978
Tiple (Plucked instrument),prefLabel,http://id.loc.gov/authorities/subjects/sh90003629
Tiple (Plectral instrument),altLabel,http://id.loc.gov/authorities/subjects/sh90003629
Timple (Plectral instrument),altLabel,http://id.loc.gov/authorities/subjects/sh90003629
Guitarillo (Plectral instrument),altLabel,http://id.loc.gov/authorities/subjects/sh90003629
Tres (Musical instrument),prefLabel,http://id.loc.gov/authorities/subjects/sh98005177
Ukulele,prefLabel,http://id.loc.gov/authorities/subjects/sh85139417
Taro patch fiddle,altLabel,http://id.loc.gov/authorities/subjects/sh85139417
Taropatch,altLabel,http://id.loc.gov/authorities/subjects/sh85139417
Uke,altLabel,http://id.loc.gov/authorities/subjects/sh85139417
Ukelele,altLabel,http://id.loc.gov/authorities/subjects/sh85139417
Yukelele,altLabel,http://id.loc.gov/authorities/subjects/sh85139417
Viola d'arame,prefLabel,http://id.loc.gov/authorities/subjects/sh92005169
Portuguese viola,altLabel,http://id.loc.gov/authorities/subjects/sh92005169
Viola braguesa,altLabel,http://id.loc.gov/authorities/subjects/sh92005169
Viola chuleira,altLabel,http://id.loc.gov/authorities/subjects/sh92005169
Viola de arame,altLabel,http://id.loc.gov/authorities/subjects/sh92005169
Viola-de-cocho,prefLabel,http://id.loc.gov/authorities/subjects/sh96002740
Kamele ngoni,prefLabel,http://id.loc.gov/authorities/subjects/sh2001003367
Kamale ngoni,altLabel,http://id.loc.gov/authorities/subjects/sh2001003367
Kora (Musical instrument),prefLabel,http://id.loc.gov/authorities/subjects/sh85072948
Pedal steel guitar,prefLabel,http://id.loc.gov/authorities/subjects/sh2022006351
Aeolian harp,prefLabel,http://id.loc.gov/authorities/subjects/sh85001245
Eolian harp,altLabel,http://id.loc.gov/authorities/subjects/sh85001245
Audeharp,prefLabel,http://id.loc.gov/authorities/subjects/sh2005002206
Celtic harp,prefLabel,http://id.loc.gov/authorities/subjects/sh90005020
Gaelic harp,altLabel,http://id.loc.gov/authorities/subjects/sh90005020
Irish harp,altLabel,http://id.loc.gov/authorities/subjects/sh90005020
Scottish harp,altLabel,http://id.loc.gov/authorities/subjects/sh90005020
Welsh harp,altLabel,http://id.loc.gov/authorities/subjects/sh90005020
Clavi-harp,prefLabel,http://id.loc.gov/authorities/subjects/sh85026841
Claviharpe,altLabel,http://id.loc.gov/authorities/subjects/sh85026841
Keyed harp,altLabel,http://id.loc.gov/authorities/subjects/sh85026841
Kong hou,prefLabel,http://id.loc.gov/authorities/subjects/sh99001859
Konghou,altLabel,http://id.loc.gov/authorities/subjects/sh99001859
Kʻung hou,altLabel,http://id.loc.gov/authorities/subjects/sh99001859
Saùng-gauk,prefLabel,http://id.loc.gov/authorities/subjects/sh96011285
Burmese harp,altLabel,http://id.loc.gov/authorities/subjects/sh96011285
Coṅʻʺ,altLabel,http://id.loc.gov/authorities/subjects/sh96011285
Coṅʻʺ kokʻ,altLabel,http://id.loc.gov/authorities/subjects/sh96011285
Tsaung,altLabel,http://id.loc.gov/authorities/subjects/sh96011285
Triple harp,prefLabel,http://id.loc.gov/authorities/subjects/sh2019103095
Baroque triple harp,altLabel,http://id.loc.gov/authorities/subjects/sh2019103095
Italian chromatic harp,altLabel,http://id.loc.gov/authorities/subjects/sh2019103095
Welsh harp (Triple harp),altLabel,http://id.loc.gov/authorities/subjects/sh2019103095
Welsh triple harp,altLabel,http://id.loc.gov/authorities/subjects/sh2019103095
Sound sculpture,prefLabel,http://id.loc.gov/authorities/subjects/sh85125400
Sound art,prefLabel,http://id.loc.gov/authorities/subjects/sh2020008042
Ars acustica,altLabel,http://id.loc.gov/authorities/subjects/sh2020008042
Audio art,altLabel,http://id.loc.gov/authorities/subjects/sh2020008042
Archlute,prefLabel,http://id.loc.gov/authorities/subjects/sh85006930
Archiluth,altLabel,http://id.loc.gov/authorities/subjects/sh85006930
Arcileuto,altLabel,http://id.loc.gov/authorities/subjects/sh85006930
Arciliuto,altLabel,http://id.loc.gov/authorities/subjects/sh85006930
Erzlaute,altLabel,http://id.loc.gov/authorities/subjects/sh85006930
Liuto attiorbato,altLabel,http://id.loc.gov/authorities/subjects/sh85006930
Balalaika,prefLabel,http://id.loc.gov/authorities/subjects/sh85011113
Balalayka,altLabel,http://id.loc.gov/authorities/subjects/sh85011113
Balabayka,altLabel,http://id.loc.gov/authorities/subjects/sh85011113
Bandolín,prefLabel,http://id.loc.gov/authorities/subjects/sh2014000455
Bandurria,prefLabel,http://id.loc.gov/authorities/subjects/sh85011503
Bandola,altLabel,http://id.loc.gov/authorities/subjects/sh85011503
Banjo,prefLabel,http://id.loc.gov/authorities/subjects/sh85011545
Biwa,prefLabel,http://id.loc.gov/authorities/subjects/sh85014494
Bouzouki,prefLabel,http://id.loc.gov/authorities/subjects/sh85016135
Bouzoukee,altLabel,http://id.loc.gov/authorities/subjects/sh85016135
Buzuki,altLabel,http://id.loc.gov/authorities/subjects/sh85016135
Buzuq,altLabel,http://id.loc.gov/authorities/subjects/sh85016135
Colascione,prefLabel,http://id.loc.gov/authorities/subjects/sh97000413
Calachon,altLabel,http://id.loc.gov/authorities/subjects/sh97000413
Calascione,altLabel,http://id.loc.gov/authorities/subjects/sh97000413
Calchedon,altLabel,http://id.loc.gov/authorities/subjects/sh97000413
Callichone,altLabel,http://id.loc.gov/authorities/subjects/sh97000413
Colachon,altLabel,http://id.loc.gov/authorities/subjects/sh97000413
Galizona,altLabel,http://id.loc.gov/authorities/subjects/sh97000413
Gallichone,altLabel,http://id.loc.gov/authorities/subjects/sh97000413
Gallizona,altLabel,http://id.loc.gov/authorities/subjects/sh97000413
Mandora,altLabel,http://id.loc.gov/authorities/subjects/sh97000413
Mandorlauten,altLabel,http://id.loc.gov/authorities/subjects/sh97000413
Dömbra (Two-stringed lute),prefLabel,http://id.loc.gov/authorities/subjects/sh85039011
Dombira,altLabel,http://id.loc.gov/authorities/subjects/sh85039011
Dömbra,altLabel,http://id.loc.gov/authorities/subjects/sh85039011
Dumbrak,altLabel,http://id.loc.gov/authorities/subjects/sh85039011
Domra,prefLabel,http://id.loc.gov/authorities/subjects/sh2012002051
Dutār,prefLabel,http://id.loc.gov/authorities/subjects/sh89005926
Dotār,altLabel,http://id.loc.gov/authorities/subjects/sh89005926
Gambus,prefLabel,http://id.loc.gov/authorities/subjects/sh2020005558
Gambus lute,altLabel,http://id.loc.gov/authorities/subjects/sh2020005558
Guinbri,prefLabel,http://id.loc.gov/authorities/subjects/sh98002820
Gimbri,altLabel,http://id.loc.gov/authorities/subjects/sh98002820
Gmbri,altLabel,http://id.loc.gov/authorities/subjects/sh98002820
Gnbri,altLabel,http://id.loc.gov/authorities/subjects/sh98002820
Gogo (Lute),altLabel,http://id.loc.gov/authorities/subjects/sh98002820
Gombri,altLabel,http://id.loc.gov/authorities/subjects/sh98002820
Guembri,altLabel,http://id.loc.gov/authorities/subjects/sh98002820
Guenbrit,altLabel,http://id.loc.gov/authorities/subjects/sh98002820
Guimbri,altLabel,http://id.loc.gov/authorities/subjects/sh98002820
Gumbri,altLabel,http://id.loc.gov/authorities/subjects/sh98002820
Gunbri,altLabel,http://id.loc.gov/authorities/subjects/sh98002820
Gunibr,altLabel,http://id.loc.gov/authorities/subjects/sh98002820
Hejhuj,altLabel,http://id.loc.gov/authorities/subjects/sh98002820
Sintir (Lute),altLabel,http://id.loc.gov/authorities/subjects/sh98002820
Guitarra portuguesa,prefLabel,http://id.loc.gov/authorities/subjects/sh96004056
Harp-lute guitar,prefLabel,http://id.loc.gov/authorities/subjects/sh85059000
Kacapi (Lute),prefLabel,http://id.loc.gov/authorities/subjects/sh97004228
Kacaping,altLabel,http://id.loc.gov/authorities/subjects/sh97004228
Kecapi,altLabel,http://id.loc.gov/authorities/subjects/sh97004228
Kucapi,altLabel,http://id.loc.gov/authorities/subjects/sh97004228
Kobza,prefLabel,http://id.loc.gov/authorities/subjects/sh85072764
Kobsa,altLabel,http://id.loc.gov/authorities/subjects/sh85072764
Komuz,prefLabel,http://id.loc.gov/authorities/subjects/sh99004207
Kopuz,prefLabel,http://id.loc.gov/authorities/subjects/sh97004570
Qopuz,altLabel,http://id.loc.gov/authorities/subjects/sh97004570
Qupuz,altLabel,http://id.loc.gov/authorities/subjects/sh97004570
Kudyapi,prefLabel,http://id.loc.gov/authorities/subjects/sh2018000774
Kutiyapi,altLabel,http://id.loc.gov/authorities/subjects/sh2018000774
Kutyapi,altLabel,http://id.loc.gov/authorities/subjects/sh2018000774
Lavta,prefLabel,http://id.loc.gov/authorities/subjects/sh2013001063
Politiko laouto,altLabel,http://id.loc.gov/authorities/subjects/sh2013001063
Liu qin,prefLabel,http://id.loc.gov/authorities/subjects/sh93005851
Liu chʻin,altLabel,http://id.loc.gov/authorities/subjects/sh93005851
Mandola,prefLabel,http://id.loc.gov/authorities/subjects/sh85080450
Mandora,altLabel,http://id.loc.gov/authorities/subjects/sh85080450
Mandore,altLabel,http://id.loc.gov/authorities/subjects/sh85080450
Orpharion,prefLabel,http://id.loc.gov/authorities/subjects/sh92004632
Oud,prefLabel,http://id.loc.gov/authorities/subjects/sh85096113
Oude,altLabel,http://id.loc.gov/authorities/subjects/sh85096113
ʻŪd,altLabel,http://id.loc.gov/authorities/subjects/sh85096113
Phin (Lute),prefLabel,http://id.loc.gov/authorities/subjects/sh2017004437
Pi pa,prefLabel,http://id.loc.gov/authorities/subjects/sh85101713
Chinese lute,altLabel,http://id.loc.gov/authorities/subjects/sh85101713
Pipa,altLabel,http://id.loc.gov/authorities/subjects/sh85101713
Ruan,prefLabel,http://id.loc.gov/authorities/subjects/sh97000225
Chung juan,altLabel,http://id.loc.gov/authorities/subjects/sh97000225
Juan,altLabel,http://id.loc.gov/authorities/subjects/sh97000225
Zhong ruan,altLabel,http://id.loc.gov/authorities/subjects/sh97000225
San xian,prefLabel,http://id.loc.gov/authorities/subjects/sh85117107
Hsien tse,altLabel,http://id.loc.gov/authorities/subjects/sh85117107
San hsien,altLabel,http://id.loc.gov/authorities/subjects/sh85117107
Sanxian,altLabel,http://id.loc.gov/authorities/subjects/sh85117107
Xian ze,altLabel,http://id.loc.gov/authorities/subjects/sh85117107
Xianzi,altLabel,http://id.loc.gov/authorities/subjects/sh85117107
Sanshin,prefLabel,http://id.loc.gov/authorities/subjects/sh93004365
Jabisen,altLabel,http://id.loc.gov/authorities/subjects/sh93004365
Jamisen,altLabel,http://id.loc.gov/authorities/subjects/sh93004365
Sapeh,prefLabel,http://id.loc.gov/authorities/subjects/sh2001009290
Sambe,altLabel,http://id.loc.gov/authorities/subjects/sh2001009290
Sampeh,altLabel,http://id.loc.gov/authorities/subjects/sh2001009290
Sampeq,altLabel,http://id.loc.gov/authorities/subjects/sh2001009290
Sampiʹ,altLabel,http://id.loc.gov/authorities/subjects/sh2001009290
Sape,altLabel,http://id.loc.gov/authorities/subjects/sh2001009290
Sapi (Musical instrument),altLabel,http://id.loc.gov/authorities/subjects/sh2001009290
Sarod,prefLabel,http://id.loc.gov/authorities/subjects/sh85117575
Saz,prefLabel,http://id.loc.gov/authorities/subjects/sh85117885
Setār (Iranian musical instrument),prefLabel,http://id.loc.gov/authorities/subjects/sh96005270
Saitār,altLabel,http://id.loc.gov/authorities/subjects/sh96005270
Sehtār,altLabel,http://id.loc.gov/authorities/subjects/sh96005270
Setā (Iranian musical instrument),altLabel,http://id.loc.gov/authorities/subjects/sh96005270
Setór (Iranian musical instrument),altLabel,http://id.loc.gov/authorities/subjects/sh96005270
Sihtār,altLabel,http://id.loc.gov/authorities/subjects/sh96005270
Shamisen,prefLabel,http://id.loc.gov/authorities/subjects/sh85121095
Samisen,altLabel,http://id.loc.gov/authorities/subjects/sh85121095
Sangen,altLabel,http://id.loc.gov/authorities/subjects/sh85121095
Sharki,prefLabel,http://id.loc.gov/authorities/subjects/sh2023000220
Šargija,altLabel,http://id.loc.gov/authorities/subjects/sh2023000220
Shargia,altLabel,http://id.loc.gov/authorities/subjects/sh2023000220
Sharkia,altLabel,http://id.loc.gov/authorities/subjects/sh2023000220
Shudraga,prefLabel,http://id.loc.gov/authorities/subjects/sh97006479
Śanja,altLabel,http://id.loc.gov/authorities/subjects/sh97006479
Shandz,altLabel,http://id.loc.gov/authorities/subjects/sh97006479
Shandze,altLabel,http://id.loc.gov/authorities/subjects/sh97006479
Shanz,altLabel,http://id.loc.gov/authorities/subjects/sh97006479
Shidurgu,altLabel,http://id.loc.gov/authorities/subjects/sh97006479
Śhuduġu,altLabel,http://id.loc.gov/authorities/subjects/sh97006479
Simsimīyya,prefLabel,http://id.loc.gov/authorities/subjects/sh2004002321
Semsemiya,altLabel,http://id.loc.gov/authorities/subjects/sh2004002321
Semsemiyya,altLabel,http://id.loc.gov/authorities/subjects/sh2004002321
Simsimijah,altLabel,http://id.loc.gov/authorities/subjects/sh2004002321
Simsimīyah,altLabel,http://id.loc.gov/authorities/subjects/sh2004002321
Sumsumīyya,altLabel,http://id.loc.gov/authorities/subjects/sh2004002321
Sitar,prefLabel,http://id.loc.gov/authorities/subjects/sh85123019
Citara,altLabel,http://id.loc.gov/authorities/subjects/sh85123019
Setar (South Asian musical instrument),altLabel,http://id.loc.gov/authorities/subjects/sh85123019
Tambūrā (Drone lute),prefLabel,http://id.loc.gov/authorities/subjects/sh2009003286
Pandur,altLabel,http://id.loc.gov/authorities/subjects/sh2009003286
Tamboura,altLabel,http://id.loc.gov/authorities/subjects/sh2009003286
Tambura,altLabel,http://id.loc.gov/authorities/subjects/sh2009003286
Tambūrī,altLabel,http://id.loc.gov/authorities/subjects/sh2009003286
Tampūrī,altLabel,http://id.loc.gov/authorities/subjects/sh2009003286
Tanpūrā,altLabel,http://id.loc.gov/authorities/subjects/sh2009003286
Tambura (Fretted lute),prefLabel,http://id.loc.gov/authorities/subjects/sh2009001802
Tambouritza,altLabel,http://id.loc.gov/authorities/subjects/sh2009001802
Tambura,altLabel,http://id.loc.gov/authorities/subjects/sh2009001802
Tamburica,altLabel,http://id.loc.gov/authorities/subjects/sh2009001802
Tamburitza,altLabel,http://id.loc.gov/authorities/subjects/sh2009001802
Ṭanbūr,prefLabel,http://id.loc.gov/authorities/subjects/sh98004149
Ṭambūr,altLabel,http://id.loc.gov/authorities/subjects/sh98004149
Tanboor,altLabel,http://id.loc.gov/authorities/subjects/sh98004149
Tanbura (Lute),altLabel,http://id.loc.gov/authorities/subjects/sh98004149
Tar (Lute),prefLabel,http://id.loc.gov/authorities/subjects/sh85132443
Taar,altLabel,http://id.loc.gov/authorities/subjects/sh85132443
Tar (Musical instrument),altLabel,http://id.loc.gov/authorities/subjects/sh85132443
Theorbo,prefLabel,http://id.loc.gov/authorities/subjects/sh85134711
Chitarrone,altLabel,http://id.loc.gov/authorities/subjects/sh85134711
Téorbe,altLabel,http://id.loc.gov/authorities/subjects/sh85134711
Theorb,altLabel,http://id.loc.gov/authorities/subjects/sh85134711
Théorbe,altLabel,http://id.loc.gov/authorities/subjects/sh85134711
Tiorba,altLabel,http://id.loc.gov/authorities/subjects/sh85134711
Tuorba,altLabel,http://id.loc.gov/authorities/subjects/sh85134711
Tuorbe,altLabel,http://id.loc.gov/authorities/subjects/sh85134711
Vihuela,prefLabel,http://id.loc.gov/authorities/subjects/sh85143331
Vihuela comun,altLabel,http://id.loc.gov/authorities/subjects/sh85143331
Vihuela de mano,altLabel,http://id.loc.gov/authorities/subjects/sh85143331
Yue qin,prefLabel,http://id.loc.gov/authorities/subjects/sh85149436
Moon guitar,altLabel,http://id.loc.gov/authorities/subjects/sh85149436
Moon lute,altLabel,http://id.loc.gov/authorities/subjects/sh85149436
Yüeh chʻin,altLabel,http://id.loc.gov/authorities/subjects/sh85149436
Yueqin,altLabel,http://id.loc.gov/authorities/subjects/sh85149436
Bağlama,prefLabel,http://id.loc.gov/authorities/subjects/sh85010967
Surbahar,prefLabel,http://id.loc.gov/authorities/subjects/sh88006711
Apollo-lyre,prefLabel,http://id.loc.gov/authorities/subjects/sh2007002140
Begena,prefLabel,http://id.loc.gov/authorities/subjects/sh2004005568
Baganā,altLabel,http://id.loc.gov/authorities/subjects/sh2004005568
Beganna,altLabel,http://id.loc.gov/authorities/subjects/sh2004005568
Cithara,prefLabel,http://id.loc.gov/authorities/subjects/sh85026120
Kithara,altLabel,http://id.loc.gov/authorities/subjects/sh85026120
Jouhikko,prefLabel,http://id.loc.gov/authorities/subjects/sh93005609
Surrogate kithara,prefLabel,http://id.loc.gov/authorities/subjects/sh2016001694
Cavaquinho,prefLabel,http://id.loc.gov/authorities/subjects/sh99003516
Braga,altLabel,http://id.loc.gov/authorities/subjects/sh99003516
Braguinha,altLabel,http://id.loc.gov/authorities/subjects/sh99003516
Machada,altLabel,http://id.loc.gov/authorities/subjects/sh99003516
Machete (Musical instrument),altLabel,http://id.loc.gov/authorities/subjects/sh99003516
Machete-de-braga,altLabel,http://id.loc.gov/authorities/subjects/sh99003516
Machetinho,altLabel,http://id.loc.gov/authorities/subjects/sh99003516
Mandoloncello,prefLabel,http://id.loc.gov/authorities/subjects/sh2001002509
Mando-cello,altLabel,http://id.loc.gov/authorities/subjects/sh2001002509
Mandocello,altLabel,http://id.loc.gov/authorities/subjects/sh2001002509
Phin (Lute),prefLabel,http://id.loc.gov/authorities/subjects/sh2017004437
Phin pia,prefLabel,http://id.loc.gov/authorities/subjects/sh00000585
Kse diev,altLabel,http://id.loc.gov/authorities/subjects/sh00000585
Phia,altLabel,http://id.loc.gov/authorities/subjects/sh00000585
Phin phia,altLabel,http://id.loc.gov/authorities/subjects/sh00000585
Phi-n phia,altLabel,http://id.loc.gov/authorities/subjects/sh00000585
Pia (Musical instrument),altLabel,http://id.loc.gov/authorities/subjects/sh00000585
Pin pia,altLabel,http://id.loc.gov/authorities/subjects/sh00000585
Pin piah,altLabel,http://id.loc.gov/authorities/subjects/sh00000585
Seung,prefLabel,http://id.loc.gov/authorities/subjects/sh93005477
Serng,altLabel,http://id.loc.gov/authorities/subjects/sh93005477
Soung,altLabel,http://id.loc.gov/authorities/subjects/sh93005477
Sueng,altLabel,http://id.loc.gov/authorities/subjects/sh93005477
Sưng,altLabel,http://id.loc.gov/authorities/subjects/sh93005477
Bandura,prefLabel,http://id.loc.gov/authorities/subjects/sh85011502
Bandoura,altLabel,http://id.loc.gov/authorities/subjects/sh85011502
Gusli,prefLabel,http://id.loc.gov/authorities/subjects/sh85057988
Husli,altLabel,http://id.loc.gov/authorities/subjects/sh85057988
Krez,altLabel,http://id.loc.gov/authorities/subjects/sh85057988
Gottuvadyam,prefLabel,http://id.loc.gov/authorities/subjects/sh94001299
Block instrument,altLabel,http://id.loc.gov/authorities/subjects/sh94001299
Mahanataka vina,altLabel,http://id.loc.gov/authorities/subjects/sh94001299
Vicitra vina,prefLabel,http://id.loc.gov/authorities/subjects/sh2009007023
Vichitra vina,altLabel,http://id.loc.gov/authorities/subjects/sh2009007023
Appalachian dulcimer,prefLabel,http://id.loc.gov/authorities/subjects/sh85006067
American dulcimer,altLabel,http://id.loc.gov/authorities/subjects/sh85006067
;Appalachian mountain dulcimer,altLabel,http://id.loc.gov/authorities/subjects/sh85006067
"Dulcimer, American",altLabel,http://id.loc.gov/authorities/subjects/sh85006067
"Dulcimer, Appalachian",altLabel,http://id.loc.gov/authorities/subjects/sh85006067
"Dulcimer, Kentucky",altLabel,http://id.loc.gov/authorities/subjects/sh85006067
"Dulcimer, Lap",altLabel,http://id.loc.gov/authorities/subjects/sh85006067
"Dulcimer, Mountain",altLabel,http://id.loc.gov/authorities/subjects/sh85006067
"Dulcimer, Plucked",altLabel,http://id.loc.gov/authorities/subjects/sh85006067
Kentucky dulcimer,altLabel,http://id.loc.gov/authorities/subjects/sh85006067
Mountain dulcimer,altLabel,http://id.loc.gov/authorities/subjects/sh85006067
Lap dulcimer,altLabel,http://id.loc.gov/authorities/subjects/sh85006067
Plucked dulcimer,altLabel,http://id.loc.gov/authorities/subjects/sh85006067
Autoharp,prefLabel,http://id.loc.gov/authorities/subjects/sh85010074
Bulbultarang,prefLabel,http://id.loc.gov/authorities/subjects/sh96004231
Bānjo (Zither),altLabel,http://id.loc.gov/authorities/subjects/sh96004231
Benju,altLabel,http://id.loc.gov/authorities/subjects/sh96004231
Bulbultala,altLabel,http://id.loc.gov/authorities/subjects/sh96004231
Māṇḍolīn (Zither),altLabel,http://id.loc.gov/authorities/subjects/sh96004231
Pulpultārā,altLabel,http://id.loc.gov/authorities/subjects/sh96004231
Citaharp,prefLabel,http://id.loc.gov/authorities/subjects/sh2007002136
Đàn bâù,prefLabel,http://id.loc.gov/authorities/subjects/sh2003010663
Đàn độc huyền,altLabel,http://id.loc.gov/authorities/subjects/sh2003010663
Đàn tranh,prefLabel,http://id.loc.gov/authorities/subjects/sh00006271
Dolceola,prefLabel,http://id.loc.gov/authorities/subjects/sh2002004316
Dulcimer,prefLabel,http://id.loc.gov/authorities/subjects/sh85039933
"Dulcimer, Hammer",altLabel,http://id.loc.gov/authorities/subjects/sh85039933
"Dulcimer, Hammered",altLabel,http://id.loc.gov/authorities/subjects/sh85039933
Hammer dulcimer,altLabel,http://id.loc.gov/authorities/subjects/sh85039933
Hammered dulcimer,altLabel,http://id.loc.gov/authorities/subjects/sh85039933
Salterio,altLabel,http://id.loc.gov/authorities/subjects/sh85039933
Epinette des Vosges (Musical instrument),prefLabel,http://id.loc.gov/authorities/subjects/sh89003637
Bûche (Musical instrument),altLabel,http://id.loc.gov/authorities/subjects/sh89003637
Epinette de Vosges (Musical instrument),altLabel,http://id.loc.gov/authorities/subjects/sh89003637
Harmonic canon (Musical instrument),prefLabel,http://id.loc.gov/authorities/subjects/sh99000859
Harp zither,prefLabel,http://id.loc.gov/authorities/subjects/sh86004387
Guitar zither,altLabel,http://id.loc.gov/authorities/subjects/sh86004387
MacArthur harp,altLabel,http://id.loc.gov/authorities/subjects/sh86004387
Mandolin guitar zither,altLabel,http://id.loc.gov/authorities/subjects/sh86004387
Mandolin harp,altLabel,http://id.loc.gov/authorities/subjects/sh86004387
Mandolin harp zither,altLabel,http://id.loc.gov/authorities/subjects/sh86004387
Mandolin zither,altLabel,http://id.loc.gov/authorities/subjects/sh86004387
Zither harp,altLabel,http://id.loc.gov/authorities/subjects/sh86004387
Harpola (Musical instrument),prefLabel,http://id.loc.gov/authorities/subjects/sh2007002137
Hyŏnʼgŭm,prefLabel,http://id.loc.gov/authorities/subjects/sh85063654
Hyon kum,altLabel,http://id.loc.gov/authorities/subjects/sh85063654
Ideal harp,prefLabel,http://id.loc.gov/authorities/subjects/sh2007002139
Kacapi (Zither),prefLabel,http://id.loc.gov/authorities/subjects/sh2001009292
Kecapi (Zither),altLabel,http://id.loc.gov/authorities/subjects/sh2001009292
Kanklės,prefLabel,http://id.loc.gov/authorities/subjects/sh85071476
Baltic psaltery,altLabel,http://id.loc.gov/authorities/subjects/sh85071476
Kannel,prefLabel,http://id.loc.gov/authorities/subjects/sh90004884
Baltic psaltery,altLabel,http://id.loc.gov/authorities/subjects/sh90004884
Kantele (Musical instrument),prefLabel,http://id.loc.gov/authorities/subjects/sh85071527
Baltic psaltery,altLabel,http://id.loc.gov/authorities/subjects/sh85071527
Kayagŭm,prefLabel,http://id.loc.gov/authorities/subjects/sh85071798
Chŏngak kayagŭm,altLabel,http://id.loc.gov/authorities/subjects/sh85071798
Dahyeon gayageum,altLabel,http://id.loc.gov/authorities/subjects/sh85071798
Gayageum,altLabel,http://id.loc.gov/authorities/subjects/sh85071798
Gayagŭm,altLabel,http://id.loc.gov/authorities/subjects/sh85071798
Kaya kum,altLabel,http://id.loc.gov/authorities/subjects/sh85071798
Kayago,altLabel,http://id.loc.gov/authorities/subjects/sh85071798
Kayakeum,altLabel,http://id.loc.gov/authorities/subjects/sh85071798
Kayakko,altLabel,http://id.loc.gov/authorities/subjects/sh85071798
Kayako,altLabel,http://id.loc.gov/authorities/subjects/sh85071798
Kayakum,altLabel,http://id.loc.gov/authorities/subjects/sh85071798
Pŏpkŭm,altLabel,http://id.loc.gov/authorities/subjects/sh85071798
P'ungnyu kayagŭm,altLabel,http://id.loc.gov/authorities/subjects/sh85071798
Sanjo kayagŭm,altLabel,http://id.loc.gov/authorities/subjects/sh85071798
Kokle,prefLabel,http://id.loc.gov/authorities/subjects/sh85072811
Baltic psaltery,altLabel,http://id.loc.gov/authorities/subjects/sh85072811
Kŏmunʾgo,prefLabel,http://id.loc.gov/authorities/subjects/sh85072885
Gomungo,altLabel,http://id.loc.gov/authorities/subjects/sh85072885
Komunko,altLabel,http://id.loc.gov/authorities/subjects/sh85072885
Kum,altLabel,http://id.loc.gov/authorities/subjects/sh85072885
Koto,prefLabel,http://id.loc.gov/authorities/subjects/sh85073194
Langeleik,prefLabel,http://id.loc.gov/authorities/subjects/sh00002699
Marovany (Box zither),prefLabel,http://id.loc.gov/authorities/subjects/sh96007104
Meloharp,prefLabel,http://id.loc.gov/authorities/subjects/sh2007002144
Meta-harp,prefLabel,http://id.loc.gov/authorities/subjects/sh2007002145
Monochord,prefLabel,http://id.loc.gov/authorities/subjects/sh85086896
New century harp,prefLabel,http://id.loc.gov/authorities/subjects/sh2007002281
Noordsche balk,prefLabel,http://id.loc.gov/authorities/subjects/sh85092384
Hommel,altLabel,http://id.loc.gov/authorities/subjects/sh85092384
Hummel,altLabel,http://id.loc.gov/authorities/subjects/sh85092384
Langleik,altLabel,http://id.loc.gov/authorities/subjects/sh85092384
Noardske balke,altLabel,http://id.loc.gov/authorities/subjects/sh85092384
Scheitholt,altLabel,http://id.loc.gov/authorities/subjects/sh85092384
Ongnyugŭm,prefLabel,http://id.loc.gov/authorities/subjects/sh93006278
Psalmodikon,prefLabel,http://id.loc.gov/authorities/subjects/sh96004213
Psalmodicon,altLabel,http://id.loc.gov/authorities/subjects/sh96004213
Salmodikon,altLabel,http://id.loc.gov/authorities/subjects/sh96004213
Qānūn (Musical instrument),prefLabel,http://id.loc.gov/authorities/subjects/sh90002634
K'anon (Musical instrument),altLabel,http://id.loc.gov/authorities/subjects/sh90002634
Kanonaki (Musical instrument),altLabel,http://id.loc.gov/authorities/subjects/sh90002634
Kanoon (Musical instrument,altLabel,http://id.loc.gov/authorities/subjects/sh90002634
Kanun (Musical instrument),altLabel,http://id.loc.gov/authorities/subjects/sh90002634
Qin (Musical instrument),prefLabel,http://id.loc.gov/authorities/subjects/sh85023979
Chʻin (Musical instrument),altLabel,http://id.loc.gov/authorities/subjects/sh85023979
Guqin,altLabel,http://id.loc.gov/authorities/subjects/sh85023979
Siter,prefLabel,http://id.loc.gov/authorities/subjects/sh2006006781
Stick zither,prefLabel,http://id.loc.gov/authorities/subjects/sh00000584
Tube zither,prefLabel,http://id.loc.gov/authorities/subjects/sh93007672
Yatga,prefLabel,http://id.loc.gov/authorities/subjects/sh2009010385
Yataga,altLabel,http://id.loc.gov/authorities/subjects/sh2009010385
Yatug,altLabel,http://id.loc.gov/authorities/subjects/sh2009010385
Yatuġ-a,altLabel,http://id.loc.gov/authorities/subjects/sh2009010385
Yatuga,altLabel,http://id.loc.gov/authorities/subjects/sh2009010385
Mongolian zither,altLabel,http://id.loc.gov/authorities/subjects/sh2009010385
Zheng,prefLabel,http://id.loc.gov/authorities/subjects/sh85023052
Cheng (Musical instrument),altLabel,http://id.loc.gov/authorities/subjects/sh85023052
Chinese zither,altLabel,http://id.loc.gov/authorities/subjects/sh85023052
Gu zheng,altLabel,http://id.loc.gov/authorities/subjects/sh85023052
Guzheng,altLabel,http://id.loc.gov/authorities/subjects/sh85023052
Zheng (Musical instrument),altLabel,http://id.loc.gov/authorities/subjects/sh85023052
Zitho-harp,prefLabel,http://id.loc.gov/authorities/subjects/sh2007002811
Chang (Dulcimer),prefLabel,http://id.loc.gov/authorities/subjects/sh2017004931
Chank (Dulcimer),altLabel,http://id.loc.gov/authorities/subjects/sh2017004931
Cimbalom,prefLabel,http://id.loc.gov/authorities/subjects/sh85025985
Cymbal (Cimbalom),altLabel,http://id.loc.gov/authorities/subjects/sh85025985
Cymbalom,altLabel,http://id.loc.gov/authorities/subjects/sh85025985
Cymbalum,altLabel,http://id.loc.gov/authorities/subjects/sh85025985
"Dulcimer, Hungarian hammered",altLabel,http://id.loc.gov/authorities/subjects/sh85025985
"Hammered dulcimer, Hungarian",altLabel,http://id.loc.gov/authorities/subjects/sh85025985
Hungarian hammered dulcimer,altLabel,http://id.loc.gov/authorities/subjects/sh85025985
Kimbalom,altLabel,http://id.loc.gov/authorities/subjects/sh85025985
Tsymbaly,altLabel,http://id.loc.gov/authorities/subjects/sh85025985
Khim,prefLabel,http://id.loc.gov/authorities/subjects/sh2006005764
Kim (Dulcimer),altLabel,http://id.loc.gov/authorities/subjects/sh2006005764
Santūr,prefLabel,http://id.loc.gov/authorities/subjects/sh85117416
Sadouri,altLabel,http://id.loc.gov/authorities/subjects/sh85117416
Santir,altLabel,http://id.loc.gov/authorities/subjects/sh85117416
Santoor,altLabel,http://id.loc.gov/authorities/subjects/sh85117416
Santour,altLabel,http://id.loc.gov/authorities/subjects/sh85117416
Santouri,altLabel,http://id.loc.gov/authorities/subjects/sh85117416
Santuri,altLabel,http://id.loc.gov/authorities/subjects/sh85117416
Sintir (Dulcimer),altLabel,http://id.loc.gov/authorities/subjects/sh85117416
Tsintsila,altLabel,http://id.loc.gov/authorities/subjects/sh85117416
Yang qin,prefLabel,http://id.loc.gov/authorities/subjects/sh85148984
Yang chʻin,altLabel,http://id.loc.gov/authorities/subjects/sh85148984
Yangqin,altLabel,http://id.loc.gov/authorities/subjects/sh85148984
Yanggŭm,prefLabel,http://id.loc.gov/authorities/subjects/sh93006741
Kurachʼŏlsa kum,altLabel,http://id.loc.gov/authorities/subjects/sh93006741
Yoochin (Dulcimer),prefLabel,http://id.loc.gov/authorities/subjects/sh97006469
Ëochin,altLabel,http://id.loc.gov/authorities/subjects/sh97006469
Yanchin,altLabel,http://id.loc.gov/authorities/subjects/sh97006469
Yanchir,altLabel,http://id.loc.gov/authorities/subjects/sh97006469
Ichigenkin,prefLabel,http://id.loc.gov/authorities/subjects/sh85064040
Crychord,prefLabel,http://id.loc.gov/authorities/subjects/sh2016001692
Bumbass,prefLabel,http://id.loc.gov/authorities/subjects/sh94000996
Basse de Flandre,altLabel,http://id.loc.gov/authorities/subjects/sh94000996
Bladder and string,altLabel,http://id.loc.gov/authorities/subjects/sh94000996
Bumba,altLabel,http://id.loc.gov/authorities/subjects/sh94000996
Phin pia,prefLabel,http://id.loc.gov/authorities/subjects/sh00000585
Kse diev,altLabel,http://id.loc.gov/authorities/subjects/sh00000585
Phia,altLabel,http://id.loc.gov/authorities/subjects/sh00000585
Phin phia,altLabel,http://id.loc.gov/authorities/subjects/sh00000585
Phi-n phia,altLabel,http://id.loc.gov/authorities/subjects/sh00000585
Pia (Musical instrument),altLabel,http://id.loc.gov/authorities/subjects/sh00000585
Pin pia,altLabel,http://id.loc.gov/authorities/subjects/sh00000585
Pin piah,altLabel,http://id.loc.gov/authorities/subjects/sh00000585
Čhakhē,prefLabel,http://id.loc.gov/authorities/subjects/sh93005460
Ja-kae,altLabel,http://id.loc.gov/authorities/subjects/sh93005460
Jàkhây,altLabel,http://id.loc.gov/authorities/subjects/sh93005460
Jakhē,altLabel,http://id.loc.gov/authorities/subjects/sh93005460
Valiha,prefLabel,http://id.loc.gov/authorities/subjects/sh93007669
Baliha,altLabel,http://id.loc.gov/authorities/subjects/sh93007669
Marovany (Tube zither),altLabel,http://id.loc.gov/authorities/subjects/sh93007669
Valeha,altLabel,http://id.loc.gov/authorities/subjects/sh93007669
Valiha-volo,altLabel,http://id.loc.gov/authorities/subjects/sh93007669
Volo,altLabel,http://id.loc.gov/authorities/subjects/sh93007669
Imzad,prefLabel,http://id.loc.gov/authorities/subjects/sh2003002984
Amzad,altLabel,http://id.loc.gov/authorities/subjects/sh2003002984
Anzad,altLabel,http://id.loc.gov/authorities/subjects/sh2003002984
Anzhad,altLabel,http://id.loc.gov/authorities/subjects/sh2003002984
Inzad,altLabel,http://id.loc.gov/authorities/subjects/sh2003002984
Rabāba (Imzad),altLabel,http://id.loc.gov/authorities/subjects/sh2003002984
Brass instruments,prefLabel,http://id.loc.gov/authorities/subjects/sh85016448
Didjeridu,prefLabel,http://id.loc.gov/authorities/subjects/sh88001808
Didgeridoo,altLabel,http://id.loc.gov/authorities/subjects/sh88001808
Didjeridoo,altLabel,http://id.loc.gov/authorities/subjects/sh88001808
Digeridoo,altLabel,http://id.loc.gov/authorities/subjects/sh88001808
Dijiridu,altLabel,http://id.loc.gov/authorities/subjects/sh88001808
Mirliton,prefLabel,http://id.loc.gov/authorities/subjects/sh85085953
Multiphonics,prefLabel,http://id.loc.gov/authorities/subjects/sh88006425
Oliphant,prefLabel,http://id.loc.gov/authorities/subjects/sh2004000318
Olifant,altLabel,http://id.loc.gov/authorities/subjects/sh2004000318
Oliphants,altLabel,http://id.loc.gov/authorities/subjects/sh2004000318
Saxoflute,prefLabel,http://id.loc.gov/authorities/subjects/sh2009003745
Woodwind instruments,prefLabel,http://id.loc.gov/authorities/subjects/sh85147966
Double-reed instruments (Woodwinds),altLabel,http://id.loc.gov/authorities/subjects/sh85147966
Double-reed woodwind instruments,altLabel,http://id.loc.gov/authorities/subjects/sh85147966
Double reeds (Woodwind instruments),altLabel,http://id.loc.gov/authorities/subjects/sh85147966
Reed instruments (Woodwinds),altLabel,http://id.loc.gov/authorities/subjects/sh85147966
Reeds (Woodwind instruments),altLabel,http://id.loc.gov/authorities/subjects/sh85147966
Single-reed instruments (Woodwinds),altLabel,http://id.loc.gov/authorities/subjects/sh85147966
Single-reed woodwind instruments,altLabel,http://id.loc.gov/authorities/subjects/sh85147966
Single reeds (Woodwind instruments),altLabel,http://id.loc.gov/authorities/subjects/sh85147966
Wood-wind instruments,altLabel,http://id.loc.gov/authorities/subjects/sh85147966
Woodwinds,altLabel,http://id.loc.gov/authorities/subjects/sh85147966
Alto horn,prefLabel,http://id.loc.gov/authorities/subjects/sh85003939
Cavalry horn,altLabel,http://id.loc.gov/authorities/subjects/sh85003939
E♭ horn,altLabel,http://id.loc.gov/authorities/subjects/sh85003939
E-flat horn,altLabel,http://id.loc.gov/authorities/subjects/sh85003939
Mellophone,altLabel,http://id.loc.gov/authorities/subjects/sh85003939
Tenor horn,altLabel,http://id.loc.gov/authorities/subjects/sh85003939
Baritone (Musical instrument),prefLabel,http://id.loc.gov/authorities/subjects/sh85011845
Baritone horn,altLabel,http://id.loc.gov/authorities/subjects/sh85011845
Bugle,prefLabel,http://id.loc.gov/authorities/subjects/sh85017678
Cornet,prefLabel,http://id.loc.gov/authorities/subjects/sh85032812
Cornopean,altLabel,http://id.loc.gov/authorities/subjects/sh85032812
Cornett,prefLabel,http://id.loc.gov/authorities/subjects/sh85032838
Cornaboux,altLabel,http://id.loc.gov/authorities/subjects/sh85032838
Cornet à bouquin,altLabel,http://id.loc.gov/authorities/subjects/sh85032838
Corneta,altLabel,http://id.loc.gov/authorities/subjects/sh85032838
Cornetto,altLabel,http://id.loc.gov/authorities/subjects/sh85032838
Zink,altLabel,http://id.loc.gov/authorities/subjects/sh85032838
Euphonium,prefLabel,http://id.loc.gov/authorities/subjects/sh85045591
Flügelhorn,prefLabel,http://id.loc.gov/authorities/subjects/sh85049361
Fluegelhorn,altLabel,http://id.loc.gov/authorities/subjects/sh85049361
Helicon,prefLabel,http://id.loc.gov/authorities/subjects/sh92005343
Horn (Musical instrument),prefLabel,http://id.loc.gov/authorities/subjects/sh85061988
French horn,altLabel,http://id.loc.gov/authorities/subjects/sh85061988
Hunting horn,altLabel,http://id.loc.gov/authorities/subjects/sh85061988
Instrumentation and orchestration (Brass band),prefLabel,http://id.loc.gov/authorities/subjects/sh85066784
Pelittone,prefLabel,http://id.loc.gov/authorities/subjects/sh2005008065
Post horn,prefLabel,http://id.loc.gov/authorities/subjects/sh86000533
Coach-horn,altLabel,http://id.loc.gov/authorities/subjects/sh86000533
Posthorn,altLabel,http://id.loc.gov/authorities/subjects/sh86000533
Saxhorn,prefLabel,http://id.loc.gov/authorities/subjects/sh85117806
Sax horn,altLabel,http://id.loc.gov/authorities/subjects/sh85117806
Serpent (Musical instrument),prefLabel,http://id.loc.gov/authorities/subjects/sh85120303
Trombone,prefLabel,http://id.loc.gov/authorities/subjects/sh85137992
Slide trombone,altLabel,http://id.loc.gov/authorities/subjects/sh85137992
Tenor trombone,altLabel,http://id.loc.gov/authorities/subjects/sh85137992
Valve trombone,altLabel,http://id.loc.gov/authorities/subjects/sh85137992
Trumpet,prefLabel,http://id.loc.gov/authorities/subjects/sh85138176
Bass trumpet,altLabel,http://id.loc.gov/authorities/subjects/sh85138176
Natural trumpet,altLabel,http://id.loc.gov/authorities/subjects/sh85138176
Piccolo trumpet,altLabel,http://id.loc.gov/authorities/subjects/sh85138176
Slide trumpet,altLabel,http://id.loc.gov/authorities/subjects/sh85138176
Valve trumpet,altLabel,http://id.loc.gov/authorities/subjects/sh85138176
Tuba,prefLabel,http://id.loc.gov/authorities/subjects/sh85138369
Bass horn,altLabel,http://id.loc.gov/authorities/subjects/sh85138369
Bass tuba,altLabel,http://id.loc.gov/authorities/subjects/sh85138369
BB♭ tuba,altLabel,http://id.loc.gov/authorities/subjects/sh85138369
Bʹ♭ tuba,altLabel,http://id.loc.gov/authorities/subjects/sh85138369
Bombardon,altLabel,http://id.loc.gov/authorities/subjects/sh85138369
Cʹ tuba,altLabel,http://id.loc.gov/authorities/subjects/sh85138369
CC tuba,altLabel,http://id.loc.gov/authorities/subjects/sh85138369
Contrabass tuba,altLabel,http://id.loc.gov/authorities/subjects/sh85138369
Double B-flat tuba,altLabel,http://id.loc.gov/authorities/subjects/sh85138369
Double Cʹ tuba,altLabel,http://id.loc.gov/authorities/subjects/sh85138369
Wagner tuba,prefLabel,http://id.loc.gov/authorities/subjects/sh2013002517
Keyed bugle,prefLabel,http://id.loc.gov/authorities/subjects/sh2001005609
Kent bugle,altLabel,http://id.loc.gov/authorities/subjects/sh2001005609
Kent horn,altLabel,http://id.loc.gov/authorities/subjects/sh2001005609
Royal Kent bugle,altLabel,http://id.loc.gov/authorities/subjects/sh2001005609
Kob (Musical instrument),prefLabel,http://id.loc.gov/authorities/subjects/sh2005006558
Russian horn,prefLabel,http://id.loc.gov/authorities/subjects/sh85115969
Shofar,prefLabel,http://id.loc.gov/authorities/subjects/sh85121774
Ram's horn (Musical instrument),altLabel,http://id.loc.gov/authorities/subjects/sh85121774
Shophar,altLabel,http://id.loc.gov/authorities/subjects/sh85121774
Ophicleide,prefLabel,http://id.loc.gov/authorities/subjects/sh85095040
Alto trombone,prefLabel,http://id.loc.gov/authorities/subjects/sh98000141
Bass trombone,prefLabel,http://id.loc.gov/authorities/subjects/sh85012164
Sackbut,prefLabel,http://id.loc.gov/authorities/subjects/sh85116235
Alphorn,prefLabel,http://id.loc.gov/authorities/subjects/sh85003803
Alpenhorn,altLabel,http://id.loc.gov/authorities/subjects/sh85003803
Alpine horn,altLabel,http://id.loc.gov/authorities/subjects/sh85003803
Keyed trumpet,prefLabel,http://id.loc.gov/authorities/subjects/sh2001005614
Ligawka,prefLabel,http://id.loc.gov/authorities/subjects/sh2006000480
Legawka,altLabel,http://id.loc.gov/authorities/subjects/sh2006000480
Ligawa,altLabel,http://id.loc.gov/authorities/subjects/sh2006000480
Lur,prefLabel,http://id.loc.gov/authorities/subjects/sh85078943
Mutantrumpet,prefLabel,http://id.loc.gov/authorities/subjects/sh92002564
Siwa (Musical instrument),prefLabel,http://id.loc.gov/authorities/subjects/sh85123059
Túru (Side-blown trumpet),prefLabel,http://id.loc.gov/authorities/subjects/sh2005006575
Sousaphone,prefLabel,http://id.loc.gov/authorities/subjects/sh92005379
Kazoo,prefLabel,http://id.loc.gov/authorities/subjects/sh85071829
Alboka,prefLabel,http://id.loc.gov/authorities/subjects/sh85003235
Albogón,altLabel,http://id.loc.gov/authorities/subjects/sh85003235
Albogue,altLabel,http://id.loc.gov/authorities/subjects/sh85003235
Aulos,prefLabel,http://id.loc.gov/authorities/subjects/sh85009532
Bagpipe,prefLabel,http://id.loc.gov/authorities/subjects/sh85010971
Bagpipes,altLabel,http://id.loc.gov/authorities/subjects/sh85010971
Biniou,altLabel,http://id.loc.gov/authorities/subjects/sh85010971
Cornemuse,altLabel,http://id.loc.gov/authorities/subjects/sh85010971
Musette (Bagpipe),altLabel,http://id.loc.gov/authorities/subjects/sh85010971
Basset horn,prefLabel,http://id.loc.gov/authorities/subjects/sh85012181
Bassoon,prefLabel,http://id.loc.gov/authorities/subjects/sh85012193
Clarinet,prefLabel,http://id.loc.gov/authorities/subjects/sh85026570
Clarionet,altLabel,http://id.loc.gov/authorities/subjects/sh85026570
Primer clarinet,altLabel,http://id.loc.gov/authorities/subjects/sh85026570
Crumhorn,prefLabel,http://id.loc.gov/authorities/subjects/sh85034371
Cromorne,altLabel,http://id.loc.gov/authorities/subjects/sh85034371
Krummhorn,altLabel,http://id.loc.gov/authorities/subjects/sh85034371
English horn,prefLabel,http://id.loc.gov/authorities/subjects/sh85043380
Cor anglais,altLabel,http://id.loc.gov/authorities/subjects/sh85043380
Tenor oboe,altLabel,http://id.loc.gov/authorities/subjects/sh85043380
Flute,prefLabel,http://id.loc.gov/authorities/subjects/sh85049452
Boehm flute,altLabel,http://id.loc.gov/authorities/subjects/sh85049452
Concert flute,altLabel,http://id.loc.gov/authorities/subjects/sh85049452
Transverse flute,altLabel,http://id.loc.gov/authorities/subjects/sh85049452
Gralla,prefLabel,http://id.loc.gov/authorities/subjects/sh91002811
Khlui,prefLabel,http://id.loc.gov/authorities/subjects/sh93005462
Oboe,prefLabel,http://id.loc.gov/authorities/subjects/sh85093674
Oboe d'amore,prefLabel,http://id.loc.gov/authorities/subjects/sh96005261
Pī (Musical instrument),prefLabel,http://id.loc.gov/authorities/subjects/sh93005470
Practice chanter,prefLabel,http://id.loc.gov/authorities/subjects/sh2007000818
Racket (Musical instrument),prefLabel,http://id.loc.gov/authorities/subjects/sh86002470
Cervelas,altLabel,http://id.loc.gov/authorities/subjects/sh86002470
Cervelat,altLabel,http://id.loc.gov/authorities/subjects/sh86002470
Cortaldi,altLabel,http://id.loc.gov/authorities/subjects/sh86002470
Cortalli,altLabel,http://id.loc.gov/authorities/subjects/sh86002470
Rackett,altLabel,http://id.loc.gov/authorities/subjects/sh86002470
Rankett,altLabel,http://id.loc.gov/authorities/subjects/sh86002470
Sáo (Musical instrument),prefLabel,http://id.loc.gov/authorities/subjects/sh2008009380
Sarrusophone,prefLabel,http://id.loc.gov/authorities/subjects/sh85117587
Saxophone,prefLabel,http://id.loc.gov/authorities/subjects/sh85117829
Alto saxophone,altLabel,http://id.loc.gov/authorities/subjects/sh85117829
Baritone saxophone,altLabel,http://id.loc.gov/authorities/subjects/sh85117829
Bass saxophone,altLabel,http://id.loc.gov/authorities/subjects/sh85117829
Contrabass saxophone,altLabel,http://id.loc.gov/authorities/subjects/sh85117829
Sopranino saxophone,altLabel,http://id.loc.gov/authorities/subjects/sh85117829
Soprano saxophone,altLabel,http://id.loc.gov/authorities/subjects/sh85117829
Subcontrabass saxophone,altLabel,http://id.loc.gov/authorities/subjects/sh85117829
Tenor saxophone,altLabel,http://id.loc.gov/authorities/subjects/sh85117829
Tubax,altLabel,http://id.loc.gov/authorities/subjects/sh85117829
Shawm,prefLabel,http://id.loc.gov/authorities/subjects/sh85121175
Bombarde (Shawm),altLabel,http://id.loc.gov/authorities/subjects/sh85121175
Chalmeye,altLabel,http://id.loc.gov/authorities/subjects/sh85121175
Chalmie,altLabel,http://id.loc.gov/authorities/subjects/sh85121175
Chalumeau (Shawm),altLabel,http://id.loc.gov/authorities/subjects/sh85121175
Scalmuse,altLabel,http://id.loc.gov/authorities/subjects/sh85121175
Schalmei,altLabel,http://id.loc.gov/authorities/subjects/sh85121175
Schalmuse,altLabel,http://id.loc.gov/authorities/subjects/sh85121175
Shalm,altLabel,http://id.loc.gov/authorities/subjects/sh85121175
Shalme,altLabel,http://id.loc.gov/authorities/subjects/sh85121175
Shalmie,altLabel,http://id.loc.gov/authorities/subjects/sh85121175
Shalmuse,altLabel,http://id.loc.gov/authorities/subjects/sh85121175
Sopila (Shawm),altLabel,http://id.loc.gov/authorities/subjects/sh85121175
Tárogató,prefLabel,http://id.loc.gov/authorities/subjects/sh85132681
Taragot,altLabel,http://id.loc.gov/authorities/subjects/sh85132681
Tarakava,altLabel,http://id.loc.gov/authorities/subjects/sh85132681
Torogoată,altLabel,http://id.loc.gov/authorities/subjects/sh85132681
Tibia (Musical instrument),prefLabel,http://id.loc.gov/authorities/subjects/sh85135235
Whistles,prefLabel,http://id.loc.gov/authorities/subjects/sh95005338
Border pipes,prefLabel,http://id.loc.gov/authorities/subjects/sh2006002878
Border bagpipes,altLabel,http://id.loc.gov/authorities/subjects/sh2006002878
Borderpipes,altLabel,http://id.loc.gov/authorities/subjects/sh2006002878
Lowland bagpipes,altLabel,http://id.loc.gov/authorities/subjects/sh2006002878
Lowland pipes,altLabel,http://id.loc.gov/authorities/subjects/sh2006002878
Cauld wind bagpipes,altLabel,http://id.loc.gov/authorities/subjects/sh2006002878
Cauld wind pipes,altLabel,http://id.loc.gov/authorities/subjects/sh2006002878
Scottish lowland bagpipes,altLabel,http://id.loc.gov/authorities/subjects/sh2006002878
Scottish lowland pipes,altLabel,http://id.loc.gov/authorities/subjects/sh2006002878
Chiboni,prefLabel,http://id.loc.gov/authorities/subjects/sh97003231
Čiboni,altLabel,http://id.loc.gov/authorities/subjects/sh97003231
Dudy,prefLabel,http://id.loc.gov/authorities/subjects/sh85039887
Duda,altLabel,http://id.loc.gov/authorities/subjects/sh85039887
Dude,altLabel,http://id.loc.gov/authorities/subjects/sh85039887
Gaita,prefLabel,http://id.loc.gov/authorities/subjects/sh85052742
Spanish bagpipe,altLabel,http://id.loc.gov/authorities/subjects/sh85052742
Mišnice,prefLabel,http://id.loc.gov/authorities/subjects/sh92005166
Mjersnice,altLabel,http://id.loc.gov/authorities/subjects/sh92005166
Northumbrian small pipe,prefLabel,http://id.loc.gov/authorities/subjects/sh91005838
Northumberland small pipes,altLabel,http://id.loc.gov/authorities/subjects/sh91005838
Northumbrian small pipes,altLabel,http://id.loc.gov/authorities/subjects/sh91005838
Northumbrian smallpipes,altLabel,http://id.loc.gov/authorities/subjects/sh91005838
Sordellina,prefLabel,http://id.loc.gov/authorities/subjects/sh99003531
Surdellina,altLabel,http://id.loc.gov/authorities/subjects/sh99003531
Uilleann pipe,prefLabel,http://id.loc.gov/authorities/subjects/sh87006045
Irish organ,altLabel,http://id.loc.gov/authorities/subjects/sh87006045
Uilean pipe,altLabel,http://id.loc.gov/authorities/subjects/sh87006045
Uileann pipe,altLabel,http://id.loc.gov/authorities/subjects/sh87006045
Uilliann pipes,altLabel,http://id.loc.gov/authorities/subjects/sh87006045
Union pipe,altLabel,http://id.loc.gov/authorities/subjects/sh87006045
Veuze,prefLabel,http://id.loc.gov/authorities/subjects/sh94005470
Contrabassoon,prefLabel,http://id.loc.gov/authorities/subjects/sh85031582
Double bassoon,altLabel,http://id.loc.gov/authorities/subjects/sh85031582
Dulcian,prefLabel,http://id.loc.gov/authorities/subjects/sh86002469
Curtal,altLabel,http://id.loc.gov/authorities/subjects/sh86002469
Dolcian,altLabel,http://id.loc.gov/authorities/subjects/sh86002469
Dolcino,altLabel,http://id.loc.gov/authorities/subjects/sh86002469
Dolzoni,altLabel,http://id.loc.gov/authorities/subjects/sh86002469
Dulzian,altLabel,http://id.loc.gov/authorities/subjects/sh86002469
Tenoroon,prefLabel,http://id.loc.gov/authorities/subjects/sh2015000773
Tenor bassoon,altLabel,http://id.loc.gov/authorities/subjects/sh2015000773
Alto clarinet,prefLabel,http://id.loc.gov/authorities/subjects/sh2001002567
Bass clarinet,prefLabel,http://id.loc.gov/authorities/subjects/sh85012150
Basset clarinet,prefLabel,http://id.loc.gov/authorities/subjects/sh87005786
Basset horn,prefLabel,http://id.loc.gov/authorities/subjects/sh85012181
Birbynė,prefLabel,http://id.loc.gov/authorities/subjects/sh94002488
Chalumeau,prefLabel,http://id.loc.gov/authorities/subjects/sh85022399
Chalumeau (Single-reed musical instrument),altLabel,http://id.loc.gov/authorities/subjects/sh85022399
Mock trumpet,altLabel,http://id.loc.gov/authorities/subjects/sh85022399
Clarinette d'amour,prefLabel,http://id.loc.gov/authorities/subjects/sh87001391
Contrabass clarinet,prefLabel,http://id.loc.gov/authorities/subjects/sh91006365
Contra-alto clarinet,altLabel,http://id.loc.gov/authorities/subjects/sh91006365
Contra-bass clarinet,altLabel,http://id.loc.gov/authorities/subjects/sh91006365
Pedal clarinet,altLabel,http://id.loc.gov/authorities/subjects/sh91006365
Launeddas,prefLabel,http://id.loc.gov/authorities/subjects/sh99000730
Aenas,altLabel,http://id.loc.gov/authorities/subjects/sh99000730
Benas,altLabel,http://id.loc.gov/authorities/subjects/sh99000730
Bisònas,altLabel,http://id.loc.gov/authorities/subjects/sh99000730
Enas,altLabel,http://id.loc.gov/authorities/subjects/sh99000730
Leunéddas,altLabel,http://id.loc.gov/authorities/subjects/sh99000730
Lionéddas,altLabel,http://id.loc.gov/authorities/subjects/sh99000730
Sonus de canna,altLabel,http://id.loc.gov/authorities/subjects/sh99000730
Triédda,altLabel,http://id.loc.gov/authorities/subjects/sh99000730
Truédda,altLabel,http://id.loc.gov/authorities/subjects/sh99000730
Truvédda,altLabel,http://id.loc.gov/authorities/subjects/sh99000730
Roopill,prefLabel,http://id.loc.gov/authorities/subjects/sh95008257
Sipsi,prefLabel,http://id.loc.gov/authorities/subjects/sh99013530
Oboe da caccia,prefLabel,http://id.loc.gov/authorities/subjects/sh98005254
Algōjā,prefLabel,http://id.loc.gov/authorities/subjects/sh00006976
Alghōzā,altLabel,http://id.loc.gov/authorities/subjects/sh00006976
Alg̲hozah,altLabel,http://id.loc.gov/authorities/subjects/sh00006976
Algōzā,altLabel,http://id.loc.gov/authorities/subjects/sh00006976
Alto flute,prefLabel,http://id.loc.gov/authorities/subjects/sh99011312
Bass flute (Alto flute),altLabel,http://id.loc.gov/authorities/subjects/sh99011312
Atenteben,prefLabel,http://id.loc.gov/authorities/subjects/sh93006568
Bānsurī,prefLabel,http://id.loc.gov/authorities/subjects/sh85011685
Baṃsarī,altLabel,http://id.loc.gov/authorities/subjects/sh85011685
Bāṃsurī,altLabel,http://id.loc.gov/authorities/subjects/sh85011685
Bānsrī,altLabel,http://id.loc.gov/authorities/subjects/sh85011685
Bā̃srī,altLabel,http://id.loc.gov/authorities/subjects/sh85011685
Bā̃surī,altLabel,http://id.loc.gov/authorities/subjects/sh85011685
Halur,altLabel,http://id.loc.gov/authorities/subjects/sh85011685
Husor,altLabel,http://id.loc.gov/authorities/subjects/sh85011685
Solor,altLabel,http://id.loc.gov/authorities/subjects/sh85011685
Bass flute,prefLabel,http://id.loc.gov/authorities/subjects/sh99011314
Blul,prefLabel,http://id.loc.gov/authorities/subjects/sh92005137
Blur (Musical instrument),altLabel,http://id.loc.gov/authorities/subjects/sh92005137
Bone flute,prefLabel,http://id.loc.gov/authorities/subjects/sh2003002107
Mousterian bone flute,altLabel,http://id.loc.gov/authorities/subjects/sh2003002107
Neanderthal flute,altLabel,http://id.loc.gov/authorities/subjects/sh2003002107
Contrabass flute,prefLabel,http://id.loc.gov/authorities/subjects/sh99012887
Subbassflöte in G,altLabel,http://id.loc.gov/authorities/subjects/sh99012887
Di zi,prefLabel,http://id.loc.gov/authorities/subjects/sh85135203
Di (Musical instrument),altLabel,http://id.loc.gov/authorities/subjects/sh85135203
Dizi,altLabel,http://id.loc.gov/authorities/subjects/sh85135203
Ti-tse,altLabel,http://id.loc.gov/authorities/subjects/sh85135203
Ti tzu,altLabel,http://id.loc.gov/authorities/subjects/sh85135203
Dvorgrle,prefLabel,http://id.loc.gov/authorities/subjects/sh92005341
Dvogrla,altLabel,http://id.loc.gov/authorities/subjects/sh92005341
Dvogrle,altLabel,http://id.loc.gov/authorities/subjects/sh92005341
Dvorgrla,altLabel,http://id.loc.gov/authorities/subjects/sh92005341
Fife,prefLabel,http://id.loc.gov/authorities/subjects/sh85048136
Flageolet,prefLabel,http://id.loc.gov/authorities/subjects/sh85048959
Flaviol,prefLabel,http://id.loc.gov/authorities/subjects/sh92001035
Fabiol,altLabel,http://id.loc.gov/authorities/subjects/sh92001035
Flabiol,altLabel,http://id.loc.gov/authorities/subjects/sh92001035
Fluviol,altLabel,http://id.loc.gov/authorities/subjects/sh92001035
Flûte d'amour,prefLabel,http://id.loc.gov/authorities/subjects/sh2017004502
Liebesflöte,altLabel,http://id.loc.gov/authorities/subjects/sh2017004502
Gaita (Flute),prefLabel,http://id.loc.gov/authorities/subjects/sh96010794
Flauta pastoril,altLabel,http://id.loc.gov/authorities/subjects/sh96010794
Galoubet,prefLabel,http://id.loc.gov/authorities/subjects/sh85052874
Jombarde,altLabel,http://id.loc.gov/authorities/subjects/sh85052874
Txistu,altLabel,http://id.loc.gov/authorities/subjects/sh85052874
Huang zhong (Musical instrument),prefLabel,http://id.loc.gov/authorities/subjects/sh85062736
Huang chung (Musical instrument),altLabel,http://id.loc.gov/authorities/subjects/sh85062736
Iwabue,prefLabel,http://id.loc.gov/authorities/subjects/sh2006008246
Ishibue,altLabel,http://id.loc.gov/authorities/subjects/sh2006008246
Stone flute,altLabel,http://id.loc.gov/authorities/subjects/sh2006008246
Stone whistle,altLabel,http://id.loc.gov/authorities/subjects/sh2006008246
Kagurabue,prefLabel,http://id.loc.gov/authorities/subjects/sh91003236
Yamatobue,altLabel,http://id.loc.gov/authorities/subjects/sh91003236
Kaval,prefLabel,http://id.loc.gov/authorities/subjects/sh95004236
Caval,altLabel,http://id.loc.gov/authorities/subjects/sh95004236
Kavali,altLabel,http://id.loc.gov/authorities/subjects/sh95004236
Kavall,altLabel,http://id.loc.gov/authorities/subjects/sh95004236
Qawūl,altLabel,http://id.loc.gov/authorities/subjects/sh95004236
Kōauau,prefLabel,http://id.loc.gov/authorities/subjects/sh2003009090
Kooauau,altLabel,http://id.loc.gov/authorities/subjects/sh2003009090
Kurai,prefLabel,http://id.loc.gov/authorities/subjects/sh2011002537
Kuray,altLabel,http://id.loc.gov/authorities/subjects/sh2011002537
Qurai,altLabel,http://id.loc.gov/authorities/subjects/sh2011002537
Limbe (Musical instrument),prefLabel,http://id.loc.gov/authorities/subjects/sh2011005478
Gliṅ-bu (Musical instrument),altLabel,http://id.loc.gov/authorities/subjects/sh2011005478
Gling-bu (Musical instrument),altLabel,http://id.loc.gov/authorities/subjects/sh2011005478
Lingbu (Musical instrument),altLabel,http://id.loc.gov/authorities/subjects/sh2011005478
Native American flute,prefLabel,http://id.loc.gov/authorities/subjects/sh95006538
American Indian flute,altLabel,http://id.loc.gov/authorities/subjects/sh95006538
Courting flute,altLabel,http://id.loc.gov/authorities/subjects/sh95006538
Love flute,altLabel,http://id.loc.gov/authorities/subjects/sh95006538
Nāy,prefLabel,http://id.loc.gov/authorities/subjects/sh85090455
Ney,altLabel,http://id.loc.gov/authorities/subjects/sh85090455
Quṣaba,altLabel,http://id.loc.gov/authorities/subjects/sh85090455
Naj,altLabel,http://id.loc.gov/authorities/subjects/sh85090455
Nōkan,prefLabel,http://id.loc.gov/authorities/subjects/sh2006008190
Nō-flute,altLabel,http://id.loc.gov/authorities/subjects/sh2006008190
Nō-kan,altLabel,http://id.loc.gov/authorities/subjects/sh2006008190
Nohkan,altLabel,http://id.loc.gov/authorities/subjects/sh2006008190
Ocarina,prefLabel,http://id.loc.gov/authorities/subjects/sh85093790
Panpipes,prefLabel,http://id.loc.gov/authorities/subjects/sh85097479
Antara,altLabel,http://id.loc.gov/authorities/subjects/sh85097479
Nai,altLabel,http://id.loc.gov/authorities/subjects/sh85097479
Pan flute,altLabel,http://id.loc.gov/authorities/subjects/sh85097479
Pan pipes,altLabel,http://id.loc.gov/authorities/subjects/sh85097479
Pandean pipes,altLabel,http://id.loc.gov/authorities/subjects/sh85097479
Panflute,altLabel,http://id.loc.gov/authorities/subjects/sh85097479
Pan's pipes,altLabel,http://id.loc.gov/authorities/subjects/sh85097479
Syrinx (Musical instrument),altLabel,http://id.loc.gov/authorities/subjects/sh85097479
Penny whistle,prefLabel,http://id.loc.gov/authorities/subjects/sh85099560
Feadóg stáin,altLabel,http://id.loc.gov/authorities/subjects/sh85099560
Pennywhistle,altLabel,http://id.loc.gov/authorities/subjects/sh85099560
Tin whistle,altLabel,http://id.loc.gov/authorities/subjects/sh85099560
Whistle (Penny whistle),altLabel,http://id.loc.gov/authorities/subjects/sh85099560
Piccolo,prefLabel,http://id.loc.gov/authorities/subjects/sh85101940
Pinkullu,prefLabel,http://id.loc.gov/authorities/subjects/sh2006008055
Pincollo,altLabel,http://id.loc.gov/authorities/subjects/sh2006008055
Pincullo,altLabel,http://id.loc.gov/authorities/subjects/sh2006008055
Pincuyllu,altLabel,http://id.loc.gov/authorities/subjects/sh2006008055
Pingullo,altLabel,http://id.loc.gov/authorities/subjects/sh2006008055
Pinkayllu,altLabel,http://id.loc.gov/authorities/subjects/sh2006008055
Pinkillu,altLabel,http://id.loc.gov/authorities/subjects/sh2006008055
Pinquillo,altLabel,http://id.loc.gov/authorities/subjects/sh2006008055
Pipe (Musical instrument),prefLabel,http://id.loc.gov/authorities/subjects/sh85102357
Bamboo pipe,altLabel,http://id.loc.gov/authorities/subjects/sh85102357
Chalumeau (Pipe),altLabel,http://id.loc.gov/authorities/subjects/sh85102357
Pastoral oboe,altLabel,http://id.loc.gov/authorities/subjects/sh85102357
"Pipe, Shepherd's",altLabel,http://id.loc.gov/authorities/subjects/sh85102357
Pipes (Musical instruments),altLabel,http://id.loc.gov/authorities/subjects/sh85102357
Shepherd's pipe,altLabel,http://id.loc.gov/authorities/subjects/sh85102357
Symphonet,altLabel,http://id.loc.gov/authorities/subjects/sh85102357
Tabor pipe,altLabel,http://id.loc.gov/authorities/subjects/sh85102357
Quena,prefLabel,http://id.loc.gov/authorities/subjects/sh90000517
Cuena,altLabel,http://id.loc.gov/authorities/subjects/sh90000517
Kena,altLabel,http://id.loc.gov/authorities/subjects/sh90000517
Kena-kena,altLabel,http://id.loc.gov/authorities/subjects/sh90000517
Quena-quena,altLabel,http://id.loc.gov/authorities/subjects/sh90000517
Recorder (Musical instrument),prefLabel,http://id.loc.gov/authorities/subjects/sh85111889
Alto recorder,altLabel,http://id.loc.gov/authorities/subjects/sh85111889
Bass recorder,altLabel,http://id.loc.gov/authorities/subjects/sh85111889
Basset recorder,altLabel,http://id.loc.gov/authorities/subjects/sh85111889
Beak flute,altLabel,http://id.loc.gov/authorities/subjects/sh85111889
Common flute,altLabel,http://id.loc.gov/authorities/subjects/sh85111889
Contrabass recorder,altLabel,http://id.loc.gov/authorities/subjects/sh85111889
Descant recorder,altLabel,http://id.loc.gov/authorities/subjects/sh85111889
Great bass recorder,altLabel,http://id.loc.gov/authorities/subjects/sh85111889
Song flute,altLabel,http://id.loc.gov/authorities/subjects/sh85111889
Sopranino recorder,altLabel,http://id.loc.gov/authorities/subjects/sh85111889
Soprano recorder,altLabel,http://id.loc.gov/authorities/subjects/sh85111889
Subcontrabass recorder,altLabel,http://id.loc.gov/authorities/subjects/sh85111889
Tenor recorder,altLabel,http://id.loc.gov/authorities/subjects/sh85111889
Treble recorder,altLabel,http://id.loc.gov/authorities/subjects/sh85111889
Ryūteki,prefLabel,http://id.loc.gov/authorities/subjects/sh85116144
Saluang,prefLabel,http://id.loc.gov/authorities/subjects/sh2007001240
Shakuhachi,prefLabel,http://id.loc.gov/authorities/subjects/sh85121066
Shinobue,prefLabel,http://id.loc.gov/authorities/subjects/sh86001268
Shino,altLabel,http://id.loc.gov/authorities/subjects/sh86001268
Takebue,altLabel,http://id.loc.gov/authorities/subjects/sh86001268
Suifūkin,prefLabel,http://id.loc.gov/authorities/subjects/sh98002383
Suling (Musical instrument),prefLabel,http://id.loc.gov/authorities/subjects/sh89003771
Šupeljka,prefLabel,http://id.loc.gov/authorities/subjects/sh2004002323
Dudka,altLabel,http://id.loc.gov/authorities/subjects/sh2004002323
Sopel',altLabel,http://id.loc.gov/authorities/subjects/sh2004002323
Sopilka,altLabel,http://id.loc.gov/authorities/subjects/sh2004002323
Šupelka,prefLabel,http://id.loc.gov/authorities/subjects/sh2015001017
Svirala,prefLabel,http://id.loc.gov/authorities/subjects/sh92005168
Duduk (Duct flute),altLabel,http://id.loc.gov/authorities/subjects/sh92005168
Frula,altLabel,http://id.loc.gov/authorities/subjects/sh92005168
Jedina,altLabel,http://id.loc.gov/authorities/subjects/sh92005168
Jedinka,altLabel,http://id.loc.gov/authorities/subjects/sh92005168
Jednojka,altLabel,http://id.loc.gov/authorities/subjects/sh92005168
Sviraja,altLabel,http://id.loc.gov/authorities/subjects/sh92005168
Svirale,altLabel,http://id.loc.gov/authorities/subjects/sh92005168
Žvegljica,altLabel,http://id.loc.gov/authorities/subjects/sh92005168
Sybyzghy,prefLabel,http://id.loc.gov/authorities/subjects/sh2018000016
Sybysghy,altLabel,http://id.loc.gov/authorities/subjects/sh2018000016
Sybysgy,altLabel,http://id.loc.gov/authorities/subjects/sh2018000016
Sybyzgy,altLabel,http://id.loc.gov/authorities/subjects/sh2018000016
Sybyzyk,altLabel,http://id.loc.gov/authorities/subjects/sh2018000016
Taegŭm,prefLabel,http://id.loc.gov/authorities/subjects/sh85131882
Chŏ (Musical instrument),altLabel,http://id.loc.gov/authorities/subjects/sh85131882
Chŏttae,altLabel,http://id.loc.gov/authorities/subjects/sh85131882
Tanso,prefLabel,http://id.loc.gov/authorities/subjects/sh85132343
Tarka,prefLabel,http://id.loc.gov/authorities/subjects/sh2001003478
Anata,altLabel,http://id.loc.gov/authorities/subjects/sh2001003478
Tar pinkayllu,altLabel,http://id.loc.gov/authorities/subjects/sh2001003478
Tarca,altLabel,http://id.loc.gov/authorities/subjects/sh2001003478
Tharka,altLabel,http://id.loc.gov/authorities/subjects/sh2001003478
Tsuur,prefLabel,http://id.loc.gov/authorities/subjects/sh2025000287
Choor,altLabel,http://id.loc.gov/authorities/subjects/sh2025000287
Chuur,altLabel,http://id.loc.gov/authorities/subjects/sh2025000287
Cuur,altLabel,http://id.loc.gov/authorities/subjects/sh2025000287
Cuġur,altLabel,http://id.loc.gov/authorities/subjects/sh2025000287
Shoor,altLabel,http://id.loc.gov/authorities/subjects/sh2025000287
Shuur,altLabel,http://id.loc.gov/authorities/subjects/sh2025000287
Veṇu,prefLabel,http://id.loc.gov/authorities/subjects/sh2014001148
Kūḷalu,altLabel,http://id.loc.gov/authorities/subjects/sh2014001148
Pillana grōvi,altLabel,http://id.loc.gov/authorities/subjects/sh2014001148
Pullāṅkulal,altLabel,http://id.loc.gov/authorities/subjects/sh2014001148
Pullankuzhal,altLabel,http://id.loc.gov/authorities/subjects/sh2014001148
Vēṇuvu,altLabel,http://id.loc.gov/authorities/subjects/sh2014001148
Washint,prefLabel,http://id.loc.gov/authorities/subjects/sh2005005099
Xiao,prefLabel,http://id.loc.gov/authorities/subjects/sh85062703
Hsiao,altLabel,http://id.loc.gov/authorities/subjects/sh85062703
Xun (Musical instrument),prefLabel,http://id.loc.gov/authorities/subjects/sh85062712
Hsüan (Musical instrument),altLabel,http://id.loc.gov/authorities/subjects/sh85062712
Xuan (Musical instrument),altLabel,http://id.loc.gov/authorities/subjects/sh85062712
Melody flute,prefLabel,http://id.loc.gov/authorities/subjects/sh85083438
Sĭyotanka (Musical instrument),prefLabel,https://id.loc.gov/authorities/subjects/sh89007095
Siku,prefLabel,http://id.loc.gov/authorities/subjects/sh91002821
Sico,altLabel,http://id.loc.gov/authorities/subjects/sh91002821
Sicu,altLabel,http://id.loc.gov/authorities/subjects/sh91002821
Zampoña,altLabel,http://id.loc.gov/authorities/subjects/sh91002821
Melody flute,prefLabel,http://id.loc.gov/authorities/subjects/sh85083438
Csakan,prefLabel,http://id.loc.gov/authorities/subjects/sh85035261
Csákány,altLabel,http://id.loc.gov/authorities/subjects/sh85035261
Czakan,altLabel,http://id.loc.gov/authorities/subjects/sh85035261
Orkon,prefLabel,http://id.loc.gov/authorities/subjects/sh2005008074
Chromette,altLabel,http://id.loc.gov/authorities/subjects/sh2005008074
Tonette,prefLabel,http://id.loc.gov/authorities/subjects/sh85135975
Tussefløyte,prefLabel,http://id.loc.gov/authorities/subjects/sh89005557
Tusse fløyte,altLabel,http://id.loc.gov/authorities/subjects/sh89005557
Bālabān,prefLabel,http://id.loc.gov/authorities/subjects/sh00000676
Balaman,altLabel,http://id.loc.gov/authorities/subjects/sh00000676
Chirimía (Musical instrument),prefLabel,http://id.loc.gov/authorities/subjects/sh2007004986
Xirimía (Musical instrument),altLabel,http://id.loc.gov/authorities/subjects/sh2007004986
Duduk (Oboe),prefLabel,http://id.loc.gov/authorities/subjects/sh95002646
Duduki,altLabel,http://id.loc.gov/authorities/subjects/sh95002646
Nay (Oboe),altLabel,http://id.loc.gov/authorities/subjects/sh95002646
Dulzaina,prefLabel,http://id.loc.gov/authorities/subjects/sh85039940
Bolingozo,altLabel,http://id.loc.gov/authorities/subjects/sh85039940
Dolçaina,altLabel,http://id.loc.gov/authorities/subjects/sh85039940
Dolzaina,altLabel,http://id.loc.gov/authorities/subjects/sh85039940
Dultzaina,altLabel,http://id.loc.gov/authorities/subjects/sh85039940
Guan,prefLabel,http://id.loc.gov/authorities/subjects/sh94000470
Bili,altLabel,http://id.loc.gov/authorities/subjects/sh94000470
Guan zi,altLabel,http://id.loc.gov/authorities/subjects/sh94000470
Guanzi,altLabel,http://id.loc.gov/authorities/subjects/sh94000470
Kuan,altLabel,http://id.loc.gov/authorities/subjects/sh94000470
Kuan tzu,altLabel,http://id.loc.gov/authorities/subjects/sh94000470
Heckelphone,prefLabel,http://id.loc.gov/authorities/subjects/sh85059898
Hichiriki,prefLabel,http://id.loc.gov/authorities/subjects/sh85060609
Koḷ (Musical instrument),prefLabel,http://id.loc.gov/authorities/subjects/sh2005006564
Koul,altLabel,http://id.loc.gov/authorities/subjects/sh2005006564
Mey,prefLabel,http://id.loc.gov/authorities/subjects/sh99013474
Nay (Oboe),altLabel,http://id.loc.gov/authorities/subjects/sh99013474
Mukhavīṇā,prefLabel,http://id.loc.gov/authorities/subjects/sh2003003390
Mukha veena,altLabel,http://id.loc.gov/authorities/subjects/sh2003003390
Musette (Oboe),prefLabel,http://id.loc.gov/authorities/subjects/sh2003002087
Musette pipe,altLabel,http://id.loc.gov/authorities/subjects/sh2003002087
Nāgasvaram,prefLabel,http://id.loc.gov/authorities/subjects/sh90003345
Nadasvaram,altLabel,http://id.loc.gov/authorities/subjects/sh90003345
Nadaswaram,altLabel,http://id.loc.gov/authorities/subjects/sh90003345
Nāgasuram,altLabel,http://id.loc.gov/authorities/subjects/sh90003345
Nâgaswaram,altLabel,http://id.loc.gov/authorities/subjects/sh90003345
Nākasvaram,altLabel,http://id.loc.gov/authorities/subjects/sh90003345
Nāyanam,altLabel,http://id.loc.gov/authorities/subjects/sh90003345
Pʻiri,prefLabel,http://id.loc.gov/authorities/subjects/sh85102151
Pʻillyul,altLabel,http://id.loc.gov/authorities/subjects/sh85102151
Rgya-gling,prefLabel,http://id.loc.gov/authorities/subjects/sh89004108
Rgya gliṅ,altLabel,http://id.loc.gov/authorities/subjects/sh89004108
Shehnai,prefLabel,http://id.loc.gov/authorities/subjects/sh85121263
Śahnāī,altLabel,http://id.loc.gov/authorities/subjects/sh85121263
Sanāī,altLabel,http://id.loc.gov/authorities/subjects/sh85121263
Sānāyī,altLabel,http://id.loc.gov/authorities/subjects/sh85121263
Shahnāī,altLabel,http://id.loc.gov/authorities/subjects/sh85121263
Shanai,altLabel,http://id.loc.gov/authorities/subjects/sh85121263
Surnai,altLabel,http://id.loc.gov/authorities/subjects/sh85121263
Suo na,prefLabel,http://id.loc.gov/authorities/subjects/sh85123814
Chi na,altLabel,http://id.loc.gov/authorities/subjects/sh85123814
Hiang te,altLabel,http://id.loc.gov/authorities/subjects/sh85123814
La pa,altLabel,http://id.loc.gov/authorities/subjects/sh85123814
So la,altLabel,http://id.loc.gov/authorities/subjects/sh85123814
So na,altLabel,http://id.loc.gov/authorities/subjects/sh85123814
Sona,altLabel,http://id.loc.gov/authorities/subjects/sh85123814
Su-na,altLabel,http://id.loc.gov/authorities/subjects/sh85123814
Suona,altLabel,http://id.loc.gov/authorities/subjects/sh85123814
Ta ti,altLabel,http://id.loc.gov/authorities/subjects/sh85123814
Wa wa erh,altLabel,http://id.loc.gov/authorities/subjects/sh85123814
Wu li wa,altLabel,http://id.loc.gov/authorities/subjects/sh85123814
Tʻaepʻyŏngso,prefLabel,http://id.loc.gov/authorities/subjects/sh95006327
Hojŏk,altLabel,http://id.loc.gov/authorities/subjects/sh95006327
Nallari,altLabel,http://id.loc.gov/authorities/subjects/sh95006327
Saenap,altLabel,http://id.loc.gov/authorities/subjects/sh95006327
Swaenap,altLabel,http://id.loc.gov/authorities/subjects/sh95006327
Zumari,prefLabel,http://id.loc.gov/authorities/subjects/sh85150057
Pommer,prefLabel,http://id.loc.gov/authorities/subjects/sh85104764
Tenora (Musical instrument),prefLabel,http://id.loc.gov/authorities/subjects/sh94002940
Zūrnā,prefLabel,http://id.loc.gov/authorities/subjects/sh91001176
Sorna,altLabel,http://id.loc.gov/authorities/subjects/sh91001176
Sornai,altLabel,http://id.loc.gov/authorities/subjects/sh91001176
Surlă,altLabel,http://id.loc.gov/authorities/subjects/sh91001176
Surle,altLabel,http://id.loc.gov/authorities/subjects/sh91001176
Surna,altLabel,http://id.loc.gov/authorities/subjects/sh91001176
Surnai,altLabel,http://id.loc.gov/authorities/subjects/sh91001176
Zukra,altLabel,http://id.loc.gov/authorities/subjects/sh91001176
Zurla,altLabel,http://id.loc.gov/authorities/subjects/sh91001176
Birdcall whistles,prefLabel,http://id.loc.gov/authorities/subjects/sh2007010448
Bird call whistles,altLabel,http://id.loc.gov/authorities/subjects/sh2007010448
Deer whistles,prefLabel,http://id.loc.gov/authorities/subjects/sh2007006118
Deer horns (Wildlife warning whistles),altLabel,http://id.loc.gov/authorities/subjects/sh2007006118
"Horns, Deer (Wildlife warning whistles)",altLabel,http://id.loc.gov/authorities/subjects/sh2007006118
"Warning whistles, Wildlife",altLabel,http://id.loc.gov/authorities/subjects/sh2007006118
Wildlife warning whistles,altLabel,http://id.loc.gov/authorities/subjects/sh2007006118
Terra-cotta whistles,prefLabel,http://id.loc.gov/authorities/subjects/sh95007362
Brass bands,prefLabel,http://id.loc.gov/authorities/subjects/sh85016437
Bands (Music),prefLabel,http://id.loc.gov/authorities/subjects/sh85011499
Military bands,altLabel,http://id.loc.gov/authorities/subjects/sh85011499
Wind bands,altLabel,http://id.loc.gov/authorities/subjects/sh85011499
Barbershop quartets (Musical groups),prefLabel,http://id.loc.gov/authorities/subjects/sh2011000235
Brass bands,prefLabel,http://id.loc.gov/authorities/subjects/sh85016437
Chamber music groups,prefLabel,http://id.loc.gov/authorities/subjects/sh85022425
Chapels (Music),prefLabel,http://id.loc.gov/authorities/subjects/sh85022583
Chapels royal (Music),altLabel,http://id.loc.gov/authorities/subjects/sh85022583
Music chapels,altLabel,http://id.loc.gov/authorities/subjects/sh85022583
Chirigotas,prefLabel,http://id.loc.gov/authorities/subjects/sh2022005599
Country music groups,prefLabel,http://id.loc.gov/authorities/subjects/sh85033471
Early-music groups,prefLabel,http://id.loc.gov/authorities/subjects/sh92000859
Early-music ensembles,altLabel,http://id.loc.gov/authorities/subjects/sh92000859
"Ensembles, Early-music",altLabel,http://id.loc.gov/authorities/subjects/sh92000859
"Ensembles, Historical performance",altLabel,http://id.loc.gov/authorities/subjects/sh92000859
"Groups, Early-music",altLabel,http://id.loc.gov/authorities/subjects/sh92000859
"Groups, Historical performance",altLabel,http://id.loc.gov/authorities/subjects/sh92000859
Historical performance ensembles,altLabel,http://id.loc.gov/authorities/subjects/sh92000859
Historical performance groups,altLabel,http://id.loc.gov/authorities/subjects/sh92000859
Folk music groups,prefLabel,http://id.loc.gov/authorities/subjects/sh85049848
Gospel groups,prefLabel,http://id.loc.gov/authorities/subjects/sh2023000940
Gothic rock groups,prefLabel,http://id.loc.gov/authorities/subjects/sh2008004020
Gothic rock music groups,altLabel,http://id.loc.gov/authorities/subjects/sh2008004020
Handbell choirs,prefLabel,http://id.loc.gov/authorities/subjects/sh2003002962
Handbell teams,altLabel,http://id.loc.gov/authorities/subjects/sh2003002962
Handchime choirs,prefLabel,http://id.loc.gov/authorities/subjects/sh2018001906
Jam bands,prefLabel,http://id.loc.gov/authorities/subjects/sh2003002249
Jambands,altLabel,http://id.loc.gov/authorities/subjects/sh2003002249
Murgas (Musical groups),prefLabel,http://id.loc.gov/authorities/subjects/sh2004014985
Orchestra,prefLabel,http://id.loc.gov/authorities/subjects/sh85095325
Percussion ensembles (Musical groups),prefLabel,http://id.loc.gov/authorities/subjects/sh2007002848
Rock groups,prefLabel,http://id.loc.gov/authorities/subjects/sh85114671
"Bands, Rock",altLabel,http://id.loc.gov/authorities/subjects/sh85114671
"Groups, Rock",altLabel,http://id.loc.gov/authorities/subjects/sh85114671
Punk rock groups,altLabel,http://id.loc.gov/authorities/subjects/sh85114671
Rock and roll bands,altLabel,http://id.loc.gov/authorities/subjects/sh85114671
Rock and roll groups,altLabel,http://id.loc.gov/authorities/subjects/sh85114671
Rock bands,altLabel,http://id.loc.gov/authorities/subjects/sh85114671
Rock-n-roll bands,altLabel,http://id.loc.gov/authorities/subjects/sh85114671
Rock-n-roll groups,altLabel,http://id.loc.gov/authorities/subjects/sh85114671
String bands,prefLabel,http://id.loc.gov/authorities/subjects/sh2001005053
Symphony orchestras,prefLabel,http://id.loc.gov/authorities/subjects/sh85131544
Tunas (Musical groups),prefLabel,http://id.loc.gov/authorities/subjects/sh2007001159
Vocal groups,prefLabel,http://id.loc.gov/authorities/subjects/sh2001006505
Vocal ensembles (Musical groups),altLabel,http://id.loc.gov/authorities/subjects/sh2001006505
Vocal music groups,altLabel,http://id.loc.gov/authorities/subjects/sh2001006505
Vocal quartets (Musical groups),prefLabel,http://id.loc.gov/authorities/subjects/sh2010006906
Wind ensembles (Musical groups),prefLabel,http://id.loc.gov/authorities/subjects/sh2011000342
Wind ensemble groups,altLabel,http://id.loc.gov/authorities/subjects/sh2011000342
Musical groups,prefLabel,http://id.loc.gov/authorities/subjects/sh85088960
Ensembles (Musical performance groups),altLabel,http://id.loc.gov/authorities/subjects/sh85088960
"Groups, Musical performance",altLabel,http://id.loc.gov/authorities/subjects/sh85088960
Musical performance ensembles,altLabel,http://id.loc.gov/authorities/subjects/sh85088960
Musical performance groups,altLabel,http://id.loc.gov/authorities/subjects/sh85088960
Altas (Musical groups),prefLabel,http://id.loc.gov/authorities/subjects/sh2003007317
Big bands,prefLabel,http://id.loc.gov/authorities/subjects/sh85013942
Big jazz bands,altLabel,http://id.loc.gov/authorities/subjects/sh85013942
Dance bands,altLabel,http://id.loc.gov/authorities/subjects/sh85013942
Jazz bands,altLabel,http://id.loc.gov/authorities/subjects/sh85013942
Jazz orchestras,altLabel,http://id.loc.gov/authorities/subjects/sh85013942
Stage bands,altLabel,http://id.loc.gov/authorities/subjects/sh85013942
Brass bands,prefLabel,http://id.loc.gov/authorities/subjects/sh85016437
Brass choirs,altLabel,http://id.loc.gov/authorities/subjects/sh85016437
Circus bands,prefLabel,http://id.loc.gov/authorities/subjects/sh92001369
Dance orchestras,prefLabel,http://id.loc.gov/authorities/subjects/sh85035648
Dance bands,altLabel,http://id.loc.gov/authorities/subjects/sh85035648
Dance orchestra,altLabel,http://id.loc.gov/authorities/subjects/sh85035648
Drum and bugle corps,prefLabel,http://id.loc.gov/authorities/subjects/sh85017679
Bugle and drum corps,altLabel,http://id.loc.gov/authorities/subjects/sh85017679
Drum corps,altLabel,http://id.loc.gov/authorities/subjects/sh85017679
Drum majors,prefLabel,http://id.loc.gov/authorities/subjects/sh85039778
Drum and fife corps,altLabel,http://id.loc.gov/authorities/subjects/sh85039778
Fife and drum bands,altLabel,http://id.loc.gov/authorities/subjects/sh85039778
Fife and drum corps,prefLabel,http://id.loc.gov/authorities/subjects/sh86007649
Jug bands,prefLabel,http://id.loc.gov/authorities/subjects/sh2001005051
Marching bands,prefLabel,http://id.loc.gov/authorities/subjects/sh85081020
Pipe bands,prefLabel,http://id.loc.gov/authorities/subjects/sh85102359
Bagpipe bands,altLabel,http://id.loc.gov/authorities/subjects/sh85102359
Rhythm bands and orchestras,prefLabel,http://id.loc.gov/authorities/subjects/sh85113836
Percussion bands,altLabel,http://id.loc.gov/authorities/subjects/sh85113836
Toy orchestras,altLabel,http://id.loc.gov/authorities/subjects/sh85113836
Saxophone choirs,prefLabel,http://id.loc.gov/authorities/subjects/sh2005005129
Saxophone bands,altLabel,http://id.loc.gov/authorities/subjects/sh2005005129
Saxophone orchestras,altLabel,http://id.loc.gov/authorities/subjects/sh2005005129
Steel bands (Music),prefLabel,http://id.loc.gov/authorities/subjects/sh85127813
Steel band (Musical ensemble),altLabel,http://id.loc.gov/authorities/subjects/sh85127813
Steel orchestra,altLabel,http://id.loc.gov/authorities/subjects/sh85127813
Steelbands (Music),altLabel,http://id.loc.gov/authorities/subjects/sh85127813
Tinpanny,altLabel,http://id.loc.gov/authorities/subjects/sh85127813
Washboard bands,prefLabel,http://id.loc.gov/authorities/subjects/sh00000869
Women's bands (Music),prefLabel,http://id.loc.gov/authorities/subjects/sh2016001993
All-girl bands (Music),altLabel,http://id.loc.gov/authorities/subjects/sh2016001993
Female bands (Music),altLabel,http://id.loc.gov/authorities/subjects/sh2016001993
Accordion bands,prefLabel,http://id.loc.gov/authorities/subjects/sh00000859
Accordion orchestras,altLabel,http://id.loc.gov/authorities/subjects/sh00000859
Balalaika orchestras,prefLabel,http://id.loc.gov/authorities/subjects/sh00000565
Bandoneon orchestras,prefLabel,http://id.loc.gov/authorities/subjects/sh2011000124
Bandoneon bands,altLabel,http://id.loc.gov/authorities/subjects/sh2011000124
Bandoneon choirs,altLabel,http://id.loc.gov/authorities/subjects/sh2011000124
Chamber orchestra,prefLabel,http://id.loc.gov/authorities/subjects/sh85022426
Dance orchestras,prefLabel,http://id.loc.gov/authorities/subjects/sh85035648
Dance bands,altLabel,http://id.loc.gov/authorities/subjects/sh85035648
Dance orchestra,altLabel,http://id.loc.gov/authorities/subjects/sh85035648
Harmonica bands,prefLabel,http://id.loc.gov/authorities/subjects/sh2011000126
Harmonica choirs,altLabel,http://id.loc.gov/authorities/subjects/sh2011000126
Harmonica orchestras,altLabel,http://id.loc.gov/authorities/subjects/sh2011000126
Mandolin orchestras,prefLabel,http://id.loc.gov/authorities/subjects/sh85080461
Mandolin bands,altLabel,http://id.loc.gov/authorities/subjects/sh85080461
Plucked instrument orchestras,prefLabel,http://id.loc.gov/authorities/subjects/sh95010369
"Bands, Plucked instrument",altLabel,http://id.loc.gov/authorities/subjects/sh95010369
"Orchestras, Plucked instrument",altLabel,http://id.loc.gov/authorities/subjects/sh95010369
Plectral orchestras,altLabel,http://id.loc.gov/authorities/subjects/sh95010369
Plucked instrument bands,altLabel,http://id.loc.gov/authorities/subjects/sh95010369
Plung orchestras,prefLabel,http://id.loc.gov/authorities/subjects/sh99011293
Rhythm bands and orchestras,prefLabel,http://id.loc.gov/authorities/subjects/sh85113836
Percussion bands,altLabel,http://id.loc.gov/authorities/subjects/sh85113836
Toy orchestras,altLabel,http://id.loc.gov/authorities/subjects/sh85113836
Siku orchestras,prefLabel,http://id.loc.gov/authorities/subjects/sh96009597
Steel bands (Music),prefLabel,http://id.loc.gov/authorities/subjects/sh85127813
Steel band (Musical ensemble),altLabel,http://id.loc.gov/authorities/subjects/sh85127813
Steel orchestra,altLabel,http://id.loc.gov/authorities/subjects/sh85127813
Steelbands (Music),altLabel,http://id.loc.gov/authorities/subjects/sh85127813
Tinpanny,altLabel,http://id.loc.gov/authorities/subjects/sh85127813
Symphony orchestras,prefLabel,http://id.loc.gov/authorities/subjects/sh85131544
Symphony orchestra,altLabel,http://id.loc.gov/authorities/subjects/sh85131544
Employer-sponsored orchestras,prefLabel,http://id.loc.gov/authorities/subjects/sh94003555
Piano trios (Musical groups),prefLabel,http://id.loc.gov/authorities/subjects/sh2003002065
String quartets (Musical groups),prefLabel,http://id.loc.gov/authorities/subjects/sh99011235
Maîtrises,prefLabel,http://id.loc.gov/authorities/subjects/sh85079950
France,altLabel,http://id.loc.gov/authorities/subjects/sh85079950
Grunge groups,prefLabel,http://id.loc.gov/authorities/subjects/sh95010469
Tribute bands (Musical groups),prefLabel,http://id.loc.gov/authorities/subjects/sh2007002974
Boy bands,prefLabel,http://id.loc.gov/authorities/subjects/sh2008005239
Male singing groups (Boy bands),altLabel,http://id.loc.gov/authorities/subjects/sh2008005239
Male vocal groups (Boy bands),altLabel,http://id.loc.gov/authorities/subjects/sh2008005239
Men's vocal groups (Boy bands),altLabel,http://id.loc.gov/authorities/subjects/sh2008005239
Choirs (Music),prefLabel,http://id.loc.gov/authorities/subjects/sh85024628
Choral groups,altLabel,http://id.loc.gov/authorities/subjects/sh85024628
Chorales (Musical groups),altLabel,http://id.loc.gov/authorities/subjects/sh85024628
Choruses (Musical groups),altLabel,http://id.loc.gov/authorities/subjects/sh85024628
Choral societies,prefLabel,http://id.loc.gov/authorities/subjects/sh85024704
Choral groups,altLabel,http://id.loc.gov/authorities/subjects/sh85024704
Choruses (Musical groups),altLabel,http://id.loc.gov/authorities/subjects/sh85024704
Singing societies,altLabel,http://id.loc.gov/authorities/subjects/sh85024704
Girl groups (Musical groups),prefLabel,http://id.loc.gov/authorities/subjects/sh2001002553
Female vocal groups (Girl groups),altLabel,http://id.loc.gov/authorities/subjects/sh2001002553
Women's vocal groups (Girl groups),altLabel,http://id.loc.gov/authorities/subjects/sh2001002553
Jazz vocal groups,prefLabel,http://id.loc.gov/authorities/subjects/sh2008002930
Jazz singing groups,altLabel,http://id.loc.gov/authorities/subjects/sh2008002930
Jazz vocal ensembles (Musical groups),altLabel,http://id.loc.gov/authorities/subjects/sh2008002930
Vocal jazz ensembles (Musical groups),altLabel,http://id.loc.gov/authorities/subjects/sh2008002930
Children's choirs,prefLabel,http://id.loc.gov/authorities/subjects/sh89002559
Children's choruses (Musical groups),altLabel,http://id.loc.gov/authorities/subjects/sh89002559
"Choirs, Children's",altLabel,http://id.loc.gov/authorities/subjects/sh89002559
Gay choirs,prefLabel,http://id.loc.gov/authorities/subjects/sh2010003068
Gay choruses,altLabel,http://id.loc.gov/authorities/subjects/sh2010003068
Glee clubs,prefLabel,http://id.loc.gov/authorities/subjects/sh2010014442
Maîtrises,prefLabel,http://id.loc.gov/authorities/subjects/sh85079950
Men's choirs,prefLabel,http://id.loc.gov/authorities/subjects/sh2010014452
Male choirs,altLabel,http://id.loc.gov/authorities/subjects/sh2010014452
Male choruses,altLabel,http://id.loc.gov/authorities/subjects/sh2010014452
Men's choruses (Musical groups),altLabel,http://id.loc.gov/authorities/subjects/sh2010014452
Show choirs,prefLabel,http://id.loc.gov/authorities/subjects/sh2010014453
Swing choirs,altLabel,http://id.loc.gov/authorities/subjects/sh2010014453
Women's choirs,prefLabel,http://id.loc.gov/authorities/subjects/sh2011002876
Female choirs,altLabel,http://id.loc.gov/authorities/subjects/sh2011002876
Female choruses,altLabel,http://id.loc.gov/authorities/subjects/sh2011002876
Women's choruses (Musical groups),altLabel,http://id.loc.gov/authorities/subjects/sh2011002876
Boys' choirs,prefLabel,http://id.loc.gov/authorities/subjects/sh96007071
Musicians,prefLabel,http://id.loc.gov/authorities/demographicTerms/dg2015060212
Conductors (Music),prefLabel,http://id.loc.gov/authorities/subjects/sh85030810
Music conductors,altLabel,http://id.loc.gov/authorities/subjects/sh85030810
Music directors,altLabel,http://id.loc.gov/authorities/subjects/sh85030810