fmpo,skos:exactMatch seko,owl:deprecated,skos:prefLabel_fi,skos:prefLabel_sv,skos:prefLabel_en,skos:altLabel,alt_lang,skos:hiddenLabel,hidden_lang,spatial-uri,dct:spatial,skos:topConceptOf,skos:broader,skos:broader_Label,editorial_issue_URL,YSO-ID,wikidata-id,skos:editorialNote,H&S_notation,H&S-ID,MIMO-ID,dbpedia,SEKO-LCMPT-mapping,LCMPT-ID,rdfs:seeAlso,dct:isReplacedBy ,skos:related,skos:definition,skos:scopeNote,skos:changeNote,skos:historyNote,skos:modified,seko:statusNote,skos:noteSeko1,iconclass-uri
fmpo:00001,http://urn.fi/urn:nbn:fi:au:seko:00001,,1-rivinen harmonikka,enradigt dragspel,one-row button accordion,,,,,,,,fmpo:00710,näppäinharmonikka,,,http://www.wikidata.org/entity/Q17769715,,,,,,skos:broadMatch,http://id.loc.gov/authorities/performanceMediums/mp2013015108,,,,,,,,,TARKISTA,,
fmpo:00001,,,,,,1-rivinen hanuri,fi,,,,,,,,,,,,,,,,,,,,,,,,,,,,
fmpo:00001,,,,,,kurttu,fi,,,,,,,,,,,,,,,,,,,,,,,,,,,,
fmpo:00001,,,,,,yksirivinen hanuri,fi,,,,,,,,,,,,,,,,,,,,,,,,,,,,
fmpo:00001,,,,,,yksirivinen harmonikka,fi,,,,,,,,,,,,,,,,,,,,,,,,,,,,
fmpo:00002,http://urn.fi/urn:nbn:fi:au:seko:00002,,2-rivinen harmonikka,tvåradigt dragspel,two-row button accordion,,,,,,,,fmpo:00710,näppäinharmonikka,,,http://www.wikidata.org/entity/Q116189063,,,,,,skos:broadMatch,http://id.loc.gov/authorities/performanceMediums/mp2013015108,,,,,,,,,TARKISTA,,
fmpo:00002,,,,,,2-rivinen hanuri,fi,,,,,,,,,,,,,,,,,,,,,,,,,,,,
fmpo:00002,,,,,,kaksirivinen hanuri,fi,,,,,,,,,,,,,,,,,,,,,,,,,,,,
fmpo:00002,,,,,,kaksirivinen harmonikka,fi,,,,,,,,,,,,,,,,,,,,,,,,,,,,
fmpo:00003,http://urn.fi/urn:nbn:fi:au:seko:00003,,3-rivinen harmonikka,treradigt dragspel,three-row button accordion,,,,,,,,fmpo:00710,näppäinharmonikka,,,http://www.wikidata.org/entity/Q116188892,,,,,,,,,,,,,,,,TARKISTA,,
fmpo:00003,,,,,,kolmirivinen harmonikka,fi,,,,,,,,,,,,,,,,,,,,,,,,,,,,
fmpo:00004,http://urn.fi/urn:nbn:fi:au:seko:00004,,4-rivinen harmonikka,fyraradigt dragspel,four-row button accordion,,,,,,,,fmpo:00710,näppäinharmonikka,,,http://www.wikidata.org/entity/Q116189012,,,,,,skos:broadMatch,http://id.loc.gov/authorities/performanceMediums/mp2013015108,,,,,,,,,TARKISTA,,
fmpo:00004,,,,,,nelirivinen harmonikka,fi,,,,,,,,,,,,,,,,,,,,,,,,,,,,
fmpo:00005,http://urn.fi/urn:nbn:fi:au:seko:00005,,5-kielinen kantele,femsträngad kantele,five string kantele,,,,,,,,fmpo:00470,kantele,,,http://www.wikidata.org/entity/Q116189258,,,,,,skos:broadMatch,http://id.loc.gov/authorities/performanceMediums/mp2013015373,,,,,,,,,TARKISTA,"Pienikokoinen, viidellä kielellä varustettu kantele.",
fmpo:00005,,,,,,femsträngad kantele,sv,,,,,,,,,,,,,,,,,,,,,,,,,,,,
fmpo:00005,,,,,,viisikielinen kantele,fi,,,,,,,,,,,,,,,,,,,,,,,,,,,,
fmpo:00005,,,,,,,,femstrangad kantele,sv,,,,,,,,,,,,,,,,,,,,,,,,,,
fmpo:00006,http://urn.fi/urn:nbn:fi:au:seko:00006,,5-rivinen harmonikka,femradigt dragspel,five-row button accordion,,,,,,,,fmpo:00710,näppäinharmonikka,,,http://www.wikidata.org/entity/Q116189123,,,,,,skos:broadMatch,http://id.loc.gov/authorities/performanceMediums/mp2013015001,,,,,,,,,TARKISTA,,
fmpo:00006,,,,,,viisirivinen harmonikka,fi,,,,,,,,,,,,,,,,,,,,,,,,,,,,
fmpo:00007,http://urn.fi/urn:nbn:fi:au:seko:00007,,6-rivinen harmonikka,sexradigt dragspel,six-row button accordion,,,,,,,,fmpo:00710,näppäinharmonikka,,,http://www.wikidata.org/entity/Q116189217,,,,,,skos:broadMatch,http://id.loc.gov/authorities/performanceMediums/mp2013015108,,,,,,,,,TARKISTA,,
fmpo:00007,,,,,,kuusirivinen harmonikka,fi,,,,,,,,,,,,,,,,,,,,,,,,,,,,
fmpo:00008,http://urn.fi/urn:nbn:fi:au:seko:00008,,7-kielinen kitara,7-strängad gitarr,seven-string guitar,,,,,,,,fmpo:00504,kitara,,,https://www.wikidata.org/entity/Q2096201,,,,,,,,,,,,,,,,TARKISTA,"Yleensä akustinen kitara, johon on lisätty yksi bassokieli.",
fmpo:00008,,,,,,Russian guitar,en,,,,,,,,,,,,,,,,,,,,,,,,,,,,
fmpo:00008,,,,,,seitsemänkielinen kitara,fi,,,,,,,,,,,,,,,,,,,,,,,,,,,,
fmpo:00008,,,,,,seitsenkielinen kitara,fi,,,,,,,,,,,,,,,,,,,,,,,,,,,,
fmpo:00008,,,,,,semistrunka,ru,,,,,,,,,,,,,,,,,,,,,,,,,,,,
fmpo:00008,,,,,,semistrunnaja gitara,ru,,,,,,,,,,,,,,,,,,,,,,,,,,,,
fmpo:00008,,,,,,violão de sete cordas,pt,,,,,,,,,,,,,,,,,,,,,,,,,,,,
fmpo:00008,,,,,,,,seitsemankielinen kitara,fi,,,,,,,,,,,,,,,,,,,,,,,,,,
fmpo:00008,,,,,,,,violao de sete cordas,pt,,,,,,,,,,,,,,,,,,,,,,,,,,
fmpo:00009,http://urn.fi/urn:nbn:fi:au:seko:00009,,9-kielinen kantele,9-strängad kantele,nine-string kantele,,,,,,,,fmpo:00470,kantele,,,http://www.wikidata.org/entity/Q116189309,,,,,,skos:broadMatch,http://id.loc.gov/authorities/performanceMediums/mp2013015373,,,,,,,,,TARKISTA,,
fmpo:00009,,,,,,yhdeksänkielinen kantele,fi,,,,,,,,,,,,,,,,,,,,,,,,,,,,
fmpo:00009,,,,,,,,yhdeksankielinen kantele,fi,,,,,,,,,,,,,,,,,,,,,,,,,,
fmpo:00010,http://urn.fi/urn:nbn:fi:au:seko:00010,,10-kielinen kantele,10-strängad kantele,ten string kantele,,,,,,,,fmpo:00470,kantele,,,http://www.wikidata.org/entity/Q116189294,,,,,,skos:broadMatch,http://id.loc.gov/authorities/performanceMediums/mp2013015373,,,,,,,,,TARKISTA,,
fmpo:00010,,,,,,kymmenenkielinen kantele,fi,,,,,,,,,,,,,,,,,,,,,,,,,,,,
fmpo:00010,,,,,,kymmenkielinen kantele,fi,,,,,,,,,,,,,,,,,,,,,,,,,,,,
fmpo:00011,http://urn.fi/urn:nbn:fi:au:seko:00011,,10-kielinen kitara,10-strängad gitarr,ten-string guitar,,,,,,,,fmpo:00504,kitara,,,https://www.wikidata.org/entity/Q2569413,,,,,,,,,,,,,,,,TARKISTA,"Lähinnä Narciso Yepesin tunnetuksi tekemä klassisen kitaran 10-kielinen erikoismalli, jota ei pidä sekoittaa décacorde-nimiseen 10-kieliseen harppukitaraan. Maailmalla tunnetaan lukuisia erilaisia kymmenen kieltä sisältää kitaramallia.",
fmpo:00011,,,,,,décacorde (kitara),fi,,,,,,,,,,,,,,,,,,,,,,,,,,,,
fmpo:00011,,,,,,kymmenenkielinen kitara,fi,,,,,,,,,,,,,,,,,,,,,,,,,,,,
fmpo:00011,,,,,,kymmenkielinen kitara,fi,,,,,,,,,,,,,,,,,,,,,,,,,,,,
fmpo:00011,,,,,,,,decacorde (kitara),fi,,,,,,,,,,,,,,,,,,,,,,,,,,
fmpo:00012,http://urn.fi/urn:nbn:fi:au:seko:00012,,12-kielinen kitara,12-strängad gitarr,twelve-string guitar,,,,,,,,fmpo:00504,kitara,,,http://www.wikidata.org/entity/Q678090,,,,,,,,,,,,,,,,TARKISTA,"Suurikokoinen kaksinnetuin teräskielin varustettu kitara, jota käytetään lähinnä populaarimusiikissa.",
fmpo:00012,,,,,,kaksitoistakielinen kitara,fi,,,,,,,,,,,,,,,,,,,,,,,,,,,,
fmpo:00013,http://urn.fi/urn:nbn:fi:au:seko:00013,,13-kielinen kantele,13-strängad kantele,13-string kantele,,,,,,,,fmpo:00470,kantele,,,http://www.wikidata.org/entity/Q116189338,,,,,,skos:broadMatch,http://id.loc.gov/authorities/performanceMediums/mp2013015373,,,,,,,,,TARKISTA,,
fmpo:00013,,,,,,kolmetoistakielinen kantele,fi,,,,,,,,,,,,,,,,,,,,,,,,,,,,
fmpo:00014,http://urn.fi/urn:nbn:fi:au:seko:00014,,aburukuwa,aburukuwa,aburukuwa,,,,,http://www.yso.fi/onto/yso/p106015,Ghana,,fmpo:01040,talking drum,,,http://www.wikidata.org/entity/Q3395204,,,,,,,,,,,,,,,,TARKISTA,Ghanalainen sylinterinmuotoinen rumpu.,
fmpo:00014,,,,,,abrukwa,fi,,,,,,,,,,,,,,,,,,,,,,,,,,,,
fmpo:00015,http://urn.fi/urn:nbn:fi:au:seko:00015,,acordeon,acordeon,acordeon,,,,,http://www.yso.fi/onto/yso/p105030,Romania,,fmpo:00764,pianoharmonikka,,,https://www.wikidata.org/entity/Q109120755,,,,,,skos:closeMatch,http://id.loc.gov/authorities/performanceMediums/mp2013015001,,,,,,,,,TARKISTA,Romanialainen pianoharmonikka.,
fmpo:00016,http://urn.fi/urn:nbn:fi:au:seko:00016,,adufe,adufe,adufe,,,,,"http://www.yso.fi/onto/yso/p105209,http://www.yso.fi/onto/yso/p105409,http://www.yso.fi/onto/yso/p105005",Espanja|Portugal|Latinalainen Amerikka,,fmpo:01050,tamburiini,,,https://www.wikidata.org/entity/Q13408004,,,,,,,,,,,,,,,,TARKISTA,"Espanjassa, Portugalissa ja Latinalaisessa Amerikassa käytetty kehärumpu.",
fmpo:00017,http://urn.fi/urn:nbn:fi:au:seko:00017,,afuchê,cabasa,cabasa,,,,,,,,fmpo:00627,lyömäsoitin,https://github.com/NatLibFi/SEKO/issues/25,,http://www.wikidata.org/entity/Q1024685,"MERGE  with ""cabasa"" seko:00177?",,,,,,,,,,,,,,,KESKEN,"Sambassa käytettävä, siemenverkolla päällystetty hedelmän tai kookospähkinän kuoresta valmistettu helistin.",
fmpo:00017,,,,,,afochê,fi,,,,,,,,,,,,,,,,,,,,,,,,,,,,
fmpo:00017,,,,,,cabasa,fi,,,,,,,,,,,,,,,,,,,,,,,,,,,,
fmpo:00017,,,,,,,,afoche,fi,,,,,,,,,,,,,,,,,,,,,,,,,,
fmpo:00017,,,,,,,,afuche,fi,,,,,,,,,,,,,,,,,,,,,,,,,,
fmpo:00018,http://urn.fi/urn:nbn:fi:au:seko:00018,,agbomboya,agbomboya,agbomboya,,,,,http://www.yso.fi/onto/yso/p105850,Zaire,,fmpo:00709,näppäilysoitin,,,https://www.wikidata.org/entity/Q101967894,,,,,,,,https://www.oxfordreference.com/view/10.1093/acref/9780199743391.001.0001/acref-9780199743391-e-65,,,,,,,,TARKISTA,Zairelainen lamellofoni (sormipiano).,
fmpo:00018,,,,,,abongboya,fi,,,,,,,,,,,,,,,,,,,,,,,,,,,,
fmpo:00019,http://urn.fi/urn:nbn:fi:au:seko:00019,,agbosí,agbosí,agbosí,,,,,http://www.yso.fi/onto/yso/p105269,Kuuba,,fmpo:00864,rumpu,,,https://www.wikidata.org/entity/Q101968884,,,,,,,,https://www.oxfordmusiconline.com/grovemusic/view/10.1093/gmo/9781561592630.001.0001/omo-9781561592630-e-4002255486,,,,,,,,TARKISTA,Afrokuubalainen kaksikalvoinen rumpu.,
fmpo:00019,,,,,,agbosi,fi,,,,,,,,,,,,,,,,,,,,,,,,,,,,
fmpo:00020,http://urn.fi/urn:nbn:fi:au:seko:00020,,agidigbo,agidigbo,agidigbo,,,,,"http://www.yso.fi/onto/yso/p104989,http://www.yso.fi/onto/yso/p109225",Nigeria|Benin,,fmpo:00709,näppäilysoitin,,,https://www.wikidata.org/entity/Q4692521,,,,,,,,,,,,,,,,TARKISTA,Nigeriassa ja Beninissä käytettävä lamellofoni (sormipiano).,
fmpo:00021,http://urn.fi/urn:nbn:fi:au:seko:00021,,agogô,agogô,agogo,,,,,,,,fmpo:00485,kello,,,https://www.wikidata.org/entity/Q395212,,,,,,skos:exactMatch,http://id.loc.gov/authorities/performanceMediums/mp2014015007,https://musicbrainz.org/instrument/f341241c-6a19-4ed9-acb0-0b89fe0bfdef,,,,,,,,TARKISTA,Sambassa käytettävä kaksipäinen kello.,
fmpo:00021,,,,,,agogô,en,,,,,,,,,,,,,,,,,,,,,,,,,,,,
fmpo:00021,,,,,,can can,en,,,,,,,,,,,,,,,,,,,,,,,,,,,,
fmpo:00022,http://urn.fi/urn:nbn:fi:au:seko:00022,,agogô triplo,agogô triplo,agogô triplo,,,,,,,,fmpo:00485,kello,,,http://www.wikidata.org/entity/Q116163586,,,,,,,,,,,,,,,,TARKISTA,Sambassa käytettävä kolmipäinen kello.,
fmpo:00022,,,,,,agogo triplo,fi,,,,,,,,,,,,,,,,,,,,,,,,,,,,
fmpo:00022,,,,,,triple agogo,en,,,,,,,,,,,,,,,,,,,,,,,,,,,,
fmpo:00023,http://urn.fi/urn:nbn:fi:au:seko:00023,,agung,agung,agung,,,,,"http://www.yso.fi/onto/yso/p105242,http://www.yso.fi/onto/yso/p105717",Indonesia|Malesia,,fmpo:00376,gongi,,,https://www.wikidata.org/entity/Q398619,,,,,,,,,,,,,,,,TARKISTA,Indonesian saarilla ja Malaijin niemimaalla käytettävä gongi.,
fmpo:00024,http://urn.fi/urn:nbn:fi:au:seko:00024,,aidatrumpetti,aidatrumpet,tromba egiziana,,,,,,,,fmpo:01117,trumpetti,,,https://www.wikidata.org/entity/Q10403797,,,,,,,,,,,,,,,,TARKISTA,"Pitkä, kaksiventtiilinen fanfaaritrumpetti, joka rakennettiin Verdin Aida-oopperaa varten.",
fmpo:00024,,,,,,egyptiläinen trumpetti,fi,,,,,,,,,,,,,,,,,,,,,,,,,,,,
fmpo:00025,http://urn.fi/urn:nbn:fi:au:seko:00025,,aizai,aizai,aizai,,,,,http://www.yso.fi/onto/yso/p104984,Kiina,,fmpo:00715,oboesoitin,,,https://www.wikidata.org/entity/Q411553,,,,,,,,,,,,,,,,TARKISTA,"Kiinalainen, oboetyyppinen puhallinsoitin.",
fmpo:00025,,,,,,ǎizǎi,cn,,,,,,,,,,,,,,,,,,,,,,,,,,,,
fmpo:00025,,,,,,nán'ǎi,cn,,,,,,,,,,,,,,,,,,,,,,,,,,,,
fmpo:00026,http://urn.fi/urn:nbn:fi:au:seko:00026,,ajaeng,ajaeng,ajaeng,,,,,http://www.yso.fi/onto/yso/p109302,Korea,,fmpo:00446,jousisoitin,,,https://www.wikidata.org/entity/Q411880,,,,http://www.mimo-db.eu/InstrumentsKeywords/3829,,skos:exactMatch,http://id.loc.gov/authorities/performanceMediums/mp2013015007,https://musicbrainz.org/instrument/51d4054b-b13a-47bd-9ff4-cfc42009c42c;,,,,,,,,TARKISTA,"Korealainen, jousella soitettava sitra.",
fmpo:00027,http://urn.fi/urn:nbn:fi:au:seko:00027,,akustinen kitara,akustisk gitarr,acoustic guitar,,,,,,,,fmpo:00504,kitara,,http://www.yso.fi/onto/yso/p22040,http://www.wikidata.org/entity/Q31561,,,,,,skos:exactMatch,http://id.loc.gov/authorities/performanceMediums/mp2013015306,,,,,,,,,TARKISTA,"Kitara, jonka ääntä ei ole sähköisesti vahvistettu tai muunneltu. Termiä suositellaan käytettäväksi erottamaan populaarimusiikissa käytettävät akustiset kitarat (kuten esim. country-kitara) taidemusiikissa käytettävästä ""klassisesta kitarasta"", joka on ai",
fmpo:00027,,,,,,ac-g (akustinen kitara),fi,,,,,,,,,,,,,,,,,,,,,,,,,,,,
fmpo:00027,,,,,,flamencokitara,fi,,,,,,,,,,,,,,,,,,,,,,,,,,,,
fmpo:00028,http://urn.fi/urn:nbn:fi:au:seko:00028,,alasin,städ,anvil,,,,,,,,fmpo:00627,lyömäsoitin,,,http://www.wikidata.org/entity/Q16632086,,,,,,,,,,,,,,,,TARKISTA,Soittimena käytettävä sepän varuste.,
fmpo:00029,http://urn.fi/urn:nbn:fi:au:seko:00029,,alboka,alboka,alboka,,,,,http://www.yso.fi/onto/yso/p138291,Baskimaa,,fmpo:00715,oboesoitin,,,https://www.wikidata.org/entity/Q313053,,,,,,,lcmpt:mp2013015008,https://musik-instrument.se/alboka/,,,,,,,,TARKISTA,Baskimaalainen kaksoislehdykkäsoitin.,
fmpo:00029,,,,,,albogue,fi,,,,,,,,,,,,,,,,,,,,,,,,,,,,
fmpo:00030,http://urn.fi/urn:nbn:fi:au:seko:00030,,algaita,algaita,algaita,,,,,http://www.yso.fi/onto/yso/p118210,Länsi-Afrikka,,fmpo:00715,oboesoitin,,,https://www.wikidata.org/entity/Q2646434,,,,,,,,,,,,,,,,TARKISTA,Länsiafrikkalainen oboetyyppinen puhallinsoitin.,
fmpo:00031,http://urn.fi/urn:nbn:fi:au:seko:00031,,algoja,algoja,alghoza,,,,,"http://www.yso.fi/onto/yso/p235078,http://www.yso.fi/onto/yso/p105965",Pohjois-Intia|Pakistan,,fmpo:01134,tulppakanavahuilu,,,https://www.wikidata.org/entity/Q568883,,,,,,skos:exactMatch,http://id.loc.gov/authorities/performanceMediums/mp2013015009,,,,,,,,,TARKISTA,Pohjois-Intiassa ja Pakistanissa käytettävä huilusoitin.,
fmpo:00032,http://urn.fi/urn:nbn:fi:au:seko:00032,,alppitorvi,alphorn,alphorn,,,,,http://www.yso.fi/onto/yso/p115088,Alpit,,fmpo:00819,puutrumpetti,,http://www.yso.fi/onto/yso/p29787,http://www.wikidata.org/entity/Q685206,,423.121.22,http://www.mimo-db.eu/HornbostelAndSachs/347,http://www.mimo-db.eu/InstrumentsKeywords/4372,https://dbpedia.org/page/Alphorn,skos:exactMatch,http://id.loc.gov/authorities/performanceMediums/mp2013015010,,,,"""Yksinkertainen paimentorvi (luonnonsäveltorvi), jota käytetään Alppien alueella.""@fi, ""Enkelt vallhorn som används i Alperna.""@sv, ""Simple long wooden horn with a cup-shaped mouthpiece used in the European Alps.""@en",,,,2026-08-04,valid,"Yksinkertainen paimentorvi (luonnonsäveltorvi), jota käytetään Alppien alueella.",
fmpo:00032,,,,,,alpenhorn,en,,,,,,,,,,,,,,,,,,,,,,,,,,,,
fmpo:00032,,,,,,alpine horn,en,,,,,,,,,,,,,,,,,,,,,,,,,,,,
fmpo:00032,,,,,,Alphorn,de,,,,,,,,,,,,,,,,,,,,,,,,,,,,
fmpo:00032,,,,,,corno alpino,it,,,,,,,,,,,,,,,,,,,,,,,,,,,,
fmpo:00032,,,,,,corno svizzero,it,,,,,,,,,,,,,,,,,,,,,,,,,,,,
fmpo:00032,,,,,,Cor des Alpes,fr,,,,,,,,,,,,,,,,,,,,,,,,,,,,
fmpo:00033,http://urn.fi/urn:nbn:fi:au:seko:00033,,altto,alt,alto voice,,,,,,,,fmpo:00654,matala lauluääni,,http://www.yso.fi/onto/yso/p29967,http://www.wikidata.org/entity/Q37137,"""2026-08-04 corrected prefLabels, added altLabels, checked mappings""@en",,,,,skos:exactMatch,http://id.loc.gov/authorities/performanceMediums/mp2013015017,,,,"""Matalin naisääni laulumusiikin äänialana (g-e'' tai laajempi). Käsitettä ei käytetä ilmaisemaan erilaisia alttoäänisiä soittimia tai yleensä soittimen äänialan korkeutta. (YSO)""@fi, ""Den lägsta kvinnliga rösten som röstläge i vokalmusik (g-e'' eller vidare). Begreppet används inte för att ange instruments tonhöjd. (ALLFO)""@sv, ",,,,2026-08-04,KESKEN,Termillä tarkoitetaan lauluäänen äänialaa.,
fmpo:00033,,,,,,A (altto),fi,,,,,,,,,,,,,,,,,,,,,,,,,,,,
fmpo:00033,,,,,,contralto,en,,,,,,,,,,,,,,,,,,,,,,,,,,,,
fmpo:00033,,,,,,kontraalt,sv,,,,,,,,,,,,,,,,,,,,,,,,,,,,
fmpo:00033,,,,,,kontra-altto,fi,,,,,,,,,,,,,,,,,,,,,,,,,,,,
fmpo:00033,,,,,,alto (vocal registers),en,,,,,,,,,,,,,,,,,,,,,,,,,,,,
fmpo:00033,,,,,,atl (sångstämmor),sv,,,,,,,,,,,,,,,,,,,,,,,,,,,,
fmpo:00033,,,,,,alto (singer),en,,,,,,,,,,,,,,,,,,,,,,,,,,,,
fmpo:00033,,,,,,contralto voice,en,,,,,,,,,,,,,,,,,,,,,,,,,,,,
fmpo:00033,,,,,,alttoääni,fi,,,,,,,,,,,,,,,,,,,,,,,,,,,,
fmpo:00033,,,,,,altto (aanialat),fi,,,,,,,,,,,,,,,,,,,,,,,,,,,,
fmpo:00034,http://urn.fi/urn:nbn:fi:au:seko:00034,,alttochalumeau,altchalumeau,alto chalumeau,,,,,,,,fmpo:00198,chalumeau,,,http://www.wikidata.org/entity/Q116189361,,,,,,skos:broadMatch,http://id.loc.gov/authorities/performanceMediums/mp2013015125,,,,,,,,,TARKISTA,"Alttokokoinen chalumeau, jonka ääniala on c'–f'' tai c'–fis''.",
fmpo:00034,,,,,,alt chalumeau,sv,,,,,,,,,,,,,,,,,,,,,,,,,,,,
fmpo:00034,,,,,,alt-chalimou,sv,,,,,,,,,,,,,,,,,,,,,,,,,,,,
fmpo:00034,,,,,,Altchalumeau,de,,,,,,,,,,,,,,,,,,,,,,,,,,,,
fmpo:00034,,,,,,Quart-Chalumeau,de,,,,,,,,,,,,,,,,,,,,,,,,,,,,
fmpo:00034,,,,,,secont chalimou,fr,,,,,,,,,,,,,,,,,,,,,,,,,,,,
fmpo:00035,http://urn.fi/urn:nbn:fi:au:seko:00035,,alttogamba,altgamba,alto viol,,,,,,,,fmpo:01185,viola da gamba,,,http://www.wikidata.org/entity/Q52769618,,,,,,,,,,,,,,,,TARKISTA,Alttoäänialainen viola da gamba.,
fmpo:00035,,,,,,alto viola da gamba,en,,,,,,,,,,,,,,,,,,,,,,,,,,,,
fmpo:00036,http://urn.fi/urn:nbn:fi:au:seko:00036,,alttohuilu,altflöjt,alto flute,,,,,,,,fmpo:00417,huilu,,,http://www.wikidata.org/entity/Q544352,,,,,,skos:exactMatch,http://id.loc.gov/authorities/performanceMediums/mp2013015012,,,,,,,,,TARKISTA,,
fmpo:00036,,,,,,altfluit,nl,,,,,,,,,,,,,,,,,,,,,,,,,,,,
fmpo:00036,,,,,,altfløjte,da,,,,,,,,,,,,,,,,,,,,,,,,,,,,
fmpo:00036,,,,,,altfløyte,no,,,,,,,,,,,,,,,,,,,,,,,,,,,,
fmpo:00036,,,,,,alto flüt,tr,,,,,,,,,,,,,,,,,,,,,,,,,,,,
fmpo:00036,,,,,,flauta alto,sp,,,,,,,,,,,,,,,,,,,,,,,,,,,,
fmpo:00036,,,,,,flauta contralto,pt,,,,,,,,,,,,,,,,,,,,,,,,,,,,
fmpo:00036,,,,,,flauto contralto,it,,,,,,,,,,,,,,,,,,,,,,,,,,,,
fmpo:00036,,,,,,flûte alto,fr,,,,,,,,,,,,,,,,,,,,,,,,,,,,
fmpo:00036,,,,,,flûte en sol,fr,,,,,,,,,,,,,,,,,,,,,,,,,,,,
fmpo:00036,,,,,,G-fløjte,da,,,,,,,,,,,,,,,,,,,,,,,,,,,,
fmpo:00036,,,,,,Quartflöte,de,,,,,,,,,,,,,,,,,,,,,,,,,,,,
fmpo:00036,,,,,,,,altflojt,sv,,,,,,,,,,,,,,,,,,,,,,,,,,
fmpo:00036,,,,,,,,altflojte,da,,,,,,,,,,,,,,,,,,,,,,,,,,
fmpo:00036,,,,,,,,altfloyte,no,,,,,,,,,,,,,,,,,,,,,,,,,,
fmpo:00036,,,,,,,,alto flut,fr,,,,,,,,,,,,,,,,,,,,,,,,,,
fmpo:00036,,,,,,,,flute alto,fr,,,,,,,,,,,,,,,,,,,,,,,,,,
fmpo:00036,,,,,,,,flute en sol,fr,,,,,,,,,,,,,,,,,,,,,,,,,,
fmpo:00036,,,,,,,,G-flojte,da,,,,,,,,,,,,,,,,,,,,,,,,,,
fmpo:00036,,,,,,,,Quartflote,de,,,,,,,,,,,,,,,,,,,,,,,,,,
fmpo:00037,http://urn.fi/urn:nbn:fi:au:seko:00037,,alttoklarinetti,altklarinett,alto clarinet,,,,,,,,fmpo:00512,klarinetti,,,http://www.wikidata.org/entity/Q656766,,,,,,skos:exactMatch,http://id.loc.gov/authorities/performanceMediums/mp2013015011,,,,,,,,,TARKISTA,Yleensä Es-vireinen alttokokoinen klarinetti.,
fmpo:00038,http://urn.fi/urn:nbn:fi:au:seko:00038,,alttonokkahuilu,altblockflöjt,treble recorder,,,,,,,,fmpo:00704,nokkahuilu,,,https://www.wikidata.org/entity/Q15791824,,,,,,skos:closeMatch,http://id.loc.gov/authorities/performanceMediums/mp2013015014,,,,,,,,,TARKISTA,"Alttokokoinen nokkahuilu, jonka ääniala alkaa f':stä.",
fmpo:00038,,,,,,Altblockflöte,de,,,,,,,,,,,,,,,,,,,,,,,,,,,,
fmpo:00038,,,,,,,,Altblockflote,de,,,,,,,,,,,,,,,,,,,,,,,,,,
fmpo:00039,http://urn.fi/urn:nbn:fi:au:seko:00039,,alttopasuuna,alttrombon,alto trombone,,,,,,,,fmpo:00752,pasuuna,,,https://www.wikidata.org/entity/Q94698251,"""2023-10-30:  MUUSA ratkaisu  (kirjattu Valmiit Versio 253: Korjattu määritelmä""",,,,,skos:closeMatch,"http://id.loc.gov/authorities/performanceMediums/mp2013015016, http://id.loc.gov/authorities/performanceMediums/mp2013015607",,,,"""Alttoääninen pasuuna, joka on äänialaltaan tenori- ja sopraanopasuunan välissä. Alttopasuuna soi Es- tai F-vireessä.""@fi",,"""2023-10-30:  changed definition to _Alttoääninen pasuuna, joka on äänialaltaan tenori- ja sopraanopasuunan välissä. Alttopasuuna soi Es- tai F-vireessä._""",,2026-07-05,modified,,
fmpo:00039,,,,,,alto sackbut,en,,,,,,,,,,,,,,,,,,,,,,,,,,,,
fmpo:00039,,,,,,Altposaune,de,,,,,,,,,,,,,,,,,,,,,,,,,,,,
fmpo:00040,http://urn.fi/urn:nbn:fi:au:seko:00040,,alttosaksofoni,altsaxofon,alto sax,,,,,,,,fmpo:00879,saksofoni,,,https://www.wikidata.org/entity/Q445275,saxonette http://urn.fi/urn:nbn:fi:au:seko:86527,,,,,skos:exactMatch,http://id.loc.gov/authorities/performanceMediums/mp2013015015,,,,,,,,,TARKISTA,Termiä suositellaan käytettäväksi lähinnä populaarimusiikin yhteydessä.,
fmpo:00040,,,,,,altto (alttosaksofoni),fi,,,,,,,,,,,,,,,,,,,,,,,,,,,,
fmpo:00040,,,,,,alttofoni,fi,,,,,,,,,,,,,,,,,,,,,,,,,,,,
fmpo:00040,,,,,,as (alttosaksofoni),fi,,,,,,,,,,,,,,,,,,,,,,,,,,,,
fmpo:00041,http://urn.fi/urn:nbn:fi:au:seko:00041,,alttosinkki,altsinka,treble cornett,,,,,,,,fmpo:00571,käyrä sinkki,,,http://www.wikidata.org/entity/Q116213820,DISTINGUISH FROM cornettino http://www.wikidata.org/entity/Q5171699,,,,,skos:closeMatch,http://id.loc.gov/authorities/performanceMediums/mp2013015185,,,,,,,,,TARKISTA,"Käyrä alttokokoinen sinkki, jonka ääniala alkaa g:stä tai a:sta.",
fmpo:00041,,,,,,Chorzink,de,,,,,,,,,,,,,,,,,,,,,,,,,,,,
fmpo:00041,,,,,,cornet à bouquin alto,fr,,,,,,,,,,,,,,,,,,,,,,,,,,,,
fmpo:00041,,,,,,kuorosinkki,fi,,,,,,,,,,,,,,,,,,,,,,,,,,,,
fmpo:00041,,,,,,recht Chorzinck,de,,,,,,,,,,,,,,,,,,,,,,,,,,,,
fmpo:00041,,,,,,,,cornet a bouquin alto,fr,,,,,,,,,,,,,,,,,,,,,,,,,,
fmpo:00042,http://urn.fi/urn:nbn:fi:au:seko:00042,,alttotorvi,althorn,alto horn,,,,,,,,fmpo:00904,saxhorn,,,http://www.wikidata.org/entity/Q157420,,,,,,skos:closeMatch,http://id.loc.gov/authorities/performanceMediums/mp2013015013,,,,,,,,,TARKISTA,"Sotilassoittokunnissa käytettävä sankatorvi (vaskipuhallin). Britteinsaarilla soitinta kutsutaan nimellä ""tenor horn"".",
fmpo:00042,,,,,,a-h (alttotorvi),fi,,,,,,,,,,,,,,,,,,,,,,,,,,,,
fmpo:00042,,,,,,Althorn,de,,,,,,,,,,,,,,,,,,,,,,,,,,,,
fmpo:00042,,,,,,E♭ horn,en,,,,,,,,,,,,,,,,,,,,,,,,,,,,
fmpo:00042,,,,,,tenor horn,en,,,,,,,,,,,,,,,,,,,,,,,,,,,,
fmpo:00042,,,,,,,,E horn,en,,,,,,,,,,,,,,,,,,,,,,,,,,
fmpo:00043,http://urn.fi/urn:nbn:fi:au:seko:00043,,alttoviulu,viola,viola,,,,,,,,fmpo:00446,jousisoitin,,http://www.yso.fi/onto/yso/p14228,http://www.wikidata.org/entity/Q80284,,,,,,,,,,,,,,,,TARKISTA,Viuluperheen alttoääninen viulu.,
fmpo:00043,,,,,,altviolin,sv,,,,,,,,,,,,,,,,,,,,,,,,,,,,
fmpo:00043,,,,,,Br. (alttoviulu),fi,,,,,,,,,,,,,,,,,,,,,,,,,,,,
fmpo:00043,,,,,,Bratsche,de,,,,,,,,,,,,,,,,,,,,,,,,,,,,
fmpo:00043,,,,,,va (alttoviulu),fi,,,,,,,,,,,,,,,,,,,,,,,,,,,,
fmpo:00043,,,,,,vla (alttoviulu),fi,,,,,,,,,,,,,,,,,,,,,,,,,,,,
fmpo:00044,http://urn.fi/urn:nbn:fi:au:seko:00044,,amadinda,amadinda,amadinda,,,,,http://www.yso.fi/onto/yso/p184560,Keskinen Afrikka,,fmpo:00552,ksylofoni,,,http://www.wikidata.org/entity/Q452030,,,,,,skos:exactMatch,http://id.loc.gov/authorities/performanceMediums/mp2013015018,,,,,,,,,TARKISTA,Keskiafrikkalainen 12-kielinen ksylofoni.,
fmpo:00044,,,,,,madinda,fi,,,,,,,,,,,,,,,,,,,,,,,,,,,,
fmpo:00045,http://urn.fi/urn:nbn:fi:au:seko:00045,,aman huur,aman huur,aman huur,,,,,http://www.yso.fi/onto/yso/p105251,Mongolia,,fmpo:00685,munniharppu,,,https://www.wikidata.org/entity/Q68647735,,,,,,,,,,,,,,,,TARKISTA,Mongolialainen munniharppu.,
fmpo:00046,http://urn.fi/urn:nbn:fi:au:seko:00046,,ānandalaharī,ānandalaharī,gubguba,,,,,"http://www.yso.fi/onto/yso/p105027,http://www.wikidata.org/entity/Q1151572,http://www.yso.fi/onto/yso/p105275",Itä-Intiä|Bangladesh,,fmpo:00500,kielisoitin,,,http://www.wikidata.org/entity/Q98079039,,,,,,,,,,,,,,,,TARKISTA,Itäintialainen ja bangladeshilainen näppäiltävä rumpu.,
fmpo:00046,,,,,,ananda lahari,fi,,,,,,,,,,,,,,,,,,,,,,,,,,,,
fmpo:00046,,,,,,gubgubī,en,,,,,,,,,,,,,,,,,,,,,,,,,,,,
fmpo:00046,,,,,,khamak,de,,,,,,,,,,,,,,,,,,,,,,,,,,,,
fmpo:00046,,,,,,,,gubgubi,en,,,,,,,,,,,,,,,,,,,,,,,,,,
fmpo:00047,http://urn.fi/urn:nbn:fi:au:seko:00047,,angélique,angelica,angélique,,,,,http://www.yso.fi/onto/yso/p94111,Eurooppa,,fmpo:00622,luuttu,,,https://www.wikidata.org/entity/Q356330,,,,,,,,,,,,,,,,TARKISTA,,
fmpo:00047,,,,,,angelique,fi,,,,,,,,,,,,,,,,,,,,,,,,,,,,
fmpo:00048,http://urn.fi/urn:nbn:fi:au:seko:00048,,angklung,angklung,angklung,,,,,http://www.yso.fi/onto/yso/p105242,Indonesia,,fmpo:00404,helistin,,,https://www.wikidata.org/entity/Q540049,,,,,,skos:closeMatch,http://id.loc.gov/authorities/performanceMediums/mp2013015020,,,,,,,,,TARKISTA,"Indonesialainen lyömäsoitin, jossa on oktaaveihin viritettyjä bambuputkia kehikossa ja jota soitetaan heiluttamalla. Melodioiden soittamista varten tarvitaan useita erivireisiä angklungeja, joilla kullakin on oma soittajansa.",
fmpo:00049,http://urn.fi/urn:nbn:fi:au:seko:00049,,antara,antara,antara,,,,,"http://www.yso.fi/onto/yso/p105378,http://www.yso.fi/onto/yso/p107390",Peru|Andit,,fmpo:00749,panhuilu,,,https://www.wikidata.org/entity/Q2852614,,,,,,skos:closeMatch,http://id.loc.gov/authorities/performanceMediums/mp2013015528,,,,,,,,,TARKISTA,Perussa ja muualla Andeilla esiintyvä panhuilu.,
fmpo:00050,http://urn.fi/urn:nbn:fi:au:seko:00050,,apang,apang,bhapang,,,,,http://www.yso.fi/onto/yso/p235078,Pohjois-Intia,,fmpo:00500,kielisoitin,,,https://www.wikidata.org/entity/Q52192089,,,,,,,,,,,,,,,,TARKISTA,Pohjoisintialainen näppäiltävä rumpu.,
fmpo:00051,http://urn.fi/urn:nbn:fi:au:seko:00051,,apito,apito,apito de samba,,,,,,,,fmpo:00776,pilli,,,https://www.wikidata.org/entity/Q1483670,,,,,,,,https://musicbrainz.org/instrument/6c09e10d-7ed8-47a6-a9f2-8551b19b2d92,,,,,,,,TARKISTA,Sambassa käytettävä puinen vihellyspilli.,
fmpo:00051,,,,,,samba whistle,en,,,,,,,,,,,,,,,,,,,,,,,,,,,,
fmpo:00051,,,,,,sambapilli,fi,,,,,,,,,,,,,,,,,,,,,,,,,,,,
fmpo:00052,http://urn.fi/urn:nbn:fi:au:seko:00052,,Appalachian dulcimer,Appalachian dulcimer,Appalachian dulcimer,,,,,http://www.yso.fi/onto/yso/p239421,Appalakit,,fmpo:00943,sitra,,,https://www.wikidata.org/entity/Q2145031,,,,,,skos:exactMatch,http://id.loc.gov/authorities/performanceMediums/mp2013015022,,,,,,,,,TARKISTA,"Yhdysvaltain Appalakkien alueella käytettävä sitrasoitin, joka ei ole nimestään huolimatta varsinainen dulcimer.",
fmpo:00052,,,,,,American dulcimer,en,,,,,,,,,,,,,,,,,,,,,,,,,,,,
fmpo:00052,,,,,,delcumer,en,,,,,,,,,,,,,,,,,,,,,,,,,,,,
fmpo:00052,,,,,,dulcymore,en,,,,,,,,,,,,,,,,,,,,,,,,,,,,
fmpo:00052,,,,,,harmonium (sitra),fi,,,,,,,,,,,,,,,,,,,,,,,,,,,,
fmpo:00052,,,,,,harmony box,en,,,,,,,,,,,,,,,,,,,,,,,,,,,,
fmpo:00052,,,,,,hog fiddle,en,,,,,,,,,,,,,,,,,,,,,,,,,,,,
fmpo:00052,,,,,,Kentucky dulcimer,en,,,,,,,,,,,,,,,,,,,,,,,,,,,,
fmpo:00052,,,,,,lap dulcimer,en,,,,,,,,,,,,,,,,,,,,,,,,,,,,
fmpo:00052,,,,,,mountain dulcimer,en,,,,,,,,,,,,,,,,,,,,,,,,,,,,
fmpo:00052,,,,,,music box (sitra),fi,,,,,,,,,,,,,,,,,,,,,,,,,,,,
fmpo:00052,,,,,,plucked dulcimer,en,,,,,,,,,,,,,,,,,,,,,,,,,,,,
fmpo:00053,http://urn.fi/urn:nbn:fi:au:seko:00053,,ardin,ardin,ardin,,,,,http://www.yso.fi/onto/yso/p109169,Mauritania,,fmpo:00398,harppu,,,https://www.wikidata.org/entity/Q6532301,,,,,,,,,,,,,,,,TARKISTA,Mauritanialainen griot-yhteisön käyttämä harppu.,
fmpo:00054,http://urn.fi/urn:nbn:fi:au:seko:00054,,arghūl,arghūl,arghul,,,,,http://www.yso.fi/onto/yso/p108565,Välimeren alue,,fmpo:00513,klarinettisoitin,,,http://www.wikidata.org/entity/Q646920,,422.22,,,,,lcmpt:mp2013015025,https://musik-instrument.se/arghul/,,,,,,,,TARKISTA,Välimeren alueella tunnettu kaksoisklarinetti.,
fmpo:00054,,,,,,arghoul,fi,,,,,,,,,,,,,,,,,,,,,,,,,,,,
fmpo:00054,,,,,,arghul,fi,,,,,,,,,,,,,,,,,,,,,,,,,,,,
fmpo:00054,,,,,,argul,fi,,,,,,,,,,,,,,,,,,,,,,,,,,,,
fmpo:00054,,,,,,arġūl,fi,,,,,,,,,,,,,,,,,,,,,,,,,,,,
fmpo:00054,,,,,,yavghul,fi,,,,,,,,,,,,,,,,,,,,,,,,,,,,
fmpo:00055,http://urn.fi/urn:nbn:fi:au:seko:00055,,arkkiluuttu,archiluta,archlute,,,,,,,,fmpo:00622,luuttu,https://github.com/NatLibFi/SEKO/issues/143,,http://www.wikidata.org/entity/Q1633881,,,,,,skos:exactMatch,http://id.loc.gov/authorities/performanceMediums/mp2013015025,,,,,,added arkkiluuttu to the issue,,2026-07-04,KESKEN,,
fmpo:00055,,,,,,archiluth,sv,,,,,,,,,,,,,,,,,,,,,,,,,,,,
fmpo:00055,,,,,,arcileuto,it,,,,,,,,,,,,,,,,,,,,,,,,,,,,
fmpo:00055,,,,,,arciliuto,it,,,,,,,,,,,,,,,,,,,,,,,,,,,,
fmpo:00055,,,,,,chitarrone,it,,,,,,,,,,,,,,,,,,,,,,,,,,,,
fmpo:00055,,,,,,Erzlaute,de,,,,,,,,,,,,,,,,,,,,,,,,,,,,
fmpo:00056,http://urn.fi/urn:nbn:fi:au:seko:00056,,arpanetta,arpanetta,spitzharfe,,,,,http://www.yso.fi/onto/yso/p94111,Eurooppa,,fmpo:00799,psaltteri,,,https://www.wikidata.org/entity/Q7578333,,,,,,,lcmpt:mp2013015028,,,,,,,,,TARKISTA,"Pystyasentoinen kaksoispsaltteri (laatikkositra), joka oli käytössä Euroopassa 1600- ja 1700-luvuilla.",
fmpo:00056,,,,,,arpa-citara,es,,,,,,,,,,,,,,,,,,,,,,,,,,,,
fmpo:00056,,,,,,arpaneta,es,,,,,,,,,,,,,,,,,,,,,,,,,,,,
fmpo:00056,,,,,,arpanette,en,,,,,,,,,,,,,,,,,,,,,,,,,,,,
fmpo:00056,,,,,,Harfenett,de,,,,,,,,,,,,,,,,,,,,,,,,,,,,
fmpo:00056,,,,,,harpe pointue,en,,,,,,,,,,,,,,,,,,,,,,,,,,,,
fmpo:00056,,,,,,italienische Harfe,de,,,,,,,,,,,,,,,,,,,,,,,,,,,,
fmpo:00056,,,,,,Spitzharfe,de,,,,,,,,,,,,,,,,,,,,,,,,,,,,
fmpo:00057,http://urn.fi/urn:nbn:fi:au:seko:00057,,arpeggione,arpeggione,arpeggione,,,,,,,,fmpo:01185,viola da gamba,,,http://www.wikidata.org/entity/Q638182,,,,,,skos:exactMatch,http://id.loc.gov/authorities/performanceMediums/mp2013015028,,,,,,,,,TARKISTA,"Vuonna 1823 keksitty akustisen kitaran mallinen otenauhallinen jousisoitin, jonka viritys on E-A-d-g-h-e'.",
fmpo:00057,,,,,,bowed guitar,en,,,,,,,,,,,,,,,,,,,,,,,,,,,,
fmpo:00057,,,,,,guitar violoncello,en,,,,,,,,,,,,,,,,,,,,,,,,,,,,
fmpo:00058,http://urn.fi/urn:nbn:fi:au:seko:00058,,askomandura,askomandura,askomandura,,,,,http://www.yso.fi/onto/yso/p105037,Kreikka,,fmpo:01024,säkkipilli,,,https://www.wikidata.org/entity/Q20948948,,,,,,,,,,,,,,,,TARKISTA,Kreikkalainen säkkipilli.,
fmpo:00059,http://urn.fi/urn:nbn:fi:au:seko:00059,TRUE,atecocoli,atecocoli,atecocoli,,,,,http://www.yso.fi/onto/yso/p105032,Meksiko,,fmpo:01171,vaskipuhallin,,,DEPRECATED,,,,,,,,,seko:00544,,,,merged to kotilotorvi seko:00544,,2026-06-29,substituted,Asteekkien käyttämä simpukankuoripuhallin.,
fmpo:00059,,,,,,atecocolli,en,,,,,,,,,,,,,,,,,,,,,,,,,,,,
fmpo:00059,,,,,,tecciztli,nah,,,,,,,,,,,,,,,,,,,,,,,,,,,,
fmpo:00060,http://urn.fi/urn:nbn:fi:au:seko:00060,,atumpan,atumpan,atumpan,,,,,http://www.yso.fi/onto/yso/p118210,Länsi-Afrikka,,fmpo:01040,talking drum,,,https://www.wikidata.org/entity/Q55604467,,,,,,,,,,,,,,,,TARKISTA,Länsiafrikkalainen puhuva rumpu.,
fmpo:00061,http://urn.fi/urn:nbn:fi:au:seko:00061,,aulos,aulos,aulos,,,,,http://www.yso.fi/onto/yso/p105037,Kreikka,,fmpo:00715,oboesoitin,,,http://www.wikidata.org/entity/Q324299,,,,,,,,,,,,,,,,TARKISTA,"Antiikin Kreikan aikainen kaksoisruokolehtisoitin. Diaulos on yhdellä suukappaleella, mutta kahdella putkella varustettu aulos.",https://finto.fi/ic/fi/page/48C7351
fmpo:00061,,,,,,aulos,it,,,,,,,,,,,,,,,,,,,,,,,,,,,,
fmpo:00061,,,,,,Aulos,de,,,,,,,,,,,,,,,,,,,,,,,,,,,,
fmpo:00061,,,,,,avlos,he,,,,,,,,,,,,,,,,,,,,,,,,,,,,
fmpo:00061,,,,,,diaulos,he,,,,,,,,,,,,,,,,,,,,,,,,,,,,
fmpo:00062,http://urn.fi/urn:nbn:fi:au:seko:00062,,automaattipiano,automatiskt piano,mechanical piano,,,,,,,,fmpo:00063,automaattisoitin,https://github.com/NatLibFi/SEKO/issues/103,,http://www.wikidata.org/entity/Q593995,,,,,,skos:exactMatch,http://id.loc.gov/authorities/performanceMediums/mp2013015458,,seko:00765,,,,,,,TARKISTA,Yleisnimitys mekaanisille pianoa imitoiville laitteille.,
fmpo:00062,,,,,,självspelande piano,sv,,,,,,,,,,,,,,,,,,,,,,,,,,,,
fmpo:00062,,,,,,piano mécanique,fr,,,,,,,,,,,,,,,,,,,,,,,,,,,,
fmpo:00062,,,,,,player piano,en,,,,,,,,,,,,,,,,,,,,,,,,,,,,
fmpo:00063,http://urn.fi/urn:nbn:fi:au:seko:00063,,automaattisoitin,mekaniskt musikinstrument,mechanical instrument,,,,,,,,fmpo:00953,soitin,https://github.com/NatLibFi/SEKO/issues/103,http://www.yso.fi/onto/yso/p13528,http://www.wikidata.org/entity/Q1559267,,,,,,skos:exactMatch,http://id.loc.gov/authorities/performanceMediums/mp2013015456,,,,,,,,,TARKISTA,"Yleisnimitys soittimille, joissa mekaaninen koneisto tuottaa ennalta valmistellun ja valitun musiikin aina samalla tavalla.",
fmpo:00063,,,,,,automatofone,en,,,,,,,,,,,,,,,,,,,,,,,,,,,,
fmpo:00063,,,,,,mekaaninen soitin,fi,,,,,,,,,,,,,,,,,,,,,,,,,,,,
fmpo:00063,,,,,,soittokone (automaattisoitin),fi,,,,,,,,,,,,,,,,,,,,,,,,,,,,
fmpo:00064,http://urn.fi/urn:nbn:fi:au:seko:00064,,automaattiurut,automatisk orgel,musical clock,,,,,,,,"fmpo:01167, fmpo:00063",urut|automaattisoitin,,,https://www.wikidata.org/entity/Q1434775,,,,,,skos:exactMatch,http://id.loc.gov/authorities/performanceMediums/mp2013015490,http://urn.fi/URN:NBN:fi:au:ykl:78.875,,,,,,,,TARKISTA,"Yleisnimitys erilaisille mekaanisille uruille, joille sävelsivät musiikkia mm. Händel, Mozart ja Haydn.",
fmpo:00064,,,,,,clock-organ,en,,,,,,,,,,,,,,,,,,,,,,,,,,,,
fmpo:00064,,,,,,flute clock,en,,,,,,,,,,,,,,,,,,,,,,,,,,,,
fmpo:00064,,,,,,flute-clock,en,,,,,,,,,,,,,,,,,,,,,,,,,,,,
fmpo:00064,,,,,,flute-playing clock,en,,,,,,,,,,,,,,,,,,,,,,,,,,,,
fmpo:00064,,,,,,Flötenuhr,de,,,,,,,,,,,,,,,,,,,,,,,,,,,,
fmpo:00064,,,,,,Laufwerk,de,,,,,,,,,,,,,,,,,,,,,,,,,,,,
fmpo:00064,,,,,,Aeolina organ,en,,,,,,,,,,,,,,,,,,,,,,,,,,,,
fmpo:00064,,,,,,mechanical clock-organ,en,,,,,,,,,,,,,,,,,,,,,,,,,,,,
fmpo:00064,,,,,,mekaaniset urut,fi,,,,,,,,,,,,,,,,,,,,,,,,,,,,
fmpo:00064,,,,,,Orgeluhr,de,,,,,,,,,,,,,,,,,,,,,,,,,,,,
fmpo:00064,,,,,,Orgelwalze,de,,,,,,,,,,,,,,,,,,,,,,,,,,,,
fmpo:00064,,,,,,,,Flotenuhr,,,,,,,,,,,,,,,,,,,,,,,,,,,
fmpo:00065,http://urn.fi/urn:nbn:fi:au:seko:00065,,avainviulu,nyckelharpa,keyed fiddle,,,,,"http://www.yso.fi/onto/yso/p94383,http://www.yso.fi/onto/yso/p94426",Ruotsi|Suomi,,fmpo:00446,jousisoitin,https://github.com/NatLibFi/SEKO/issues/181,,http://www.wikidata.org/entity/Q182718,"""2026-07-11 Added entry terms according to seko-issue:181 and from LCMPT item""",,,,,skos:exactMatch,http://id.loc.gov/authorities/performanceMediums/mp2013015385,,,,,,"""2026-07-11 added more entry terms""",,2026-07-11,approved,"Lähinnä Ruotsissa (Uplannissa) ja Suomen länsirannikolla esiintyvä kansansoitin, joka on lähinnä viulun ja kampiliiran välimuoto.",
fmpo:00065,,,,,,nyckelharpa,sv,,,,,,,,,,,,,,,,,,,,,,,,,,,,
fmpo:00065,,,,,,Schlüsselfidel,de,,,,,,,,,,,,,,,,,,,,,,,,,,,,
fmpo:00065,,,,,,silverbasharpa,sv,,,,,,,,,,,,,,,,,,,,,,,,,,,,
fmpo:00065,,,,,,enkelharpa,sv,,,,,,,,,,,,,,,,,,,,,,,,,,,,
fmpo:00065,,,,,,esseharpa,sv,,,,,,,,,,,,,,,,,,,,,,,,,,,,
fmpo:00065,,,,,,kontrabasharpa,sv,,,,,,,,,,,,,,,,,,,,,,,,,,,,
fmpo:00065,,,,,,mixturharpa,sv,,,,,,,,,,,,,,,,,,,,,,,,,,,,
fmpo:00065,,,,,,ähtävänharppu,fi,,,,,,,,,,,,,,,,,,,,,,,,,,,,
fmpo:00065,,,,,,österbyharpa,sv,,,,,,,,,,,,,,,,,,,,,,,,,,,,
fmpo:00065,,,,,,esseharpa,sv,,,,,,,,,,,,,,,,,,,,,,,,,,,,
fmpo:00065,,,,,,key fiddle,en,,,,,,,,,,,,,,,,,,,,,,,,,,,,
fmpo:00065,,,,,,lökkelje,sv,,,,,,,,,,,,,,,,,,,,,,,,,,,,
fmpo:00065,,,,,,nyckelgiga,sv,,,,,,,,,,,,,,,,,,,,,,,,,,,,
fmpo:00065,,,,,,Schlüsselfiedel,de,,,,,,,,,,,,,,,,,,,,,,,,,,,,
fmpo:00065,,,,,,,,Schlusselfidel,de,,,,,,,,,,,,,,,,,,,,,,,,,,
fmpo:00066,http://urn.fi/urn:nbn:fi:au:seko:00066,,ayacachtli,ayacachtli,ayacachtli,,,,,http://www.yso.fi/onto/yso/p105032,Meksiko,,fmpo:00404,helistin,,,https://www.wikidata.org/entity/Q8210684,,,,,,,,,,,,,,,,TARKISTA,Meksikon intiaanien kilpikonnan kuoresta valmistama lyömäsoitin.,
fmpo:00067,http://urn.fi/urn:nbn:fi:au:seko:00067,,aykhori,aykhori,aykhori,,,,,http://www.yso.fi/onto/yso/p105005,Latinalainen Amerikka,,fmpo:01134,tulppakanavahuilu,,,http://www.wikidata.org/entity/Q116213856,,,,,,,,,,,,,,,,TARKISTA,Latinalaisen Amerikan intiaanien musiikissa käytettävä huilusoitin.,
fmpo:00068,http://urn.fi/urn:nbn:fi:au:seko:00068,,āžrags,āžrags,āžrags,,,,,http://www.yso.fi/onto/yso/p94259,Latvia,,fmpo:00899,sarvi (puhallinsoitin),https://github.com/NatLibFi/SEKO/issues/16,,http://www.wikidata.org/entity/Q116213902,"""Keep as a separate concept; add skos:related to seko:00733, seko:00806""",423.121.22,,,,skos:broadMatch,http://id.loc.gov/authorities/performanceMediums/mp2013015496,https://www.tautasmuzikasinstrumenti.lv/muzikas-instrumenti/azrags,,"seko:00733,seko:00806","""Āžrags is a traditional Latvian shepherd's instrument made from a goat horn with a wooden mouthpiece. (AI-generated description)""@en, ""Latvialainen pukinsarvesta valmistettu sarvi, jossa on puinen suukappale.""@fi",,"""2026-07-29 added H-S notation, Wikdata and seeAlso mappings""",,2026-07-29,valid,Latvialainen pässinsarvesta valmistettu sarvi.,
fmpo:00068,,,,,,azrags,fi,,,,,,,,,,,,,,,,,,,,,,,,,,,,
fmpo:00069,http://urn.fi/urn:nbn:fi:au:seko:00069,,azusayumi,azusayumi,azusa yumi,,,,,http://www.yso.fi/onto/yso/p105023,Japani,,fmpo:00955,soittokaari,,,https://www.wikidata.org/entity/Q4833134,,,,,,,lcmpt:mp2013015038,,,,,,,,,TARKISTA,Japanilainen soittokaari.,
fmpo:00070,http://urn.fi/urn:nbn:fi:au:seko:00070,,bağlama,saz,bağlama,,,,,http://www.yso.fi/onto/yso/p105573,Turkki,,fmpo:00905,saz,,,http://www.wikidata.org/entity/Q717773,,,,,,skos:exactMatch,http://id.loc.gov/authorities/performanceMediums/mp2013015038,,,,,,,,,TARKISTA,Turkkilainen pitkäkaulainen luuttusoitin.,
fmpo:00070,,,,,,baglama,tr,,,,,,,,,,,,,,,,,,,,,,,,,,,,
fmpo:00070,,,,,,saz,fi,,,,,,,,,,,,,,,,,,,,,,,,,,,,
fmpo:00071,http://urn.fi/urn:nbn:fi:au:seko:00071,,baglamas,baglamas,baglamas,,,,,http://www.yso.fi/onto/yso/p105037,Kreikka,,fmpo:00174,buzuki,,,https://www.wikidata.org/entity/Q528239,,,,,,,,http://krassijeliazkov.com/en/bulgarian-tamboura/history-of-instrument/,,,,,,,,TARKISTA,"Kreikkalainen pitkäkaulainen luuttusoitin (pienikokoinen buzuki), jossa on kolme metallista kaksoiskieltä.",
fmpo:00071,,,,,,baglama,fi,,,,,,,,,,,,,,,,,,,,,,,,,,,,
fmpo:00072,http://urn.fi/urn:nbn:fi:au:seko:00072,,bailama,bailama,tambouras,,,,,http://www.yso.fi/onto/yso/p106673,Bulgaria,,fmpo:00709,näppäilysoitin,,,https://www.wikidata.org/entity/Q3559944,"""2026-07-17 corrected the broader (was self-reference)""",,,,,,lcmpt:mp2013015076,https://www.balkanfolk.com/bulgarian-music-instruments.php,,,,,,,2026-07-17,TARKISTA,Bulgarialainen näppäilysoitin.,
fmpo:00072,,,,,,dranakia,en,,,,,,,,,,,,,,,,,,,,,,,,,,,,
fmpo:00072,,,,,,dzunga,en,,,,,,,,,,,,,,,,,,,,,,,,,,,,
fmpo:00073,http://urn.fi/urn:nbn:fi:au:seko:00073,,bajan,bajan,bayan,,,,,http://www.yso.fi/onto/yso/p94479,Venäjä,,fmpo:00710,näppäinharmonikka,,,https://www.wikidata.org/entity/Q804099,,,,,,skos:exactMatch,http://id.loc.gov/authorities/performanceMediums/mp2013015076,,,,,,,,,TARKISTA,Venäläinen näppäinharmonikka.,
fmpo:00073,,,,,,baân,en,,,,,,,,,,,,,,,,,,,,,,,,,,,,
fmpo:00073,,,,,,,,baan,,,,,,,,,,,,,,,,,,,,,,,,,,,
fmpo:00074,http://urn.fi/urn:nbn:fi:au:seko:00074,,bajones,bajones,bajón,,,,,http://www.yso.fi/onto/yso/p105005,Latinalainen Amerikka,,fmpo:01004,suu-urut,,,http://www.wikidata.org/entity/Q116961986,,,,,,,,,,,,,,,,TARKISTA,Latinalaisen Amerikan intiaanimusiikissa käytetyt suu-urut.,
fmpo:00074,,,,,,bajones,es,,,,,,,,,,,,,,,,,,,,,,,,,,,,
fmpo:00074,,,,,,bajunes,es,,,,,,,,,,,,,,,,,,,,,,,,,,,,
fmpo:00075,http://urn.fi/urn:nbn:fi:au:seko:00075,,balaban (klarinettisoitin),balaban (klarinettinstrument),balaban (single reed instrument),,,,,"http://www.yso.fi/onto/yso/p106260,http://www.yso.fi/onto/yso/p107668",Uzbekistan|Tadzikistan,,fmpo:00513,klarinettisoitin,,,http://www.wikidata.org/entity/Q116961938,,,,,,,http://id.loc.gov/authorities/performanceMediums/mp2013015043,,,,,,,,,TARKISTA,Uzbekkien ja tadzikkien perinteinen klarinettisoitin.,
fmpo:00076,http://urn.fi/urn:nbn:fi:au:seko:00076,,bālabān (oboesoitin),bālabān (oboeinstrument),bālabān (double reed instrument),,,,,"http://www.yso.fi/onto/yso/p109970,http://www.yso.fi/onto/yso/p107663",Kaukasia|Azerbaidzan,,fmpo:00715,oboesoitin,,,https://www.wikidata.org/entity/Q2035157,,,,,,,lcmpt:mp2013015046,,,,,,,,,TARKISTA,"Kaukasuksella, erityisesti Azerbaidzanin alueella käytettävä oboesoitin, jota ei pidä sekoittaa uzbekkien ja tadzikkien samannimiseen klarinettiin.",
fmpo:00076,,,,,,balaban (oboesoitin),fi,,,,,,,,,,,,,,,,,,,,,,,,,,,,
fmpo:00076,,,,,,balamán,fi,,,,,,,,,,,,,,,,,,,,,,,,,,,,
fmpo:00076,,,,,,,,balaman,,,,,,,,,,,,,,,,,,,,,,,,,,,
fmpo:00077,http://urn.fi/urn:nbn:fi:au:seko:00077,,balafoni,balafon,balafon,,,,,http://www.yso.fi/onto/yso/p118210,Länsi-Afrikka,,fmpo:00552,ksylofoni,,,https://www.wikidata.org/entity/Q789141,,,,,,,,,,,,,,,,TARKISTA,Länsiafrikkalainen ksylofoni.,
fmpo:00077,,,,,,bala,bm,,,,,,,,,,,,,,,,,,,,,,,,,,,,
fmpo:00077,,,,,,balafo,en,,,,,,,,,,,,,,,,,,,,,,,,,,,,
fmpo:00077,,,,,,balafou,en,,,,,,,,,,,,,,,,,,,,,,,,,,,,
fmpo:00077,,,,,,balo,fi,,,,,,,,,,,,,,,,,,,,,,,,,,,,
fmpo:00078,http://urn.fi/urn:nbn:fi:au:seko:00078,,balalaikka,balalajka,balalaika,,,,,http://www.yso.fi/onto/yso/p94479,Venäjä,,fmpo:00709,näppäilysoitin,,http://www.yso.fi/onto/yso/p1509,http://www.wikidata.org/entity/Q178389,,,,,,skos:exactMatch,http://id.loc.gov/authorities/performanceMediums/mp2013015044,,,,,,,,,TARKISTA,"Venäläinen kolmikielinen näppäilysoitin, jossa on kolmionmuotoinen kaikukoppa.",https://finto.fi/ic/fi/page/48C7324
fmpo:00078,,,,,,Balalaika,de,,,,,,,,,,,,,,,,,,,,,,,,,,,,
fmpo:00078,,,,,,balalaika,fi,,,,,,,,,,,,,,,,,,,,,,,,,,,,
fmpo:00079,http://urn.fi/urn:nbn:fi:au:seko:00079,,balalaikkaorkesteri,balalajkaorkester,balalaika orchestra,,,,,"http://www.yso.fi/onto/yso/p94479,http://www.yso.fi/onto/yso/p107664",Venäjä|Ukraina,,fmpo:00728,orkesteri,,,http://www.wikidata.org/entity/Q98142367,,,,,,skos:exactMatch,http://id.loc.gov/authorities/performanceMediums/mp2013015832,,,,,,,,,TARKISTA,,
fmpo:00080,http://urn.fi/urn:nbn:fi:au:seko:00080,,balalaikkayhtye,balalajkagrupp,balalaika band,,,,,,,,fmpo:00954,soitinyhtye,,,http://www.wikidata.org/entity/Q116214362,,,,,,skos:exactMatch,http://id.loc.gov/authorities/performanceMediums/mp2013015846,,,,,,,,,TARKISTA,"Yhtye, joka koostuu kahdesta tai useammasta balalaikasta.",https://finto.fi/ic/fi/page/48C7532
fmpo:00081,http://urn.fi/urn:nbn:fi:au:seko:00081,,bambir,bambir,bambir,,,,,http://www.yso.fi/onto/yso/p107662,Armenia,,fmpo:00446,jousisoitin,,,https://www.wikidata.org/entity/Q102047921,,,,,,,,https://www.oxfordmusiconline.com/grovemusic/view/10.1093/gmo/9781561592630.001.0001/omo-9781561592630-e-4002268159,,,,,,,,TARKISTA,"Armenialainen, pienikokoinen jousisoitin.",
fmpo:00082,http://urn.fi/urn:nbn:fi:au:seko:00082,,bambuhuilu,bambuflöjt,bamboo flute,,,,,http://www.yso.fi/onto/yso/p105024,Aasia,,fmpo:00851,reunahuilu,,,https://www.wikidata.org/entity/Q54820129,,,,,,,,,,,,,,,,TARKISTA,Aasialaisten bambuhuilujen yleisnimitys.,
fmpo:00083,http://urn.fi/urn:nbn:fi:au:seko:00083,TRUE,bambusarja,PUUTTUU,PUUTTUU,,,,,,,,fmpo:00627,lyömäsoitin,https://github.com/NatLibFi/SEKO/issues/26,,MISSING,,,,,,,,,FALSE,,"""Concept deprecated and split into two separate valid concepts on 2026-06-23.""@en",,,,2026-06-23,retired,Useista bambusauvoista rakennettu lyömäsoitin.,
fmpo:00084,http://urn.fi/urn:nbn:fi:au:seko:00084,,ban,ban,ban,,,,,http://www.yso.fi/onto/yso/p104984,Kiina,,fmpo:00627,lyömäsoitin,,,http://www.wikidata.org/entity/Q116976449,BROADER paiban,,,,,skos:closeMatch,http://id.loc.gov/authorities/performanceMediums/mp2013015362,,,,,,,,,TARKISTA,Kiinalainen puinen lyömäsoitin.,
fmpo:00084,,,,,,pan,fi,,,,,,,,,,,,,,,,,,,,,,,,,,,,
fmpo:00085,http://urn.fi/urn:nbn:fi:au:seko:00085,,bana,bana,bana,,,,,"http://www.yso.fi/onto/yso/p105027,http://www.wikidata.org/entity/Q1188,http://www.wikidata.org/entity/Q2341670",Intia|Madhya Pradesh|Mandla (Intia),,fmpo:00446,jousisoitin,,,https://www.wikidata.org/entity/Q102048081,,,,,,,,https://www.oxfordmusiconline.com/grovemusic/view/10.1093/gmo/9781561592630.001.0001/omo-9781561592630-e-4002268170?rskey=y01fNW&result=1,,,,,,,,TARKISTA,"Intialainen, Mandlan alueelta peräisin oleva kolmikielinen jousisoitin.",
fmpo:00085,,,,,,vana,fi,,,,,,,,,,,,,,,,,,,,,,,,,,,,
fmpo:00086,http://urn.fi/urn:nbn:fi:au:seko:00086,,banam,banam,banam,,,,,http://www.wikidata.org/entity/Q29024970,Keski-Intia,,fmpo:00446,jousisoitin,,,https://www.wikidata.org/entity/Q15785425,,,,,,,,,,,,,,,,TARKISTA,Keski-intialainen yksikielinen jousisoitin.,
fmpo:00086,,,,,,bānām,fi,,,,,,,,,,,,,,,,,,,,,,,,,,,,
fmpo:00086,,,,,,bānom,fi,,,,,,,,,,,,,,,,,,,,,,,,,,,,
fmpo:00086,,,,,,,,banom,,,,,,,,,,,,,,,,,,,,,,,,,,,
fmpo:00087,http://urn.fi/urn:nbn:fi:au:seko:00087,,bandola,bandola,bandola,,,,,"http://www.yso.fi/onto/yso/p105006,http://www.yso.fi/onto/yso/p105007",Etekä-Amerikka|Keski-Amerikka,,fmpo:00709,näppäilysoitin,,,http://www.wikidata.org/entity/Q806351,,,,,,skos:closeMatch,http://id.loc.gov/authorities/performanceMediums/mp2013015052,,,,,,,,,TARKISTA,"Etelä- ja Keski-Amerikassa käytettävä luuttusoitin, joka on kehitty bandurrian pohjalta.",
fmpo:00088,http://urn.fi/urn:nbn:fi:au:seko:00088,,bandolin (Ecuador),bandolin (Ecuador),bandolín (Ecuador),,,,,http://www.yso.fi/onto/yso/p105005,Latinalainen Amerikka,,fmpo:00637,mandoliini,https://github.com/NatLibFi/SEKO/issues/27,,https://www.wikidata.org/entity/Q16837625,,,,,,,,,,,,,changed wikidata-mappint tothe Ecuadorian bandolin. updated labels correspondingly,,2026-06-26,valid,Latinalaisamerikkalainen mandoliini.,
fmpo:00088,,,,,,ecuadorilainen bandolin,fi,,,,,,,,,,,,,,,,,,,,,,,,,,,,
fmpo:00088,,,,,,latinalaisamerikkalinen mandolini,fi,,,,,,,,,,,,,,,,,,,,,,,,,,,,
fmpo:00088,,,,,,bandolín,fi,,,,,,,,,,,,,,,,,,,,,,,,,,,,
fmpo:00088,,,,,,ecuadorinansk bandolin,sv,,,,,,,,,,,,,,,,,,,,,,,,,,,,
fmpo:00088,,,,,,Equadorian bandolin,en,,,,,,,,,,,,,,,,,,,,,,,,,,,,
fmpo:00088,,,,,,Andean bandolin,en,,,,,,,,,,,,,,,,,,,,,,,,,,,,
fmpo:00088,,,,,,Latin American mandolin,en,,,,,,,,,,,,,,,,,,,,,,,,,,,,
fmpo:00088,,,,,,bandolin,en,,,,,,,,,,,,,,,,,,,,,,,,,,,,
fmpo:00089,http://urn.fi/urn:nbn:fi:au:seko:00089,,bandoneon,bandoneon,bandoneon,,,,,"http://www.yso.fi/onto/yso/p108007,http://www.yso.fi/onto/yso/p108650",Argentiina|Uruguay,,fmpo:00710,näppäinharmonikka,,http://www.yso.fi/onto/yso/p30124,https://www.wikidata.org/entity/Q215032,,,,,,skos:exactMatch,http://id.loc.gov/authorities/performanceMediums/mp2013015049,,,,,,,,,TARKISTA,Etenkin argentiinalaisessa ja uruguaylaisessa tangossa käytettävä harmonikka.,
fmpo:00089,,,,,,bandoneón,fi,,,,,,,,,,,,,,,,,,,,,,,,,,,,
fmpo:00089,,,,,,bandonion,fi,,,,,,,,,,,,,,,,,,,,,,,,,,,,
fmpo:00090,http://urn.fi/urn:nbn:fi:au:seko:00090,,bandora,pandora,bandora,,,,,"http://www.yso.fi/onto/yso/p107128,http://www.yso.fi/onto/yso/p94111",Englanti|Eurooppa,,fmpo:00709,näppäilysoitin,https://github.com/NatLibFi/SEKO/issues/62,,https://www.wikidata.org/entity/Q16950185,,,,,,skos:closeMatch,http://id.loc.gov/authorities/performanceMediums/mp2013015050,,,,,,Added altLabel from dperecated seko:00744,,2026-06-26,valid,"Englannissa kehitetty näppäiltävä bassoääninen luuttu, joka oli käytössä Euroopassa lähinnä 1500- ja 1600-luvuilla.",
fmpo:00090,,,,,,pandora,fi,,,,,,,,,,,,,,,,,,,,,,,,,,,,
fmpo:00091,http://urn.fi/urn:nbn:fi:au:seko:00091,,bandura,bandura,bandura,,,,,http://www.yso.fi/onto/yso/p107664,Ukraina,,fmpo:00709,näppäilysoitin,,,http://www.wikidata.org/entity/Q262414,,,,,,,,,,,,,,,,TARKISTA,"Ukrainalainen luuttusoittimiin kuuluva kansansoitin, jossa on kantelesoitinten tapaan kiinnitettyjä ja soitettavia diskanttikieliä.",
fmpo:00091,,,,,,bandoura,en,,,,,,,,,,,,,,,,,,,,,,,,,,,,
fmpo:00091,,,,,,kobza,en,,,,,,,,,,,,,,,,,,,,,,,,,,,,
fmpo:00092,http://urn.fi/urn:nbn:fi:au:seko:00092,,bandurria,bandurria,bandurria,,,,,"http://www.yso.fi/onto/yso/p105209,http://www.yso.fi/onto/yso/p105005",Espanja|Latinalainen Amerikka,,fmpo:00709,näppäilysoitin,,,https://www.wikidata.org/entity/Q370534,,,,,,skos:exactMatch,http://id.loc.gov/authorities/performanceMediums/mp2013015052,,,,,,,,,TARKISTA,Espanjan ja Latinalaisen Amerikan musiikissa käytettävä näppäiltävä luuttusoitin.,
fmpo:00092,,,,,,mandurria,sp,,,,,,,,,,,,,,,,,,,,,,,,,,,,
fmpo:00093,http://urn.fi/urn:nbn:fi:au:seko:00093,,bangsi,bangsi,bangsi,,,,,http://www.yso.fi/onto/yso/p105242,Indonesia,,fmpo:00418,huilusoitin,,,https://www.wikidata.org/entity/Q25630013,,,,,,,,,,,,,,,,TARKISTA,Indonesialainen bambuhuilu.,
fmpo:00093,,,,,,bangseli,id,,,,,,,,,,,,,,,,,,,,,,,,,,,,
fmpo:00093,,,,,,bansi,id,,,,,,,,,,,,,,,,,,,,,,,,,,,,
fmpo:00094,http://urn.fi/urn:nbn:fi:au:seko:00094,,bangwe,bangwe,bangwe,,,,,http://www.yso.fi/onto/yso/p184559,Eteläinen Afrikka,,fmpo:00943,sitra,,,https://www.wikidata.org/entity/Q15785448,,,,,,,,,,,,,,,,TARKISTA,Eteläafrikkalainen pöytäsitra.,
fmpo:00094,,,,,,bango,en,,,,,,,,,,,,,,,,,,,,,,,,,,,,
fmpo:00094,,,,,,ndyele,en,,,,,,,,,,,,,,,,,,,,,,,,,,,,
fmpo:00094,,,,,,pango,en,,,,,,,,,,,,,,,,,,,,,,,,,,,,
fmpo:00094,,,,,,pangwe,en,,,,,,,,,,,,,,,,,,,,,,,,,,,,
fmpo:00095,http://urn.fi/urn:nbn:fi:au:seko:00095,,banhu,banhu,banhu,,,,,http://www.yso.fi/onto/yso/p104984,Kiina,,fmpo:00446,jousisoitin,,,https://www.wikidata.org/entity/Q60689,,,,,,,,,,,,,,,,TARKISTA,Kiinalainen kaksikielinen jousisoitin.,
fmpo:00095,,,,,,ban-hu,fi,,,,,,,,,,,,,,,,,,,,,,,,,,,,
fmpo:00096,http://urn.fi/urn:nbn:fi:au:seko:00096,,banjo,banjo,banjo,,,,,http://www.yso.fi/onto/yso/p105416,Pohjois-Amerikka,,fmpo:00709,näppäilysoitin,,http://www.yso.fi/onto/yso/p3696,http://www.wikidata.org/entity/Q258896,,,,,,,,,,,,,,,,TARKISTA,"Pohjoisamerikkalainen luuttusoitin, jossa on yleensä 4-6 kieltä. Kaikukoppa on päällystetty pingotetulla kalvolla. Banjo on lähinnä populaarimusiikissa käytetty soitin.",
fmpo:00096,,,,,,bjo (banjo),fi,,,,,,,,,,,,,,,,,,,,,,,,,,,,
fmpo:00097,http://urn.fi/urn:nbn:fi:au:seko:00097,,banjoliini,banjolin,banjolin,,,,,http://www.yso.fi/onto/yso/p105416,Pohjois-Amerikka,,fmpo:00096,banjo,,,https://www.wikidata.org/entity/Q4855865,,,,,,,,,,,,,,,,TARKISTA,"Pienikokoinen, nelikielinen banjo.",
fmpo:00098,http://urn.fi/urn:nbn:fi:au:seko:00098,,banjoriina,banjorine,banjeaurine,,,,,http://www.yso.fi/onto/yso/p105416,Pohjois-Amerikka,,fmpo:00096,banjo,,,https://www.wikidata.org/entity/Q4855834,,,,,,,,,,,,,,,,TARKISTA,Kvarttia normaalia korkeammalle viritetty banjo.,
fmpo:00098,,,,,,banjorine,en,,,,,,,,,,,,,,,,,,,,,,,,,,,,
fmpo:00098,,,,,,banjourine,en,,,,,,,,,,,,,,,,,,,,,,,,,,,,
fmpo:00099,http://urn.fi/urn:nbn:fi:au:seko:00099,,bānsurī,bansuri,bansuri,,,,,http://www.yso.fi/onto/yso/p235078,Pohjois-Intia,,fmpo:00082,bambuhuilu,,,https://www.wikidata.org/entity/Q960389,,,,,,,,,,,,,,,,TARKISTA,Pohjoisintialainen bambuhuilu. Sukulaissoitin on pullangkural.,
fmpo:00099,,,,,,bāṃsurĩ,en,,,,,,,,,,,,,,,,,,,,,,,,,,,,
fmpo:00099,,,,,,bansoori,fi,,,,,,,,,,,,,,,,,,,,,,,,,,,,
fmpo:00099,,,,,,bānsrī,en,,,,,,,,,,,,,,,,,,,,,,,,,,,,
fmpo:00099,,,,,,bā̃surī,en,,,,,,,,,,,,,,,,,,,,,,,,,,,,
fmpo:00099,,,,,,bā̃surī bā̃sī,en,,,,,,,,,,,,,,,,,,,,,,,,,,,,
fmpo:00099,,,,,,vamshi,en,,,,,,,,,,,,,,,,,,,,,,,,,,,,
fmpo:00099,,,,,,,,bamsuri,en,,,,,,,,,,,,,,,,,,,,,,,,,,
fmpo:00099,,,,,,,,bansri,en,,,,,,,,,,,,,,,,,,,,,,,,,,
fmpo:00099,,,,,,,,basuri,en,,,,,,,,,,,,,,,,,,,,,,,,,,
fmpo:00099,,,,,,,,basuri basi,en,,,,,,,,,,,,,,,,,,,,,,,,,,
fmpo:00100,http://urn.fi/urn:nbn:fi:au:seko:00100,,baraban,baraban,barabanka,,,,,"http://www.yso.fi/onto/yso/p107664,http://www.yso.fi/onto/yso/p122768,http://www.yso.fi/onto/yso/p508567",Ukraina|Valko-Venäjä|Länsi-Venäjä,,fmpo:00864,rumpu,,,https://www.wikidata.org/entity/Q28464940,,,,,,,,,,,,,,,,TARKISTA,"Ukrainassa, Valko-Venäjällä ja Venäjän länsiosissa tunnettu kaksikalvoinen rumpu.",
fmpo:00101,http://urn.fi/urn:nbn:fi:au:seko:00101,,barbitos,barbitos,barbiton,,,,,http://www.yso.fi/onto/yso/p105037,Kreikka,,fmpo:00625,lyyra,,,https://www.wikidata.org/entity/Q790312,,,,,,,,,,,,,,,,TARKISTA,"Antiikin Kreikassa käytetty lyyrasoitin, jonka kaikukoppa oli yleensä tehty kilpikonnan kilvestä.",
fmpo:00101,,,,,,varvitos,en,,,,,,,,,,,,,,,,,,,,,,,,,,,,
fmpo:00102,http://urn.fi/urn:nbn:fi:au:seko:00102,,baritoni,baryton,bass-baritone voice,,,,,,,,"fmpo:00494, fmpo:00668",keskikorkea lauluääni|mieslauluääni,,http://www.yso.fi/onto/yso/p29854,http://www.wikidata.org/entity/Q31687,,,,,,skos:closeMatch,http://id.loc.gov/authorities/performanceMediums/mp2013015063,,,,,,,,,TARKISTA,Matalan miesäänen ääniala.,
fmpo:00102,,,,,,B-Bar (bassobaritoni),fi,,,,,,,,,,,,,,,,,,,,,,,,,,,,
fmpo:00102,,,,,,Bar (baritoni),fi,,,,,,,,,,,,,,,,,,,,,,,,,,,,
fmpo:00102,,,,,,baritono,it,,,,,,,,,,,,,,,,,,,,,,,,,,,,
fmpo:00102,,,,,,Bariton,de,,,,,,,,,,,,,,,,,,,,,,,,,,,,
fmpo:00102,,,,,,bassobaritoni,fi,,,,,,,,,,,,,,,,,,,,,,,,,,,,
fmpo:00102,,,,,,tenoribaritoni,fi,,,,,,,,,,,,,,,,,,,,,,,,,,,,
fmpo:00102,,,,,,,,barytoni (lauluaani),fi,,,,,,,,,,,,,,,,,,,,,,,,,,
fmpo:00102,,,,,,,,baritoni (aanialat),fi,,,,,,,,,,,,,,,,,,,,,,,,,,
fmpo:00102,,,,,,,,barytoni (lauluaani),fi,,,,,,,,,,,,,,,,,,,,,,,,,,
fmpo:00103,http://urn.fi/urn:nbn:fi:au:seko:00103,,baritonikitara,barytongitarr,baritone guitar,,,,,,,,fmpo:00504,kitara,,,http://www.wikidata.org/entity/Q64038,,,,,,,,,,,,,,,,TARKISTA,"Kuusikielinen kitara, jonka ääniala on kvarttia tai kvinttiä normaalia alempi ja otelauta tavallista pidempi. Baritonikitaran viritykset vaihtelevat.",
fmpo:00104,http://urn.fi/urn:nbn:fi:au:seko:00104,,baritonisaksofoni,barytonsaxofon,baritone saxophone,,,,,,,,fmpo:00879,saksofoni,,,https://www.wikidata.org/entity/Q808218,,,,,,skos:exactMatch,http://id.loc.gov/authorities/performanceMediums/mp2013015057,,,,,,,,,TARKISTA,Baritonikokoinen saksofoni.,
fmpo:00104,,,,,,bs (baritonisaksofoni),fi,,,,,,,,,,,,,,,,,,,,,,,,,,,,
fmpo:00105,http://urn.fi/urn:nbn:fi:au:seko:00105,,baritonitorvi,baritonhorn,baritone horn,,,,,,,,fmpo:00904,saxhorn,,,http://www.wikidata.org/entity/Q790468,,,,,,skos:exactMatch,http://id.loc.gov/authorities/performanceMediums/mp2013015056,,,,,,,,,TARKISTA,"Sankatorviin kuuluva vaskipuhallin, jota käytetään lähinnä sotilassoittokunnissa. Eufonium on baritonitorven lähisukulainen, joskin termejä käytetään myös synonyymeinä.",
fmpo:00105,,,,,,baritone horn,sv,,,,,,,,,,,,,,,,,,,,,,,,,,,,
fmpo:00105,,,,,,barytonitorvi,fi,,,,,,,,,,,,,,,,,,,,,,,,,,,,
fmpo:00106,http://urn.fi/urn:nbn:fi:au:seko:00106,,barokkikitara,barockgitarr,Baroque guitar,,,,,,,,fmpo:00504,kitara,,,https://www.wikidata.org/entity/Q748119,,,,,,,,,,,,,,,,TARKISTA,"Viisikielinen kitara, jossa oli kaksinnetut suolikielet. Barokkikitara tuli suosituksi soolosoittimeksi Euroopassa 1600-luvulta lähtien.",
fmpo:00107,http://urn.fi/urn:nbn:fi:au:seko:00107,,barytoni,baryton,baryton,,,,,,,,fmpo:01185,viola da gamba,,,https://www.wikidata.org/entity/Q521151,,,,,,,,,,,,,,,,TARKISTA,"Gamban muotoinen jousisoitin, jota soitetaan jousella edestäpäin ja näppäillään takaapäin. Tälle soittimelle Joseph Haydn sävelsi melkein 200 trioa ruhtinas Esterházyn tilauksesta.",
fmpo:00107,,,,,,viola di bardone,it,,,,,,,,,,,,,,,,,,,,,,,,,,,,
fmpo:00107,,,,,,viola di bordone,it,,,,,,,,,,,,,,,,,,,,,,,,,,,,
fmpo:00108,http://urn.fi/urn:nbn:fi:au:seko:00108,,basedla,basedla,basedla,,,,,http://www.yso.fi/onto/yso/p94268,Liettua,,fmpo:00446,jousisoitin,,,https://www.wikidata.org/entity/Q102049376,,,,,,,,,,,,,,,,TARKISTA,"Liettualainen, kansanmusiikissa käytettävä bassoääninen jousisoitin.",
fmpo:00109,http://urn.fi/urn:nbn:fi:au:seko:00109,,basettiharmonikka,basettharmonika,chromatic button accordion,,,,,,,,fmpo:00710,näppäinharmonikka,,,https://www.wikidata.org/entity/Q1087611,,,,,,skos:broadMatch,http://id.loc.gov/authorities/performanceMediums/mp2013015108,,,,,,,,,TARKISTA,Kromaattisella bassokoskettimistolla varustettu harmonikka.,
fmpo:00110,http://urn.fi/urn:nbn:fi:au:seko:00110,,basettiklarinetti,bassettklarinett,basset clarinet,,,,,,,,fmpo:00512,klarinetti,,,http://www.wikidata.org/entity/Q810511,,,,,,skos:exactMatch,http://id.loc.gov/authorities/performanceMediums/mp2013015072,,,,,,,,,TARKISTA,"Alarekisteriltään suuren terssin verran matalampiääninen klarinetti, jolle mm. Mozartin konsertto on alunperin sävelletty.",
fmpo:00110,,,,,,Bassetklarinette,de,,,,,,,,,,,,,,,,,,,,,,,,,,,,
fmpo:00110,,,,,,clarinette de basset,fr,,,,,,,,,,,,,,,,,,,,,,,,,,,,
fmpo:00111,http://urn.fi/urn:nbn:fi:au:seko:00111,,basettitorvi,bassetthorn,basset horn,,,,,,,,fmpo:00512,klarinetti,,,http://www.wikidata.org/entity/Q810515,,,,,,skos:exactMatch,http://id.loc.gov/authorities/performanceMediums/mp2013015073,,,,,,,,,TARKISTA,"Klarinettiperheeseen kuuluva puupuhallin, joka kukoisti 1700-luvun lopulla ja 1800-luvun alussa mm. Mozartin teoksissa.",
fmpo:00111,,,,,,corno di bassetto,it,,,,,,,,,,,,,,,,,,,,,,,,,,,,
fmpo:00112,http://urn.fi/urn:nbn:fi:au:seko:00112,,bassanello,bassanello,bassanello,,,,,http://www.yso.fi/onto/yso/p105111,Italia,,fmpo:00715,oboesoitin,,,https://www.wikidata.org/entity/Q3636033,,,,,,,,,,,,,,,,TARKISTA,Italialainen puhallinsoitin.,
fmpo:00112,,,,,,bassanelli,fi,,,,,,,,,,,,,,,,,,,,,,,,,,,,
fmpo:00113,http://urn.fi/urn:nbn:fi:au:seko:00113,,basse de violon,basse de violon,bass violin,,,,,,,,fmpo:00446,jousisoitin,,,https://www.wikidata.org/entity/Q4867994,,,,,,skos:closeMatch,http://id.loc.gov/authorities/performanceMediums/mp2013015120,,,,,,,,,TARKISTA,"Viuluperheen selloa suurikokoisempi bassokokoinen jäsen, jossa on kolme tai neljä kieltä ja jonka viritys on yleensä joko F–c–g tai B'–F–c–g.",
fmpo:00113,,,,,,bassoviulu (basse de violon),fi,,,,,,,,,,,,,,,,,,,,,,,,,,,,
fmpo:00114,http://urn.fi/urn:nbn:fi:au:seko:00114,,basso,bas (sångstämma),bass voice,,,,,,,,"fmpo:00668, fmpo:00654",mieslauluääni|matala lauluääni,,http://www.yso.fi/onto/yso/p29965,http://www.wikidata.org/entity/Q810447,,,,,,skos:exactMatch,http://id.loc.gov/authorities/performanceMediums/mp2013015071,,,,,,,,,TARKISTA,Matalan miesäänen ääniala.,
fmpo:00114,,,,,,B (basso),fi,,,,,,,,,,,,,,,,,,,,,,,,,,,,
fmpo:00114,,,,,,bass (basso),sv,,,,,,,,,,,,,,,,,,,,,,,,,,,,
fmpo:00114,,,,,,basso profondo,it,,,,,,,,,,,,,,,,,,,,,,,,,,,,
fmpo:00114,,,,,,,,basso (aanialat),fi,,,,,,,,,,,,,,,,,,,,,,,,,,
fmpo:00115,http://urn.fi/urn:nbn:fi:au:seko:00115,,bassobanjo,basbanjo,bass banjo,,,,,http://www.yso.fi/onto/yso/p105416,Pohjois-Amerikka,,fmpo:00096,banjo,,,https://www.wikidata.org/entity/Q810475,,,,,,,,,,,,,,,,TARKISTA,Oktaavia normaalia matalammalle viritetty banjo.,
fmpo:00116,http://urn.fi/urn:nbn:fi:au:seko:00116,,bassochalumeau,baschalumeau,bass chalumeau,,,,,,,,fmpo:00198,chalumeau,,,http://www.wikidata.org/entity/Q116976670,,,,,,skos:closeMatch,http://id.loc.gov/authorities/performanceMediums/mp2013015125,,,,,,,,,TARKISTA,Bassokokoinen chalumeau.,
fmpo:00116,,,,,,Baß-Chalumeau,de,,,,,,,,,,,,,,,,,,,,,,,,,,,,
fmpo:00116,,,,,,basson di chalumeau,fr,,,,,,,,,,,,,,,,,,,,,,,,,,,,
fmpo:00116,,,,,,chalimou basson,fr,,,,,,,,,,,,,,,,,,,,,,,,,,,,
fmpo:00116,,,,,,,,Bass-Chalumeau,de,,,,,,,,,,,,,,,,,,,,,,,,,,
fmpo:00117,http://urn.fi/urn:nbn:fi:au:seko:00117,,bassogamba,basgamba,bass gamba,,,,,,,,fmpo:01185,viola da gamba,,,http://www.wikidata.org/entity/Q51446928,,,,,,,,,,,,,,,,TARKISTA,Bassoäänialainen viola da gamba.,
fmpo:00117,,,,,,bass viol,en,,,,,,,,,,,,,,,,,,,,,,,,,,,,
fmpo:00118,http://urn.fi/urn:nbn:fi:au:seko:00118,,bassohuilu,basflöjt,bass flute,,,,,,,,fmpo:00417,huilu,,,http://www.wikidata.org/entity/Q266675,,,,http://www.mimo-db.eu/InstrumentsKeywords/3897,,skos:exactMatch,http://id.loc.gov/authorities/performanceMediums/mp2013015066,,,,,,,,,TARKISTA,,
fmpo:00119,http://urn.fi/urn:nbn:fi:au:seko:00119,,bassokitara,basgitarr,bass guitar,,,,,,,,fmpo:00504,kitara,,http://www.yso.fi/onto/yso/p2666,http://www.wikidata.org/entity/Q46185,,321.322,,http://www.mimo-db.eu/InstrumentsKeywords/3230,https://dbpedia.org/page/Bass_guitar,,,,,,"""Erityisesti populaarimusiikissa käytetty bassosoitin, joka oli alun perin akustinen kitarasoitin. Bassokitaran äänen vahvistamiseksi kehitettiin sähköbasso.""@fi, ""Basinstrument som från början var ett akustiskt gitarrinstrument och som används särskilt i populärmusik. För att förstärka basgitarrens ljud utvecklades elbas. (ALLFO)""@sv",,,,,valid,"Erityisesti populaarimusiikissa käytetty bassosoitin, joka oli alun perin akustinen kitarasoitin. Bassokitaran äänen vahvistamiseksi kehitettiin sähköbasso.",
fmpo:00119,,,,,,b (bassokitara),fi,,,,,,,,,,,,,,,,,,,,,,,,,,,,
fmpo:00119,,,,,,bass (bassokitara),fi,,,,,,,,,,,,,,,,,,,,,,,,,,,,
fmpo:00120,http://urn.fi/urn:nbn:fi:au:seko:00120,,bassoklarinetti,basklarinett,bass clarinet,,,,,,,,fmpo:00512,klarinetti,,,http://www.wikidata.org/entity/Q8345,,,,,,skos:exactMatch,http://id.loc.gov/authorities/performanceMediums/mp2013015064,,,,,,,,,TARKISTA,,
fmpo:00120,,,,,,b-cl (bassoklarinetti),fi,,,,,,,,,,,,,,,,,,,,,,,,,,,,
fmpo:00120,,,,,,Bassklarinette,de,,,,,,,,,,,,,,,,,,,,,,,,,,,,
fmpo:00120,,,,,,clarinette basse,fr,,,,,,,,,,,,,,,,,,,,,,,,,,,,
fmpo:00120,,,,,,clarone,it,,,,,,,,,,,,,,,,,,,,,,,,,,,,
fmpo:00121,http://urn.fi/urn:nbn:fi:au:seko:00121,,bassonokkahuilu,basblockflöjt,bass recorder,,,,,,,,fmpo:00704,nokkahuilu,,,https://www.wikidata.org/entity/Q3353648,,,,,,skos:exactMatch,http://id.loc.gov/authorities/performanceMediums/mp2013015068,,,,,,,,,TARKISTA,Bassoääninen nokkahuilu.,
fmpo:00122,http://urn.fi/urn:nbn:fi:au:seko:00122,,bassopasuuna,bastrombon,bass trombone,,,,,,,,fmpo:00752,pasuuna,,,http://www.wikidata.org/entity/Q13194854,,,,,,skos:closeMatch,"http://id.loc.gov/authorities/performanceMediums/mp2013015070, http://id.loc.gov/authorities/performanceMediums/mp2013015607",,,,,,,,,TARKISTA,,
fmpo:00122,,,,,,bass sackbut,en,,,,,,,,,,,,,,,,,,,,,,,,,,,,
fmpo:00122,,,,,,Bassposaune,de,,,,,,,,,,,,,,,,,,,,,,,,,,,,
fmpo:00123,http://urn.fi/urn:nbn:fi:au:seko:00123,,bassopommeri,basbombard,bass bombard,,,,,,,,fmpo:00791,pommeri,,,http://www.wikidata.org/entity/Q116977034,,,,,,,,,,,,,,,,TARKISTA,,
fmpo:00123,,,,,,basskalmeja,sv,,,,,,,,,,,,,,,,,,,,,,,,,,,,
fmpo:00123,,,,,,bassoskalmeija,fi,,,,,,,,,,,,,,,,,,,,,,,,,,,,
fmpo:00124,http://urn.fi/urn:nbn:fi:au:seko:00124,,bassorumpu,bastrumma,orchestral bass drum,,,,,,,,fmpo:00864,rumpu,,,http://www.wikidata.org/entity/Q211028,,,,,,skos:exactMatch,http://id.loc.gov/authorities/performanceMediums/mp2013015065,,,,,,,,,TARKISTA,Suurikokoinen ja matalaääninen rumpu.,
fmpo:00124,,,,,,gran cassa,it,,,,,,,,,,,,,,,,,,,,,,,,,,,,
fmpo:00124,,,,,,gran tamburo,it,,,,,,,,,,,,,,,,,,,,,,,,,,,,
fmpo:00124,,,,,,grosse caisse,fr,,,,,,,,,,,,,,,,,,,,,,,,,,,,
fmpo:00124,,,,,,grosse Trommel,de,,,,,,,,,,,,,,,,,,,,,,,,,,,,
fmpo:00124,,,,,,isorumpu,fi,,,,,,,,,,,,,,,,,,,,,,,,,,,,
fmpo:00124,,,,,,tamburone,it,,,,,,,,,,,,,,,,,,,,,,,,,,,,
fmpo:00125,http://urn.fi/urn:nbn:fi:au:seko:00125,,bassosaksofoni,bassaxofon,bass saxophone,,,,,,,,fmpo:00879,saksofoni,,,http://www.wikidata.org/entity/Q810551,,,,,,skos:exactMatch,http://id.loc.gov/authorities/performanceMediums/mp2013015069,,,,,,,,,TARKISTA,Termiä suositellaan käytettäväksi lähinnä populaarimusiikin yhteydessä.,
fmpo:00125,,,,,,b-sax (bassosaksofoni),fi,,,,,,,,,,,,,,,,,,,,,,,,,,,,
fmpo:00126,http://urn.fi/urn:nbn:fi:au:seko:00126,,bassosinkki,bassinka,bass cornett,,,,,,,,fmpo:00571,käyrä sinkki,,,http://www.wikidata.org/entity/Q116977082,,,,,,skos:closeMatch,http://id.loc.gov/authorities/performanceMediums/mp2013015185,,,,,,,,,TARKISTA,"Bassokokoinen käyrä sinkki, jonka ääniala alkaa kvarttia tai kvinttiä tenoria alempaa.",
fmpo:00126,,,,,,basse de cornet,fr,,,,,,,,,,,,,,,,,,,,,,,,,,,,
fmpo:00126,,,,,,basse des cornets,fr,,,,,,,,,,,,,,,,,,,,,,,,,,,,
fmpo:00126,,,,,,Basszink,de,,,,,,,,,,,,,,,,,,,,,,,,,,,,
fmpo:00126,,,,,,lizard (bassosinkki),fi,,,,,,,,,,,,,,,,,,,,,,,,,,,,
fmpo:00126,,,,,,lysarder (bassosinkki),fi,,,,,,,,,,,,,,,,,,,,,,,,,,,,
fmpo:00127,http://urn.fi/urn:nbn:fi:au:seko:00127,,bassotorvi,bass-horn,basshorn,,,,,http://www.yso.fi/onto/yso/p104968,Ranska,,fmpo:01171,vaskipuhallin,,,https://www.wikidata.org/entity/Q810513,,,,,,,,,,,,,,,,TARKISTA,"Serpentin sukuinen trumpettisoitin, joka kehitettiin Ranskassa 1790-luvulla.",
fmpo:00128,http://urn.fi/urn:nbn:fi:au:seko:00128,,basy,basy,basolia,,,,,http://www.yso.fi/onto/yso/p105244,Puola,,fmpo:00446,jousisoitin,,,https://www.wikidata.org/entity/Q3622278,,,,,,,,,,,,,,,,TARKISTA,Puolalainen bassoääninen jousisoitin.,
fmpo:00128,,,,,,basetla,pl,,,,,,,,,,,,,,,,,,,,,,,,,,,,
fmpo:00128,,,,,,basolia,en,,,,,,,,,,,,,,,,,,,,,,,,,,,,
fmpo:00129,http://urn.fi/urn:nbn:fi:au:seko:00129,,batá,batá,batá,,,,,"http://www.yso.fi/onto/yso/p104989, http://www.yso.fi/onto/yso/p105269, http://www.yso.fi/onto/yso/p112751, http://www.yso.fi/onto/yso/p105078","Nigeria, Kuuba, Puerto Rico, Yhdysvallat",,fmpo:01092,tiimalasirumpu,https://github.com/NatLibFi/SEKO/issues/190,,https://www.wikidata.org/entity/Q811075,"""2026-08-04 päivitetty spatial:  Nigeria, Kuuba, PuertoRico, Yhdysvallat (lähde Wikipedia)""@fi, ""2026-07-25 Tarkista spatial - gear4music mukaan alunperin länsiafrikkalainen josta levinnyt Kuubaan.""",211.242.1,,http://www.mimo-db.eu/InstrumentsKeywords/2507,https://dbpedia.org/page/Bata_drum,skos:exactMatch,http://id.loc.gov/authorities/performanceMediums/mp2013015075,"<https://en.wikipedia.org/wiki/Bat%C3%A1_drum>, <https://www.lira.se/skivrecension/jazz-bata-2/>,<https://archaicroots.com/2024/02/23/the-bata-drum-a-heartbeat-of-history-culture-and-divinity/>,<https://www.pbs.org/buenavista/music/a_bata.html>",,,"""Afrokuubalaisessa musiikissa käytettävä kaksikalvoinen rumpu, alunperin Yoruba kulttuurista Nigeriasta. (Wikipedia)""@fi, ""En dubbelhövdad timglastrumma som används i afrokubansk musik, ursprungligen från yorubakulturen i Nigeria. (Wikipedia)""@sv, ""A double-headed hourglass drum of the Afro-Cuban Lucumí cult with a background in Yoruba culture in Nigeria.""@en",,"""2026-05-04 Added dct:spatial Nigeria.""@en, ""2026-07-25 created issue #190""",,2026-08-04,valid,Afrokuubalaisessa musiikissa käytettävä kaksikalvoinen rumpu.,
fmpo:00129,,,,,,bata,fi,,,,,,,,,,,,,,,,,,,,,,,,,,,,
fmpo:00129,,,,,,bàtá drum,en,,,,,,,,,,,,,,,,,,,,,,,,,,,,
fmpo:00130,http://urn.fi/urn:nbn:fi:au:seko:00130,,bawu,bawu,bawu,,,,,http://www.wikidata.org/entity/Q14203776,Kaakkois-Kiina,,fmpo:01170,vapaalehdykkäsoitin,,,https://www.wikidata.org/entity/Q812043,,,,,,,,,,,,,,,,TARKISTA,Kaakkoiskiinalainen puhallinsoitin (vapaalehdykkä).,
fmpo:00130,,,,,,bi,en,,,,,,,,,,,,,,,,,,,,,,,,,,,,
fmpo:00130,,,,,,jifeili,en,,,,,,,,,,,,,,,,,,,,,,,,,,,,
fmpo:00130,,,,,,meiba,en,,,,,,,,,,,,,,,,,,,,,,,,,,,,
fmpo:00131,http://urn.fi/urn:nbn:fi:au:seko:00131,,beganna,beganna,begena,,,,,"http://www.yso.fi/onto/yso/p108043,http://www.yso.fi/onto/yso/p105330",Sudan|Etiopia,,fmpo:00625,lyyra,,,https://www.wikidata.org/entity/Q792006,,,,http://www.mimo-db.eu/InstrumentsKeywords/3489,,,,,,,,,,,,TARKISTA,"Afrikkalainen, Sudanin ja Etiopian alueilla käytettävä 8–10-kielinen laatikkolyyra.",
fmpo:00131,,,,,,bagana,en,,,,,,,,,,,,,,,,,,,,,,,,,,,,
fmpo:00131,,,,,,begena,fi,,,,,,,,,,,,,,,,,,,,,,,,,,,,
fmpo:00131,,,,,,begenna,en,,,,,,,,,,,,,,,,,,,,,,,,,,,,
fmpo:00131,,,,,,bägänna,en,,,,,,,,,,,,,,,,,,,,,,,,,,,,
fmpo:00131,,,,,,,,baganna,en,,,,,,,,,,,,,,,,,,,,,,,,,,
fmpo:00132,http://urn.fi/urn:nbn:fi:au:seko:00132,,bendir,bendir,bendir,,,,,http://www.yso.fi/onto/yso/p105335,Pohjois-Afrikka,,fmpo:01050,tamburiini,,,https://www.wikidata.org/entity/Q816793,,,,,,,,,,,,,,,,TARKISTA,Pohjoisafrikkalainen tamburiini.,
fmpo:00133,http://urn.fi/urn:nbn:fi:au:seko:00133,,berimbau,berimbau,berimbau,,,,,http://www.yso.fi/onto/yso/p108126,Brasilia,,fmpo:00955,soittokaari,,,http://www.wikidata.org/entity/Q748187,,,,,,skos:exactMatch,http://id.loc.gov/authorities/performanceMediums/mp2013015080,,,,,,,,,TARKISTA,"Afrikkalaisperäinen, lähinnä Brasiliassa käytetty soittokaari.",
fmpo:00133,,,,,,berimbao,pt,,,,,,,,,,,,,,,,,,,,,,,,,,,,
fmpo:00133,,,,,,berimbau de barriga,pt,,,,,,,,,,,,,,,,,,,,,,,,,,,,
fmpo:00133,,,,,,urucungu,pt,,,,,,,,,,,,,,,,,,,,,,,,,,,,
fmpo:00134,http://urn.fi/urn:nbn:fi:au:seko:00134,,berjosta,beresta,beresta,,,,,http://www.yso.fi/onto/yso/p94479,Venäjä,,fmpo:00953,soitin,https://github.com/NatLibFi/SEKO/issues/112,,https://www.wikidata.org/entity/Q109139981,,,,,,,,,,,,,ISSUE created - change broader,,2026-07-03,KESKEN,Venäläinen tuohinen kansansoitin.,
fmpo:00134,,,,,,beresta,fi,,,,,,,,,,,,,,,,,,,,,,,,,,,,
fmpo:00134,,,,,,berësta,en,,,,,,,,,,,,,,,,,,,,,,,,,,,,
fmpo:00135,http://urn.fi/urn:nbn:fi:au:seko:00135,,bidi,bidi,bidi,,,,,http://www.yso.fi/onto/yso/p105181,Taiwan,,fmpo:00698,nenähuilu,,,https://www.wikidata.org/entity/Q109140511,,,,,,,,,,,,,,,,TARKISTA,Taiwanilainen nenähuilu.,
fmpo:00136,http://urn.fi/urn:nbn:fi:au:seko:00136,TRUE,bili,bili,guanzi,,,,,http://www.yso.fi/onto/yso/p104984,Kiina,,fmpo:00715,oboesoitin,https://github.com/NatLibFi/SEKO/issues/30,,https://www.wikidata.org/entity/Q675382,deprecated 2026,,,,,skos:closeMatch,http://id.loc.gov/authorities/performanceMediums/mp2013015303,,seko:00381,,,,,,,KESKEN,Kiinalainen oboetyyppinen puhallinsoitin.,
fmpo:00136,,,,,,guan zi,en,,,,,,,,,,,,,,,,,,,,,,,,,,,,
fmpo:00136,,,,,,guanzi,en,,,,,,,,,,,,,,,,,,,,,,,,,,,,
fmpo:00136,,,,,,kuan tzu,en,,,,,,,,,,,,,,,,,,,,,,,,,,,,
fmpo:00137,http://urn.fi/urn:nbn:fi:au:seko:00137,,biniou,biniou,biniou,,,,,http://www.yso.fi/onto/yso/p106275,Bretagne,,fmpo:01024,säkkipilli,,,https://www.wikidata.org/entity/Q863876,,,,,,skos:closeMatch,http://id.loc.gov/authorities/performanceMediums/mp2013015039,,,,,,,,,TARKISTA,Bretagnelainen säkkipilli.,
fmpo:00137,,,,,,bignou,fr,,,,,,,,,,,,,,,,,,,,,,,,,,,,
fmpo:00137,,,,,,binioù,fr,,,,,,,,,,,,,,,,,,,,,,,,,,,,
fmpo:00138,http://urn.fi/urn:nbn:fi:au:seko:00138,,birbyne,birbyne,birbyne,,,,,http://www.yso.fi/onto/yso/p94268,Liettua,,fmpo:00513,klarinettisoitin,,,https://www.wikidata.org/entity/Q864989,,,,http://www.mimo-db.eu/InstrumentsKeywords/4666,,,,,,,,,,,,TARKISTA,Liettualainen klarinettityyppinen puhallinsoitin.,
fmpo:00139,http://urn.fi/urn:nbn:fi:au:seko:00139,,biwa,biwa,biwa,,,,,http://www.yso.fi/onto/yso/p105023,Japani,,fmpo:00709,näppäilysoitin,,,http://www.wikidata.org/entity/Q829729,,,,,,skos:closeMatch,http://id.loc.gov/authorities/performanceMediums/mp2013015086,,,,,,,,,TARKISTA,"Japanilainen nelikielinen luuttusoitin, jonka alkumuoto on kiinalainen pipa. Biwa-soittimia on useita erilaisia ja niitä soitetaan eri tavoin eri yhteyksissä.",
fmpo:00140,http://urn.fi/urn:nbn:fi:au:seko:00140,,puublokki,block,block,,,,,,,,fmpo:00627,lyömäsoitin,https://github.com/NatLibFi/SEKO/issues/28,,http://www.wikidata.org/entity/Q957212,MUUSA: CHANGED main term,,,,,,,,,,,,,,,KESKEN,Lyömäsoittimena käytettävä ontto puupalikka.,
fmpo:00140,,,,,,bloc de bois,fr,,,,,,,,,,,"MOVED here from ""penaali""",,,,,,,,,,,,,,,,,
fmpo:00140,,,,,,Holzblock,de,,,,,,,,,,,"MOVED here from ""penaali""",,,,,,,,,,,,,,,,,
fmpo:00140,,,,,,wood block,en,,,,,,,,,,,,,,,,,,,,,,,,,,,,
fmpo:00140,,,,,,woodblock,en,,,,,,,,,,,,,,,,,,,,,,,,,,,,
fmpo:00141,http://urn.fi/urn:nbn:fi:au:seko:00141,,blul,blul,blul,,,,,http://www.yso.fi/onto/yso/p107662,Armenia,,fmpo:00851,reunahuilu,https://github.com/NatLibFi/SEKO/issues/121,,http://www.wikidata.org/entity/Q116818413,,,,http://www.mimo-db.eu/InstrumentsKeywords/8449,,skos:exactMatch,http://id.loc.gov/authorities/performanceMediums/mp2013015087,,,,,,issuue created; compare with sring seko:00979,,2026-07-04,KESKEN,Armenialainen puuhuilu.,
fmpo:00142,http://urn.fi/urn:nbn:fi:au:seko:00142,,blur,blur,blur,,,,,"http://www.yso.fi/onto/yso/p105899,http://www.yso.fi/onto/yso/p106277",Kurdistan|Irak,,fmpo:00418,huilusoitin,,,https://www.wikidata.org/entity/Q109143299,,,,,,,,,,,,,,,,TARKISTA,Koillis-Irakissa ja kurdien musiikissa käytettävä tulppakanavahuilu.,
fmpo:00142,,,,,,blûr,en,,,,,,,,,,,,,,,,,,,,,,,,,,,,
fmpo:00142,,,,,,shepherd's flute,en,,,,,,,,,,,,,,,,,,,,,,,,,,,,
fmpo:00143,http://urn.fi/urn:nbn:fi:au:seko:00143,,bocina,bocina,bocina,,,,,http://www.yso.fi/onto/yso/p105005,Latinalainen Amerikka,,fmpo:01171,vaskipuhallin,,,https://www.wikidata.org/entity/Q109144349,,,,,,,,,,,,,,,,TARKISTA,Latinalaisen Amerikan intiaanimusiikissa käytettävä trumpettityyppinen puhallinsoitin.,
fmpo:00144,http://urn.fi/urn:nbn:fi:au:seko:00144,,bodhrán,bodhrán,bodhrán,,,,,http://www.yso.fi/onto/yso/p105195,Irlanti,,fmpo:00484,kehärumpu,,,http://www.wikidata.org/entity/Q244976,,,,,,skos:exactMatch,http://id.loc.gov/authorities/performanceMediums/mp2013015088,,,,,,,,,TARKISTA,Irlantilaisessa perinnemusiikissa käytettävä yksikalvoinen kehysrumpu.,
fmpo:00144,,,,,,bodhran,fi,,,,,,,,,,,,,,,,,,,,,,,,,,,,
fmpo:00145,http://urn.fi/urn:nbn:fi:au:seko:00145,,bolon,bolon,bolon,,,,,http://www.yso.fi/onto/yso/p118210,Länsi-Afrikka,,fmpo:00398,harppu,,,https://www.wikidata.org/entity/Q2909502,,,,,,,,,,,,,,,,TARKISTA,Länsiafrikkalainen isokokoinen harppu.,
fmpo:00146,http://urn.fi/urn:nbn:fi:au:seko:00146,,bombo,bombo,bombo,,,,,"http://www.yso.fi/onto/yso/p105005,http://www.yso.fi/onto/yso/p105209",Latinalainen Amerikka|Espanja,,fmpo:00864,rumpu,,,https://www.wikidata.org/entity/Q4940751,,,,,,,,,,,,,,,,TARKISTA,"Espanjalaisperäinen, Latinalaisen Amerikan intiaanimusiikissa käytettävä rumpu.",
fmpo:00146,,,,,,bombo criollo,it,,,,,,,,,,,,,,,,,,,,,,,,,,,,
fmpo:00146,,,,,,bombo legüero,it,,,,,,,,,,,,,,,,,,,,,,,,,,,,
fmpo:00146,,,,,,,,bombo leguero,it,,,,,,,,,,,,,,,,,,,,,,,,,,
fmpo:00147,http://urn.fi/urn:nbn:fi:au:seko:00147,,bonang,bonang,bonang,,,,,http://www.yso.fi/onto/yso/p105337,Kaakkois-Aasia,,fmpo:00376,gongi,,,https://www.wikidata.org/entity/Q892076,,,,,,,,,,,,,,,,TARKISTA,"Useasta riviin asetetusta gongista koostuva kaakkoisaasialainen lyömäsoitin, jota käytetään erityisesti gamelanmusiikissa.",
fmpo:00147,,,,,,bonang degung,in,,,,,,,,,,,,,,,,,,,,,,,,,,,,
fmpo:00147,,,,,,bonang gambyong,in,,,,,,,,,,,,,,,,,,,,,,,,,,,,
fmpo:00147,,,,,,bonang klenang,in,,,,,,,,,,,,,,,,,,,,,,,,,,,,
fmpo:00147,,,,,,kolenang,in,,,,,,,,,,,,,,,,,,,,,,,,,,,,
fmpo:00147,,,,,,kromong,in,,,,,,,,,,,,,,,,,,,,,,,,,,,,
fmpo:00147,,,,,,renteng,in,,,,,,,,,,,,,,,,,,,,,,,,,,,,
fmpo:00148,http://urn.fi/urn:nbn:fi:au:seko:00148,,bongorummut,bongotrummor,bongo drum,,,,,http://www.yso.fi/onto/yso/p105269,Kuuba,,fmpo:00864,rumpu,,,http://www.wikidata.org/entity/Q243998,,,,,,skos:exactMatch,http://id.loc.gov/authorities/performanceMediums/mp2013015093,,,,,,,,,TARKISTA,Afrokuubalainen rumpupari.,
fmpo:00148,,,,,,bgs (bongorummut),fi,,,,,,,,,,,,,,,,,,,,,,,,,,,,
fmpo:00148,,,,,,bongo,fi,,,,,,,,,,,,,,,,,,,,,,,,,,,,
fmpo:00148,,,,,,bongos,sv,,,,,,,,,,,,,,,,,,,,,,,,,,,,
fmpo:00148,,,,,,bongot,fi,,,,,,,,,,,,,,,,,,,,,,,,,,,,
fmpo:00149,http://urn.fi/urn:nbn:fi:au:seko:00149,,borija,borija,borija,,,,,http://www.yso.fi/onto/yso/p105223,Itä-Eurooppa,,fmpo:00819,puutrumpetti,,,https://www.wikidata.org/entity/Q109145368,,,,,,,,,,,,,,,,TARKISTA,Itäeurooppalainen puunkuoresta tehty trumpettityyppinen puhallinsoitin.,
fmpo:00149,,,,,,bušen,bs,,,,,,,,,,,,,,,,,,,,,,,,,,,,
fmpo:00149,,,,,,Holztrompete,de,,,,,,,,,,,,,,,,,,,,,,,,,,,,
fmpo:00149,,,,,,puutrumpetti,fi,,,,,,,,,,,,,,,,,,,,,,,,,,,,
fmpo:00149,,,,,,rikalo,bs,,,,,,,,,,,,,,,,,,,,,,,,,,,,
fmpo:00149,,,,,,trâmbiţă,ro,,,,,,,,,,,,,,,,,,,,,,,,,,,,
fmpo:00149,,,,,,trembita,uk,,,,,,,,,,,,,,,,,,,,,,,,,,,,
fmpo:00149,,,,,,trembyta,uk,,,,,,,,,,,,,,,,,,,,,,,,,,,,
fmpo:00149,,,,,,trmbyta,uk,,,,,,,,,,,,,,,,,,,,,,,,,,,,
fmpo:00149,,,,,,trombita,po,,,,,,,,,,,,,,,,,,,,,,,,,,,,
fmpo:00149,,,,,,trompenta,sl,,,,,,,,,,,,,,,,,,,,,,,,,,,,
fmpo:00149,,,,,,tulnic,ro,,,,,,,,,,,,,,,,,,,,,,,,,,,,
fmpo:00149,,,,,,,,busen,bs,,,,,,,,,,,,,,,,,,,,,,,,,,
fmpo:00149,,,,,,,,trambita,ro,,,,,,,,,,,,,,,,,,,,,,,,,,
fmpo:00150,http://urn.fi/urn:nbn:fi:au:seko:00150,,boru,boru,boru,,,,,http://www.yso.fi/onto/yso/p105573,Turkki,,fmpo:01118,trumpettisoitin,,,https://www.wikidata.org/entity/Q109146212,,,,,,,,,,,,,,,,TARKISTA,Turkkilaisessa sotilasorkesterissa (janitsaariorkesteri) käytettävä trumpettityyppinen puhallinsoitin.,
fmpo:00151,http://urn.fi/urn:nbn:fi:au:seko:00151,,bouteillophone,bouteillophone,bouteillophone,,,,,http://www.yso.fi/onto/yso/p104968,Ranska,,fmpo:00627,lyömäsoitin,,,https://www.wikidata.org/entity/Q60982124,,,,,,,,,,,,,,,,TARKISTA,"Eri äänenkorkeuksille viritetyistä lasipulloista rakennettu soitin, jota on käytetty mm. Erik Satien baletissa Parade ja Arthur Honeggerin teoksessa Le dit des jeux du monde.",
fmpo:00151,,,,,,Flaschenspiel,de,,,,,,,,,,,,,,,,,,,,,,,,,,,,
fmpo:00151,,,,,,musical bottles,en,,,,,,,,,,,,,,,,,,,,,,,,,,,,
fmpo:00151,,,,,,pullot,fi,,,,,,,,,,,,,,,,,,,,,,,,,,,,
fmpo:00151,,,,,,suono di bottiglia,it,,,,,,,,,,,,,,,,,,,,,,,,,,,,
fmpo:00152,http://urn.fi/urn:nbn:fi:au:seko:00152,,bozuk,bozuk,bozuk,,,,,http://www.yso.fi/onto/yso/p105573,Turkki,,fmpo:00905,saz,https://github.com/NatLibFi/SEKO/issues/10,,http://www.wikidata.org/entity/Q140314767,"KEEP SEPARATE!  In Wikidata erroneously same as ""bağlama"" and ""saz""  ",,,,,,,https://www.oxfordreference.com/view/10.1093/acref/9780199743391.001.0001/acref-9780199743391-e-925.,,,,,,,,KESKEN,"Turkkilainen pitkäkaulainen luuttusoitin, joka kuuluu saz-soittimien laajaan perheeseen.",
fmpo:00153,http://urn.fi/urn:nbn:fi:au:seko:00153,,bramevac,bramevac,bramevac,,,,,http://www.yso.fi/onto/yso/p104968,Ranska,,fmpo:00715,oboesotin,,,http://www.wikidata.org/entity/Q116977241,,,,,,,,,,,,,,,,TARKISTA,"Ranskalainen, kansanomainen oboetyyppinen puhallinsoitin.",
fmpo:00154,http://urn.fi/urn:nbn:fi:au:seko:00154,,brelo,brelo,brelo,,,,,http://www.yso.fi/onto/yso/p94192,Karjala,,fmpo:01118,trumpettisoitin,,,http://www.wikidata.org/entity/Q7847122,,,,,,,,,,,,,,,,TARKISTA,"Karjalainen, puinen puhallinsoitin.",
fmpo:00154,,,,,,paimentorvi,fi,,,,,,,,,,,,,,,,,,,,,,,,,,,,
fmpo:00154,,,,,,puutrumpetti,fi,,,,,,,,,,,,,,,,,,,,,,,,,,,,
fmpo:00155,http://urn.fi/urn:nbn:fi:au:seko:00155,,broancă,broancă,broancă,,,,,http://www.yso.fi/onto/yso/p105030,Romania,,fmpo:00446,jousisoitin,,,https://www.wikidata.org/entity/Q109226441,,,,,,,,,,,,,,,,TARKISTA,"Romanialainen bassoääninen jousisoitin, jossa on kaksi tai kolme kieltä.",
fmpo:00155,,,,,,broanca,fi,,,,,,,,,,,,,,,,,,,,,,,,,,,,
fmpo:00155,,,,,,broánce,en,,,,,,,,,,,,,,,,,,,,,,,,,,,,
fmpo:00155,,,,,,contrabas,en,,,,,,,,,,,,,,,,,,,,,,,,,,,,
fmpo:00156,http://urn.fi/urn:nbn:fi:au:seko:00156,,bubanj,bubanj,bubanj,,,,,http://www.yso.fi/onto/yso/p107990,Bosnia ja Herizegovina,,fmpo:00864,rumpu,,,https://www.wikidata.org/entity/Q109290540,,,,,,,,,,,,,,,,TARKISTA,Bosnian ja Herzegovinan alueilla käytettävä kaksikalvoinen rumpu.,
fmpo:00157,http://urn.fi/urn:nbn:fi:au:seko:00157,TRUE,bubentsy,bubentsy,bubentsy,,,,,http://www.yso.fi/onto/yso/p94479,Venäjä,,fmpo:00404,helistin,https://github.com/NatLibFi/SEKO/issues/31,,Q956406,"MERGE Same as ""kulkunen"" seko:00557",,,,,,,https://ru.wikipedia.org/wiki/%D0%91%D1%83%D0%B1%D0%B5%D0%BD%D0%B5%D1%86,seko:00557,,,,"Duplicate merged to ""kulkunen""",,2025-06-24,substituted,Venäläinen helistin.,
fmpo:00157,,,,,,jngle bells,en,,,,,,,,,,,,,,,,,,,,,,,,,,,,
fmpo:00157,,,,,,kulkunen,fi,,,,,,,,,,,,,,,,,,,,,,,,,,,,
fmpo:00157,,,,,,slädbjällra,sv,,,,,,,,,,,,,,,,,,,,,,,,,,,,
fmpo:00157,,,,,,бубенцы,ru,,,,,,,,,,,,,,,,,,,,,,,,,,,,
fmpo:00158,http://urn.fi/urn:nbn:fi:au:seko:00158,,bubon,bubon,bubon,,,,,"http://www.yso.fi/onto/yso/p122768,http://www.yso.fi/onto/yso/p107664",Valko-Venäjä|Ukraina,,fmpo:01050,tamburiini,,,https://www.wikidata.org/entity/Q17067314,,,,,,,,,,,,,,,,TARKISTA,Valko-Venäjällä ja Ukrainassa käytettävä tamburiini.,
fmpo:00158,,,,,,buben,en,,,,,,,,,,,,,,,,,,,,,,,,,,,,
fmpo:00158,,,,,,bubny,en,,,,,,,,,,,,,,,,,,,,,,,,,,,,
fmpo:00159,http://urn.fi/urn:nbn:fi:au:seko:00159,,buccin (puhallinsoitin),buccin,buccin,,,,,http://www.yso.fi/onto/yso/p104968,Ranska,,fmpo:00801,puhallinsoitin,,,https://www.wikidata.org/entity/Q4982421,,,,,,,,,,,,,,,,TARKISTA,Ranskalainen 1700-luvun puhallinsoitin.,
fmpo:00160,http://urn.fi/urn:nbn:fi:au:seko:00160,,buccina,buccina,buccina,,,,,http://www.yso.fi/onto/yso/p105081,Rooman valtakunta,,fmpo:01171,vaskipuhallin,,,https://www.wikidata.org/entity/Q850613,,,,,,,,,,,,,,,,TARKISTA,Antiikin Rooman aikainen metallinen puhallinsoitin.,
fmpo:00160,,,,,,buccin (buccina),en,,,,,,,,,,,,,,,,,,,,,,,,,,,,
fmpo:00160,,,,,,bucina,en,,,,,,,,,,,,,,,,,,,,,,,,,,,,
fmpo:00160,,,,,,bucine,en,,,,,,,,,,,,,,,,,,,,,,,,,,,,
fmpo:00161,http://urn.fi/urn:nbn:fi:au:seko:00161,,bucium,bucium,bucium,,,,,"http://www.yso.fi/onto/yso/p105030,http://www.yso.fi/onto/yso/p107667",Romania|Moldova,,fmpo:00032,alppitorvi,,,https://www.wikidata.org/entity/Q518585,,,,,,,,,,,,,,,,TARKISTA,Romanian ja Moldovan vuoristoalueilla käytettävä alppitorvi,
fmpo:00161,,,,,,bucen,en,,,,,,,,,,,,,,,,,,,,,,,,,,,,
fmpo:00161,,,,,,bucin,en,,,,,,,,,,,,,,,,,,,,,,,,,,,,
fmpo:00161,,,,,,trîmbită,en,,,,,,,,,,,,,,,,,,,,,,,,,,,,
fmpo:00161,,,,,,tulnic,en,,,,,,,,,,,,,,,,,,,,,,,,,,,,
fmpo:00161,,,,,,,,trimbita,en,,,,,,,,,,,,,,,,,,,,,,,,,,
fmpo:00162,http://urn.fi/urn:nbn:fi:au:seko:00162,,bugái,bugái,buhay,,,,,http://www.yso.fi/onto/yso/p107664,Ukraina,,fmpo:00508,kitkarumpu,,,https://www.wikidata.org/entity/Q4097743,,,,,,,,,,,,,,,,TARKISTA,Ukrainalainen kitkarumpu.,
fmpo:00162,,,,,,berebenytsia,en,,,,,,,,,,,,,,,,,,,,,,,,,,,,
fmpo:00162,,,,,,bika,en,,,,,,,,,,,,,,,,,,,,,,,,,,,,
fmpo:00162,,,,,,bochka,en,,,,,,,,,,,,,,,,,,,,,,,,,,,,
fmpo:00162,,,,,,buga,en,,,,,,,,,,,,,,,,,,,,,,,,,,,,
fmpo:00162,,,,,,bugai,fi,,,,,,,,,,,,,,,,,,,,,,,,,,,,
fmpo:00162,,,,,,buhai,en,,,,,,,,,,,,,,,,,,,,,,,,,,,,
fmpo:00163,http://urn.fi/urn:nbn:fi:au:seko:00163,,bugarabu,bucarabu,bougarabou,,,,,"http://www.yso.fi/onto/yso/p94407,http://www.yso.fi/onto/yso/p109290",Senegal|Gambia,,fmpo:00864,rumpu,,,https://www.wikidata.org/entity/Q895007,,,,,,skos:closeMatch,http://id.loc.gov/authorities/performanceMediums/mp2013015218,,,,,,,,,TARKISTA,"Senegalilaisen ja gambialaisen jola-kansan yksikalvoinen rumpu, jonka noin 65–140 cm pitkä ja halkaisijaltaan 23–45-senttinen tiimalasin tai alaspäin kapenevan kartion mallinen runko on veistetty yhdestä puukappaleesta. Bugarabua soitetaan yleensä kolmen",
fmpo:00163,,,,,,boucarabou,fr,,,,,,,,,,,,,,,,,,,,,,,,,,,,
fmpo:00163,,,,,,bougaroubou,fr,,,,,,,,,,,,,,,,,,,,,,,,,,,,
fmpo:00163,,,,,,bugáar,en,,,,,,,,,,,,,,,,,,,,,,,,,,,,
fmpo:00163,,,,,,bugorobu,en,,,,,,,,,,,,,,,,,,,,,,,,,,,,
fmpo:00163,,,,,,,,bugaar,en,,,,,,,,,,,,,,,,,,,,,,,,,,
fmpo:00164,http://urn.fi/urn:nbn:fi:au:seko:00164,,bugarija,bugarija,bugarija,,,,,http://www.yso.fi/onto/yso/p107990,Bosnia ja Herzegovina,,fmpo:00709,näppäilysoitin,,,https://www.wikidata.org/entity/Q1002233,,,,,,,,,,seko:00170,,,,,2026-06-26,valid,Bosnian ja Herzegovinan alueella käytettävä pitkäkaulainen luuttusoitin.,
fmpo:00164,,,,,,bulgarija,fi,,,,,,,,,,,,,,,,,,,,,,,,,,,,
fmpo:00165,http://urn.fi/urn:nbn:fi:au:seko:00165,,būgnas,būgnas,būgnas,,,,,http://www.yso.fi/onto/yso/p94268,Liettua,,fmpo:00864,rumpu,,,http://www.wikidata.org/entity/Q109303315,,,,,,,,,,,,,,,,TARKISTA,"Liettualainen, suurikokoinen kaksikalvoinen rumpu.",
fmpo:00165,,,,,,bugnas,fi,,,,,,,,,,,,,,,,,,,,,,,,,,,,
fmpo:00166,http://urn.fi/urn:nbn:fi:au:seko:00166,,būgnelis,būgnelis,būgnelis,,,,,http://www.yso.fi/onto/yso/p94268,Liettua,,fmpo:01050,tamburiini,,,https://www.wikidata.org/entity/Q109303358,,,,,,,,,,,,,,,,TARKISTA,Liettualainen tamburiini.,
fmpo:00166,,,,,,bugnelis,fi,,,,,,,,,,,,,,,,,,,,,,,,,,,,
fmpo:00167,http://urn.fi/urn:nbn:fi:au:seko:00167,,buki,buki,buki,,,,,http://www.yso.fi/onto/yso/p106264,Georgia,,fmpo:01118,trumpettisoitin,,,https://www.wikidata.org/entity/Q1003249,,,,,,,,,,,,,,,,TARKISTA,Georgialainen suurikokoinen vaskitrumpetti.,
fmpo:00168,http://urn.fi/urn:nbn:fi:au:seko:00168,,boula,boula,boula,,,,,"http://www.yso.fi/onto/yso/p105269,http://www.yso.fi/onto/yso/p109294",Kuuba|Haiti,,fmpo:01136,tumba,https://github.com/NatLibFi/SEKO/issues/32,,https://en.wikipedia.org/wiki/Boula_(music),MODIFIED 2026-06-24:: change prefLabel to boula and map to WD boula; add definition,,,,,,,https://en.wikipedia.org/wiki/Boula_(music)|https://en.wikipedia.org/wiki/List_of_Caribbean_membranophones|https://doi.org/10.1093/gmo/9781561592630.article.L2275505|https://en.wikipedia.org/wiki/Tumba_francesa,FALSE,,,,,,,KESKEN,Kuubalaisessa ja haitilaisessa musiikissa käytettävä rumpu.,
fmpo:00168,,,,,,bulá,,,,,,,,,,,,,,,,,,,,,,,,,,,,,
fmpo:00168,,,,,,bula,fi,,,,,,,,,,,,,,,,,,,,,,,,,,,,
fmpo:00169,http://urn.fi/urn:nbn:fi:au:seko:00169,,bulbultarang,bulbultarang,bulbul tarang,,,,,"http://www.yso.fi/onto/yso/p105027,http://www.yso.fi/onto/yso/p105965,http://www.yso.fi/onto/yso/p105280",Intia|Pakistan|Iran,,fmpo:00943,sitra,,,http://www.wikidata.org/entity/Q15307471,,,,,,skos:exactMatch,http://id.loc.gov/authorities/performanceMediums/mp2013015105,,,,,,,,,TARKISTA,"Intiassa, Pakistanissa ja Iranissa käytettävä, koskettimistolla varustettu pöytäsitra.",
fmpo:00169,,,,,,bānjo,en,,,,,,,,,,,,,,,,,,,,,,,,,,,,
fmpo:00169,,,,,,benju,en,,,,,,,,,,,,,,,,,,,,,,,,,,,,
fmpo:00169,,,,,,bulbultala,en,,,,,,,,,,,,,,,,,,,,,,,,,,,,
fmpo:00169,,,,,,Indian banjo,en,,,,,,,,,,,,,,,,,,,,,,,,,,,,
fmpo:00169,,,,,,māndolīn,en,,,,,,,,,,,,,,,,,,,,,,,,,,,,
fmpo:00169,,,,,,ondas de ruiseñores,es,,,,,,,,,,,,,,,,,,,,,,,,,,,,
fmpo:00169,,,,,,Punjabi banjo,en,,,,,,,,,,,,,,,,,,,,,,,,,,,,
fmpo:00169,,,,,,vague de rossignol,fr,,,,,,,,,,,,,,,,,,,,,,,,,,,,
fmpo:00169,,,,,,,,banjo,en,,,,,,,,,,,,,,,,,,,,,,,,,,
fmpo:00169,,,,,,,,mandolin,en,,,,,,,,,,,,,,,,,,,,,,,,,,
fmpo:00169,,,,,,,,ondas de ruisenores,es,,,,,,,,,,,,,,,,,,,,,,,,,,
fmpo:00170,http://urn.fi/urn:nbn:fi:au:seko:00170,,tambura,tambura,Bulgarian tambura,,,,,"http://www.yso.fi/onto/yso/p106673, http://www.yso.fi/onto/yso/p209158",Bulgaria|Makedonia,,fmpo:00709,näppäilysoitin,https://github.com/NatLibFi/SEKO/issues/40,,http://www.wikidata.org/entity/Q508805,2026-06-26 MERGE included seko:00292 dranka,321.322,,http://www.mimo-db.eu/InstrumentsKeywords/4753,,,,https://socalfolkdance.org/articles/bulgarian_folk_music_instruments_moreau.htm|http://krassijeliazkov.com/en/bulgarian-tamboura/history-of-instrument/|https://fr.wikipedia.org/wiki/Tamb%C3%BBr#Tamboura_des_Balkans,,seko:00164," ""Balkanilainen, pitkäkaulainen luuttusoitin.""@fi",,,,2026-06-26,valid,"Bulgarialainen, pitkäkaulainen luuttusoitin.",
fmpo:00170,,,,,,Balkan lute,en,,,,,,,,,,,,,,,,,,,,,,,,,,,,
fmpo:00170,,,,,,Bulgarian lute (tambura),en,,,,,,,,,,,,,,,,,,,,,,,,,,,,
fmpo:00170,,,,,,drănka,en,,,,,,,,,,,,,,,,,,,,,,,,,,,,
fmpo:00170,,,,,,daznaka ,en,,,,,,,,,,,,,,,,,,,,,,,,,,,,
fmpo:00170,,,,,,dzanka,en,,,,,,,,,,,,,,,,,,,,,,,,,,,,
fmpo:00170,,,,,,dranka,en,,,,,,,,,,,,,,,,,,,,,,,,,,,,
fmpo:00170,,,,,,drunka,en,,,,,,,,,,,,,,,,,,,,,,,,,,,,
fmpo:00170,,,,,,bajlama,en,,,,,,,,,,,,,,,,,,,,,,,,,,,,
fmpo:00170,,,,,,baylama,en,,,,,,,,,,,,,,,,,,,,,,,,,,,,
fmpo:00170,,,,,,tamboura bulgare,fr,,,,,,,,,,,,,,,,,,,,,,,,,,,,
fmpo:00171,http://urn.fi/urn:nbn:fi:au:seko:00171,,bumbassi,bumbass,bumbass,,,,,http://www.yso.fi/onto/yso/p94111,Eurooppa,,fmpo:00500,kielisoitin,,,https://www.wikidata.org/wiki/Q109321598,"DIFFERENT FROM ""pirunviulu"" seko:00810",,,,,,,,,,,,,,,TARKISTA,"Eurooppalainen monokordi, jossa jännitetty kieli värisee täyteen puhalletun sianrakon päällä.",
fmpo:00171,,,,,,basse de Flandre,fr,,,,,,,,,,,,,,,,,,,,,,,,,,,,
fmpo:00171,,,,,,bladder and string,en,,,,,,,,,,,,,,,,,,,,,,,,,,,,
fmpo:00171,,,,,,blaze-vere,en,,,,,,,,,,,,,,,,,,,,,,,,,,,,
fmpo:00171,,,,,,boembas,en,,,,,,,,,,,,,,,,,,,,,,,,,,,,
fmpo:00171,,,,,,bumba,en,,,,,,,,,,,,,,,,,,,,,,,,,,,,
fmpo:00171,,,,,,bumbass,en,,,,,,,,,,,,,,,,,,,,,,,,,,,,
fmpo:00171,,,,,,bumbasso,fi,,,,,,,,,,,,,,,,,,,,,,,,,,,,
fmpo:00171,,,,,,devil's fiddle,en,,,,,,,,,,,,,,,,,,,,,,,,,,,,
fmpo:00171,,,,,,Vlaamse bas,nl,,,,,,,,,,,,,,,,,,,,,,,,,,,,
fmpo:00172,http://urn.fi/urn:nbn:fi:au:seko:00172,,bungas,bungas,bungas,,,,,http://www.yso.fi/onto/yso/p94259,Latvia,,fmpo:00864,rumpu,,,https://www.wikidata.org/wiki/Q109321671,,,,,,,,,,,,,,,,TARKISTA,Latvialainen kansanomainen sylinterin mallinen rumpu.,
fmpo:00172,,,,,,celma bungas,lt,,,,,,,,,,,,,,,,,,,,,,,,,,,,
fmpo:00173,http://urn.fi/urn:nbn:fi:au:seko:00173,,busina,buisine,buisine,,,,,,,,fmpo:01118,trumpettisoitin,,,https://www.wikidata.org/wiki/Q819132,,,,,,skos:closeMatch,http://id.loc.gov/authorities/performanceMediums/mp2013015748,,,,,,,,,TARKISTA,Keskiaikainen noin 1–2 metriä pitkä suora trumpetti.,
fmpo:00173,,,,,,añafil (busina),fi,,,,,,,,,,,,,,,,,,,,,,,,,,,,
fmpo:00173,,,,,,anafir,pr,,,,,,,,,,,,,,,,,,,,,,,,,,,,
fmpo:00173,,,,,,buisine,fr,,,,,,,,,,,,,,,,,,,,,,,,,,,,
fmpo:00173,,,,,,busine,en,,,,,,,,,,,,,,,,,,,,,,,,,,,,
fmpo:00173,,,,,,buysine,fr,,,,,,,,,,,,,,,,,,,,,,,,,,,,
fmpo:00173,,,,,,buzine,en,,,,,,,,,,,,,,,,,,,,,,,,,,,,
fmpo:00173,,,,,,,,anafil (busina),fi,,,,,,,,,,,,,,,,,,,,,,,,,,
fmpo:00174,http://urn.fi/urn:nbn:fi:au:seko:00174,,buzuki,bouzouki,bouzouki,,,,,http://www.yso.fi/onto/yso/p105037,Kreikka,,fmpo:00709,näppäilysoitin,,http://www.yso.fi/onto/yso/p29977,https://www.wikidata.org/wiki/Q322675,,,,,,skos:closeMatch,http://id.loc.gov/authorities/performanceMediums/mp2013015096,,,,,,,,,TARKISTA,"Kreikkalainen pitkäkaulainen luuttusoitin. Irlantilaisessa populaarikansanmusiikissa käytetään ""bouzouki""-nimistä soitinta. Tästä rakenteeltaan hieman erilaisesta soittimesta suositellaan käytettäväksi nimitystä irlantilainen buzuki.",
fmpo:00174,,,,,,busuki,fi,,,,,,,,,,,,,,,,,,,,,,,,,,,,
fmpo:00175,http://urn.fi/urn:nbn:fi:au:seko:00175,,buzuq,buzuq,buzuq,,,,,http://www.yso.fi/onto/yso/p106051,Libanon,,fmpo:00709,näppäilysoitin,,,https://www.wikidata.org/wiki/Q3299793,,,,,,skos:closeMatch,http://id.loc.gov/authorities/performanceMediums/mp2013015096,,,,,,,,,TARKISTA,"Luuttusoitin, jota käytetään erityisesti Libanonissa. Soitin muistuttaa kreikkalaista buzukia ja turkkilaista saz-soitinta.",
fmpo:00175,,,,,,bouzouk,en,,,,,,,,,,,,,,,,,,,,,,,,,,,,
fmpo:00175,,,,,,bozuq,en,,,,,,,,,,,,,,,,,,,,,,,,,,,,
fmpo:00175,,,,,,buzuk,fi,,,,,,,,,,,,,,,,,,,,,,,,,,,,
fmpo:00176,http://urn.fi/urn:nbn:fi:au:seko:00176,,C-melodiasaksofoni,C-melodisaxofon,C melody saxophone,,,,,,,,fmpo:00879,saksofoni,,,https://www.wikidata.org/wiki/Q1022301,,,,,,skos:closeMatch,http://id.loc.gov/authorities/performanceMediums/mp2013015625,,,,,,,,,TARKISTA,Äänialaltaan altto- ja tenorisaksofonin välille sijoittuva C-vireinen saksofoni.,
fmpo:00176,,,,,,C-sax (saksofoni),fi,,,,,,,,,,,,,,,,,,,,,,,,,,,,
fmpo:00177,http://urn.fi/urn:nbn:fi:au:seko:00177,,cabasa,cabasa,cabasa,,,,,http://www.yso.fi/onto/yso/p105006,Etelä-Amerikka,,fmpo:00404,helistin,https://github.com/NatLibFi/SEKO/issues/25,,https://www.wikidata.org/wiki/Q1024685,"MERGE?  In Wikidata same as ""afuche"" where this is marked deprecated",,,,,skos:closeMatch,http://id.loc.gov/authorities/performanceMediums/mp2013015109,,,,,,,,,KESKEN,"Sambassa käytettävä, hedelmän tai kookospähkinän kuoresta valmistettu helistin.",
fmpo:00177,,,,,,afoxê,pt,,,,,,,,,,,,,,,,,,,,,,,,,,,,
fmpo:00177,,,,,,afuxê,pt,,,,,,,,,,,,,,,,,,,,,,,,,,,,
fmpo:00177,,,,,,cabaca,pt,,,,,,,,,,,,,,,,,,,,,,,,,,,,
fmpo:00177,,,,,,cabaza,pt,,,,,,,,,,,,,,,,,,,,,,,,,,,,
fmpo:00177,,,,,,sekere,en,,,,,,,,,,,,,,,,,,,,,,,,,,,,
fmpo:00177,,,,,,shekere,en,,,,,,,,,,,,,,,,,,,,,,,,,,,,
fmpo:00177,,,,,,,,afoxe,pt,,,,,,,,,,,,,,,,,,,,,,,,,,
fmpo:00177,,,,,,,,afuxe,pt,,,,,,,,,,,,,,,,,,,,,,,,,,
fmpo:00178,http://urn.fi/urn:nbn:fi:au:seko:00178,,cacharaina,cacharaina,cacharaina,,,,,http://www.yso.fi/onto/yso/p105005,Latinalainen Amerikka,,fmpo:00627,lyömäsoitin,,,https://www.wikidata.org/wiki/Q109321788,,,,,,,,,,,,,,,,TARKISTA,Latinalaisen Amerikan intiaanimusiikissa käytettävä lyömäsoitin (idiofoni).,
fmpo:00178,,,,,,charrasca,es,,,,,,,,,,,,,,,,,,,,,,,,,,,,
fmpo:00178,,,,,,kacaraina,es,,,,,,,,,,,,,,,,,,,,,,,,,,,,
fmpo:00179,http://urn.fi/urn:nbn:fi:au:seko:00179,,çağur,çağur,çağur,,,,,http://www.yso.fi/onto/yso/p105573,Turkki,,fmpo:00709,näppäilysoitin,,,http://www.wikidata.org/entity/Q116977342,,,,,,,,,,,,,,,,TARKISTA,Turkkilainen pitkäkaulainen luttusoitin.,
fmpo:00179,,,,,,cagur,fi,,,,,,,,,,,,,,,,,,,,,,,,,,,,
fmpo:00179,,,,,,çöğür,tr,,,,,,,,,,,,,,,,,,,,,,,,,,,,
fmpo:00180,http://urn.fi/urn:nbn:fi:au:seko:00180,,caja,caja,caja,,,,,"http://www.yso.fi/onto/yso/p105209,http://www.yso.fi/onto/yso/p105005",Espanja|Latinalainen Amerikka,,fmpo:00864,rumpu,https://github.com/NatLibFi/SEKO/issues/35,,http://www.wikidata.org/entity/Q5017970,,211.312,,http://www.mimo-db.eu/InstrumentsKeywords/4578,,,,,,,,,,,,KESKEN,Espanjassa ja Latinalaisessa Amerikassa käytetty tamburiini.,
fmpo:00180,,,,,,caja vallenata,es,,,,,,,,,,,,,,,,,,,,,,,,,,,,
fmpo:00181,http://urn.fi/urn:nbn:fi:au:seko:00181,,cajón,cajón,cajón,,,,,http://www.yso.fi/onto/yso/p105378,Peru,,fmpo:00864,rumpu,,,https://www.wikidata.org/wiki/Q748455,,111.24,,http://www.mimo-db.eu/InstrumentsKeywords/2520,,skos:exactMatch,http://id.loc.gov/authorities/performanceMediums/mp2013015110,,,,,,"Added labels from deprecated ""laatikkorumpu""",,2026-06-28,KESKEN,"Kuubalainen, laatikonmuotoinen rumpu.",
fmpo:00181,,,,,,cajon (laatikkorumpu),fi,,,,,,,,,,,,,,,,,,,,,,,,,,,,
fmpo:00181,,,,,,cajon,fi,,,,,,,,,,,,,,,,,,,,,,,,,,,,
fmpo:00181,,,,,,laatikkorumpu,fi,,,,,,,,,,,,,,,,,,,,,,,,,,,,
fmpo:00181,,,,,,trumslåda,sv,,,,,,,,,,,,,,,,,,,,,,,,,,,,
fmpo:00181,,,,,,box drum,en,,,,,,,,,,,,,,,,,,,,,,,,,,,,
fmpo:00181,,,,,,kajon,sv,,,,,,,,,,,,,,,,,,,,,,,,,,,,
fmpo:00181,,,,,,Kistentrommel,de,,,,,,,,,,,,,,,,,,,,,,,,,,,,
fmpo:00181,,,,,,gigpig,sv,,,,,,,,,,,,,,,,,,,,,,,,,,,,
fmpo:00181,,,,,,gig pig,sv,,,,,,,,,,,,,,,,,,,,,,,,,,,,
fmpo:00181,,,,,,caja de tapeo,es,,,,,,,,,,,,,,,,,,,,,,,,,,,,
fmpo:00181,,,,,,cajón peruano,es,,,,,,,,,,,,,,,,,,,,,,,,,,,,
fmpo:00181,,,,,,cajón de tapeo,fr,,,,,,,,,,,,,,,,,,,,,,,,,,,,
fmpo:00181,,,,,,tapeador,es,,,,,,,,,,,,,,,,,,,,,,,,,,,,
fmpo:00181,,,,,,,,cajon de tapeo,es,,,,,,,,,,,,,,,,,,,,,,,,,,
fmpo:00182,http://urn.fi/urn:nbn:fi:au:seko:00182,,calliope,calliope,calliope,,,,,,,,fmpo:01167,urut,,,https://www.wikidata.org/wiki/Q1158854,,,,,,skos:exactMatch,http://id.loc.gov/authorities/performanceMediums/mp2013015111,,,,,,,,,TARKISTA,"Koskettimistolla tai automaattiversiona sylinterillä varustetut pääsääntöisesti höyryllä toimivat erittäin kovaääniset urut, joiden pillit ovat samanlaisia kuin vetureissa.",
fmpo:00182,,,,,,calíope,fi,,,,,,,,,,,,,,,,,,,,,,,,,,,,
fmpo:00182,,,,,,dampfløyteorgel,no,,,,,,,,,,,,,,,,,,,,,,,,,,,,
fmpo:00182,,,,,,Dampforgel,de,,,,,,,,,,,,,,,,,,,,,,,,,,,,
fmpo:00182,,,,,,höyryurut,fi,,,,,,,,,,,,,,,,,,,,,,,,,,,,
fmpo:00182,,,,,,kalliopa,fi,,,,,,,,,,,,,,,,,,,,,,,,,,,,
fmpo:00182,,,,,,kalliope,fi,,,,,,,,,,,,,,,,,,,,,,,,,,,,
fmpo:00182,,,,,,steam organ,en,,,,,,,,,,,,,,,,,,,,,,,,,,,,
fmpo:00182,,,,,,steam piano,en,,,,,,,,,,,,,,,,,,,,,,,,,,,,
fmpo:00182,,,,,,stoomorgel,nl,,,,,,,,,,,,,,,,,,,,,,,,,,,,
fmpo:00182,,,,,,stoompiano,nl,,,,,,,,,,,,,,,,,,,,,,,,,,,,
fmpo:00182,,,,,,ångorgel,sv,,,,,,,,,,,,,,,,,,,,,,,,,,,,
fmpo:00182,,,,,,,,angorgel,sv,,,,,,,,,,,,,,,,,,,,,,,,,,
fmpo:00182,,,,,,,,caliope,fi,,,,,,,,,,,,,,,,,,,,,,,,,,
fmpo:00182,,,,,,,,dampfloyteorgel,no,,,,,,,,,,,,,,,,,,,,,,,,,,
fmpo:00182,,,,,,,,hoyryurut,fi,,,,,,,,,,,,,,,,,,,,,,,,,,
fmpo:00183,http://urn.fi/urn:nbn:fi:au:seko:00183,,calung,calung,calung,,,,,http://www.yso.fi/onto/yso/p105242,Indonesia,,fmpo:00552,ksylofoni,,,https://www.wikidata.org/entity/Q4201135,,,,,,skos:closeMatch,http://id.loc.gov/authorities/performanceMediums/mp2013015810,,,,,,,,,TARKISTA,"Indonesialainen, bambusta tehty ksylofoni.",
fmpo:00184,http://urn.fi/urn:nbn:fi:au:seko:00184,,carángano,carángano,carángano,,,,,http://www.yso.fi/onto/yso/p106419,Kolumbia,,fmpo:00500,kielisoitin,https://github.com/NatLibFi/SEKO/issues/36,,http://www.wikidata.org/entity/Q140315298,,,,,,,,,,,,,,,,KESKEN,Kolumbialainen harppu.,
fmpo:00184,,,,,,carangano,fi,,,,,,,,,,,,,,,,,,,,,,,,,,,,
fmpo:00185,http://urn.fi/urn:nbn:fi:au:seko:00185,,carillon,klockspel,bells (carillon),,,,,,,,"fmpo:00485, fmpo:00543",kello|kosketinsoitin,,,http://www.wikidata.org/entity/Q505174,,,,,,skos:exactMatch,http://id.loc.gov/authorities/performanceMediums/mp2013015113,,,,,,,,,TARKISTA,"Kämmenillä tai nyrkeillä käytettävällä koskettimistolla (ja joskus myös jalkiolla) varustettu, yleensä vähintään 23:sta kiinteävireisestä kellosta tehty kellotorniin tai julkisivuun paikalleen sijoitettu soitin.",https://finto.fi/ic/fi/page/48C7343
fmpo:00185,,,,,,beiaard,nl,,,,,,,,,,,,,,,,,,,,,,,,,,,,
fmpo:00185,,,,,,cariglione (carillon),en,,,,,,,,,,,,,,,,,,,,,,,,,,,,
fmpo:00185,,,,,,carillón,fr,,,,,,,,,,,,,,,,,,,,,,,,,,,,
fmpo:00185,,,,,,carrilhão,pt,,,,,,,,,,,,,,,,,,,,,,,,,,,,
fmpo:00185,,,,,,clogra,ga,,,,,,,,,,,,,,,,,,,,,,,,,,,,
fmpo:00185,,,,,,Glockenspiel (carillon),de,,,,,,,,,,,,,,,,,,,,,,,,,,,,
fmpo:00185,,,,,,kariljon,et,,,,,,,,,,,,,,,,,,,,,,,,,,,,
fmpo:00185,,,,,,kariljonas,lt,,,,,,,,,,,,,,,,,,,,,,,,,,,,
fmpo:00185,,,,,,kariljono,eo,,,,,,,,,,,,,,,,,,,,,,,,,,,,
fmpo:00185,,,,,,karylion,pl,,,,,,,,,,,,,,,,,,,,,,,,,,,,
fmpo:00185,,,,,,kellopeli (carillon),fi,,,,,,,,,,,,,,,,,,,,,,,,,,,,
fmpo:00185,,,,,,Klockenspeel,de,,,,,,,,,,,,,,,,,,,,,,,,,,,,
fmpo:00185,,,,,,klokkenspiel,sv,,,,,,,,,,,,,,,,,,,,,,,,,,,,
fmpo:00185,,,,,,klokkespel (carillon),no,,,,,,,,,,,,,,,,,,,,,,,,,,,,
fmpo:00185,,,,,,órgano aéreo,sp,,,,,,,,,,,,,,,,,,,,,,,,,,,,
fmpo:00185,,,,,,órgano de campanas,sp,,,,,,,,,,,,,,,,,,,,,,,,,,,,
fmpo:00185,,,,,,tornikellopeli,fi,,,,,,,,,,,,,,,,,,,,,,,,,,,,
fmpo:00185,,,,,,,,carrilhao,pt,,,,,,,,,,,,,,,,,,,,,,,,,,
fmpo:00185,,,,,,,,organo aereo,sp,,,,,,,,,,,,,,,,,,,,,,,,,,
fmpo:00185,,,,,,,,organo de campanas,sp,,,,,,,,,,,,,,,,,,,,,,,,,,
fmpo:00186,http://urn.fi/urn:nbn:fi:au:seko:00186,,carnyx,carnyx,carnyx,,,,,http://www.yso.fi/onto/yso/p94111,Eurooppa,,fmpo:01171,vaskipuhallin,,,http://www.wikidata.org/entity/Q277670,,,,,,,,,,,,,,,,TARKISTA,Muinaisten kelttien käyttämä pronssinen puhallinsoitin.,
fmpo:00186,,,,,,karnyx,fi,,,,,,,,,,,,,,,,,,,,,,,,,,,,
fmpo:00187,http://urn.fi/urn:nbn:fi:au:seko:00187,,cascabel,cascabel,cascabel,,,,,"http://www.yso.fi/onto/yso/p105209,http://www.yso.fi/onto/yso/p105005",Espanja|Latinalainen Amerikka,,fmpo:00485,kello,,,http://www.wikidata.org/entity/Q116981476,,,,,,,,,,,,,,,,TARKISTA,Espanjalainen ja latinalaisamerikkalainen pallonmuotoinen kello.,
fmpo:00187,,,,,,hawk’s bell,en,,,,,,,,,,,,,,,,,,,,,,,,,,,,
fmpo:00187,,,,,,kulkuset,fi,,,,,,,,,,,,,,,,,,,,,,,,,,,,
fmpo:00187,,,,,,tzitzmoc,en,,,,,,,,,,,,,,,,,,,,,,,,,,,,
fmpo:00187,,,,,,yüullu,en,,,,,,,,,,,,,,,,,,,,,,,,,,,,
fmpo:00188,http://urn.fi/urn:nbn:fi:au:seko:00188,,caval,caval,caval,,,,,http://www.yso.fi/onto/yso/p105030,Romania,,fmpo:00851,reunahuilu,,,http://www.wikidata.org/entity/Q117069975,,,,,,,,,,,,,,,,TARKISTA,Romanialainen tulppakanavahuilu.,
fmpo:00189,http://urn.fi/urn:nbn:fi:au:seko:00189,,cavaquinho,cavaquinho,cavaquinho,,,,,"http://www.yso.fi/onto/yso/p105409,http://www.yso.fi/onto/yso/p108126",Portugal|Brasilia,,fmpo:00709,näppäilysoitin,,,https://www.wikidata.org/wiki/Q1051805,,,,,,skos:exactMatch,http://id.loc.gov/authorities/performanceMediums/mp2013015116,,,,,,,,,TARKISTA,Portugalissa ja Brasiliassa käytettävä pienikokoinen luuttusoitin (kitaran ja mandoliinin välimuoto).,
fmpo:00189,,,,,,braga,pt,,,,,,,,,,,,,,,,,,,,,,,,,,,,
fmpo:00189,,,,,,braguinha,pt,,,,,,,,,,,,,,,,,,,,,,,,,,,,
fmpo:00189,,,,,,cavaco,es,,,,,,,,,,,,,,,,,,,,,,,,,,,,
fmpo:00189,,,,,,machada,es,,,,,,,,,,,,,,,,,,,,,,,,,,,,
fmpo:00189,,,,,,machete,pt,,,,,,,,,,,,,,,,,,,,,,,,,,,,
fmpo:00189,,,,,,machete-de-braga,pt,,,,,,,,,,,,,,,,,,,,,,,,,,,,
fmpo:00189,,,,,,machetinho,pt,,,,,,,,,,,,,,,,,,,,,,,,,,,,
fmpo:00190,http://urn.fi/urn:nbn:fi:au:seko:00190,,celempung,celempung,celempung,,,,,http://www.yso.fi/onto/yso/p159783,Jaava,,fmpo:00943,sitra,,,https://www.wikidata.org/wiki/Q10973993,,,,,,,,,,,,,,,,TARKISTA,Jaavalaisen gamelan-orkesterin suurikokoinen sitrasoitin.,
fmpo:00191,http://urn.fi/urn:nbn:fi:au:seko:00191,,celesta,celesta,celesta,,,,,,,,fmpo:00627,lyömäsoitin,,http://www.yso.fi/onto/yso/p30092,http://www.wikidata.org/entity/Q320341,,,,,,skos:exactMatch,http://id.loc.gov/authorities/performanceMediums/mp2013015118,,,,,,,,,TARKISTA,"Kosketinsoitin, jossa on kielten asemesta teräslevyt.",
fmpo:00191,,,,,,cel (celesta),fi,,,,,,,,,,,,,,,,,,,,,,,,,,,,
fmpo:00191,,,,,,cel (celesta),fi,,,,,,,,,,,,,,,,,,,,,,,,,,,,
fmpo:00191,,,,,,kelloklaveri (celesta),fi,,,,,,,,,,,,,,,,,,,,,,,,,,,,
fmpo:00191,,,,,,kelloklaveri (celesta),fi,,,,,,,,,,,,,,,,,,,,,,,,,,,,
fmpo:00191,,,,,,Tastenglockenspiel (celesta),de,,,,,,,,,,,,,,,,,,,,,,,,,,,,
fmpo:00191,,,,,,Tastenglockenspiel (celesta),de,,,,,,,,,,,,,,,,,,,,,,,,,,,,
fmpo:00192,http://urn.fi/urn:nbn:fi:au:seko:00192,,cellone,cellone,cellone,,,,,,,,fmpo:00446,jousisoitin,,,http://www.wikidata.org/entity/Q859350,,,,,,,,,,,,,,,,TARKISTA,"Alfred Stelznerin viimeistään vuonna 1892 kehittelemä bassoviulua (basse de violon) hieman suurempi viuluperheen bassokokoinen jäsen, jonka normaaliviritys on G1–D–A–e. Soitinrakentaja Léo Sir nimitti 1920-luvun vaihteessa rakentamaansa vastaavaa soitinta",
fmpo:00192,,,,,,Halbbass,de,,,,,,,,,,,,,,,,,,,,,,,,,,,,
fmpo:00192,,,,,,sous-basse,fr,,,,,,,,,,,,,,,,,,,,,,,,,,,,
fmpo:00193,http://urn.fi/urn:nbn:fi:au:seko:00193,,cembal d'amour,cembal d'amour,cembal d'amour,,,,,,,,fmpo:00514,klavikordi,,,https://www.wikidata.org/wiki/Q109325767,,,,,,skos:exactMatch,http://id.loc.gov/authorities/performanceMediums/mp2013015123,,,,,,,,,TARKISTA,"Gottfried Silbermannin noin vuonna 1720 kehittämä seitsemänkulmainen klavikordi, jonka kielet ovat tavanomaiseen klavikordiin verrattuna pituudeltaan noin kaksinkertaiset ja jossa tangentit osuvat kielten puoliväliin saaden kielet soimaan koko pituudeltaa.",
fmpo:00194,http://urn.fi/urn:nbn:fi:au:seko:00194,,cembalo,cembalo,harpsichord,,,,,,,,"fmpo:00943, fmpo:00543",sitra|kosketinsoitin,,http://www.yso.fi/onto/yso/p8149,http://www.wikidata.org/entity/Q81982,,,,,,,,,,,,,,,,TARKISTA,"Koskettimistolla varustettu näppäilysoitin, jossa ääni syntyy metallikieliä näppäilevillä ""kynsillä"". Kielet ovat koskettimiin nähden pituussuunnassa.",https://finto.fi/ic/fi/page/48C7332
fmpo:00194,,,,,,barokkicembalo,fi,,,,,,,,,,,,,,,,,,,,,,,,,,,,
fmpo:00194,,,,,,cem (cembalo),fi,,,,,,,,,,,,,,,,,,,,,,,,,,,,
fmpo:00194,,,,,,cemb (cembalo),fi,,,,,,,,,,,,,,,,,,,,,,,,,,,,
fmpo:00194,,,,,,cembalino,it,,,,,,,,,,,,,,,,,,,,,,,,,,,,
fmpo:00194,,,,,,clavecin,fr,,,,,,,,,,,,,,,,,,,,,,,,,,,,
fmpo:00194,,,,,,clavecin brisé,fr,,,,,,,,,,,,,,,,,,,,,,,,,,,,
fmpo:00194,,,,,,clavecin pliant,fr,,,,,,,,,,,,,,,,,,,,,,,,,,,,
fmpo:00194,,,,,,clavicembalo,fr,,,,,,,,,,,,,,,,,,,,,,,,,,,,
fmpo:00194,,,,,,folding harpsichord,en,,,,,,,,,,,,,,,,,,,,,,,,,,,,
fmpo:00194,,,,,,gravicembalo,fr,,,,,,,,,,,,,,,,,,,,,,,,,,,,
fmpo:00194,,,,,,hpd (cembalo),fi,,,,,,,,,,,,,,,,,,,,,,,,,,,,
fmpo:00194,,,,,,Kielflügel,de,,,,,,,,,,,,,,,,,,,,,,,,,,,,
fmpo:00194,,,,,,klavesiini,fi,,,,,,,,,,,,,,,,,,,,,,,,,,,,
fmpo:00194,,,,,,klavisymbaali,fi,,,,,,,,,,,,,,,,,,,,,,,,,,,,
fmpo:00194,,,,,,matkacembalo,fi,,,,,,,,,,,,,,,,,,,,,,,,,,,,
fmpo:00194,,,,,,oktaavicembalo,fi,,,,,,,,,,,,,,,,,,,,,,,,,,,,
fmpo:00194,,,,,,Reisecembalo,de,,,,,,,,,,,,,,,,,,,,,,,,,,,,
fmpo:00194,,,,,,travelling harpsichord,en,,,,,,,,,,,,,,,,,,,,,,,,,,,,
fmpo:00194,,,,,,,,clavecin brise,fr,,,,,,,,,,,,,,,,,,,,,,,,,,
fmpo:00194,,,,,,,,Kielflugel,de,,,,,,,,,,,,,,,,,,,,,,,,,,
fmpo:00195,http://urn.fi/urn:nbn:fi:au:seko:00195,,cencerro,cencerro,cencerro,,,,,"http://www.yso.fi/onto/yso/p105209,http://www.yso.fi/onto/yso/p105005",Espanja|Latinalainen Amerikka,,fmpo:00485,kello,,,http://www.wikidata.org/entity/Q1236988,,,,,,,,,,,,,,,,TARKISTA,Espanjan ja Latinaisen Amerikan musiikissa käytettävä kello.,
fmpo:00195,,,,,,campaña de bongo,es,,,,,,,,,,,,,,,,,,,,,,,,,,,,
fmpo:00195,,,,,,karjankello,fi,,,,,,,,,,,,,,,,,,,,,,,,,,,,
fmpo:00196,http://urn.fi/urn:nbn:fi:au:seko:00196,,ceṇḍa,ceṇḍa,ceṇḍa,,,,,http://www.yso.fi/onto/yso/p106044,Kerala,,fmpo:01015,sylinterirumpu,,,https://www.wikidata.org/wiki/Q954983,"OMU says ""ceṇḍe"" is a similar but smaller drum",,,,,skos:exactMatch,http://id.loc.gov/authorities/performanceMediums/mp2013015830,,,,,,,,,TARKISTA,"Keralalainen kaksikalvoinen sylinterirumpu, joka puusta tehty runko on 55 cm korkea ja halkaisijaltaan 22 cm.",
fmpo:00196,,,,,,cenda,en,,,,,,,,,,,,,,,,,,,,,,,,,,,,
fmpo:00196,,,,,,ceṇḍe,en,,,,,,,,,,,,,,,,,,,,,,,,,,,,
fmpo:00196,,,,,,chenda,en,,,,,,,,,,,,,,,,,,,,,,,,,,,,
fmpo:00196,,,,,,,,cende,en,,,,,,,,,,,,,,,,,,,,,,,,,,
fmpo:00197,http://urn.fi/urn:nbn:fi:au:seko:00197,,ceterone,ceterone,cittern,,,,,http://www.yso.fi/onto/yso/p105111,Italia,,fmpo:00940,sisteri,,,https://www.wikidata.org/wiki/Q5065645,,,,,,skos:closeMatch,http://id.loc.gov/authorities/performanceMediums/mp2013015152,,,,,,,,,TARKISTA,"Italialainen suurikokoinen sisteri, jota käytettiin 1500- ja 1600-luvuilla.",
fmpo:00197,,,,,,bassosisteri,fi,,,,,,,,,,,,,,,,,,,,,,,,,,,,
fmpo:00197,,,,,,bassosisterni,fi,,,,,,,,,,,,,,,,,,,,,,,,,,,,
fmpo:00197,,,,,,cisteron,fr,,,,,,,,,,,,,,,,,,,,,,,,,,,,
fmpo:00197,,,,,,citara tiorbata,en,,,,,,,,,,,,,,,,,,,,,,,,,,,,
fmpo:00197,,,,,,gross cither,en,,,,,,,,,,,,,,,,,,,,,,,,,,,,
fmpo:00197,,,,,,gross Zittern,de,,,,,,,,,,,,,,,,,,,,,,,,,,,,
fmpo:00198,http://urn.fi/urn:nbn:fi:au:seko:00198,,chalumeau,chalumeau,chalumeau,,,,,http://www.yso.fi/onto/yso/p94111,Eurooppa,,fmpo:00513,klarinettisoitin,,,http://www.wikidata.org/entity/Q1060334,,,,,,,,,,,,,,,,TARKISTA,Klarinettityyppinen puhallinsoitin Euroopassa 1600-luvulta lähtien.,
fmpo:00198,,,,,,Chalimo,de,,,,,,,,,,,,,,,,,,,,,,,,,,,,
fmpo:00198,,,,,,chalimou,fr,,,,,,,,,,,,,,,,,,,,,,,,,,,,
fmpo:00198,,,,,,chaloumeau,fr,,,,,,,,,,,,,,,,,,,,,,,,,,,,
fmpo:00198,,,,,,Clarineau,de,,,,,,,,,,,,,,,,,,,,,,,,,,,,
fmpo:00198,,,,,,Kinderklarinette,de,,,,,,,,,,,,,,,,,,,,,,,,,,,,
fmpo:00198,,,,,,mock trumpet,en,,,,,,,,,,,,,,,,,,,,,,,,,,,,
fmpo:00198,,,,,,pocket clarineau,en,,,,,,,,,,,,,,,,,,,,,,,,,,,,
fmpo:00198,,,,,,Pocketino-Chalumeau,de,,,,,,,,,,,,,,,,,,,,,,,,,,,,
fmpo:00198,,,,,,ŝaljumo,eo,,,,,,,,,,,,,,,,,,,,,,,,,,,,
fmpo:00198,,,,,,salmò,es,,,,,,,,,,,,,,,,,,,,,,,,,,,,
fmpo:00198,,,,,,salmoé,it,,,,,,,,,,,,,,,,,,,,,,,,,,,,
fmpo:00198,,,,,,salmoè,it,,,,,,,,,,,,,,,,,,,,,,,,,,,,
fmpo:00198,,,,,,schalamau,en,,,,,,,,,,,,,,,,,,,,,,,,,,,,
fmpo:00198,,,,,,Schalümo,de,,,,,,,,,,,,,,,,,,,,,,,,,,,,
fmpo:00198,,,,,,Schalümoo,de,,,,,,,,,,,,,,,,,,,,,,,,,,,,
fmpo:00198,,,,,,scialumò,it,,,,,,,,,,,,,,,,,,,,,,,,,,,,
fmpo:00198,,,,,,shalamo,en,,,,,,,,,,,,,,,,,,,,,,,,,,,,
fmpo:00198,,,,,,taskuklarinetti,fi,,,,,,,,,,,,,,,,,,,,,,,,,,,,
fmpo:00198,,,,,,,,saljumo,eo,,,,,,,,,,,,,,,,,,,,,,,,,,
fmpo:00198,,,,,,,,salmo,es,,,,,,,,,,,,,,,,,,,,,,,,,,
fmpo:00198,,,,,,,,salmoe,it,,,,,,,,,,,,,,,,,,,,,,,,,,
fmpo:00198,,,,,,,,Schalumo,de,,,,,,,,,,,,,,,,,,,,,,,,,,
fmpo:00198,,,,,,,,Schalumoo,de,,,,,,,,,,,,,,,,,,,,,,,,,,
fmpo:00198,,,,,,,,scialumo,it,,,,,,,,,,,,,,,,,,,,,,,,,,
fmpo:00199,http://urn.fi/urn:nbn:fi:au:seko:00199,,chamberlin,chamberlin,chamberlin,,,,,,,,"fmpo:00543, fmpo:01021",kosketinsoitin|sähkösoitin,,,http://www.wikidata.org/entity/Q960650,,,,,,,,,,,,,,,,TARKISTA,"1960-luvun alussa suunniteltu sähköinen kosketinsoitin, mellotronin edeltäjä.",
fmpo:00200,http://urn.fi/urn:nbn:fi:au:seko:00200,,chang,chang,chang,,,,,"http://www.yso.fi/onto/yso/p105280,http://www.yso.fi/onto/yso/p107663,http://www.yso.fi/onto/yso/p106260",Iran|Azerbaidzan|Uzbekistan,,fmpo:00303,dulcimer,,,https://www.wikidata.org/wiki/Q2956018,,,,,,,,,,,,,,,,TARKISTA,Uzbekistanilainen sitrasoitin.,
fmpo:00201,http://urn.fi/urn:nbn:fi:au:seko:00201,,changgo,changgo,janggu,,,,,http://www.yso.fi/onto/yso/p109302,Korea,,fmpo:01092,tiimalasirumpu,,,https://www.wikidata.org/wiki/Q1062015,,,,,,skos:exactMatch,http://id.loc.gov/authorities/performanceMediums/mp2013015129,,,,,,,,,TARKISTA,"Korealainen kaksikalvoinen, tiimalasinmuotoinen rumpu.",
fmpo:00201,,,,,,chang-ko,en,,,,,,,,,,,,,,,,,,,,,,,,,,,,
fmpo:00201,,,,,,changgu,en,,,,,,,,,,,,,,,,,,,,,,,,,,,,
fmpo:00201,,,,,,janggo,en,,,,,,,,,,,,,,,,,,,,,,,,,,,,
fmpo:00201,,,,,,seyogo,en,,,,,,,,,,,,,,,,,,,,,,,,,,,,
fmpo:00201,,,,,,sŏlchanggo,en,,,,,,,,,,,,,,,,,,,,,,,,,,,,
fmpo:00201,,,,,,,,solchanggo,en,,,,,,,,,,,,,,,,,,,,,,,,,,
fmpo:00202,http://urn.fi/urn:nbn:fi:au:seko:00202,,changi,changi,changi,,,,,http://www.yso.fi/onto/yso/p106264,Georgia,,fmpo:00398,harppu,,,https://www.wikidata.org/wiki/Q4942171,,,,,,,,,,,,,,,,TARKISTA,Georgialainen harppu.,
fmpo:00202,,,,,,shimekvshe ,und,,,,,,,,,,,,,,,,,,,,,,,,,,,,
fmpo:00203,http://urn.fi/urn:nbn:fi:au:seko:00203,,charango,charango,charango,,,,,http://www.yso.fi/onto/yso/p105005,Latinalainen Amerikka,,fmpo:00709,näppäilysoitin,,,https://www.wikidata.org/wiki/Q468776,,,,,,skos:exactMatch,http://id.loc.gov/authorities/performanceMediums/mp2013015131,,,,,,,,,TARKISTA,"Latinalaisen Amerikan intiaanien kitarasoitin, jossa on vyötiäisen selkäkilvestä tehty kaikukoppa.",
fmpo:00204,http://urn.fi/urn:nbn:fi:au:seko:00204,,charka,charka,charka,,,,,http://www.yso.fi/onto/yso/p105005,Latinalainen Amerikka,,fmpo:01134,tulppakanavahuilu,,,https://www.wikidata.org/wiki/Q109326486,,,,,,,,,,,,,,,,TARKISTA,Latinalaisen Amerikan intiaanimusiikissa käytettävä tulppakanavahuilu.,
fmpo:00205,http://urn.fi/urn:nbn:fi:au:seko:00205,,chekeré,chekeré,shekere,,,,,http://www.yso.fi/onto/yso/p105269,Kuuba,,fmpo:00627,lyömäsoitin,,,https://www.wikidata.org/wiki/Q1043002,,,,,,,,,,,,,,,,TARKISTA,Afrokuubalaisessa musiikissa käytettävä helistin.,
fmpo:00205,,,,,,abwe,es,,,,,,,,,,,,,,,,,,,,,,,,,,,,
fmpo:00205,,,,,,aggué,es,,,,,,,,,,,,,,,,,,,,,,,,,,,,
fmpo:00205,,,,,,chekere,fi,,,,,,,,,,,,,,,,,,,,,,,,,,,,
fmpo:00205,,,,,,sekere,en,,,,,,,,,,,,,,,,,,,,,,,,,,,,
fmpo:00206,http://urn.fi/urn:nbn:fi:au:seko:00206,,cheng,cheng,guzheng,,,,,http://www.yso.fi/onto/yso/p104984,Kiina,,fmpo:00709,näppäilysoitin,,,https://www.wikidata.org/wiki/Q726303,,,,,,skos:exactMatch,http://id.loc.gov/authorities/performanceMediums/mp2013015821,,,,,,,,,TARKISTA,Kiinalainen näppäiltävä sitrasoitin. Termiä käytetään joskus myös kiinalaisista suu-uruista (katso sheng).,
fmpo:00206,,,,,,zeng,en,,,,,,,,,,,,,,,,,,,,,,,,,,,,
fmpo:00206,,,,,,zheng,en,,,,,,,,,,,,,,,,,,,,,,,,,,,,
fmpo:00207,http://urn.fi/urn:nbn:fi:au:seko:00207,TRUE,chepa,chepa,chepa,,,,,http://www.yso.fi/onto/yso/p105005,Latinalainen Amerikka,,fmpo:00801,puhallinsoitin,https://github.com/NatLibFi/SEKO/issues/33,,MISSING,no information found,,,,,,,,FALSE,,,,,,,KESKEN,Latinalaisen Amerikan intiaanimusiikissa käytettävä puhallinsoitin.,
fmpo:00208,http://urn.fi/urn:nbn:fi:au:seko:00208,,chi,chi,chi,,,,,"http://www.yso.fi/onto/yso/p104984,http://www.yso.fi/onto/yso/p109302",Kiina|Korea,,fmpo:00418,huilusoitin,,,http://www.wikidata.org/entity/Q5953170,,,,,,,,,,,,,,,,TARKISTA,Kiinassa ja Koreassa käytettävä poikkihuilu.,
fmpo:00209,http://urn.fi/urn:nbn:fi:au:seko:00209,,chikuzenbiwa,chikuzen biwa,chikuzenbiwa,,,,,http://www.yso.fi/onto/yso/p105023,Japani,,fmpo:00139,biwa,,,https://www.wikidata.org/wiki/Q109326711,,,,,,skos:closeMatch,http://id.loc.gov/authorities/performanceMediums/mp2013015086,,,,,,,,,TARKISTA,Japanilainen nelikielinen luuttusoitin.,
fmpo:00210,http://urn.fi/urn:nbn:fi:au:seko:00210,,chillador,chillador,chillador,,,,,"http://www.yso.fi/onto/yso/p108111,http://www.yso.fi/onto/yso/p105005",Chile|Latinalainen Amerikka,,fmpo:00504,kitara,,,https://www.wikidata.org/wiki/Q5099012,,,,,,,,,,,,,,,,TARKISTA,"Latinalaisen Amerikan, erityisesti Chilen, musiikissa käytettävä pieni kitara.",
fmpo:00211,http://urn.fi/urn:nbn:fi:au:seko:00211,,chin,guqin ,guqin ,,,,,http://www.yso.fi/onto/yso/p104984,Kiina,,fmpo:00943,sitra,,,https://www.wikidata.org/wiki/Q723720,,,,,,skos:exactMatch,http://id.loc.gov/authorities/performanceMediums/mp2013015582,,,,,,,,,TARKISTA,"Kiinalainen silkkikielinen sitrasoitin, jonka nimitys on historiallisesti vaihdellut.",
fmpo:00211,,,,,,ch'in,en,,,,,,,,,,,,,,,,,,,,,,,,,,,,
fmpo:00211,,,,,,qin,en,,,,,,,,,,,,,,,,,,,,,,,,,,,,
fmpo:00211,,,,,,quin,en,,,,,,,,,,,,,,,,,,,,,,,,,,,,
fmpo:00211,,,,,,quqin,en,,,,,,,,,,,,,,,,,,,,,,,,,,,,
fmpo:00212,http://urn.fi/urn:nbn:fi:au:seko:00212,,ch'ing,qing,qing,,,,,http://www.yso.fi/onto/yso/p104984,Kiina,,fmpo:00605,litofoni,,,https://www.wikidata.org/wiki/Q7564871,"Note: ""bianqing"" is a series of qing.",,,,,skos:closeMatch,http://id.loc.gov/authorities/performanceMediums/mp2013015125,,,,"Thin stone musical instruments used as chimes, typically made of jade  A set of qing is called a bianqing.(Wikipedia)",,,,,valid,Kiinalainen kivisoitin (litofoni).,
fmpo:00212,,,,,,sounding stone,en,,,,,,,,,,,,,,,,,,,,,,,,,,,,
fmpo:00212,,,,,,musical stone,en,,,,,,,,,,,,,,,,,,,,,,,,,,,,
fmpo:00212,,,,,,pien-ch'ing,en,,,,,,,,,,,,,,,,,,,,,,,,,,,,
fmpo:00213,http://urn.fi/urn:nbn:fi:au:seko:00213,,ching (gongi),jing,jing,,,,,http://www.yso.fi/onto/yso/p109302,Korea,,fmpo:00376,gongi,,,https://www.wikidata.org/wiki/Q2815701,,,,,,,,,,,,,,,,TARKISTA,"Korealainen, pronssista valmistettu gongi.",
fmpo:00213,,,,,,jing,en,,,,,,,,,,,,,,,,,,,,,,,,,,,,
fmpo:00214,http://urn.fi/urn:nbn:fi:au:seko:00214,,ching (lautanen),ching,ching,,,,,http://www.yso.fi/onto/yso/p105243,Thaimaa,,fmpo:00585,lautanen,,,https://www.wikidata.org/wiki/Q2066397,,,,,,skos:closeMatch,http://id.loc.gov/authorities/performanceMediums/mp2013015195,,,,,,,,,TARKISTA,Thaimaassa käytetyt metalliset lautaset.,
fmpo:00214,,,,,,chheng,en,,,,,,,,,,,,,,,,,,,,,,,,,,,,
fmpo:00215,http://urn.fi/urn:nbn:fi:au:seko:00215,,jingo,jingo,jingo,,,,,http://www.yso.fi/onto/yso/p109302,Korea,,fmpo:00864,rumpu,,,http://www.wikidata.org/entity/Q12618162,,,,,,,,,,,,,,,,TARKISTA,Korealainen tynnyrinmuotoinen rumpu.,
fmpo:00215,,,,,,chin ko,en,,,,,,,,,,,,,,,,,,,,,,,,,,,,
fmpo:00215,,,,,,chin'go,en,,,,,,,,,,,,,,,,,,,,,,,,,,,,
fmpo:00216,http://urn.fi/urn:nbn:fi:au:seko:00216,,chipendani,chipendani,chipendani,,,,,"http://www.yso.fi/onto/yso/p105885,http://www.yso.fi/onto/yso/p106013",Zimbabwe|Mosambik,,fmpo:01002,suujousi,,,http://www.wikidata.org/entity/Q106805416,,,,,,skos:exactMatch,http://id.loc.gov/authorities/performanceMediums/mp2013015140,,,,,,,,,TARKISTA,Zimbabwelainen ja mosambikilainen suujousi.,
fmpo:00216,,,,,,tshipendani,fi,,,,,,,,,,,,,,,,,,,,,,,,,,,,
fmpo:00217,http://urn.fi/urn:nbn:fi:au:seko:00217,,chirimia,chirimia,chirimia,,,,,"http://www.yso.fi/onto/yso/p105209,http://www.yso.fi/onto/yso/p105005",Espanja|Latinalainen Amerikka,,fmpo:00715,oboesoitin,,,http://www.wikidata.org/entity/Q196318,,,,,,skos:exactMatch,http://id.loc.gov/authorities/performanceMediums/mp2013015141,,,,,,,,,TARKISTA,Espanjassa ja Latinalaisen Amerikan intiaanimusiikissa käytettävä oboetyyppinen puhallinsoitin.,
fmpo:00217,,,,,,chirisuya,en,,,,,,,,,,,,,,,,,,,,,,,,,,,,
fmpo:00217,,,,,,gralla,de,,,,,,,,,,,,,,,,,,,,,,,,,,,,
fmpo:00218,http://urn.fi/urn:nbn:fi:au:seko:00218,,chitarra battente,chitarra battente,chitarra battente,,,,,,,,fmpo:00504,kitara,,,http://www.wikidata.org/entity/Q2297117,,,,,,skos:exactMatch,http://id.loc.gov/authorities/performanceMediums/mp2013015142,,,,,,,,,TARKISTA,"1600–1700-luvuilla suosittu kuperapohjainen kitara, jossa on viisi metallikieliparia.",
fmpo:00218,,,,,,guitare battente,fr,,,,,,,,,,,,,,,,,,,,,,,,,,,,
fmpo:00218,,,,,,guitare en bateau,fr,,,,,,,,,,,,,,,,,,,,,,,,,,,,
fmpo:00218,,,,,,Schlagguitarre,de,,,,,,,,,,,,,,,,,,,,,,,,,,,,
fmpo:00219,http://urn.fi/urn:nbn:fi:au:seko:00219,,chok,chok, chǒk,,,,,http://www.yso.fi/onto/yso/p109302,Korea,,fmpo:00418,huilusoitin,,,http://www.wikidata.org/entity/Q12614922,,,,,,,,,,,,,,,,TARKISTA,Korealainen bambuhuilu.,
fmpo:00219,,,,,,jeok,en,,,,,,,,,,,,,,,,,,,,,,,,,,,,
fmpo:00219,,,,,,적,ko,,,,,,,,,,,,,,,,,,,,,,,,,,,,
fmpo:00220,http://urn.fi/urn:nbn:fi:au:seko:00220,,ch'uk,ch'uk,chuk,,,,,http://www.yso.fi/onto/yso/p109302,Korea,,fmpo:00627,lyömäsoitin,,,http://www.wikidata.org/entity/Q12620014,,,,,,,,,,,,,,,,TARKISTA,Korealainen lyömäsoitin.,
fmpo:00220,,,,,,chuk,en,,,,,,,,,,,,,,,,,,,,,,,,,,,,
fmpo:00221,http://urn.fi/urn:nbn:fi:au:seko:00221,,biên chung,biên chung,biên chung,,,,,"http://www.yso.fi/onto/yso/p104988,http://www.yso.fi/onto/yso/p104984,http://www.yso.fi/onto/yso/p109302",Vietnam,,fmpo:x477,bianzhong,https://github.com/NatLibFi/SEKO/issues/34,,http://www.wikidata.org/entity/Q133722,Huế Royal Court Music (Nhã nhạc),111.242.221,,,,,,,,seko:87477|seko:00221|seko:00823,,"""Used in ceremonies in the Vietnamese court at Huế, is called biên chung.""@en","changed preflabale from chung to bien chung; added reference to bianzhong, pyeonjong",,2026-06-26,valid,Kiinalainen pronssinen kello.,
fmpo:00221,,,,,,chung,en,,,,,,,,,,,,,,,,,,,,,,,,,,,,
fmpo:00222,http://urn.fi/urn:nbn:fi:au:seko:00222,,chunggŭm,junggeum,junggeum,,,,,http://www.yso.fi/onto/yso/p109302,Korea,,fmpo:00082,bambuhuilu,,,http://www.wikidata.org/entity/Q6312746,,,,,,,,,,,,,,,,TARKISTA,Aasialainen bambuhuilu.,
fmpo:00222,,,,,,chunggum,fi,,,,,,,,,,,,,,,,,,,,,,,,,,,,
fmpo:00222,,,,,,chunggŭm,en,,,,,,,,,,,,,,,,,,,,,,,,,,,,
fmpo:00223,http://urn.fi/urn:nbn:fi:au:seko:00223,,chwago,chwago,chwago,,,,,http://www.yso.fi/onto/yso/p109302,Korea,,fmpo:00864,rumpu,,,http://www.wikidata.org/entity/Q85985374,,,,,,,,,,,,,,,,TARKISTA,Korealainen tynnyrinmuotoinen rumpu.,
fmpo:00223,,,,,,jwago,en,,,,,,,,,,,,,,,,,,,,,,,,,,,,
fmpo:00224,http://urn.fi/urn:nbn:fi:au:seko:00224,,çifte,çifte,çifte,,,,,http://www.yso.fi/onto/yso/p105573,Turkki,,fmpo:00513,klarinettisoitin,,,http://www.wikidata.org/entity/Q116982693,,,,,,skos:exactMatch,https://id.loc.gov/authorities/performanceMediums/mp2013015147,,,,,,,,,TARKISTA,Turkkilainen kaksoisklarinetti.,
fmpo:00224,,,,,,cifte,fi,,,,,,,,,,,,,,,,,,,,,,,,,,,,
fmpo:00225,http://urn.fi/urn:nbn:fi:au:seko:00225,,çifteli,çifteli,çifteli,,,,,http://www.yso.fi/onto/yso/p109229,Albania,,fmpo:00709,näppäilysoitin,,,http://www.wikidata.org/entity/Q272827,,,,,,,,,,,,,,,,TARKISTA,Albanialainen kaksikielinen luuttusoitin.,
fmpo:00225,,,,,,cifteli,fi,,,,,,,,,,,,,,,,,,,,,,,,,,,,
fmpo:00226,http://urn.fi/urn:nbn:fi:au:seko:00226,,cimbalom,tsymbaly,cimbalom,,,,,http://www.yso.fi/onto/yso/p105029,Unkari,,fmpo:00303,dulcimer,,http://www.yso.fi/onto/yso/p29807,http://www.wikidata.org/entity/Q8374,,314.122-4,,http://www.mimo-db.eu/InstrumentsKeywords/3633,,skos:closeMatch,http://id.loc.gov/authorities/performanceMediums/mp2013015700,,,,,,,,2026-06-26,valid,"Unkarilainen, dulcimerin kaltainen laatikkositra, josta tunnetaan lähialueilla useita erinimisiä muotoja. Cimbalom on ns. mustalaisorkestereiden perussoittimia.",
fmpo:00226,,,,,,czimbalom,fr,,,,,,,,,,,,,,,,,,,,,,,,,,,,
fmpo:00226,,,,,,symbaali (cimbalom),fi,,,,,,,,,,,,,,,,,,,,,,,,,,,,
fmpo:00226,,,,,,ţambal,ro,,,,,,,,,,,,,,,,,,,,,,,,,,,,
fmpo:00226,,,,,,timbala,ro,,,,,,,,,,,,,,,,,,,,,,,,,,,,
fmpo:00226,,,,,,timblon,und,,,,,,,,,,,,,,,,,,,,,,,,,,,,
fmpo:00226,,,,,,timbula,und,,,,,,,,,,,,,,,,,,,,,,,,,,,,
fmpo:00226,,,,,,zimbalom,en,,,,,,,,,,,,,,,,,,,,,,,,,,,,
fmpo:00226,,,,,,,,tambal,ro,,,,,,,,,,,,,,,,,,,,,,,,,,
fmpo:00227,http://urn.fi/urn:nbn:fi:au:seko:00227,,cimpoi,cimpoi,cimpoi,,,,,"http://www.yso.fi/onto/yso/p105030,http://www.yso.fi/onto/yso/p107667",Romania|Moldova,,fmpo:01024,säkkipilli,,,http://www.wikidata.org/entity/Q4516010,,,,,,skos:closeMatch,http://id.loc.gov/authorities/performanceMediums/mp2013015039,,,,,,,,,TARKISTA,Romanian ja Moldovan alueilla käytettävä säkkipilli.,
fmpo:00227,,,,,,cimpoiu,ro,,,,,,,,,,,,,,,,,,,,,,,,,,,,
fmpo:00228,http://urn.fi/urn:nbn:fi:au:seko:00228,,cinco,cinco,cinco,,,,,http://www.yso.fi/onto/yso/p107681,Venezuela,,fmpo:00504,kitara,,,http://www.wikidata.org/entity/Q117038083,,,,,,,,,,,,,,,,TARKISTA,Venezuelalainen viisikielinen kitara.,
fmpo:00228,,,,,,quinto (kitara),fi,,,,,,,,,,,,,,,,,,,,,,,,,,,,
fmpo:00229,http://urn.fi/urn:nbn:fi:au:seko:00229,,citera,citera,citera,,,,,http://www.yso.fi/onto/yso/p105223,Itä-Eurooppa,,fmpo:00943,sitra,,,http://www.wikidata.org/entity/Q21013802,,,,,,,,,,,,,,,,TARKISTA,"Itä-Euroopassa käytettävä laatikkositra, joka muistuttaa norjalaista langleik-soitinta.",
fmpo:00229,,,,,,citra,en,,,,,,,,,,,,,,,,,,,,,,,,,,,,
fmpo:00230,http://urn.fi/urn:nbn:fi:au:seko:00230,,citole,citole,citole,,,,,http://www.yso.fi/onto/yso/p108161,Keski-Eurooppa,,fmpo:00709,näppäilysoitin,,,http://www.wikidata.org/entity/Q665657,,,,,,,,,,,,,,,,TARKISTA,"Keskiaikainen näppäiltävä luuttusoitin, joka oli käytössä noin vuosina 1200–1350.",
fmpo:00230,,,,,,cedra (citole),fi,,,,,,,,,,,,,,,,,,,,,,,,,,,,
fmpo:00230,,,,,,cetera (citole),fi,,,,,,,,,,,,,,,,,,,,,,,,,,,,
fmpo:00230,,,,,,cetola,fi,,,,,,,,,,,,,,,,,,,,,,,,,,,,
fmpo:00230,,,,,,cetra (citole),fi,,,,,,,,,,,,,,,,,,,,,,,,,,,,
fmpo:00230,,,,,,cetula,en,,,,,,,,,,,,,,,,,,,,,,,,,,,,
fmpo:00230,,,,,,chytara,en,,,,,,,,,,,,,,,,,,,,,,,,,,,,
fmpo:00230,,,,,,cistola,en,,,,,,,,,,,,,,,,,,,,,,,,,,,,
fmpo:00230,,,,,,cistole,en,,,,,,,,,,,,,,,,,,,,,,,,,,,,
fmpo:00230,,,,,,citera (citole),fi,,,,,,,,,,,,,,,,,,,,,,,,,,,,
fmpo:00230,,,,,,cithara (citole),fi,,,,,,,,,,,,,,,,,,,,,,,,,,,,
fmpo:00230,,,,,,citola,es,,,,,,,,,,,,,,,,,,,,,,,,,,,,
fmpo:00230,,,,,,cítola (citole),es,,,,,,,,,,,,,,,,,,,,,,,,,,,,
fmpo:00230,,,,,,citula,fi,,,,,,,,,,,,,,,,,,,,,,,,,,,,
fmpo:00230,,,,,,cuitole,und,,,,,,,,,,,,,,,,,,,,,,,,,,,,
fmpo:00230,,,,,,cythera,gr,,,,,,,,,,,,,,,,,,,,,,,,,,,,
fmpo:00230,,,,,,cythole,und,,,,,,,,,,,,,,,,,,,,,,,,,,,,
fmpo:00230,,,,,,cytiole,und,,,,,,,,,,,,,,,,,,,,,,,,,,,,
fmpo:00230,,,,,,cytolys,und,,,,,,,,,,,,,,,,,,,,,,,,,,,,
fmpo:00230,,,,,,gittern (citole),fi,,,,,,,,,,,,,,,,,,,,,,,,,,,,
fmpo:00230,,,,,,guitare sarrazine,fr,,,,,,,,,,,,,,,,,,,,,,,,,,,,
fmpo:00230,,,,,,maurache,fr,,,,,,,,,,,,,,,,,,,,,,,,,,,,
fmpo:00230,,,,,,sitole,fi,,,,,,,,,,,,,,,,,,,,,,,,,,,,
fmpo:00230,,,,,,sytholle,und,,,,,,,,,,,,,,,,,,,,,,,,,,,,
fmpo:00230,,,,,,sytole,und,,,,,,,,,,,,,,,,,,,,,,,,,,,,
fmpo:00230,,,,,,Zitôl,de,,,,,,,,,,,,,,,,,,,,,,,,,,,,
fmpo:00230,,,,,,,,citola (citole),es,,,,,,,,,,,,,,,,,,,,,,,,,,
fmpo:00230,,,,,,,,Zitol,de,,,,,,,,,,,,,,,,,,,,,,,,,,
fmpo:00231,http://urn.fi/urn:nbn:fi:au:seko:00231,,clavecin électrique,clavecin électrique,electric harpsichord,,,,,http://www.yso.fi/onto/yso/p104968,Ranska,,"fmpo:01021, fmpo:00487, fmpo:00543",sähkösoitin|kellopeli|kosketinsoitin,,,http://www.wikidata.org/entity/Q1149847,,,,,,,,,,,,,,,,TARKISTA,"Vuonna 1759 kehitetty, maailman ensimmäinen staattista sähköä käyttänyt kosketinsoitinkellopeli.",
fmpo:00231,,,,,,clavecín eléctrico,es,,,,,,,,,,,,,,,,,,,,,,,,,,,,
fmpo:00231,,,,,,clavecin electrique,fi,,,,,,,,,,,,,,,,,,,,,,,,,,,,
fmpo:00231,,,,,,clavecín electrónico,es,,,,,,,,,,,,,,,,,,,,,,,,,,,,
fmpo:00231,,,,,,clavessin électrique,fr,,,,,,,,,,,,,,,,,,,,,,,,,,,,
fmpo:00231,,,,,,clavicembalo elettrico,it,,,,,,,,,,,,,,,,,,,,,,,,,,,,
fmpo:00231,,,,,,,,clavecin electrico,es,,,,,,,,,,,,,,,,,,,,,,,,,,
fmpo:00231,,,,,,,,clavecin electronico,fi,,,,,,,,,,,,,,,,,,,,,,,,,,
fmpo:00231,,,,,,,,clavessin electrique,fr,,,,,,,,,,,,,,,,,,,,,,,,,,
fmpo:00232,http://urn.fi/urn:nbn:fi:au:seko:00232,,claviola (lyömäsoitin),claviola,claviola,,,,,"http://www.yso.fi/onto/yso/p104968,http://www.yso.fi/onto/yso/p107128",Ranska|Englanti,,"fmpo:00487, fmpo:00543",kellopeli|kosketinsoitin,,,http://www.wikidata.org/entity/Q116982910,,,,,,,,,,,,,,,,TARKISTA,"Kaksi erilaista 1800-luvulla kehiteltyä kosketinsoitinta, joissa kummassakin vasarat lyövät ohuita teräslevyjä.",
fmpo:00232,,,,,,clavi-lame,en,,,,,,,,,,,,,,,,,,,,,,,,,,,,
fmpo:00232,,,,,,clavilame,en,,,,,,,,,,,,,,,,,,,,,,,,,,,,
fmpo:00232,,,,,,Zungenklavier,de,,,,,,,,,,,,,,,,,,,,,,,,,,,,
fmpo:00233,http://urn.fi/urn:nbn:fi:au:seko:00233,,claviola (vapaalehdykkäsoitin),Hohner claviola,key-bagpipe,,,,,,,,"fmpo:01170, fmpo:00543",vapaalehdykkäsoitin|kosketinsoitin,,,http://www.wikidata.org/entity/Q5129638,,,,,,,,,,,,,,,,TARKISTA,"1960-luvulla suunniteltu ja Hohnerin valmistama vapaalehdykkäsoitin, jossa on koskettimisto ja jota soittaja puhaltaa ilmaa letkun kautta.",
fmpo:00233,,,,,,Hohner claviola,en,,,,,,,,,,,,,,,,,,,,,,,,,,,,
fmpo:00234,http://urn.fi/urn:nbn:fi:au:seko:00234,,clavioline,clavioline,clavioline,,,,,,,,"fmpo:00543, fmpo:01021",kosketinsoitin|sähkösoitin,,,http://www.wikidata.org/entity/Q2978687,,,,,,skos:exactMatch,http://id.loc.gov/authorities/performanceMediums/mp2013015161,,,,,,,,,TARKISTA,Mekaanis-sähköinen kosketinsoitin.,
fmpo:00235,http://urn.fi/urn:nbn:fi:au:seko:00235,,cobză,cobză,cobză,,,,,"http://www.yso.fi/onto/yso/p105030,http://www.yso.fi/onto/yso/p107667",Romania|Moldova,,fmpo:00709,näppäilysoitin,,,http://www.wikidata.org/entity/Q2216785,,,,,,,,,,,,,,,,TARKISTA,Romaniassa ja Moldovassa käytettävä lyhytkaulainen luuttusoitin.,
fmpo:00235,,,,,,cobza,fi,,,,,,,,,,,,,,,,,,,,,,,,,,,,
fmpo:00235,,,,,,kobza,fi,,,,,,,,,,,,,,,,,,,,,,,,,,,,
fmpo:00236,http://urn.fi/urn:nbn:fi:au:seko:00236,,colascione,colascione,colascione,,,,,http://www.yso.fi/onto/yso/p94111,Eurooppa,,fmpo:00709,näppäilysoitin,,,http://www.wikidata.org/entity/Q748420,,,,,,skos:closeMatch,http://id.loc.gov/authorities/performanceMediums/mp2013015165,,,,,,,,,TARKISTA,"Arabialaista alkuperää oleva eurooppalainen näppäilysoitin (luuttu tai mandoliini), joka oli käytössä 1500-luvulta 1700-luvulle.",
fmpo:00237,http://urn.fi/urn:nbn:fi:au:seko:00237,,concertina,concertina,duet concertina,,,,,,,,fmpo:00710,näppäinharmonikka,,,http://www.wikidata.org/entity/Q593050,,,,,,skos:exactMatch,http://id.loc.gov/authorities/performanceMediums/mp2013015168,,,,,,,,,TARKISTA,Kuusikulmainen näppäinharmonikka.,
fmpo:00237,,,,,,duettoconcertina,fi,,,,,,,,,,,,,,,,,,,,,,,,,,,,
fmpo:00237,,,,,,konsertina,fi,,,,,,,,,,,,,,,,,,,,,,,,,,,,
fmpo:00237,,,,,,Konzertina,de,,,,,,,,,,,,,,,,,,,,,,,,,,,,
fmpo:00238,http://urn.fi/urn:nbn:fi:au:seko:00238,,conga,conga,conga,,,,,http://www.yso.fi/onto/yso/p105005,Latinalainen Amerikka,,fmpo:00239,congarumpu,,,http://www.wikidata.org/entity/Q118087352,,,,,,skos:broadMatch,http://id.loc.gov/authorities/performanceMediums/mp2013015172,,,,,,,,,TARKISTA,"Keskikokoinen congarumpu, jota soitetaan yhdessä quinton ja tumban kanssa.",
fmpo:00239,http://urn.fi/urn:nbn:fi:au:seko:00239,,congarumpu,congatrumma,conga drum,,,,,http://www.yso.fi/onto/yso/p105005,Latinalainen Amerikka,,fmpo:00864,rumpu,,http://www.yso.fi/onto/yso/p29975,http://www.wikidata.org/entity/Q270200,,,,,,skos:closeMatch,http://id.loc.gov/authorities/performanceMediums/mp2013015172,,,,,,,,,TARKISTA,"Afro- ja latinalaisamerikkalaisessa musiikissa yleensä pareittain käytettävä noin 90 cm korkea rumpu, jonka kolme eri kokoa ovat nimeltään quinto, conga ja tumba.",
fmpo:00239,,,,,,cgs (congarummut),fi,,,,,,,,,,,,,,,,,,,,,,,,,,,,
fmpo:00239,,,,,,conga (congarummut),fi,,,,,,,,,,,,,,,,,,,,,,,,,,,,
fmpo:00239,,,,,,congarummut,fi,,,,,,,,,,,,,,,,,,,,,,,,,,,,
fmpo:00239,,,,,,congatrummor,sv,,,,,,,,,,,,,,,,,,,,,,,,,,,,
fmpo:00239,,,,,,timba,fi,,,,,,,,,,,,,,,,,,,,,,,,,,,,
fmpo:00239,,,,,,tumbadora,fi,,,,,,,,,,,,,,,,,,,,,,,,,,,,
fmpo:00239,,,,,,tumbarumpu,fi,,,,,,,,,,,,,,,,,,,,,,,,,,,,
fmpo:00240,http://urn.fi/urn:nbn:fi:au:seko:00240,,continuo,continuo,basso continuo,,,,,,,,"fmpo:00953, fmpo:01208",soitin|yhtye,https://github.com/NatLibFi/SEKO/issues/112,http://www.yso.fi/onto/yso/p9312,http://www.wikidata.org/entity/Q114237252,,,,,,skos:exactMatch,http://id.loc.gov/authorities/performanceMediums/mp2013015173,,,,,,ISSUE created - change broader,,2026-07-03,KESKEN,"Yhdellä tai useammalla soittimella toteutettava säestys, joka perustuu tavallisesti säveltäjän kirjoittamaan bassostemmaan ja sointuja ilmaiseviin numeroihin.",
fmpo:00240,,,,,,basso continuo,fi,,,,,,,,,,,,,,,,,,,,,,,,,,,,
fmpo:00240,,,,,,continuo,en,,,,,,,,,,,,,,,,,,,,,,,,,,,,
fmpo:00240,,,,,,figured bass,en,,,,,,,,,,,,,,,,,,,,,,,,,,,,
fmpo:00240,,,,,,Generalbass,de,,,,,,,,,,,,,,,,,,,,,,,,,,,,
fmpo:00240,,,,,,kenraalibasso,fi,,,,,,,,,,,,,,,,,,,,,,,,,,,,
fmpo:00240,,,,,,thoroughbass,en,,,,,,,,,,,,,,,,,,,,,,,,,,,,
fmpo:00240,,,,,,through bass,en,,,,,,,,,,,,,,,,,,,,,,,,,,,,
fmpo:00241,http://urn.fi/urn:nbn:fi:au:seko:00241,,cornamusa (tuulikapselisoitin),cornamuse,cornamuse,,,,,,,,fmpo:01149,tuulikapselisoitin,,,http://www.wikidata.org/entity/Q594256,,,,,,,,,,,,,,,,TARKISTA,"Renenssanssiajan tuulikapselisoitin, toimintaperiaatteeltaan kuin krumhorn, mutta muodoltaan suora ja ääneltään hiljaisempi ja pehmeämpi.",
fmpo:00241,,,,,,cornemuse (tuulikapselisoitin),fi,,,,,,,,,,,,,,,,,,,,,,,,,,,,
fmpo:00241,,,,,,kornamuusa (tuulikapselisoitin),fi,,,,,,,,,,,,,,,,,,,,,,,,,,,,
fmpo:00242,http://urn.fi/urn:nbn:fi:au:seko:00242,,cornophone,cornophone,cornophone,,,,,http://www.yso.fi/onto/yso/p104968,Ranska,,fmpo:01171,vaskipuhallin,,,http://www.wikidata.org/entity/Q1134224,,,,,,,,,,,,,,,,TARKISTA,1890-luvulla kehitetty vaskipuhallinsoitin.,
fmpo:00243,http://urn.fi/urn:nbn:fi:au:seko:00243,,cornu,cornu,cornu,,,,,http://www.yso.fi/onto/yso/p105081,Rooman valtakunta,,fmpo:01171,vaskipuhallin,,,http://www.wikidata.org/entity/Q1134287,,,,,,,,,,,,,,,,TARKISTA,Rooman valtakunnan ajan vaskipuhallinsoitin.,
fmpo:00244,http://urn.fi/urn:nbn:fi:au:seko:00244,,country-kitara,country gitarr,country guitar,,,,,,,,fmpo:00504,kitara,,,http://www.wikidata.org/entity/Q2563510,,,,,,,,,,,,,,,,TARKISTA,"Teräskielinen akustinen kitara, jonka kaikukoppa on yleensä klassisen kitaran vastaavaa suurikokoisempi.",
fmpo:00244,,,,,,teräskielinen akustinen kitara,fi,,,,,,,,,,,,,,,,,,,,,,,,,,,,
fmpo:00245,http://urn.fi/urn:nbn:fi:au:seko:00245,,cristal baschet,cristal baschet,crystal baschet,,,,,,,,fmpo:00581,lasiharmonikka,,,http://www.wikidata.org/entity/Q655389,,,,,,,,,,,,,,,,TARKISTA,Värähtelevistä lasitangoista rakennettu kromaattisen 54-äänisen asteikon tarjoava lasiharmonikkasoitin.,
fmpo:00245,,,,,,crystal organ,en,,,,,,,,,,,,,,,,,,,,,,,,,,,,
fmpo:00246,http://urn.fi/urn:nbn:fi:au:seko:00246,,cromorne,cromorne,cromorne,,,,,http://www.yso.fi/onto/yso/p104968,Ranska,,fmpo:00715,oboesoitin,,,http://www.wikidata.org/entity/Q11434792,,,,,,,,,,,,,,,,TARKISTA,"Ranskan hovissa 1600- ja 1700-luvuilla käytetty fagotin sukuinen puhallinsoitin, jonka täsmällinen rakenne ja muut ominaisuudet ovat jääneet epäselviksi. Kyseessä on joka tapauksessa eri soitin kuin krumhorni.",
fmpo:00247,http://urn.fi/urn:nbn:fi:au:seko:00247,,crotales,crotales,crotales,,,,,,,,fmpo:00585,lautanen,,,http://www.wikidata.org/entity/Q1141589,,,,,,skos:exactMatch,http://id.loc.gov/authorities/performanceMediums/mp2013015189,,,,,,,,,TARKISTA,Pienikokoiset metalliset lautaset.,
fmpo:00247,,,,,,antique cymbals,en,,,,,,,,,,,,,,,,,,,,,,,,,,,,
fmpo:00248,http://urn.fi/urn:nbn:fi:au:seko:00248,,crwth,crwth,crwth,,,,,http://www.yso.fi/onto/yso/p111117,Wales,,fmpo:00446,jousisoitin,,http://www.yso.fi/onto/yso/p38253,http://www.wikidata.org/entity/Q766461,,,,,,skos:exactMatch,http://id.loc.gov/authorities/performanceMediums/mp2013015191,,,,,,,,,TARKISTA,"Walesilainen (kelttiläinen) jousella soitettava lyyra, jonka lähisukulaisia ovat jouhikko ja chrotta.",
fmpo:00249,http://urn.fi/urn:nbn:fi:au:seko:00249,,csakan,csakan,romantic recorder,,,,,http://www.yso.fi/onto/yso/p105294,Itävalta,,fmpo:00704,nokkahuilu,,,http://www.wikidata.org/entity/Q1802897,,,,http://www.mimo-db.eu/InstrumentsKeywords/6510,,skos:exactMatch,http://id.loc.gov/authorities/performanceMediums/mp2013015192,,,,,,,,,TARKISTA,1800-vaihteessa Itävallassa muotiin tullut kävelykepin mallinen tulppakanavahuilu.,
fmpo:00249,,,,,,čakan,fi,,,,,,,,,,,,,,,,,,,,,,,,,,,,
fmpo:00249,,,,,,csákány,hu,,,,,,,,,,,,,,,,,,,,,,,,,,,,
fmpo:00249,,,,,,czakan,fi,,,,,,,,,,,,,,,,,,,,,,,,,,,,
fmpo:00249,,,,,,kävelykeppihuilu,fi,,,,,,,,,,,,,,,,,,,,,,,,,,,,
fmpo:00249,,,,,,kävelykeppinokkahuilu,fi,,,,,,,,,,,,,,,,,,,,,,,,,,,,
fmpo:00249,,,,,,Spazierstockblockflöte,de,,,,,,,,,,,,,,,,,,,,,,,,,,,,
fmpo:00249,,,,,,Stockblockflöte,de,,,,,,,,,,,,,,,,,,,,,,,,,,,,
fmpo:00249,,,,,,Stockflöte,de,,,,,,,,,,,,,,,,,,,,,,,,,,,,
fmpo:00249,,,,,,,,csakany,hu,,,,,,,,,,,,,,,,,,,,,,,,,,
fmpo:00249,,,,,,,,kavelykeppihuilu,fi,,,,,,,,,,,,,,,,,,,,,,,,,,
fmpo:00249,,,,,,,,kavelykeppinokkahuilu,fi,,,,,,,,,,,,,,,,,,,,,,,,,,
fmpo:00249,,,,,,,,Spazierstockblockflote,de,,,,,,,,,,,,,,,,,,,,,,,,,,
fmpo:00249,,,,,,,,Stockblockflote,de,,,,,,,,,,,,,,,,,,,,,,,,,,
fmpo:00249,,,,,,,,Stockflote,de,,,,,,,,,,,,,,,,,,,,,,,,,,
fmpo:00250,http://urn.fi/urn:nbn:fi:au:seko:00250,,cuatro,cuatro,cuatro,,,,,http://www.yso.fi/onto/yso/p105005,Latinalainen Amerikka,,fmpo:00504,kitara,,,http://www.wikidata.org/entity/Q507102,,,,,,skos:closeMatch,http://id.loc.gov/authorities/performanceMediums/mp2013015193,,,,,,,,,TARKISTA,Latinalaisen Amerikan musiikissa käytettävä nelikielinen kitara.,
fmpo:00251,http://urn.fi/urn:nbn:fi:au:seko:00251,,cuatro y medio,cuatro y medio,cuatro y medio,,,,,http://www.yso.fi/onto/yso/p107681,Venezuela,,fmpo:00504,kitara,,,http://www.wikidata.org/entity/Q117038061,,,,,,skos:closeMatch,http://id.loc.gov/authorities/performanceMediums/mp2013015193,,,,,,,,,TARKISTA,Latinalaisen Amerikan musiikissa käytettävä nelikielinen kitara.,
fmpo:00252,http://urn.fi/urn:nbn:fi:au:seko:00252,,cucharas,cucharas,cucharas,,,,,"http://www.yso.fi/onto/yso/p105269,http://www.yso.fi/onto/yso/p108603",Kuuba|Antillit,,fmpo:00619,lusikat,,,http://www.wikidata.org/entity/Q30907146,,,,,,,,,,,,,,,,TARKISTA,Kuubalaiset soittimina käytettävät lusikat.,
fmpo:00252,,,,,,lusikat,fi,,,,,,,,,,,,,,,,,,,,,,,,,,,,
fmpo:00252,,,,,,spoons,en,,,,,,,,,,,,,,,,,,,,,,,,,,,,
fmpo:00253,http://urn.fi/urn:nbn:fi:au:seko:00253,,cuica,cuica,cuica,,,,,http://www.yso.fi/onto/yso/p108126,Brasilia,,fmpo:00508,kitkarumpu,,,http://www.wikidata.org/entity/Q176926,,,,,,skos:exactMatch,http://id.loc.gov/authorities/performanceMediums/mp2013015194,,,,,,,,,TARKISTA,"Latinalaisamerikkalaisessa musiikissa, erityisesti sambassa käytettävä yksikalvoinen  kitkarumpu.",
fmpo:00254,http://urn.fi/urn:nbn:fi:au:seko:00254,,cununo,cununo,cununo,,,,,"http://www.yso.fi/onto/yso/p106419,http://www.yso.fi/onto/yso/p108648",Kolumbia|Ecuador,,fmpo:00864,rumpu,,,http://www.wikidata.org/entity/Q117039218,,,,,,,,,,,,,,,,TARKISTA,"Latinalaisen Amerikan intiaanimusiikissa käytettävä kartionmuotoinen, yksikalvoinen rumpu.",
fmpo:00255,http://urn.fi/urn:nbn:fi:au:seko:00255,,cura,cura,cura,,,,,http://www.yso.fi/onto/yso/p105573,Turkki,,fmpo:00905,saz,,,http://www.wikidata.org/entity/Q1144423,,,,,,,,,,,,,,,,TARKISTA,"Turkkilainen pitkäkaulainen luuttusoitin, saz-soitinperheen pienikokoisin soitin.",
fmpo:00256,http://urn.fi/urn:nbn:fi:au:seko:00256,,cümbüş,cümbüş,cümbüş,,,,,http://www.yso.fi/onto/yso/p105573,Turkki,,fmpo:00709,näppäilysoitin,,,http://www.wikidata.org/entity/Q516559,,,,,,,,,,,,,,,,TARKISTA,"Turkkilainen pitkäkaulainen luuttusoitin, jossa on metallinen resonaattori.",
fmpo:00256,,,,,,cumbus,fi,,,,,,,,,,,,,,,,,,,,,,,,,,,,
fmpo:00257,http://urn.fi/urn:nbn:fi:au:seko:00257,,dabo,dabo,dabo,,,,,"http://www.yso.fi/onto/yso/p104984,http://www.yso.fi/onto/yso/p175114",Kiina|Xinjiang,,fmpo:00585,lautanen,,,http://www.wikidata.org/entity/Q117069546,,,,,,skos:closeMatch,http://id.loc.gov/authorities/performanceMediums/mp2013015195,,,,,,,,,TARKISTA,Kiinalaiset pronssiset lautaset.,
fmpo:00257,,,,,,dapo,fi,,,,,,,,,,,,,,,,,,,,,,,,,,,,
fmpo:00257,,,,,,large cymbals,en,,,,,,,,,,,,,,,,,,,,,,,,,,,,
fmpo:00257,,,,,,"大鈸,",zh,,,,,,,,,,,,,,,,,,,,,,,,,,,,
fmpo:00258,http://urn.fi/urn:nbn:fi:au:seko:00258,,dadaiko,dadaiko,dadaiko,,,,,http://www.yso.fi/onto/yso/p105023,Japani,,fmpo:00864,rumpu,,,http://www.wikidata.org/entity/Q117039256,,,,,,,,,,,,,,,,TARKISTA,Japanilainen rumpupari.,
fmpo:00259,http://urn.fi/urn:nbn:fi:au:seko:00259,,dāira,dāira,dāira,,,,,"http://www.wikidata.org/entity/Q263686,http://www.yso.fi/onto/yso/p109970,http://www.yso.fi/onto/yso/p105025,http://www.yso.fi/onto/yso/p107650,http://www.yso.fi/onto/yso/p105336,http://www.yso.fi/onto/yso/p107663,http://www.yso.fi/onto/yso/p106202",Kaakkois-Eurooppa|Kaukasia|Lähi-Itä|Keski-Aasia|Etelä-Aasia|Azerbaidžan|Afganistan|Iran,,fmpo:01050,tamburiini,https://github.com/NatLibFi/SEKO/issues/39,,http://www.wikidata.org/entity/Q3038392,,211.311,,http://www.mimo-db.eu/InstrumentsKeywords/2536,,,,,,,,,changed preflabel from daire to daira; added altLabel values inclluding deprecated doira ,,2026-06-23,valid,"Kaakkois-Euroopassa, Kaukasuksella, Keski- ja Etelä-Aasiassa tunnettu tamburiini, josta käytetään eri alueilla hieman poikkeavia nimiä.",
fmpo:00259,,,,,,dāire,fi,,,,,,,,,,,,,,,,,,,,,,,,,,,,
fmpo:00259,,,,,,dāireh,en,,,,,,,,,,,,,,,,,,,,,,,,,,,,
fmpo:00259,,,,,,daire,en,,,,,,,,,,,,,,,,,,,,,,,,,,,,
fmpo:00259,,,,,,dajre,en,,,,,,,,,,,,,,,,,,,,,,,,,,,,
fmpo:00259,,,,,,dajrera,en,,,,,,,,,,,,,,,,,,,,,,,,,,,,
fmpo:00259,,,,,,dayereh,en,,,,,,,,,,,,,,,,,,,,,,,,,,,,
fmpo:00259,,,,,,doira,en,,,,,,,,,,,,,,,,,,,,,,,,,,,,
fmpo:00259,,,,,,dojra,en,,,,,,,,,,,,,,,,,,,,,,,,,,,,
fmpo:00259,,,,,,doyra,en,,,,,,,,,,,,,,,,,,,,,,,,,,,,
fmpo:00259,,,,,,doira,fi,,,,,,,,,,,,,,,,,,,,,,,,,,,,
fmpo:00259,,,,,,dairea,fi,,,,,,,,,,,,,,,,,,,,,,,,,,,,
fmpo:00259,,,,,,dahira,en,,,,,,,,,,,,,,,,,,,,,,,,,,,,
fmpo:00259,,,,,,dara,en,,,,,,,,,,,,,,,,,,,,,,,,,,,,
fmpo:00259,,,,,,dayra,en,,,,,,,,,,,,,,,,,,,,,,,,,,,,
fmpo:00259,,,,,,dayre,en,,,,,,,,,,,,,,,,,,,,,,,,,,,,
fmpo:00259,,,,,,,,daira,fi,,,,,,,,,,,,,,,,,,,,,,,,,,
fmpo:00259,,,,,,,,daireh,en,,,,,,,,,,,,,,,,,,,,,,,,,,
fmpo:00260,http://urn.fi/urn:nbn:fi:au:seko:00260,,dala-fandir,dala-fandyr,dala-fandyr,,,,,http://www.yso.fi/onto/yso/p167802,Ossetia,,fmpo:00709,näppäilysoitin,,,http://www.wikidata.org/entity/Q117039349,,,,http://www.mimo-db.eu/InstrumentsKeywords/4755,,,,,,,,,,,,TARKISTA,Ossetiassa Kaukasuksella käytettävä kaksi- tai kolmikielinen luuttusoitin.,
fmpo:00261,http://urn.fi/urn:nbn:fi:au:seko:00261,,damaru,damaru,damaru,,,,,"http://www.wikidata.org/entity/Q60140,http://www.yso.fi/onto/yso/p110128,http://www.yso.fi/onto/yso/p106176,http://www.yso.fi/onto/yso/p105251",Intian niemimaa|Himalaja|Tiibet|Mongolia,,fmpo:01092,tiimalasirumpu,,,http://www.wikidata.org/entity/Q1158229,,,,,,skos:closeMatch,http://id.loc.gov/authorities/performanceMediums/mp2013015343,,,,,,,,,TARKISTA,"Tiimalasin muotoinen kaksoisrumpu, jota käytetään Intian niemimaalla, Himalajalla ja Mongoliassa.",
fmpo:00262,http://urn.fi/urn:nbn:fi:au:seko:00262,,đàn bầu,đàn bầu,đàn bầu,,,,,http://www.yso.fi/onto/yso/p104988,Vietnam,,fmpo:00943,sitra,,,http://www.wikidata.org/entity/Q342244,,,,,,skos:exactMatch,http://id.loc.gov/authorities/performanceMediums/mp2013015199,,,,,,,,,TARKISTA,Vietnamilainen yksikielinen noin 80–100 cm pitkä pohjaton laatikkositra.,
fmpo:00262,,,,,,dan bau,fi,,,,,,,,,,,,,,,,,,,,,,,,,,,,
fmpo:00262,,,,,,đàn đoc huyen,en,,,,,,,,,,,,,,,,,,,,,,,,,,,,
fmpo:00262,,,,,,độc huyền cầm,en,,,,,,,,,,,,,,,,,,,,,,,,,,,,
fmpo:00262,,,,,,,,dan doc huyen,en,,,,,,,,,,,,,,,,,,,,,,,,,,
fmpo:00262,,,,,,,,doc huyen cam,en,,,,,,,,,,,,,,,,,,,,,,,,,,
fmpo:00263,http://urn.fi/urn:nbn:fi:au:seko:00263,,darabuka,darbuka,darbuka,,,,,"http://www.yso.fi/onto/yso/p105841,http://www.yso.fi/onto/yso/p109229,http://www.yso.fi/onto/yso/p106673,http://www.yso.fi/onto/yso/p105717,http://www.yso.fi/onto/yso/p105242",Egypti|Albania|Bulgaria|Malesia|Indonesia,,fmpo:00864,rumpu,,,http://www.wikidata.org/entity/Q319154,"""2026-07-25 added wikipedia link which lists many names of the instrument from different countries""",,,,,skos:exactMatch,http://id.loc.gov/authorities/performanceMediums/mp2013015203,https://fi.wikipedia.org/wiki/Darbuka|https://doi.org/10.1093/gmo/9781561592630.article.07209,,,,,,,2026-07-25,KESKEN,Varsinkin islamilaisten maiden musiikissa yleinen yksikalvoinen pikarirumpu.,
fmpo:00263,,,,,,darabuke,en,,,,,,,,,,,,,,,,,,,,,,,,,,,,
fmpo:00263,,,,,,darabukka,en,,,,,,,,,,,,,,,,,,,,,,,,,,,,
fmpo:00263,,,,,,darbouka,fr,,,,,,,,,,,,,,,,,,,,,,,,,,,,
fmpo:00263,,,,,,darboukka,en,,,,,,,,,,,,,,,,,,,,,,,,,,,,
fmpo:00263,,,,,,darbuka,en,,,,,,,,,,,,,,,,,,,,,,,,,,,,
fmpo:00263,,,,,,darbukka,en,,,,,,,,,,,,,,,,,,,,,,,,,,,,
fmpo:00263,,,,,,darbukkah,en,,,,,,,,,,,,,,,,,,,,,,,,,,,,
fmpo:00263,,,,,,deblek,und,,,,,,,,,,,,,,,,,,,,,,,,,,,,
fmpo:00263,,,,,,dembilk,und,,,,,,,,,,,,,,,,,,,,,,,,,,,,
fmpo:00263,,,,,,derbakeh,und,,,,,,,,,,,,,,,,,,,,,,,,,,,,
fmpo:00263,,,,,,derbocka,und,,,,,,,,,,,,,,,,,,,,,,,,,,,,
fmpo:00263,,,,,,derbuga,und,,,,,,,,,,,,,,,,,,,,,,,,,,,,
fmpo:00263,,,,,,derbukka,und,,,,,,,,,,,,,,,,,,,,,,,,,,,,
fmpo:00263,,,,,,dombak,ir,,,,,,,,,,,,,,,,,,,,,,,,,,,,
fmpo:00263,,,,,,dombek,ir,,,,,,,,,,,,,,,,,,,,,,,,,,,,
fmpo:00263,,,,,,doubmag,und,,,,,,,,,,,,,,,,,,,,,,,,,,,,
fmpo:00263,,,,,,doumbeg,al,,,,,,,,,,,,,,,,,,,,,,,,,,,,
fmpo:00263,,,,,,doumbek,al,,,,,,,,,,,,,,,,,,,,,,,,,,,,
fmpo:00263,,,,,,dümbelek,tt,,,,,,,,,,,,,,,,,,,,,,,,,,,,
fmpo:00263,,,,,,glong yao,la,,,,,,,,,,,,,,,,,,,,,,,,,,,,
fmpo:00263,,,,,,goblet drum,en,,,,,,,,,,,,,,,,,,,,,,,,,,,,
fmpo:00263,,,,,,hoqa,und,,,,,,,,,,,,,,,,,,,,,,,,,,,,
fmpo:00263,,,,,,klong yao,la,,,,,,,,,,,,,,,,,,,,,,,,,,,,
fmpo:00263,,,,,,pikarirumpu,fi,,,,,,,,,,,,,,,,,,,,,,,,,,,,
fmpo:00263,,,,,,qypi,al,,,,,,,,,,,,,,,,,,,,,,,,,,,,
fmpo:00263,,,,,,tarabuka,en,,,,,,,,,,,,,,,,,,,,,,,,,,,,
fmpo:00263,,,,,,tarambuka,bu,,,,,,,,,,,,,,,,,,,,,,,,,,,,
fmpo:00263,,,,,,tarbouka,uz,,,,,,,,,,,,,,,,,,,,,,,,,,,,
fmpo:00263,,,,,,tepill,ku,,,,,,,,,,,,,,,,,,,,,,,,,,,,
fmpo:00263,,,,,,tombak,ir,,,,,,,,,,,,,,,,,,,,,,,,,,,,
fmpo:00263,,,,,,tombale,ir,,,,,,,,,,,,,,,,,,,,,,,,,,,,
fmpo:00263,,,,,,tombuleki,ro,,,,,,,,,,,,,,,,,,,,,,,,,,,,
fmpo:00263,,,,,,toumbeleki,ro,,,,,,,,,,,,,,,,,,,,,,,,,,,,
fmpo:00263,,,,,,toumberleki,ro,,,,,,,,,,,,,,,,,,,,,,,,,,,,
fmpo:00263,,,,,,toumpeleki,ro,,,,,,,,,,,,,,,,,,,,,,,,,,,,
fmpo:00263,,,,,,tumbeleki,ro,,,,,,,,,,,,,,,,,,,,,,,,,,,,
fmpo:00263,,,,,,zairbaghali,da,,,,,,,,,,,,,,,,,,,,,,,,,,,,
fmpo:00263,,,,,,zarb,ir,,,,,,,,,,,,,,,,,,,,,,,,,,,,
fmpo:00263,,,,,,zerbaghali,da,,,,,,,,,,,,,,,,,,,,,,,,,,,,
fmpo:00263,,,,,,,,dumbelek,it,,,,,,,,,,,,,,,,,,,,,,,,,,
fmpo:00264,http://urn.fi/urn:nbn:fi:au:seko:00264,,daudytė,daudytė,daudytė,,,,,http://www.yso.fi/onto/yso/p94268,Liettua,,fmpo:00819,puutrumpetti,,,http://www.wikidata.org/entity/Q109773883,,,,,,,,,,,,,,,,TARKISTA,Liettualainen puinen puhallinsoitin.,
fmpo:00264,,,,,,daudyte,fi,,,,,,,,,,,,,,,,,,,,,,,,,,,,
fmpo:00264,,,,,,liettualainen tuohitorvi,fi,,,,,,,,,,,,,,,,,,,,,,,,,,,,
fmpo:00264,,,,,,trimitas,lt,,,,,,,,,,,,,,,,,,,,,,,,,,,,
fmpo:00265,http://urn.fi/urn:nbn:fi:au:seko:00265,TRUE,daul,davul,davul,,,,,http://www.yso.fi/onto/yso/p106673,Bulgaria,,fmpo:00864,rumpu,https://github.com/NatLibFi/SEKO/issues/38,,MISSING,replacedBy seko:00269,,,http://www.mimo-db.eu/InstrumentsKeywords/2561,,,,,seko:00269,,,,,,,KESKEN,Bulgarialainen kaksikalvoinen rumpu.,
fmpo:00265,,,,,,tapan,en,,,,,,,,,,,,,,,,,,,,,,,,,,,,
fmpo:00266,http://urn.fi/urn:nbn:fi:au:seko:00266,,daula,daula,daula,,,,,http://www.yso.fi/onto/yso/p105196,Sri Lanka,,fmpo:00864,rumpu,,,http://www.wikidata.org/entity/Q110056231,,,,,,,,https://doi.org/10.1093/gmo/9781561592630.article.L2285553,,,,,,,,TARKISTA,Srilankalainen kaksikalvoinen rumpu.,
fmpo:00267,http://urn.fi/urn:nbn:fi:au:seko:00267,TRUE,daule,daule,daule,,,,,http://www.yso.fi/onto/yso/p109229,Albania,,fmpo:00864,rumpu,https://github.com/NatLibFi/SEKO/issues/12,,MISSING,replacedBy seko:00269,,,,,,,,seko:00269,,,,,,,KESKEN,Albanialainen kaksikalvoinen rumpu.,
fmpo:00268,http://urn.fi/urn:nbn:fi:au:seko:00268,TRUE,dauli,dauli,dauli,,,,,http://www.yso.fi/onto/yso/p105037,Kreikka,,fmpo:00864,rumpu,https://github.com/NatLibFi/SEKO/issues/37,,MISSING,replacedBy seko:00269,,,,,,,,seko:00269,,,,,,,KESKEN,Kreikkalainen kaksikalvoinen rumpu.,
fmpo:00268,,,,,,daouli,gr,,,,,,,,,,,,,,,,,,,,,,,,,,,,
fmpo:00268,,,,,,toubano ,und,,,,,,,,,,,,,,,,,,,,,,,,,,,,
fmpo:00269,http://urn.fi/urn:nbn:fi:au:seko:00269,,davul,davul,davul,,,,,"http://www.yso.fi/onto/yso/p105573,http://www.yso.fi/onto/yso/p105025",Turkki|Lähi-Itä,,fmpo:00864,rumpu,https://github.com/NatLibFi/SEKO/issues/24,,http://www.wikidata.org/entity/Q1178361,"merged  with seko:00269, seko:00269, seko:00269",,,,,,,,,,,,,,,KESKEN,Turkissa ja Lähi-Idässä käytettävä kaksikalvoinen rumpu.,
fmpo:00269,,,,,,atabal,sp,,,,,,,,,,,,,,,,,,,,,,,,,,,,
fmpo:00269,,,,,,daouli,gr,,,,,,,,,,,,,,,,,,,,,,,,,,,,
fmpo:00269,,,,,,daul,bu,,,,,,,,,,,,,,,,,,,,,,,,,,,,
fmpo:00269,,,,,,daula,sl,,,,,,,,,,,,,,,,,,,,,,,,,,,,
fmpo:00269,,,,,,daule,al,,,,,,,,,,,,,,,,,,,,,,,,,,,,
fmpo:00269,,,,,,dhol,hy,,,,,,,,,,,,,,,,,,,,,,,,,,,,
fmpo:00269,,,,,,dohol,fa,,,,,,,,,,,,,,,,,,,,,,,,,,,,
fmpo:00269,,,,,,doli,kat,,,,,,,,,,,,,,,,,,,,,,,,,,,,
fmpo:00269,,,,,,ṭabl turkī,ar,,,,,,,,,,,,,,,,,,,,,,,,,,,,
fmpo:00269,,,,,,tapan,si,,,,,,,,,,,,,,,,,,,,,,,,,,,,
fmpo:00269,,,,,,tupan,und,,,,,,,,,,,,,,,,,,,,,,,,,,,,
fmpo:00270,http://urn.fi/urn:nbn:fi:au:seko:00270,,décacorde (luuttukitara),gitarrluta,lute-guitar,,,,,http://www.yso.fi/onto/yso/p104968,Ranska,,fmpo:00709,näppäilysoitin,https://github.com/NatLibFi/SEKO/issues/54,,http://www.wikidata.org/entity/Q322050,,,,,,skos:closeMatch,http://id.loc.gov/authorities/performanceMediums/mp2013015327,,,,,,,,,KESKEN,"Ranskalaisen Gabriel-Louis Bessonin viimeistään vuonna 1784 kehittelemä espanjalaisen kitaran ja teorboidun luutun risteymä, jossa on luutun kaikukoppa sekä kuusi kieltä kitaran virityksellä ja neljä bassokieltä omassa tappituessaan.",
fmpo:00270,,,,,,decacorde (luuttukitara),fi,,,,,,,,,,,,,,,,,,,,,,,,,,,,
fmpo:00270,,,,,,luuttukitara,fi,,,,,,,,,,,,,,,,,,,,,,,,,,,,
fmpo:00270,,,,,,,,decacorde,fi,,,,,,,,,,,,,,,,,,,,,,,,,,
fmpo:00271,http://urn.fi/urn:nbn:fi:au:seko:00271,,defi,defi,defi,,,,,http://www.yso.fi/onto/yso/p105037,Kreikka,,fmpo:01050,tamburiini,https://github.com/NatLibFi/SEKO/issues/13,,http://www.wikidata.org/entity/Q140319801,"MERGE?  GMO:  same as  raq, daire sekä Daff [daf, dap, def, defi, diaff, duff]: ",,,,,,,https://doi.org/10.1093/gmo/9781561592630.article.07050,,,,,issue modified,,2027-07-07,KESKEN,Kreikkalainen tamburiini.,
fmpo:00271,,,,,,daff,und,,,,,,,,,,,,,,,,,,,,,,,,,,,,
fmpo:00272,http://urn.fi/urn:nbn:fi:au:seko:00272,,dhol,dhol,dhol,,,,,http://www.yso.fi/onto/yso/p105336,Etelä-Aasia,,fmpo:00864,rumpu,,,http://www.wikidata.org/entity/Q1207707,,,,,,,,,,,,,,,,TARKISTA,Eteläaasialainen kaksikalvoinen rumpu.,
fmpo:00273,http://urn.fi/urn:nbn:fi:au:seko:00273,,dholak,dholaki,dholak,,,,,http://www.yso.fi/onto/yso/p105336,Etelä-Aasia,,fmpo:00864,rumpu,,,http://www.wikidata.org/entity/Q936590,,,,,,,,,,,,,,,,TARKISTA,"Eteläaasialainen kaksikalvoinen rumpu, pienikokoisempi kuin dhol.",
fmpo:00273,,,,,,ḍhōlak,fa,,,,,,,,,,,,,,,,,,,,,,,,,,,,
fmpo:00273,,,,,,ḍholki,en,,,,,,,,,,,,,,,,,,,,,,,,,,,,
fmpo:00273,,,,,,ḍōlak,fa,,,,,,,,,,,,,,,,,,,,,,,,,,,,
fmpo:00274,http://urn.fi/urn:nbn:fi:au:seko:00274,,diaulos,diaulos,diaulos,,,,,http://www.yso.fi/onto/yso/p105037,Kreikka,,fmpo:00715,oboesoitin,,,http://www.wikidata.org/entity/Q46190664,,,,,,,,,,,,,,,,TARKISTA,Kreikkalainen kaksoisruokolehdykkäsoitin.,
fmpo:00274,,,,,,kaksoisaulos,fi,,,,,,,,,,,,,,,,,,,,,,,,,,,,
fmpo:00275,http://urn.fi/urn:nbn:fi:au:seko:00275,,didgerido,didgerido,didgeridoo,,,,,http://www.yso.fi/onto/yso/p105116,Australia,,fmpo:00801,puhallinsoitin,,http://www.yso.fi/onto/yso/p29803,http://www.wikidata.org/entity/Q189388,,,,,,skos:exactMatch,http://id.loc.gov/authorities/performanceMediums/mp2013015209,,,,,,,,,TARKISTA,"Australian alkuasukkaiden perinteinen, puusta tai bambusta valmistettu pitkä trumpettisoitin.",
fmpo:00275,,,,,,didgeridu,it,,,,,,,,,,,,,,,,,,,,,,,,,,,,
fmpo:00275,,,,,,didj,fi,,,,,,,,,,,,,,,,,,,,,,,,,,,,
fmpo:00275,,,,,,didjeridoo,fi,,,,,,,,,,,,,,,,,,,,,,,,,,,,
fmpo:00275,,,,,,didjeridu,fi,,,,,,,,,,,,,,,,,,,,,,,,,,,,
fmpo:00275,,,,,,dijjariduu,fi,,,,,,,,,,,,,,,,,,,,,,,,,,,,
fmpo:00276,http://urn.fi/urn:nbn:fi:au:seko:00276,,dilrubā,dilrupa,dilrupa,,,,,"http://www.yso.fi/onto/yso/p235078,http://www.yso.fi/onto/yso/p105965",Pohjois-Intia|Pakistan,,fmpo:00446,jousisoitin,,,http://www.wikidata.org/entity/Q5277044,,,,,,skos:exactMatch,http://id.loc.gov/authorities/performanceMediums/mp2013015211,,,,,,,,,TARKISTA,Pohjoisintialainen ja pakistanilainen otenauhoilla varustettu jousisoitin.,
fmpo:00276,,,,,,dilruba,fi,,,,,,,,,,,,,,,,,,,,,,,,,,,,
fmpo:00276,,,,,,dilrupa,fi,,,,,,,,,,,,,,,,,,,,,,,,,,,,
fmpo:00277,http://urn.fi/urn:nbn:fi:au:seko:00277,,diple (säkkipilli),diple,diple,,,,,"http://www.yso.fi/onto/yso/p107990,http://www.yso.fi/onto/yso/p107595,http://www.yso.fi/onto/yso/p107592",Bosnia|Kroatia|Serbia,,fmpo:01024,säkkipilli,,,http://www.wikidata.org/entity/Q1124382,,,,,,skos:closeMatch,http://id.loc.gov/authorities/performanceMediums/mp2013015039,,,,,,,,,TARKISTA,"Bosnialainen, kroatialainen ja serbialainen säkkipilli, jossa ei ole bordunapilliä.",
fmpo:00277,,,,,,mih,it,,,,,,,,,,,,,,,,,,,,,,,,,,,,
fmpo:00278,http://urn.fi/urn:nbn:fi:au:seko:00278,,diskanttigamba,dessus de viole,dessus de viole,,,,,,,,fmpo:01185,viola da gamba,,,http://www.wikidata.org/entity/Q52690623,,,,,,,,,,,,,,,,TARKISTA,Diskanttiäänialainen viola da gamba.,
fmpo:00279,http://urn.fi/urn:nbn:fi:au:seko:00279,,divan saz,divan saz,divan,,,,,http://www.yso.fi/onto/yso/p105573,Turkki,,fmpo:00905,saz,,,http://www.wikidata.org/entity/Q5769609,,,,,,,,,,,,,,,,TARKISTA,"Turkkilainen pitkäkaulainen luuttusoitin, saz-soitinperheen toiseksi suurin soitin.",
fmpo:00279,,,,,,divan sazı,fi,,,,,,,,,,,,,,,,,,,,,,,,,,,,
fmpo:00280,http://urn.fi/urn:nbn:fi:au:seko:00280,,division viol,division viol,division viol,,,,,http://www.yso.fi/onto/yso/p107128,Englanti,,fmpo:01185,viola da gamba,,,http://www.wikidata.org/entity/Q5284584,,,,,,,,,,,,,,,,TARKISTA,"Englantilainen bassogamba, jota käytettiin ainakin 1600-luvulla.",
fmpo:00281,http://urn.fi/urn:nbn:fi:au:seko:00281,,djembe,djembe,djembe,,,,,http://www.yso.fi/onto/yso/p118210,Länsi-Afrikka,,fmpo:00864,rumpu,,,http://www.wikidata.org/entity/Q537750,,,,,,skos:exactMatch,http://id.loc.gov/authorities/performanceMediums/mp2013015212,,,,,,,,,TARKISTA,Länsiafrikkalainen rumpu.,
fmpo:00281,,,,,,jembe,fi,,,,,,,,,,,,,,,,,,,,,,,,,,,,
fmpo:00281,,,,,,jenbe,fi,,,,,,,,,,,,,,,,,,,,,,,,,,,,
fmpo:00281,,,,,,tjembe,fi,,,,,,,,,,,,,,,,,,,,,,,,,,,,
fmpo:00282,http://urn.fi/urn:nbn:fi:au:seko:00282,,resonaattorikitara,resonatorgitarr,resonator guitar,,,,,http://www.yso.fi/onto/yso/p105078,Yhdysvallat,,fmpo:00504,kitara,,,http://www.wikidata.org/entity/Q1056351,"Changed FI preflabel to ""resonaattorikitara"". |Dobro is only one model of this.",,,,,skos:exactMatch,http://id.loc.gov/authorities/performanceMediums/mp2013015601,,,,,,,,,TARKISTA,"Havaijinkitaratyylin seurauksena Yhdysvalloissa kehitetty resonaattorikitara, jota on valmistettu sekä puisena että metallisena. Katso myös havaijinkitara, steel-kitara sekä pedal steel -kitara, jotka ovat kaikki dobron sukulaissoittimia.",
fmpo:00282,,,,,,dobro,fi,,,,,,,,,,,,,,,,,,,,,,,,,,,,
fmpo:00282,,,,,,national steel,en,,,,,,,,,,,,,,,,,,,,,,,,,,,,
fmpo:00282,,,,,,peltikitara,fi,,,,,,,,,,,,,,,,,,,,,,,,,,,,
fmpo:00282,,,,,,resophonic guitar,en,,,,,,,,,,,,,,,,,,,,,,,,,,,,
fmpo:00283,http://urn.fi/urn:nbn:fi:au:seko:00283,,dohōl,dohol,dohol,,,,,http://www.yso.fi/onto/yso/p105280,Iran,,fmpo:00864,rumpu,,,http://www.wikidata.org/entity/Q5288572,,,,,,,,,,,,,,,,TARKISTA,Iranilainen kaksikalvoinen rumpu.,
fmpo:00283,,,,,,dohol,fi,,,,,,,,,,,,,,,,,,,,,,,,,,,,
fmpo:00284,http://urn.fi/urn:nbn:fi:au:seko:00284,TRUE,doira,doira,doira,,,,,"http://www.yso.fi/onto/yso/p107650,http://www.yso.fi/onto/yso/p105280",Keski-Aasia|Iran,,fmpo:01050,tamburiini,https://github.com/NatLibFi/SEKO/issues/39,,http://www.wikidata.org/entity/Q3038392,,,,,,,,,seko:00259,,,,,,,KESKEN,Keskiaasialainen tamburiini.,
fmpo:00285,http://urn.fi/urn:nbn:fi:au:seko:00285,,dolceola,dolceola,dolceola,,,,,"http://www.yso.fi/onto/yso/p105087,http://www.yso.fi/onto/yso/p105078",Saksa|Yhdysvallat,,"fmpo:00543, fmpo:00952",kosketinsoitin|sointusitra,,,http://www.wikidata.org/entity/Q5288901,,,,,,skos:exactMatch,http://id.loc.gov/authorities/performanceMediums/mp2013015838,,,,,,,,,TARKISTA,"Koskettimistolla ja varustettu sointusitra. 1900-luvulla alkupuolella soittimesta valmisttiin Saksassa ja Yhdysvalloissa useita muunnoksia, joista on käytetty lukuisia kauppanimekkeitä.",
fmpo:00285,,,,,,dulceola,fi,,,,,,,,,,,,,,,,,,,,,,,,,,,,
fmpo:00285,,,,,,marxofoni,fi,,,,,,,,,,,,,,,,,,,,,,,,,,,,
fmpo:00285,,,,,,marxophone,en,,,,,,,,,,,,,,,,,,,,,,,,,,,,
fmpo:00285,,,,,,piano-harp,en,,,,,,,,,,,,,,,,,,,,,,,,,,,,
fmpo:00285,,,,,,Pianophon,de,,,,,,,,,,,,,,,,,,,,,,,,,,,,
fmpo:00286,http://urn.fi/urn:nbn:fi:au:seko:00286,,doli,doli,doli,,,,,http://www.yso.fi/onto/yso/p106264,Georgia,,fmpo:00864,rumpu,,,http://www.wikidata.org/entity/Q1235547,,,,,,,,,,,,,,,,TARKISTA,Georgialainen kaksikalvoinen rumpu.,
fmpo:00287,http://urn.fi/urn:nbn:fi:au:seko:00287,,dombra,dombra,dombra,,,,,http://www.yso.fi/onto/yso/p107650,"Kazakstan,Keski-Aasia",,fmpo:00709,näppäilysoitin,,,http://www.wikidata.org/entity/Q1236973,"2026-08-04 Added skos:related seko:00307""@en, ""2026-08-04  dömbra.  is not simply the Kazakh instrument.  Instead, the GMO article apparently covers three related regional traditions: Kazakh fretted dombra; Uzbek unfretted lute (called dumbrak); another closely related regional variation. So Grove treats dömbra as a cover term for a family of related Central Asian lutes rather than as the name of a single organological type. (AI-generated note)""@en",,,,,skos:closeMatch,http://id.loc.gov/authorities/performanceMediums/mp2013015214,,,seko:00307,,,,,2026-08-04,KESKEN,Keski-Aasiassa käytettävä pitkäkaulainen otenauhallinen luuttusoitin.,
fmpo:00287,,,,,,dombira,en,,,,,,,,,,,,,,,,,,,,,,,,,,,,
fmpo:00287,,,,,,dombyra,kz,,,,,,,,,,,,,,,,,,,,,,,,,,,,
fmpo:00287,,,,,,dumbyra,kz,,,,,,,,,,,,,,,,,,,,,,,,,,,,
fmpo:00287,,,,,,dömbra (dombra),en,,,,,,,,,,,,,,,,,,,,,,,,,,,,
fmpo:00287,,,,,,,,dombra (dombra),en,,,,,,,,,,,,,,,,,,,,,,,,,,
fmpo:00288,http://urn.fi/urn:nbn:fi:au:seko:00288,,domra,domra,domra,,,,,http://www.yso.fi/onto/yso/p94479,Venäjä,,fmpo:00709,näppäilysoitin,,,http://www.wikidata.org/entity/Q941492,,,,,,skos:exactMatch,http://id.loc.gov/authorities/performanceMediums/mp2013015215,,,,,,,,,TARKISTA,"Venäläinen kolme- tai nelikielinen luuttusoitin, jossa on puolipallon muotoinen kaikukoppa.",
fmpo:00289,http://urn.fi/urn:nbn:fi:au:seko:00289,TRUE,dotār,dotār,dotār,,,,,http://www.yso.fi/onto/yso/p105280,Iran,,fmpo:00709,näppäilysoitin,,,http://www.wikidata.org/entity/Q1143814,MERGE to dutar seko:00310,,,,,skos:closeMatch,http://id.loc.gov/authorities/performanceMediums/mp2013015233,,seko:00310,,,,Merged with dutar.,,2026-06-24,TARKISTA,Iranilainen pitkäkaulainen luuttusoitin.,
fmpo:00289,,,,,,dotar,fi,,,,,,,,,,,,,,,,,,,,,,,,,,,,
fmpo:00289,,,,,,dutār,en,,,,,,,,,,,,,,,,,,,,,,,,,,,,
fmpo:00290,http://urn.fi/urn:nbn:fi:au:seko:00290,,dotārā,dotārā,dotārā,,,,,"http://www.yso.fi/onto/yso/p105027,http://www.yso.fi/onto/yso/p105275",Intia|Bangladesh,,fmpo:00709,näppäilysoitin,,,http://www.wikidata.org/entity/Q611259,,,,,,skos:closeMatch,http://id.loc.gov/authorities/performanceMediums/mp2013015233,,,,,,,,,TARKISTA,Intiassa ja Bangladeshissa käytettävä pitkäkaulainen luuttusoitin.,
fmpo:00290,,,,,,dotara,fi,,,,,,,,,,,,,,,,,,,,,,,,,,,,
fmpo:00291,http://urn.fi/urn:nbn:fi:au:seko:00291,TRUE,dousinguni,dousinguni,dousinguni,,,,,"http://www.yso.fi/onto/yso/p105092,http://www.yso.fi/onto/yso/p106268",Namibia|Botswana,,fmpo:00500,kielisoitin,https://github.com/NatLibFi/SEKO/issues/11,,MISSING,"RERERENCES? Tommi Viitamies / https://wiki.helsinki.fi/pages/viewpage.action?pageId=154145306 | found on one record, but not San music - https://jazztimes.com/archives/jack-dejohnette-and-foday-musa-suso-music-from-the-hearts-of-the-masters/ |Not mentioned in ""Musical Instrumentation among the San (Bushmen) of the Central Kalahari"", G. T. Nurse African Music, Vol. 5, No. 2 (1972), pp. 23-27 (5 pages) https://www.jstor.org/stable/30249703",,,,,,,,seko:x480,,,,"""Deprecated due to cataloging error. The term 'dousinguni' is a spurious compound conflating the West African donso ngoni (harp) and the Southern African dungo (lamellophone).""@en",,2026-06-23,KESKEN,Sanit-kansan (bushmanit) kielisoitin.,
fmpo:00292,http://urn.fi/urn:nbn:fi:au:seko:00292,TRUE,dranka,dranka,dranka,,,,,http://www.yso.fi/onto/yso/p106673,Bulgaria,,fmpo:00709,näppäilysoitin,https://github.com/NatLibFi/SEKO/issues/40,,MISSING,MERGE to tambura seko:00170,,,,,skos:broadMatch,http://id.loc.gov/authorities/performanceMediums/mp2013015563,http://krassijeliazkov.com/en/bulgarian-tamboura/history-of-instrument/,seko:00170,,,,duplicate recored deprecated. labels added to seko:00170,,2026-06-24,substituted,Bulgarialainen pitkäkaulainen luuttusoitin.,
fmpo:00293,http://urn.fi/urn:nbn:fi:au:seko:00293,,drîmbā,drîmbā,drîmbā,,,,,"http://www.yso.fi/onto/yso/p105030,http://www.yso.fi/onto/yso/p107667,http://www.yso.fi/onto/yso/p107664",Romania|Moldova|Ukraina,,fmpo:00685,munniharppu,https://github.com/NatLibFi/SEKO/issues/41,,MISSING,"MERGE?  ""Jew's harpsama"" same as ""munniharppu""?",,,http://www.mimo-db.eu/InstrumentsKeywords/4746,,skos:broadMatch,http://id.loc.gov/authorities/performanceMediums/mp2013015360,,,,,,,,,KESKEN,"Romanialainen, moldovalainen ja ukrainalainen  munniharppu.",
fmpo:00293,,,,,,drâmbă,ro,,,,,,,,,,,,,,,,,,,,,,,,,,,,
fmpo:00293,,,,,,drimba,fi,,,,,,,,,,,,,,,,,,,,,,,,,,,,
fmpo:00294,http://urn.fi/urn:nbn:fi:au:seko:00294,,dubā,duba,duba,,,,,http://www.yso.fi/onto/yso/p105030,Romania,,fmpo:00864,rumpu,https://github.com/NatLibFi/SEKO/issues/42,,http://www.wikidata.org/entity/Q110456921,MERGE? same as daul?,,,,,,,https://doi.org/10.1093/gmo/9781561592630.article.L2285629,,,,,,,,KESKEN,Romanialainen kaksikalvoinen rumpu.,
fmpo:00294,,,,,,dobă,en,,,,,,,,,,,,,,,,,,,,,,,,,,,,
fmpo:00294,,,,,,duba,fi,,,,,,,,,,,,,,,,,,,,,,,,,,,,
fmpo:00294,,,,,,tobă,en,,,,,,,,,,,,,,,,,,,,,,,,,,,,
fmpo:00295,http://urn.fi/urn:nbn:fi:au:seko:00295,,dūda,dūda,dudy,,,,,http://www.yso.fi/onto/yso/p94259,Latvia,,"fmpo:00446, fmpo:00943",jousisoitin|sitra,,,http://www.wikidata.org/entity/Q85758103,,,,,,,,https://en.wikipedia.org/wiki/D%C5%Abdas,,,,,,,,TARKISTA,"Ukrainassa, Valko-Venäjällä ja Unkarissa käytettävä säkkipilli.",
fmpo:00295,,,,,,duda (jousisoitin),fi,,,,,,,,,,,,,,,,,,,,,,,,,,,,
fmpo:00296,http://urn.fi/urn:nbn:fi:au:seko:00296,,dūdas,dūdas,dūdas,,,,,"http://www.yso.fi/onto/yso/p107664,http://www.yso.fi/onto/yso/p122768,http://www.yso.fi/onto/yso/p105029",Ukraina|Valko-Venäjä|Unkari,,fmpo:01024,säkkipilli,https://github.com/NatLibFi/SEKO/issues/78,,http://www.wikidata.org/entity/Q5321271,,,,,,skos:closeMatch,http://id.loc.gov/authorities/performanceMediums/mp2013015226,http://www.wikidata.org/entity/Q5311633,,,,,,,,TARKISTA,"Latvialainen, jousella soitettava pöytäsitra.",
fmpo:00296,,,,,,dudas,fi,,,,,,,,,,,,,,,,,,,,,,,,,,,,
fmpo:00297,http://urn.fi/urn:nbn:fi:au:seko:00297,,dudka,dudka,dudka,,,,,"http://www.yso.fi/onto/yso/p122768,http://www.yso.fi/onto/yso/p508567,http://www.yso.fi/onto/yso/p107664",Valko-Venäjä|Länsi-Venäjä|Ukraina,,fmpo:01134,tulppakanavahuilu,,,http://www.wikidata.org/entity/Q9212830,,,,,,skos:closeMatch,http://id.loc.gov/authorities/performanceMediums/mp2013015691,,,,,,,,,TARKISTA,"Valko-Venäjällä, Venäjällä ja Ukrainassa käytettävä tulppakanavahuilu, jonka lähisukulainen on duduk.",
fmpo:00297,,,,,,pïzhatka,und,,,,,,,,,,,,,,,,,,,,,,,,,,,,
fmpo:00297,,,,,,sopel' (dudka),fi,,,,,,,,,,,,,,,,,,,,,,,,,,,,
fmpo:00297,,,,,,,,pizhatka,,,,,,,,,,,,,,,,,,,,,,,,,,,
fmpo:00298,http://urn.fi/urn:nbn:fi:au:seko:00298,,duduk (tulppakanavahuilu),duduk,duduk,,,,,"http://www.yso.fi/onto/yso/p106673,http://www.yso.fi/onto/yso/p107592,http://www.yso.fi/onto/yso/p105573",Bulgaria|Serbia|Turkki,,fmpo:01134,tulppakanavahuilu,https://github.com/NatLibFi/SEKO/issues/43,,http://www.wikidata.org/entity/Q178374,"MERGE? same as ""kaval""",,,,,skos:closeMatch,http://id.loc.gov/authorities/performanceMediums/mp2013015691,,,,,,,,,KESKEN,"Bulgarian, Jugoslavian ja Turkin alueilla käytettävä tulppakanavahuilu, jonka lähisukulainen on dudka.",
fmpo:00298,,,,,,Balkan duduk,en,,,,,,,,,,,,,,,,,,,,,,,,,,,,
fmpo:00298,,,,,,doudouk,en,,,,,,,,,,,,,,,,,,,,,,,,,,,,
fmpo:00299,http://urn.fi/urn:nbn:fi:au:seko:00299,,duduki,duduk,duduk,,,,,"http://www.yso.fi/onto/yso/p107662,http://www.yso.fi/onto/yso/p106264",Armenia|Georgia,,fmpo:00715,oboesoitin,https://github.com/NatLibFi/SEKO/issues/113,,http://www.wikidata.org/entity/Q737917,"chek duduk vs. duduki, Georgia vs. Armenia",,,,,skos:exactMatch,http://id.loc.gov/authorities/performanceMediums/mp2013015225,,,,,,issue created,,2026-07-03,KESKEN,Armenialainen ja georgialainen oboetyyppinen puhallinsoitin.,
fmpo:00299,,,,,,duduk (double reed instrument),en,,,,,,,,,,,,,,,,,,,,,,,,,,,,
fmpo:00299,,,,,,duduk (oboesoitin),fi,,,,,,,,,,,,,,,,,,,,,,,,,,,,
fmpo:00299,,,,,,duduki,en,,,,,,,,,,,,,,,,,,,,,,,,,,,,
fmpo:00300,http://urn.fi/urn:nbn:fi:au:seko:00300,,duff,daf,daff,,,,,"http://www.yso.fi/onto/yso/p105025,http://www.yso.fi/onto/yso/p107650,http://www.yso.fi/onto/yso/p105620,http://www.yso.fi/onto/yso/p105335,http://www.yso.fi/onto/yso/p105336,http://www.yso.fi/onto/yso/p105005",Lähi-Itä|Keski-Aasia|Etelä-Eurooppa|Pohjois-Afrikka|Etelä-Aasia|Latinalainen Amerikka,,fmpo:00484,kehärumpu,,,http://www.wikidata.org/entity/Q11084057,,,,,,skos:closeMatch,http://id.loc.gov/authorities/performanceMediums/mp2013015197,,,,,,,,,TARKISTA,"Yksikalvoinen tamburiini, joka on käytössä Lähi-idässä, Keski-Aasiassa, Etelä-Euroopassa ja osittain myös Afrikassa, Etelä-Aasiassa ja Latinalaisessa Amerikassa.",
fmpo:00300,,,,,,daf,en,,,,,,,,,,,,,,,,,,,,,,,,,,,,
fmpo:00300,,,,,,defi,en,,,,,,,,,,,,,,,,,,,,,,,,,,,,
fmpo:00300,,,,,,def,en,,,,,,,,,,,,,,,,,,,,,,,,,,,,
fmpo:00300,,,,,,deff,en,,,,,,,,,,,,,,,,,,,,,,,,,,,,
fmpo:00301,http://urn.fi/urn:nbn:fi:au:seko:00301,,duggī,duggī,duggī,,,,,http://www.yso.fi/onto/yso/p105336,Etelä-Aasia,,fmpo:00864,rumpu,,,http://www.wikidata.org/entity/Q5312527,,,,,,,,,,,,,,,,TARKISTA,Eteläisen Aasian maissa käytettävä pienikokoinen rumpu.,
fmpo:00301,,,,,,duggi,fi,,,,,,,,,,,,,,,,,,,,,,,,,,,,
fmpo:00302,http://urn.fi/urn:nbn:fi:au:seko:00302,,dukrā,dukrā,dukrā,,,,,http://www.yso.fi/onto/yso/p146153,Kashmir,,fmpo:00864,rumpu,,,http://www.wikidata.org/entity/Q3033828,,,,,,,,https://doi.org/10.1093/gmo/9781561592630.article.L2290863,,,,,,,,TARKISTA,"Kashmirin alueella käytetyt kaksoisrummut, tablan sukulaissoitin.",
fmpo:00302,,,,,,dukra,fi,,,,,,,,,,,,,,,,,,,,,,,,,,,,
fmpo:00303,http://urn.fi/urn:nbn:fi:au:seko:00303,,dulcimer,hackbräde,hammer dulcimer,,,,,,,,"fmpo:00627, fmpo:00943",lyömäsoitin|sitra,,http://www.yso.fi/onto/yso/p29807,http://www.wikidata.org/entity/Q1588017,,,,,,skos:closeMatch,http://id.loc.gov/authorities/performanceMediums/mp2013015228,,,,Zither sounded by striking rather than plucking|Vasaroilla soitettava laatikkositra.,,,,2026-06-26,valid,Vasaroilla soitettavq laatikkositra.,https://finto.fi/ic/fi/page/48C7325
fmpo:00303,,,,,,Hackbrett,de,,,,,,,,,,,,,,,,,,,,,,,,,,,,
fmpo:00303,,,,,,pantaleon,fr,,,,,,,,,,,,,,,,,,,,,,,,,,,,
fmpo:00303,,,,,,psaltérion,fr,,,,,,,,,,,,,,,,,,,,,,,,,,,,
fmpo:00303,,,,,,salterio (dulcimer),es,,,,,,,,,,,,,,,,,,,,,,,,,,,,
fmpo:00303,,,,,,tímpano,es,,,,,,,,,,,,,,,,,,,,,,,,,,,,
fmpo:00303,,,,,,tsambál,ro,,,,,,,,,,,,,,,,,,,,,,,,,,,,
fmpo:00303,,,,,,tsimbály,ro,,,,,,,,,,,,,,,,,,,,,,,,,,,,
fmpo:00303,,,,,,tsymbaly,uk,,,,,,,,,,,,,,,,,,,,,,,,,,,,
fmpo:00303,,,,,,tympanon,fr,,,,,,,,,,,,,,,,,,,,,,,,,,,,
fmpo:00303,,,,,,dulcimero,it,,,,,,,,,,,,,,,,,,,,,,,,,,,,
fmpo:00303,,,,,,vasaradulcimer,fi,,,,,,,,,,,,,,,,,,,,,,,,,,,,
fmpo:00303,,,,,,,,Hackbrade,de,,,,,,,,,,,,,,,,,,,,,,,,,,
fmpo:00303,,,,,,,,psalterion,fr,,,,,,,,,,,,,,,,,,,,,,,,,,
fmpo:00303,,,,,,,,timpano,es,,,,,,,,,,,,,,,,,,,,,,,,,,
fmpo:00303,,,,,,,,tsambal,ro,,,,,,,,,,,,,,,,,,,,,,,,,,
fmpo:00303,,,,,,,,tsimbaly,ro,,,,,,,,,,,,,,,,,,,,,,,,,,
fmpo:00304,http://urn.fi/urn:nbn:fi:au:seko:00304,,dulcitone,dulciton,dulcitone,,,,,,,,"fmpo:00627, fmpo:00543",lyömäsoitin|kosketinsoitin,,,http://www.wikidata.org/entity/Q1264755,,,,,,skos:exactMatch,http://id.loc.gov/authorities/performanceMediums/mp2013015230,,,,,,,,,TARKISTA,"Thomas Machellin 1800-luvun lopulla rakentama kosketinsoitin, jossa vasarat lyövät eri viritystasoisia äänirautoja.",
fmpo:00304,,,,,,tuning fork piano,en,,,,,,,,,,,,,,,,,,,,,,,,,,,,
fmpo:00305,http://urn.fi/urn:nbn:fi:au:seko:00305,,dulzaina,dulciana,dulzaina,,,,,"http://www.yso.fi/onto/yso/p105209,http://www.yso.fi/onto/yso/p138291",Espanja|Baskimaa,,fmpo:00715,oboesoitin,,,http://www.wikidata.org/entity/Q1264870,,,,,,skos:exactMatch,http://id.loc.gov/authorities/performanceMediums/mp2013015231,https://fi.glosbe.com/en/fi/dulzaina,,,,,,,,TARKISTA,Espanjassa ja Baskimaalla käytettävä oboetyyppinen puhallinsoitin.,
fmpo:00305,,,,,,dulciana,en,,,,,,,,,,,,,,,,,,,,,,,,,,,,
fmpo:00306,http://urn.fi/urn:nbn:fi:au:seko:00306,,dulzian,dulcian,dulcian,,,,,,,,fmpo:00715,oboesoitin,,,http://www.wikidata.org/entity/Q911038,,,,http://www.mimo-db.eu/InstrumentsKeywords/3806,,skos:exactMatch,http://id.loc.gov/authorities/performanceMediums/mp2013015227,,,,,,,,,TARKISTA,"Fagottia historiallisesti edeltänyt kaksoislehdykkäsoitin, jota käytettiin 1600-luvulta lähtien.",
fmpo:00306,,,,,,curtal,,,,,,,,,,,,,,,,,,,,,,,,,,,,,
fmpo:00306,,,,,,dolcian,,,,,,,,,,,,,,,,,,,,,,,,,,,,,
fmpo:00306,,,,,,dolcino,,,,,,,,,,,,,,,,,,,,,,,,,,,,,
fmpo:00306,,,,,,dolzoni,,,,,,,,,,,,,,,,,,,,,,,,,,,,,
fmpo:00306,,,,,,kuorofagotti,fi,,,,,,,,,,,,,,,,,,,,,,,,,,,,
fmpo:00307,http://urn.fi/urn:nbn:fi:au:seko:00307,,dambura,dambura,dambura,,,,,"http://www.yso.fi/onto/yso/p106202,http://www.yso.fi/onto/yso/p107668,http://www.yso.fi/onto/yso/p106260,http://www.yso.fi/onto/yso/p107665",Afganistan|Tadžikistan|Uzbekistan|Kazakstan,,fmpo:00709,näppäilysoitin,https://github.com/NatLibFi/SEKO/issues/44,,http://www.wikidata.org/entity/Q140866425,"""2026-08-04 created corresponding wikidata item""@en",,,,,skos:relatedMatch,http://id.loc.gov/authorities/performanceMediums/mp2013015214,,,seko:00287,"""Afganistanilainen, tadzikistanilainen ja uzbekistanilainen kaksikielinen otenauhaton luuttusoitin.""@en",,"""Afganistanilainen, tadzikistanilainen ja uzbekistanilainen kaksikielinen otenauhaton luuttusoitin.""@fi, ""Afghanskt, tadzjikiskt och uzbekiskt tvåsträngat bandlöst lutinstrument.""@sv, ""Afghan, Tajik and Uzbek two-stringed fretless lute instrument.""@en",,2026-08-04,KESKEN,"Afganistanilainen, tadzikistanilainen ja uzbekistanilainen kaksikielinen otenauhaton luuttusoitin.",
fmpo:00307,,,,,,dumbrak,en,,,,,,,,,,,,,,,,,,,,,,,,,,,,
fmpo:00307,,,,,,dombura,en,,,,,,,,,,,,,,,,,,,,,,,,,,,,
fmpo:00307,,,,,,,,dömbra (dumbrak),fi,,,,,,,,,,,,,,,,,,,,,,,,,,
fmpo:00307,,,,,,,,dombra (dumbrak),en,,,,,,,,,,,,,,,,,,,,,,,,,,
fmpo:00308,http://urn.fi/urn:nbn:fi:au:seko:00308,,dundun,dundun,dundun,,,,,http://www.yso.fi/onto/yso/p118210,Länsi-Afrikka,,fmpo:00864,rumpu,,,http://www.wikidata.org/entity/Q3511343,,,,,,,,,,,,,,,,TARKISTA,Länsiafrikkalainen kaksikalvoinen rumpu.,
fmpo:00308,,,,,,doun-doun,sv,,,,,,,,,,,,,,,,,,,,,,,,,,,,
fmpo:00308,,,,,,dundumba,,,,,,,,,,,,,,,,,,,,,,,,,,,,,
fmpo:00309,http://urn.fi/urn:nbn:fi:au:seko:00309,,dung-chen,dungchen,dungchen,,,,,http://www.yso.fi/onto/yso/p106176,Tiibet,,fmpo:01118,trumpettisoitin,,,http://www.wikidata.org/entity/Q1265690,,,,http://www.mimo-db.eu/InstrumentsKeywords/4393,,,,,,,,,,,,TARKISTA,Tiibetin buddhalaisissa rituaaleissa käytettävä pitkä metallinen trumpettisoitin.,
fmpo:00310,http://urn.fi/urn:nbn:fi:au:seko:00310,,dutār,dutâr,dutâr,,,,,"http://www.yso.fi/onto/yso/p105280,http://www.yso.fi/onto/yso/p107650",Iran|Keski-Aasia,,fmpo:00709,näppäilysoitin,https://github.com/NatLibFi/SEKO/issues/45,,http://www.wikidata.org/entity/Q1143814,Includes dotar seko:00289,,,http://www.mimo-db.eu/InstrumentsKeywords/3358,,skos:exactMatch,http://id.loc.gov/authorities/performanceMediums/mp2013015233,,,,Lähi-idässä ja Keski-Aasiassa käytettävä pitkäkaulainen luuttusoitin.,,,,,KESKEN,Lähi-idässä ja Keski-Aasiassa käytettävä pitkäkaulainen luuttusoitin.,
fmpo:00310,,,,,,dotar,en,,,,,,,,,,,,,,,,,,,,,,,,,,,,
fmpo:00310,,,,,,dutar,fi,,,,,,,,,,,,,,,,,,,,,,,,,,,,
fmpo:00311,http://urn.fi/urn:nbn:fi:au:seko:00311,,dvojanka,dvojanka,dvoyanka,,,,,http://www.yso.fi/onto/yso/p106673,Bulgaria,,fmpo:01134,tulppakanavahuilu,,,http://www.wikidata.org/entity/Q5317831,,,,,,,,,,,,,,,,TARKISTA,Bulgarialainen kaksoistulppakanavahuilu.,
fmpo:00312,http://urn.fi/urn:nbn:fi:au:seko:00312,,dvojnice,dvojnice,dvojnice,,,,,http://www.yso.fi/onto/yso/p105202,Jugoslavia,,fmpo:01134,tulppakanavahuilu,,,http://www.wikidata.org/entity/Q95975568,,,,,,,,https://doi.org/10.1093/gmo/9781561592630.article.L2232409,,,,,,,,TARKISTA,Jugoslavian alueella käytettävä kaksoistulppakanavahuilu.,
fmpo:00312,,,,,,diple (tulppakanavahuilu),fi,,,,,,,,,,,,,,,,,,,,,,,,,,,,
fmpo:00313,http://urn.fi/urn:nbn:fi:au:seko:00313,,düdük,duduk,duduk,,,,,"http://www.yso.fi/onto/yso/p105573,http://www.yso.fi/onto/yso/p107662,http://www.yso.fi/onto/yso/p106264",Turkki|Armenia|Georgia,,fmpo:01134,tulppakanavahuilu,https://github.com/NatLibFi/SEKO/issues/49,,http://www.wikidata.org/entity/Q737917,"See also ""duduki"" / ""salmauri"" from Georgia",,,,,skos:exactMatch,http://id.loc.gov/authorities/performanceMediums/mp2013015225,,,,,,,,,KESKEN,Turkkilainen tulppakanavahuilu.,
fmpo:00313,,,,,,doudouk,fi,,,,,,,,,,,,,,,,,,,,,,,,,,,,
fmpo:00313,,,,,,duduk,fi,,,,,,,,,,,,,,,,,,,,,,,,,,,,
fmpo:00313,,,,,,duduki,en,,,,,,,,,,,,,,,,,,,,,,,,,,,,
fmpo:00314,http://urn.fi/urn:nbn:fi:au:seko:00314,,dzindzinis,dzindzinis,dzindzinis,,,,,http://www.yso.fi/onto/yso/p94268,Liettua,,fmpo:00446,jousisoitin,,,http://www.wikidata.org/entity/Q116047342,,,,,,,,,,,,,,,,TARKISTA,Liettualainen yksikielinen jousisoitin.,
fmpo:00314,,,,,,džindžinis,li,,,,,,,,,,,,,,,,,,,,,,,,,,,,
fmpo:00315,http://urn.fi/urn:nbn:fi:au:seko:00315,TRUE,džingas,džingas,džingas,,,,,http://www.yso.fi/onto/yso/p94259,Latvia,,fmpo:00500,kielisoitin,https://github.com/NatLibFi/SEKO/issues/46,,MISSING,MERGE with seko:00372,,,,,,,,seko:00372,,,,,,,KESKEN,Latvialainen monokordi.,
fmpo:00316,http://urn.fi/urn:nbn:fi:au:seko:00316,,dzoma,dzoma,daukashe,,,,,"http://www.yso.fi/onto/yso/p105092,http://www.yso.fi/onto/yso/p106268",Namibia|Botswana,,fmpo:00709,näppäilysoitin,,,http://www.wikidata.org/entity/Q116047654,,,,,,,,https://www.jstor.org/stable/pdf/40979439.pdf,,,,,,,,TARKISTA,"Sanit-kansan (bushmanit) näppäilysoitin, jossa on neljästä seitsemään kieltä.",
fmpo:00316,,,,,,≠ gou kha:s,,,,,,,,,,,,,,,,,,,,,,,,,,,,,
fmpo:00316,,,,,,daukashe,,,,,,,,,,,,,,,,,,,,,,,,,,,,,
fmpo:00316,,,,,,lohi,,,,,,,,,,,,,,,,,,,,,,,,,,,,,
fmpo:00316,,,,,,,,[?]gou kha:s,,,,,,,,,,,,,,,,,,,,,,,,,,,
fmpo:00317,http://urn.fi/urn:nbn:fi:au:seko:00317,,echoflöte,echoflöte,echo flute,,,,,,,,fmpo:00704,nokkahuilu,,,http://www.wikidata.org/entity/Q116047720,,,,,,skos:closeMatch,http://id.loc.gov/authorities/performanceMediums/mp2013015597,,,,,,,,,TARKISTA,"Nokkahuilupari, jossa on kaksi samanvireistä, mutta soinniltaan toisistaan huomattavasti poikkeavaa soitinta.",
fmpo:00317,,,,,,Echo Flöte,de,,,,,,,,,,,,,,,,,,,,,,,,,,,,
fmpo:00317,,,,,,fiauto d'echo,it,,,,,,,,,,,,,,,,,,,,,,,,,,,,
fmpo:00317,,,,,,flauti eco,it,,,,,,,,,,,,,,,,,,,,,,,,,,,,
fmpo:00318,http://urn.fi/urn:nbn:fi:au:seko:00318,,ektara,ektara,ektara,,,,,"http://www.yso.fi/onto/yso/p105027,http://www.yso.fi/onto/yso/p105275",Intia|Bangladesh,,fmpo:00708,näppäilyrumpu,,,http://www.wikidata.org/entity/Q1321111,,,,,,,,,,,,,,,,TARKISTA,"Intialainen ja bangladeshilainen yksikielinen näppäilysoitin, jonka kaikukoppana on yksikalvoinen kurpitsasta valmistettu rumpu ja jonka äänenkorkeutta säädellään puristelemalla kaulana toimivaa kahta bambukeppiä lähemmäs tai kauemmas toisistaan.",
fmpo:00318,,,,,,ek târ,en,,,,,,,,,,,,,,,,,,,,,,,,,,,,
fmpo:00318,,,,,,ek tara,sp,,,,,,,,,,,,,,,,,,,,,,,,,,,,
fmpo:00318,,,,,,ekanāda,en,,,,,,,,,,,,,,,,,,,,,,,,,,,,
fmpo:00318,,,,,,ektar,sp,,,,,,,,,,,,,,,,,,,,,,,,,,,,
fmpo:00318,,,,,,ektār,en,,,,,,,,,,,,,,,,,,,,,,,,,,,,
fmpo:00318,,,,,,ektārā,en,,,,,,,,,,,,,,,,,,,,,,,,,,,,
fmpo:00318,,,,,,gopi yantra,en,,,,,,,,,,,,,,,,,,,,,,,,,,,,
fmpo:00318,,,,,,gopī-yantra,en,,,,,,,,,,,,,,,,,,,,,,,,,,,,
fmpo:00318,,,,,,gopichant,en,,,,,,,,,,,,,,,,,,,,,,,,,,,,
fmpo:00318,,,,,,gopījantra,en,,,,,,,,,,,,,,,,,,,,,,,,,,,,
fmpo:00318,,,,,,gopiyantra,en,,,,,,,,,,,,,,,,,,,,,,,,,,,,
fmpo:00318,,,,,,iktar,en,,,,,,,,,,,,,,,,,,,,,,,,,,,,
fmpo:00318,,,,,,lao-tokari,en,,,,,,,,,,,,,,,,,,,,,,,,,,,,
fmpo:00318,,,,,,tumbi,en,,,,,,,,,,,,,,,,,,,,,,,,,,,,
fmpo:00318,,,,,,tun tuna,en,,,,,,,,,,,,,,,,,,,,,,,,,,,,
fmpo:00318,,,,,,tuntina,en,,,,,,,,,,,,,,,,,,,,,,,,,,,,
fmpo:00318,,,,,,yaktaro gopichand,en,,,,,,,,,,,,,,,,,,,,,,,,,,,,
fmpo:00318,,,,,,,,ek tar,sp,,,,,,,,,,,,,,,,,,,,,,,,,,
fmpo:00318,,,,,,,,ekanada,en,,,,,,,,,,,,,,,,,,,,,,,,,,
fmpo:00318,,,,,,,,gopi-yantra,en,,,,,,,,,,,,,,,,,,,,,,,,,,
fmpo:00318,,,,,,,,gopijantra,en,,,,,,,,,,,,,,,,,,,,,,,,,,
fmpo:00319,http://urn.fi/urn:nbn:fi:au:seko:00319,,ekwe,ekwe,ekwe,,,,,http://www.yso.fi/onto/yso/p104989,Nigeria,,fmpo:00837,rakorumpu,,,http://www.wikidata.org/entity/Q5350631,,,,,,skos:broadMatch,http://id.loc.gov/authorities/performanceMediums/mp2013015656,,,,,,,,,TARKISTA,Afrikkalainen (nigerialainen) rakorumpu.,
fmpo:00320,http://urn.fi/urn:nbn:fi:au:seko:00320,,tambura (sähkösoitin) ,electronic tanpura,electronic tanpura,,,,,http://www.yso.fi/onto/yso/p105027,Intia,,fmpo:01021,sähkösoitin,https://github.com/NatLibFi/SEKO/issues/47,,http://www.wikidata.org/entity/Q5358437,,,,,,,,http://dbpedia.org/resource/Electronic_tanpura|https://data.bnf.fr/en/ark:/12148/cb16933649whttps://data.bnf.fr/en/ark:/12148/cb16933649w,,,"""Bordunaäänen soittamisessa käytetyn tānpūrān korvaamiseksi kehitelty sähkösoitin.""@fi",,"Changed prefLabel. MERGE inclded  deprecated seko:00926 ""shruti petti""",,2026-06-26,valid,Bordunaäänen soittamisessa käytetyn tānpūrān korvaamiseksi kehitelty sähkösoitin.,
fmpo:00320,,,,,,electronic tanpura,fi,,,,,,,,,,,,,,,,,,,,,,,,,,,,
fmpo:00320,,,,,,sur peti (sähkösoitin) ,fi,,,,,,,,,,,,,,,,,,,,,,,,,,,,
fmpo:00320,,,,,,electronic shruti box,en,,,,,,,,,,,,,,,,,,,,,,,,,,,,
fmpo:00320,,,,,,electronic shruti box,en,,,,,,,,,,,,,,,,,,,,,,,,,,,,
fmpo:00320,,,,,,electronic tambura,en,,,,,,,,,,,,,,,,,,,,,,,,,,,,
fmpo:00320,,,,,,digital tampura,en,,,,,,,,,,,,,,,,,,,,,,,,,,,,
fmpo:00320,,,,,,tambūrā électronique,fr,,,,,,,,,,,,,,,,,,,,,,,,,,,,
fmpo:00320,,,,,,shruti petti,en,,,,,,,,,,,,,,,,,,,,,,,,,,,,
fmpo:00320,,,,,,sruti-box,en,,,,,,,,,,,,,,,,,,,,,,,,,,,,
fmpo:00320,,,,,,shruti box,en,,,,,,,,,,,,,,,,,,,,,,,,,,,,
fmpo:00321,http://urn.fi/urn:nbn:fi:au:seko:00321,,englanninkitara,engelsk gitarr,English guitar,,,,,http://www.yso.fi/onto/yso/p104990,Iso-Britannia,,fmpo:00940,sisteri,,,http://www.wikidata.org/entity/Q1812862,,,,http://www.mimo-db.eu/InstrumentsKeywords/3107,,skos:exactMatch,http://id.loc.gov/authorities/performanceMediums/mp2013015250,,,,,,,,,TARKISTA,Isossa-Britanniassa lähinnä vuosina 1750–1810 suosittu sisterin erikoismuoto.,
fmpo:00321,,,,,,englantilainen kitara,fi,,,,,,,,,,,,,,,,,,,,,,,,,,,,
fmpo:00322,http://urn.fi/urn:nbn:fi:au:seko:00322,,englannintorvi,engelskt horn,English horn,,,,,,,,fmpo:00712,oboe,,http://www.yso.fi/onto/yso/p18722,http://www.wikidata.org/entity/Q185041,,,,,,skos:exactMatch,http://id.loc.gov/authorities/performanceMediums/mp2013015251,,,,,,,,,TARKISTA,"Oboen tenoriääninen versio, jota kuitenkin pidetään itsenäisenä soittimena.",
fmpo:00322,,,,,,altto-oboe,fi,,,,,,,,,,,,,,,,,,,,,,,,,,,,
fmpo:00322,,,,,,cor anglais,fr,,,,,,,,,,,,,,,,,,,,,,,,,,,,
fmpo:00322,,,,,,corno inglese,it,,,,,,,,,,,,,,,,,,,,,,,,,,,,
fmpo:00322,,,,,,eng-h (englannintorvi),fi,,,,,,,,,,,,,,,,,,,,,,,,,,,,
fmpo:00322,,,,,,engelskt horn,sv,,,,,,,,,,,,,,,,,,,,,,,,,,,,
fmpo:00322,,,,,,inglese (englannintorvi),en,,,,,,,,,,,,,,,,,,,,,,,,,,,,
fmpo:00322,,,,,,tenorioboe (englannintorvi),fi,,,,,,,,,,,,,,,,,,,,,,,,,,,,
fmpo:00323,http://urn.fi/urn:nbn:fi:au:seko:00323,,epinette de Vosges,epinette des Vosges,epinette des Vosges,,,,,http://www.yso.fi/onto/yso/p104968,Ranska,,fmpo:00943,sitra,,,http://www.wikidata.org/entity/Q17074660,,,,,,skos:exactMatch,http://id.loc.gov/authorities/performanceMediums/mp2013015253,,,,,,,,,TARKISTA,"Ranskalainen sitra, jonka sukulaisia ovat mm.  langleik ja Appalachian dulcimer.",
fmpo:00323,,,,,,bûche,,,,,,,,,,,,,,,,,,,,,,,,,,,,,
fmpo:00323,,,,,,epinette des Vosges,fr,,,,,,,,,,,,,,,,,,,,,,,,,,,,
fmpo:00323,,,,,,,,buche,,,,,,,,,,,,,,,,,,,,,,,,,,,
fmpo:00324,http://urn.fi/urn:nbn:fi:au:seko:00324,,erhu,erhu,erhu,,,,,http://www.yso.fi/onto/yso/p104984,Kiina,,fmpo:00446,jousisoitin,,,http://www.wikidata.org/entity/Q726306,,,,,,skos:closeMatch,http://id.loc.gov/authorities/performanceMediums/mp2013015255,,,,,,,,,TARKISTA,Kiinalainen kaksikielinen jousisoitin.,
fmpo:00324,,,,,,er-hu,fi,,,,,,,,,,,,,,,,,,,,,,,,,,,,
fmpo:00324,,,,,,erh hu,fi,,,,,,,,,,,,,,,,,,,,,,,,,,,,
fmpo:00324,,,,,,erh-hu,fi,,,,,,,,,,,,,,,,,,,,,,,,,,,,
fmpo:00324,,,,,,hu,fi,,,,,,,,,,,,,,,,,,,,,,,,,,,,
fmpo:00324,,,,,,nanhu,fi,,,,,,,,,,,,,,,,,,,,,,,,,,,,
fmpo:00325,http://urn.fi/urn:nbn:fi:au:seko:00325,,erke,erke,erke,,,,,http://www.yso.fi/onto/yso/p105005,Latinalainen Amerikka,,fmpo:01118,trumpettisoitin,,,http://www.wikidata.org/entity/Q5389648,,,,,,skos:broadMatch,http://id.loc.gov/authorities/performanceMediums/mp2013015185,,,,,,,,,TARKISTA,Latinalaisen Amerikan intiaanimusiikissa käytettävä trumpettisoitin.,
fmpo:00325,,,,,,corneta,fi,,,,,,,,,,,,,,,,,,,,,,,,,,,,
fmpo:00325,,,,,,erque,fi,,,,,,,,,,,,,,,,,,,,,,,,,,,,
fmpo:00326,http://urn.fi/urn:nbn:fi:au:seko:00326,,esittäjäryhmä,ensemble,ensemble,,,,,,,,fmpo:01225,esittäjä,,,http://www.wikidata.org/entity/Q2088357,,,,,,skos:closeMatch,http://id.loc.gov/authorities/performanceMediums/mp2013015252,,,,,,,,,TARKISTA,,
fmpo:00326,,,,,,esiintyjäryhmä,fi,,,,,,,,,,,,,,,,,,,,,,,,,,,,
fmpo:00327,http://urn.fi/urn:nbn:fi:au:seko:00327,,esrāj,esraj,esraj,,,,,"http://www.yso.fi/onto/yso/p105027,http://www.yso.fi/onto/yso/p105275",Intia|Bangladesh,,fmpo:00446,jousisoitin,,,http://www.wikidata.org/entity/Q1818847,,,,,,skos:exactMatch,http://id.loc.gov/authorities/performanceMediums/mp2020015003,,,,,,,,,TARKISTA,Intiassa ja Bangladeshissa käytettävä pitkäkaulainen jousisoitin.,
fmpo:00327,,,,,,esraj,fi,,,,,,,,,,,,,,,,,,,,,,,,,,,,
fmpo:00327,,,,,,israj,fi,,,,,,,,,,,,,,,,,,,,,,,,,,,,
fmpo:00328,http://urn.fi/urn:nbn:fi:au:seko:00328,,eufonium,eufonium,euphonium,,,,,,,,fmpo:01171,vaskipuhallin,,,http://www.wikidata.org/entity/Q495529,,,,,,skos:exactMatch,http://id.loc.gov/authorities/performanceMediums/mp2013015256,,,,,,,,,TARKISTA,"Vaskipuhallinsoitin, äänialaltaan lähinnä tenorituuba.",
fmpo:00329,http://urn.fi/urn:nbn:fi:au:seko:00329,,EWI,EWI,electronic wind instrument,,,,,,,,"fmpo:00801, fmpo:01021",puhallinsoitin|sähkösoitin,,,http://www.wikidata.org/entity/Q680486,,,,,,skos:closeMatch,http://id.loc.gov/authorities/performanceMediums/mp2013015801,,,,,,,,,TARKISTA,Akai-yhtiön kehittämä sähköinen puhallinsoitin.,
fmpo:00330,http://urn.fi/urn:nbn:fi:au:seko:00330,,fagotti,fagott,bassoon,,,,,,,,fmpo:00715,oboesoitin,,http://www.yso.fi/onto/yso/p19551,http://www.wikidata.org/entity/Q159998,,,,,,skos:exactMatch,https://id.loc.gov/authorities/performanceMediums/mp2013015074,,,,,,,,,TARKISTA,Matalaääninen puupuhallin.,https://finto.fi/ic/fi/page/48C73512
fmpo:00330,,,,,,basson,fr,,,,,,,,,,,,,,,,,,,,,,,,,,,,
fmpo:00330,,,,,,bn (fagotti),fi,,,,,,,,,,,,,,,,,,,,,,,,,,,,
fmpo:00330,,,,,,bsn (fagotti),fi,,,,,,,,,,,,,,,,,,,,,,,,,,,,
fmpo:00330,,,,,,fag (fagotti),fi,,,,,,,,,,,,,,,,,,,,,,,,,,,,
fmpo:00330,,,,,,fg (fagotti),fi,,,,,,,,,,,,,,,,,,,,,,,,,,,,
fmpo:00330,,,,,,fagotto,it,,,,,,,,,,,,,,,,,,,,,,,,,,,,
fmpo:00330,,,,,,Fagott,de,,,,,,,,,,,,,,,,,,,,,,,,,,,,
fmpo:00331,http://urn.fi/urn:nbn:fi:au:seko:00331,,fifā,fifa,fifa,,,,,http://www.yso.fi/onto/yso/p105030,Romania,,fmpo:00418,huilusoitin,,,http://www.wikidata.org/entity/Q117069911,,,,,,,,,,,,,,,,TARKISTA,Romanialainen huilusoitin.,
fmpo:00331,,,,,,fifa,fi,,,,,,,,,,,,,,,,,,,,,,,,,,,,
fmpo:00332,http://urn.fi/urn:nbn:fi:au:seko:00332,,fife,fife,fife,,,,,http://www.yso.fi/onto/yso/p94111,Eurooppa,,fmpo:00851,reunahuilu,,,http://www.wikidata.org/entity/Q2255516,,,,,,,,,,,,,,,,TARKISTA,"Pienikokoinen huilusoitin, joka on ollut käytössä Euroopassa keskiajalta lähtien erityisesti sotilassoittimena. Händelillä on muutamia fifelle ja continuolle sävellettyjä teoksia. Espanjassa ja Portugalissa soittimen nimi on pifaro.",
fmpo:00332,,,,,,fiffaro,,,,,,,,,,,,,,,,,,,,,,,,,,,,,
fmpo:00332,,,,,,fifre,,,,,,,,,,,,,,,,,,,,,,,,,,,,,
fmpo:00332,,,,,,Militärflöte,de,,,,,,,,,,,,,,,,,,,,,,,,,,,,
fmpo:00332,,,,,,pifano,,,,,,,,,,,,,,,,,,,,,,,,,,,,,
fmpo:00332,,,,,,pifaro,,,,,,,,,,,,,,,,,,,,,,,,,,,,,
fmpo:00332,,,,,,Querpfeife,de,,,,,,,,,,,,,,,,,,,,,,,,,,,,
fmpo:00332,,,,,,sveitsinpilli,fi,,,,,,,,,,,,,,,,,,,,,,,,,,,,
fmpo:00332,,,,,,,,Militarflote,,,,,,,,,,,,,,,,,,,,,,,,,,,
fmpo:00333,http://urn.fi/urn:nbn:fi:au:seko:00333,,fiideli,fiddla,vielle,,,,,http://www.yso.fi/onto/yso/p94111,Eurooppa,,fmpo:00446,jousisoitin,,,http://www.wikidata.org/entity/Q843679,,,,,,skos:closeMatch,http://id.loc.gov/authorities/performanceMediums/mp2013015260,,,,,,,,,TARKISTA,"Keskiaikainen viulusoitin, joka oli käytössä 1200-luvulta lähtien.",
fmpo:00333,,,,,,fela,,,,,,,,,,,,,,,,,,,,,,,,,,,,,
fmpo:00333,,,,,,fiddle (fiideli),fi,,,,,,,,,,,,,,,,,,,,,,,,,,,,
fmpo:00333,,,,,,fidel,en,,,,,,,,,,,,,,,,,,,,,,,,,,,,
fmpo:00333,,,,,,fidla,,,,,,,,,,,,,,,,,,,,,,,,,,,,,
fmpo:00333,,,,,,fidula,,,,,,,,,,,,,,,,,,,,,,,,,,,,,
fmpo:00333,,,,,,fiedel,,,,,,,,,,,,,,,,,,,,,,,,,,,,,
fmpo:00333,,,,,,giga,,,,,,,,,,,,,,,,,,,,,,,,,,,,,
fmpo:00333,,,,,,vielle (fiideli),fi,,,,,,,,,,,,,,,,,,,,,,,,,,,,
fmpo:00333,,,,,,vihuela de arco,it,,,,,,,,,,,,,,,,,,,,,,,,,,,,
fmpo:00333,,,,,,viuola,en,,,,,,,,,,,,,,,,,,,,,,,,,,,,
fmpo:00334,http://urn.fi/urn:nbn:fi:au:seko:00334,,flageoletti,flageolett,flageolet,,,,,http://www.yso.fi/onto/yso/p107128,Englanti,,fmpo:01134,tulppakanavahuilu,,,http://www.wikidata.org/entity/Q1001877,,,,,,skos:exactMatch,http://id.loc.gov/authorities/performanceMediums/mp2013015265,,,,,,,,,TARKISTA,"Pienikokoinen tulppakanavahuilu, joka oli suosittu Englannissa 1600-luvun lopulta lähtien.",
fmpo:00334,,,,,,flageolettflöjt,sv,,,,,,,,,,,,,,,,,,,,,,,,,,,,
fmpo:00335,http://urn.fi/urn:nbn:fi:au:seko:00335,,flabiol,flabiol,flabiol,,,,,http://www.yso.fi/onto/yso/p108089,Katalonia,,fmpo:00780,pipe,,,http://www.wikidata.org/entity/Q1901997,,,,,,skos:exactMatch,http://id.loc.gov/authorities/performanceMediums/mp2013015266,,,,,,,,,TARKISTA,Katalonialainen tulppakanavahuilu.,
fmpo:00335,,,,,,flaviol,en,,,,,,,,,,,,,,,,,,,,,,,,,,,,
fmpo:00336,http://urn.fi/urn:nbn:fi:au:seko:00336,,fleksatoni,fleksaton,flexatone,,,,,,,,fmpo:00627,lyömäsoitin,,,http://www.wikidata.org/entity/Q1426827,,,,http://www.mimo-db.eu/InstrumentsKeywords/2990,,,,,,,,,,,,TARKISTA,"Lähinnä jazzissa, mutta myös taidemusiikissa (mm. Honegger, Schönberg, Hatšaturjan, Henze ja Penderecki) käytetty lyömäsoitin, jossa on teräskieli ja kaksi puukuulaa jousien päässä.",
fmpo:00336,,,,,,fleksatone,sv,,,,,,,,,,,,,,,,,,,,,,,,,,,,
fmpo:00336,,,,,,flex-a-tone,en,,,,,,,,,,,,,,,,,,,,,,,,,,,,
fmpo:00336,,,,,,flexatono,it,,,,,,,,,,,,,,,,,,,,,,,,,,,,
fmpo:00337,http://urn.fi/urn:nbn:fi:au:seko:00337,,flojera,flojera,floyera,,,,,http://www.yso.fi/onto/yso/p105037,Kreikka,,fmpo:00418,huilusoitin,,,http://www.wikidata.org/entity/Q1430404,,,,,,,,,,,,,,,,TARKISTA,Kreikkalainen tulppakanavahuilu.,
fmpo:00337,,,,,,flogera,,,,,,,,,,,,,,,,,,,,,,,,,,,,,
fmpo:00337,,,,,,floghera,,,,,,,,,,,,,,,,,,,,,,,,,,,,,
fmpo:00337,,,,,,floyera,,,,,,,,,,,,,,,,,,,,,,,,,,,,,
fmpo:00338,http://urn.fi/urn:nbn:fi:au:seko:00338,,floyara,floyara,floyara,,,,,http://www.yso.fi/onto/yso/p107664,Ukraina,,fmpo:00611,lovihuilu,,,http://www.wikidata.org/entity/Q5462363,,,,,,,,,,,,,,,,TARKISTA,Ukrainalainen päästäpuhallettava huilu.,
fmpo:00338,,,,,,floyar,en,,,,,,,,,,,,,,,,,,,,,,,,,,,,
fmpo:00339,http://urn.fi/urn:nbn:fi:au:seko:00339,,fluier,fluier,fluier,,,,,"http://www.yso.fi/onto/yso/p105030,http://www.yso.fi/onto/yso/p107667",Romania|Moldova,,fmpo:00418,huilusoitin,,,http://www.wikidata.org/entity/Q21056588,,,,,,,,,,,,,,,,TARKISTA,Romanialainen ja Moldovalainen huilu.,
fmpo:00339,,,,,,floieră,en,,,,,,,,,,,,,,,,,,,,,,,,,,,,
fmpo:00339,,,,,,fluer,en,,,,,,,,,,,,,,,,,,,,,,,,,,,,
fmpo:00339,,,,,,fluieră,en,,,,,,,,,,,,,,,,,,,,,,,,,,,,
fmpo:00339,,,,,,fluir,en,,,,,,,,,,,,,,,,,,,,,,,,,,,,
fmpo:00340,http://urn.fi/urn:nbn:fi:au:seko:00340,,flyygeli,flygel,grand piano,,,,,,,,fmpo:00763,piano,,,http://www.wikidata.org/entity/Q1148709,,,,,,skos:closeMatch,http://id.loc.gov/authorities/performanceMediums/mp2013015550,,,,,,,,,TARKISTA,"Cembalon siipimäisestä muodosta mallia ottaneen nykyaikaisen konserttipianon nimitys. Flyygelissä on aina teräsrunko, toisin kuin edeltäjissään, ja sen kielet ovat koskettimiin nähden vaakatasossa.",https://finto.fi/ic/fi/page/48C73331
fmpo:00340,,,,,,Flügel,de,,,,,,,,,,,,,,,,,,,,,,,,,,,,
fmpo:00340,,,,,,konserttiflyygeli,fi,,,,,,,,,,,,,,,,,,,,,,,,,,,,
fmpo:00340,,,,,,,,Flugel,de,,,,,,,,,,,,,,,,,,,,,,,,,,
fmpo:00341,http://urn.fi/urn:nbn:fi:au:seko:00341,,flyygelitorvi,flygelhorn,grand bugle,,,,,,,,fmpo:01171,vaskipuhallin,,http://www.yso.fi/onto/yso/p29951,http://www.wikidata.org/entity/Q382616,,,,,,skos:exactMatch,http://id.loc.gov/authorities/performanceMediums/mp2013015267,,,,,,,,,TARKISTA,Kornetin sukuinen vaskipuhallinsoitin.,
fmpo:00341,,,,,,bugle (flyygelitorvi),fi,,,,,,,,,,,,,,,,,,,,,,,,,,,,
fmpo:00341,,,,,,bugle à pistons,fi,,,,,,,,,,,,,,,,,,,,,,,,,,,,
fmpo:00341,,,,,,bugle de pistons,fr,,,,,,,,,,,,,,,,,,,,,,,,,,,,
fmpo:00341,,,,,,fiscorno,,,,,,,,,,,,,,,,,,,,,,,,,,,,,
fmpo:00341,,,,,,flicorno soprano,it,,,,,,,,,,,,,,,,,,,,,,,,,,,,
fmpo:00341,,,,,,flugelhorn,sv,,,,,,,,,,,,,,,,,,,,,,,,,,,,
fmpo:00341,,,,,,Flügelhorn,de,,,,,,,,,,,,,,,,,,,,,,,,,,,,
fmpo:00341,,,,,,,,flugelhorn,de,,,,,,,,,,,,,,,,,,,,,,,,,,
fmpo:00342,http://urn.fi/urn:nbn:fi:au:seko:00342,,foi,foi,foi,,,,,http://www.yso.fi/onto/yso/p105242,Indonesia,,fmpo:00082,bambuhuilu,,,http://www.wikidata.org/entity/Q121888449,,,,,,,,https://doi.org/10.1093/gmo/9781561592630.article.L2281084,,,,,,,,TARKISTA,Aasialainen bambuhuilu.,
fmpo:00343,http://urn.fi/urn:nbn:fi:au:seko:00343,,forminks,forminks,phorminx,,,,,http://www.yso.fi/onto/yso/p105037,Kreikka,,fmpo:00625,lyyra,,,http://www.wikidata.org/entity/Q539942,,,,,,,,,,,,,,,,TARKISTA,Muinaiskreikkalainen kielisoitin (kithara).,
fmpo:00344,http://urn.fi/urn:nbn:fi:au:seko:00344,,fortepiano,fortepiano,fortepiano,,,,,,,,fmpo:00763,piano,,http://www.yso.fi/onto/yso/p12748,http://www.wikidata.org/entity/Q1521313,,,,,,skos:broadMatch,http://id.loc.gov/authorities/performanceMediums/mp2013015550,,,,,,,,,TARKISTA,"Nykyaikaisen pianon puurakenteinen varhaismuoto, jota pidetään itsenäisenä soittimena lähinnä esitysten autenttisuuspyrkimysten takia.",
fmpo:00344,,,,,,hammarklaver,sv,,,,,,,,,,,,,,,,,,,,,,,,,,,,
fmpo:00344,,,,,,Hammerklavier,de,,,,,,,,,,,,,,,,,,,,,,,,,,,,
fmpo:00344,,,,,,vasaraklaveeri,fi,,,,,,,,,,,,,,,,,,,,,,,,,,,,
fmpo:00345,http://urn.fi/urn:nbn:fi:au:seko:00345,,frigideira,frigideira,frigideira,,,,,http://www.yso.fi/onto/yso/p108126,Brasilia,,fmpo:00627,lyömäsoitin,,,http://www.wikidata.org/entity/Q1464862,,,,,,,,,,,,,,,,TARKISTA,Sambassa käytettävä perkussiosoitin.,
fmpo:00346,http://urn.fi/urn:nbn:fi:au:seko:00346,,fujara,fujara,fujara,,,,,http://www.yso.fi/onto/yso/p107479,Slovakia,,fmpo:01134,tulppakanavahuilu,,,http://www.wikidata.org/entity/Q11787,,,,,,,,,,,,,,,,TARKISTA,Slovakialainen tulppakanavahuilu.,
fmpo:00347,http://urn.fi/urn:nbn:fi:au:seko:00347,,fujarka,fujarka,fujarka,,,,,http://www.yso.fi/onto/yso/p105244,Puola,,fmpo:01134,tulppakanavahuilu,,,http://www.wikidata.org/entity/Q750934,,,,,,,,https://pl.wikipedia.org/wiki/Fujarka,,,,,,,,TARKISTA,Puolalainen puinen tulppakanavahuilu.,
fmpo:00347,,,,,,pipe,en,,,,,,,,,,,,,,,,,,,,,,,,,,,,
fmpo:00347,,,,,,shepherd's pipe,en,,,,,,,,,,,,,,,,,,,,,,,,,,,,
fmpo:00347,,,,,,fujara,pl,,,,,,,,,,,,,,,,,,,,,,,,,,,,
fmpo:00347,,,,,,fletnia,pl,,,,,,,,,,,,,,,,,,,,,,,,,,,,
fmpo:00347,,,,,,dudka,pl,,,,,,,,,,,,,,,,,,,,,,,,,,,,
fmpo:00347,,,,,,piszczałka,pl,,,,,,,,,,,,,,,,,,,,,,,,,,,,
fmpo:00348,http://urn.fi/urn:nbn:fi:au:seko:00348,,gadulka,gadulka,gadulka,,,,,http://www.yso.fi/onto/yso/p106673,Bulgaria,,fmpo:00446,jousisoitin,,,http://www.wikidata.org/entity/Q1078965,,321.321-71 ,,http://www.mimo-db.eu/InstrumentsKeywords/3143,,,,,,,,,,,2026-07-31,valmis,Bulgarialainen kolmekielinen jousisoitin.,
fmpo:00348,,,,,,g'dulka,en,,,,,,,,,,,,,,,,,,,,,,,,,,,,
fmpo:00348,,,,,,gǎdulka,en,,,,,,,,,,,,,,,,,,,,,,,,,,,,
fmpo:00348,,,,,,gdulka,en,,,,,,,,,,,,,,,,,,,,,,,,,,,,
fmpo:00348,,,,,,gudulka,en,,,,,,,,,,,,,,,,,,,,,,,,,,,,
fmpo:00348,,,,,,gusla (gadulka),en,,,,,,,,,,,,,,,,,,,,,,,,,,,,
fmpo:00348,,,,,,rebec (gadulka),en,,,,,,,,,,,,,,,,,,,,,,,,,,,,
fmpo:00348,,,,,,tsigulka,en,,,,,,,,,,,,,,,,,,,,,,,,,,,,
fmpo:00348,,,,,,,,kementse,,,,,,,,,,,,,,,,,,,,,,,,,,,
fmpo:00349,http://urn.fi/urn:nbn:fi:au:seko:00349,,gaida,gaida,gaĭda,,,,,"http://www.yso.fi/onto/yso/p105223,http://www.wikidata.org/entity/Q263686,http://www.yso.fi/onto/yso/p105025",Itä-Eurooppa|Kaakkois-Eurooppa|Lähi-itä,,fmpo:01024,säkkipilli,,,http://www.wikidata.org/entity/Q1422412,,,,,,skos:exactMatch,http://id.loc.gov/authorities/performanceMediums/mp2022015003,,,,,,,,,TARKISTA,Itä- ja Kaakkois-Euroopassa sekä Lähi-Idässä käytettävä säkkipilli.,
fmpo:00349,,,,,,gaĭda,fi,,,,,,,,,,,,,,,,,,,,,,,,,,,,
fmpo:00349,,,,,,gajda,fi,,,,,,,,,,,,,,,,,,,,,,,,,,,,
fmpo:00349,,,,,,gajde,en,,,,,,,,,,,,,,,,,,,,,,,,,,,,
fmpo:00349,,,,,,gayda,en,,,,,,,,,,,,,,,,,,,,,,,,,,,,
fmpo:00350,http://urn.fi/urn:nbn:fi:au:seko:00350,,gaita (säkkipilli),gaita,gaita(backpipe),,,,,http://www.yso.fi/onto/yso/p105209,Espanja,,fmpo:01024,säkkipilli,,,http://www.wikidata.org/entity/Q2313828,,,,,,skos:exactMatch,http://id.loc.gov/authorities/performanceMediums/mp2013015276,,,,,,,,,TARKISTA,Espanjalainen säkkipilli.,
fmpo:00351,http://urn.fi/urn:nbn:fi:au:seko:00351,,kuisi,kuisi,kuisi,,,,,http://www.yso.fi/onto/yso/p106419,Kolumbia,,fmpo:00780,pipe,,,http://www.wikidata.org/entity/Q6442289,,,,,,skos:exactMatch,http://id.loc.gov/authorities/performanceMediums/mp2013015277,,,,,,,,,TARKISTA,"Kolumbialainen huilusoitin, jota ei pidä sekoittaa gaita-nimiseen säkkipilliin.",
fmpo:00351,,,,,,gaita (flöjt),sv,,,,,,,,,,,,,,,,,,,,,,,,,,,,
fmpo:00351,,,,,,gaita (pipe),en,,,,,,,,,,,,,,,,,,,,,,,,,,,,
fmpo:00351,,,,,,gaita (tulppakanavahuilu),fi,,,,,,,,,,,,,,,,,,,,,,,,,,,,
fmpo:00351,,,,,,kuizi,fi,,,,,,,,,,,,,,,,,,,,,,,,,,,,
fmpo:00352,http://urn.fi/urn:nbn:fi:au:seko:00352,,gakubiwa,gakubiwa,gakubiwa,,,,,http://www.yso.fi/onto/yso/p105023,japani,,fmpo:00139,biwa,,,http://www.wikidata.org/entity/Q116070592,,,,,,skos:broadMatch,http://id.loc.gov/authorities/performanceMediums/mp2013015086,,,,,,,,,TARKISTA,Japanilainen nelikielinen luuttusoitin.,
fmpo:00352,,,,,,gagaku-biwa,fi,,,,,,,,,,,,,,,,,,,,,,,,,,,,
fmpo:00352,,,,,,gaku-biwa,fi,,,,,,,,,,,,,,,,,,,,,,,,,,,,
fmpo:00353,http://urn.fi/urn:nbn:fi:au:seko:00353,,galoubet,galoubet,galoubet,,,,,,,,fmpo:00780,pipe,,,http://www.wikidata.org/entity/Q116053034,,,,,,skos:exactMatch,http://id.loc.gov/authorities/performanceMediums/mp2013015278,,,,,,,,,TARKISTA,"Keskiajalta peräisin oleva kolmiaukkoinen huilu, jota soitetaan yhdellä kädellä.",
fmpo:00353,,,,,,jombarde,,,,,,,,,,,,,,,,,,,,,,,,,,,,,
fmpo:00354,http://urn.fi/urn:nbn:fi:au:seko:00354,,gambang,gambang,gambang,,,,,http://www.yso.fi/onto/yso/p105242,Indonesia,,fmpo:00552,ksylofoni,,,http://www.wikidata.org/entity/Q2631432,,,,,,skos:exactMatch,http://id.loc.gov/authorities/performanceMediums/mp2013015279,,,,,,,,,TARKISTA,Indonesialainen ksylofoni.,
fmpo:00354,,,,,,gambang kayu,,,,,,,,,,,,,,,,,,,,,,,,,,,,,
fmpo:00355,http://urn.fi/urn:nbn:fi:au:seko:00355,,gambus,gambus,gambus,,,,,http://www.yso.fi/onto/yso/p105242,Indonesia,,fmpo:00709,näppäilysoitin,https://github.com/NatLibFi/SEKO/issues/109,,http://www.wikidata.org/entity/Q121889865,,,,,,,,,,seko:00826,,,issue created; mappings,,2026-07-02,valid,"Puinen, lyhytkaulainen luuttusoitin, jota käyttää lähinnä Indonesian muslimiväestö.",
fmpo:00355,,,,,,gambus Melayu,en,,,,,,,,,,,,,,,,,,,,,,,,,,,,
fmpo:00356,http://urn.fi/urn:nbn:fi:au:seko:00356,,gamelan,gamelan,gamelan,,,,,http://www.yso.fi/onto/yso/p105242,Indonesia,,fmpo:00326,esittäjäryhmä,,,http://www.wikidata.org/entity/Q194492,2024-07-29 kirjattu MUUSA päätös (Valmiit: Versio 257) - Muutetaan määritelmä,,,,,skos:exactMatch,http://id.loc.gov/authorities/performanceMediums/mp2013015280,,,,,Perinteisistä indonesialaisista lyömäsoittimista koostuva yhtye tai orkesteri.,"""2024-07-29: Changed the definition to  _Perinteisistä indonesialaisista lyömäsoittimista koostuva yhtye tai orkesteri._""",,2024-07-29,KESKEN,,https://finto.fi/ic/fi/page/48C7532
fmpo:00357,http://urn.fi/urn:nbn:fi:au:seko:00357,,ganga,ganga,ganga,,,,,"http://www.yso.fi/onto/yso/p105379,http://www.yso.fi/onto/yso/p109225,http://www.yso.fi/onto/yso/p104989,http://www.yso.fi/onto/yso/p109215,http://www.yso.fi/onto/yso/p108325,http://www.yso.fi/onto/yso/p109331,http://www.yso.fi/onto/yso/p108901,http://www.yso.fi/onto/yso/p105574",Niger|Benin|Nigeria|Tšad|Kamerun|Burkina Faso|Libya|Algeria|Tunisia,,fmpo:00864,rumpu,https://github.com/NatLibFi/SEKO/issues/8,,MISSING,"This is ""talking drum""  in Jjoruba language",,,,,,,https://en.wikipedia.org/wiki/Talking_drum|https://doi.org/10.1093/gmo/9781561592630.article.10622,,,,,,,,KESKEN,"Afrikkalainen, kaksikalvoinen rumpu.",
fmpo:00357,,,,,,gángan,en,,,,,,,,,,,,,,,,,,,,,,,,,,,,
fmpo:00358,http://urn.fi/urn:nbn:fi:au:seko:00358,,gangsa (gongi),gangsa,gangsa,,,,,http://www.yso.fi/onto/yso/p105189,Filippiinit,,fmpo:00376,gongi,,,http://www.wikidata.org/entity/Q5618779,,,,,,,,,,,,,,,,TARKISTA,Filippiiniläinen pronssi- tai messinkigongi.,
fmpo:00358,,,,,,gangha,,,,,,,,,,,,,,,,,,,,,,,,,,,,,
fmpo:00359,http://urn.fi/urn:nbn:fi:au:seko:00359,,gangsa (kellopeli),gangsa (metallofon),gangsa (metallophone),,,,,http://www.yso.fi/onto/yso/p112514,Bali,,fmpo:00487,kellopeli,,,http://www.wikidata.org/entity/Q5521203,,,,,,,,,,,,,,,,TARKISTA,Balilaisessa gamelan-orkesterissa käytettävä metallofoni.,
fmpo:00359,,,,,,gangsa gantung,,,,,,,,,,,,,,,,,,,,,,,,,,,,,
fmpo:00359,,,,,,gangsa gender,,,,,,,,,,,,,,,,,,,,,,,,,,,,,
fmpo:00359,,,,,,gangsa jongkok,,,,,,,,,,,,,,,,,,,,,,,,,,,,,
fmpo:00360,http://urn.fi/urn:nbn:fi:au:seko:00360,,ganzá,ganzá,ganzá,,,,,http://www.yso.fi/onto/yso/p108126,Brasilia,,fmpo:00404,helistin,,,http://www.wikidata.org/entity/Q3095230,Replaces seko:00361,,,http://www.mimo-db.eu/InstrumentsKeywords/5210,,skos:closeMatch,http://id.loc.gov/authorities/performanceMediums/mp2013015596,,,,,,2026-07-07; added altLabel values from the replaced seko:00361,,2026-07-07,valid,"Yhdestä tai useammasta tina- tai alumiiniputkesta valmistettu tai marakassia muistuttava kuivatuilla siemenillä täytetty helistin, jota käytetään erityisesti brasilialaisessa populaarimusiikissa, varsinkin sambassa.",
fmpo:00360,,,,,,chocalho (ganzá),fi,,,,,,,,,,,,,,,,,,,,,,,,,,,,
fmpo:00360,,,,,,ganza,fi,,,,,,,,,,,,,,,,,,,,,,,,,,,,
fmpo:00360,,,,,,ganzé,fi,,,,,,,,,,,,,,,,,,,,,,,,,,,,
fmpo:00360,,,,,,ganze,fi,,,,,,,,,,,,,,,,,,,,,,,,,,,,
fmpo:00360,,,,,,ganza,en,,,,,,,,,,,,,,,,,,,,,,,,,,,,
fmpo:00360,,,,,,ganza,sv,,,,,,,,,,,,,,,,,,,,,,,,,,,,
fmpo:00360,,,,,,siksak,en,,,,,,,,,,,,,,,,,,,,,,,,,,,,
fmpo:00360,,,,,,,,chocalho (ganza),,,,,,,,,,,,,,,,,,,,,,,,,,,
fmpo:00361,http://urn.fi/urn:nbn:fi:au:seko:00361,TRUE,ganzé,ganzé,ganzé,,,,,http://www.yso.fi/onto/yso/p108126,Brasilia,,fmpo:00404,helistin,https://github.com/NatLibFi/SEKO/issues/9,,MISSING,,,,,,,,,seko:00360,,,,2026-07-07 DEPRECATED and replacedBy seko:00360,,2026-07-07,superceded,Sambassa käytettävä metallikuorihelistin.,
fmpo:00362,http://urn.fi/urn:nbn:fi:au:seko:00362,,gardon,gardon,hit-gardon,,,,,http://www.yso.fi/onto/yso/p105029,Unkari,,fmpo:00500,kielisoitin,,,http://www.wikidata.org/entity/Q176322,,,,,,,,,,,,,,,,TARKISTA,Unkarilaisessa kansanmusiikissa rytmisoittimena käytettävä sellon tapainen jousisoitin.,
fmpo:00362,,,,,,ütőgardon,sv,,,,,,,,,,,,,,,,,,,,,,,,,,,,
fmpo:00362,,,,,,gardony,en,,,,,,,,,,,,,,,,,,,,,,,,,,,,
fmpo:00362,,,,,,Schlagcello,de,,,,,,,,,,,,,,,,,,,,,,,,,,,,
fmpo:00362,,,,,,tekenyőgardon,en,,,,,,,,,,,,,,,,,,,,,,,,,,,,
fmpo:00362,,,,,,ütőgardon,fi,,,,,,,,,,,,,,,,,,,,,,,,,,,,
fmpo:00362,,,,,,ütősgardony,en,,,,,,,,,,,,,,,,,,,,,,,,,,,,
fmpo:00362,,,,,,,,utogardon,,,,,,,,,,,,,,,,,,,,,,,,,,,
fmpo:00363,http://urn.fi/urn:nbn:fi:au:seko:00363,,garkleinflötlein,garkleinflötlein,garklein recorder,,,,,,,,fmpo:00704,nokkahuilu,,,http://www.wikidata.org/entity/Q1494285,,,,,,skos:broadMatch,http://id.loc.gov/authorities/performanceMediums/mp2013015597,,,,,,,,,TARKISTA,"Nokkahuiluperheen pienikokoisin jäsen, jonka ääniala on c'''–d''''' tai g'''''.",
fmpo:00363,,,,,,garklein,fi,,,,,,,,,,,,,,,,,,,,,,,,,,,,
fmpo:00363,,,,,,Garkleinblockflöte,de,,,,,,,,,,,,,,,,,,,,,,,,,,,,
fmpo:00363,,,,,,sopranissimo recorder,en,,,,,,,,,,,,,,,,,,,,,,,,,,,,
fmpo:00364,http://urn.fi/urn:nbn:fi:au:seko:00364,,garmon,garmosjka,garmon,,,,,"http://www.yso.fi/onto/yso/p94479, http://www.yso.fi/onto/yso/p107664",Venäjä|Ukraina,,fmpo:00002,2-rivinen harmonikka,,,http://www.wikidata.org/entity/Q1494360,,,,,,skos:broadMatch,http://id.loc.gov/authorities/performanceMediums/mp2013015108,,,,,,,,,TARKISTA,"Venäläinen kaksirivinen näppäinharmonikka, joka on erityisen keskeinen azerien perinteisessä musiikissa.",
fmpo:00364,,,,,,garmon',fi,,,,,,,,,,,,,,,,,,,,,,,,,,,,
fmpo:00364,,,,,,garmoshka,en,,,,,,,,,,,,,,,,,,,,,,,,,,,,
fmpo:00364,,,,,,harmoska,en,,,,,,,,,,,,,,,,,,,,,,,,,,,,
fmpo:00364,,,,,,гармошка,ru,,,,,,,,,,,,,,,,,,,,,,,,,,,,
fmpo:00364,,,,,,hromka,fi,,,,,,,,,,,,,,,,,,,,,,,,,,,,
fmpo:00364,,,,,,khromka,en,,,,,,,,,,,,,,,,,,,,,,,,,,,,
fmpo:00364,,,,,,livenka,en,,,,,,,,,,,,,,,,,,,,,,,,,,,,
fmpo:00364,,,,,,Tul'skaâ garmon',fi,,,,,,,,,,,,,,,,,,,,,,,,,,,,
fmpo:00364,,,,,,Tula accordion,en,,,,,,,,,,,,,,,,,,,,,,,,,,,,
fmpo:00364,,,,,,Tula garmon,en,,,,,,,,,,,,,,,,,,,,,,,,,,,,
fmpo:00364,,,,,,vâtka,fi,,,,,,,,,,,,,,,,,,,,,,,,,,,,
fmpo:00364,,,,,,vâtkaâ garmon',fi,,,,,,,,,,,,,,,,,,,,,,,,,,,,
fmpo:00364,,,,,,Vyatka garmon,en,,,,,,,,,,,,,,,,,,,,,,,,,,,,
fmpo:00364,,,,,,гармо́нь,ru,,,,,,,,,,,,,,,,,,,,,,,,,,,,
fmpo:00364,,,,,,,,Tul'skaa garmon',fi,,,,,,,,,,,,,,,,,,,,,,,,,,
fmpo:00364,,,,,,,,vatka,fi,,,,,,,,,,,,,,,,,,,,,,,,,,
fmpo:00364,,,,,,,,vatkaa garmon',fi,,,,,,,,,,,,,,,,,,,,,,,,,,
fmpo:00365,http://urn.fi/urn:nbn:fi:au:seko:00365,,garmonik,garmonik,garmonik,,,,,"http://www.yso.fi/onto/yso/p122768, , http://www.yso.fi/onto/yso/p107664, http://www.yso.fi/onto/yso/p109970",Valko-Venäjä|Ukraina|Kaukasia,,fmpo:00364,garmon,https://github.com/NatLibFi/SEKO/issues/4,,MISSING,,,,,,skos:broadMatch,http://id.loc.gov/authorities/performanceMediums/mp2013015001,https://doi.org/10.1093/gmo/9781561592630.article.L2294184,,,,,,,,KESKEN,Valkovenäläinen pianoharmonikka.,
fmpo:00365,,,,,,garmonja,en,,,,,,,,,,,,,,,,,,,,,,,,,,,,
fmpo:00365,,,,,,garmoška,en,,,,,,,,,,,,,,,,,,,,,,,,,,,,
fmpo:00365,,,,,,khromka,en,,,,,,,,,,,,,,,,,,,,,,,,,,,,
fmpo:00365,,,,,,,,garmoska,,,,,,,,,,,,,,,,,,,,,,,,,,,
fmpo:00366,http://urn.fi/urn:nbn:fi:au:seko:00366,,gemshorn,gemshorn,gemshorn,,,,,,,,fmpo:01134,tulppakanavahuilu,,,http://www.wikidata.org/entity/Q339359,,,,http://www.mimo-db.eu/InstrumentsKeywords/3976,,skos:broadMatch,http://id.loc.gov/authorities/performanceMediums/mp2013015223,,,,,,,,,TARKISTA,Gemssin tai muun eläimen sarvesta tehty kansanomainen puhallinsoitin.,
fmpo:00366,,,,,,ĉamkorno,,,,,,,,,,,,,,,,,,,,,,,,,,,,,
fmpo:00366,,,,,,corno di camoscio,,,,,,,,,,,,,,,,,,,,,,,,,,,,,
fmpo:00366,,,,,,flûte en corne,,,,,,,,,,,,,,,,,,,,,,,,,,,,,
fmpo:00366,,,,,,gemscorno,,,,,,,,,,,,,,,,,,,,,,,,,,,,,
fmpo:00366,,,,,,gemshorni,fi,,,,,,,,,,,,,,,,,,,,,,,,,,,,
fmpo:00366,,,,,,,,camkorno,,,,,,,,,,,,,,,,,,,,,,,,,,,
fmpo:00366,,,,,,,,flute en corne,,,,,,,,,,,,,,,,,,,,,,,,,,,
fmpo:00367,http://urn.fi/urn:nbn:fi:au:seko:00367,,gender,gender,gender,,,,,"http://www.yso.fi/onto/yso/p159783,http://www.yso.fi/onto/yso/p112514",Jaava|Bali,,fmpo:00487,kellopeli,,,http://www.wikidata.org/entity/Q2991844,,,,,,skos:exactMatch,http://id.loc.gov/authorities/performanceMediums/mp2013015289,,,,,,,,,TARKISTA,Jaavalaisessa ja balilaisessa gamelan-orkesterissa käytettävä metallofoni.,
fmpo:00367,,,,,,gendèr,,,,,,,,,,,,,,,,,,,,,,,,,,,,,
fmpo:00367,,,,,,gendèr barung,,,,,,,,,,,,,,,,,,,,,,,,,,,,,
fmpo:00367,,,,,,gendèr panerus,,,,,,,,,,,,,,,,,,,,,,,,,,,,,
fmpo:00367,,,,,,,,gender barung,,,,,,,,,,,,,,,,,,,,,,,,,,,
fmpo:00367,,,,,,,,gender panerus,,,,,,,,,,,,,,,,,,,,,,,,,,,
fmpo:00368,http://urn.fi/urn:nbn:fi:au:seko:00368,,ghaṭam,ghatam,ghatam,,,,,http://www.yso.fi/onto/yso/p105027,Intia,,fmpo:00864,rumpu,,,http://www.wikidata.org/entity/Q859091,,,,,,skos:exactMatch,http://id.loc.gov/authorities/performanceMediums/mp2013015290,,,,,,,,,TARKISTA,Intialainen saviruukusta valmistettu lyömäsoitin.,
fmpo:00368,,,,,,dilo,fr,,,,,,,,,,,,,,,,,,,,,,,,,,,,
fmpo:00368,,,,,,gadam,en,,,,,,,,,,,,,,,,,,,,,,,,,,,,
fmpo:00368,,,,,,ghar,en,,,,,,,,,,,,,,,,,,,,,,,,,,,,
fmpo:00368,,,,,,ghaṙā,en,,,,,,,,,,,,,,,,,,,,,,,,,,,,
fmpo:00368,,,,,,ghaṭa,en,,,,,,,,,,,,,,,,,,,,,,,,,,,,
fmpo:00368,,,,,,ghatam,en,,,,,,,,,,,,,,,,,,,,,,,,,,,,
fmpo:00368,,,,,,ghaṭi,en,,,,,,,,,,,,,,,,,,,,,,,,,,,,
fmpo:00368,,,,,,kaṭam,en,,,,,,,,,,,,,,,,,,,,,,,,,,,,
fmpo:00368,,,,,,lerkruka,sv,,,,,,,,,,,,,,,,,,,,,,,,,,,,
fmpo:00368,,,,,,māṭki,und,,,,,,,,,,,,,,,,,,,,,,,,,,,,
fmpo:00368,,,,,,nūt,und,,,,,,,,,,,,,,,,,,,,,,,,,,,,
fmpo:00368,,,,,,,,ghara,en,,,,,,,,,,,,,,,,,,,,,,,,,,
fmpo:00368,,,,,,,,ghata,en,,,,,,,,,,,,,,,,,,,,,,,,,,
fmpo:00368,,,,,,,,ghati,en,,,,,,,,,,,,,,,,,,,,,,,,,,
fmpo:00368,,,,,,,,katam,en,,,,,,,,,,,,,,,,,,,,,,,,,,
fmpo:00368,,,,,,,,matki,und,,,,,,,,,,,,,,,,,,,,,,,,,,
fmpo:00368,,,,,,,,nut,und,,,,,,,,,,,,,,,,,,,,,,,,,,
fmpo:00369,http://urn.fi/urn:nbn:fi:au:seko:00369,,ghayta,ghayta,rhaita,,,,,http://www.yso.fi/onto/yso/p105335,Pohjois-Afrikka,,fmpo:00715,oboesoitin,https://github.com/NatLibFi/SEKO/issues/55,,http://www.wikidata.org/entity/Q7320165,,422.112,,https://vocabulary.mimo-international.com/InstrumentsKeywords/en/page/4200,,,,,,,,,,,2026-06-24,valid,Pohjoisafrikkalainen oboesoitin.,
fmpo:00369,,,,,,raita,en,,,,,,,,,,,,,,,,,,,,,,,,,,,,
fmpo:00369,,,,,,gaita,en,,,,,,,,,,,,,,,,,,,,,,,,,,,,
fmpo:00369,,,,,,gayta,en,,,,,,,,,,,,,,,,,,,,,,,,,,,,
fmpo:00369,,,,,,ghaita,en,,,,,,,,,,,,,,,,,,,,,,,,,,,,
fmpo:00369,,,,,,ghaite,en,,,,,,,,,,,,,,,,,,,,,,,,,,,,
fmpo:00369,,,,,,rhaita,en,,,,,,,,,,,,,,,,,,,,,,,,,,,,
fmpo:00370,http://urn.fi/urn:nbn:fi:au:seko:00370,,ghichak,ghijak,ghijak,,,,,http://www.yso.fi/onto/yso/p107650,Keski-Aasia,,fmpo:00770,piikkiviulu,,,http://www.wikidata.org/entity/Q4138014,,,,,,,,,,,,,,,,TARKISTA,Keskiaasialainen kolmekielinen piikkiviulu.,
fmpo:00370,,,,,,ghichack,,,,,,,,,,,,,,,,,,,,,,,,,,,,,
fmpo:00370,,,,,,gidjak,,,,,,,,,,,,,,,,,,,,,,,,,,,,,
fmpo:00370,,,,,,gidzhak,,,,,,,,,,,,,,,,,,,,,,,,,,,,,
fmpo:00370,,,,,,gijak,,,,,,,,,,,,,,,,,,,,,,,,,,,,,
fmpo:00371,http://urn.fi/urn:nbn:fi:au:seko:00371,,ghuṅgrū,ghungru,ghungroo,,,,,http://www.yso.fi/onto/yso/p105027,Intia,,fmpo:00557,kulkunen,,,http://www.wikidata.org/entity/Q2746062,,,,,,,,,,,,,,,,TARKISTA,Intialaiset metalliset nilkkakulkuset.,
fmpo:00371,,,,,,ghunghru,en,,,,,,,,,,,,,,,,,,,,,,,,,,,,
fmpo:00371,,,,,,ghungroo,en,,,,,,,,,,,,,,,,,,,,,,,,,,,,
fmpo:00371,,,,,,ghungru,fi,,,,,,,,,,,,,,,,,,,,,,,,,,,,
fmpo:00371,,,,,,ghungur,en,,,,,,,,,,,,,,,,,,,,,,,,,,,,
fmpo:00372,http://urn.fi/urn:nbn:fi:au:seko:00372,,ģīga,ģīga,ģīga,,,,,http://www.yso.fi/onto/yso/p94259,Latvia,,"fmpo:00446, fmpo:00943",jousisoitin|sitra,https://github.com/NatLibFi/SEKO/issues/46,,http://www.wikidata.org/entity/Q8080008,includs now dzingas and gigas,,,,,,,,,,,,MERGED includes now the deprecated seko:00315,,2026-06-23,valid,Latvialainen kaksikielinen muunnos virsikanteleesta.,
fmpo:00372,,,,,,divstīdzis,en,,,,,,,,,,,,,,,,,,,,,,,,,,,,
fmpo:00372,,,,,,giga,fi,,,,,,,,,,,,,,,,,,,,,,,,,,,,
fmpo:00372,,,,,,džingas,fi,,,,,,,,,,,,,,,,,,,,,,,,,,,,
fmpo:00372,,,,,,dzingas,en,,,,,,,,,,,,,,,,,,,,,,,,,,,,
fmpo:00372,,,,,,gigas,fi,,,,,,,,,,,,,,,,,,,,,,,,,,,,
fmpo:00373,http://urn.fi/urn:nbn:fi:au:seko:00373,,gittern,gittern,gittern,,,,,,,,fmpo:00709,näppäilysoitin,https://github.com/NatLibFi/SEKO/issues/70,,http://www.wikidata.org/entity/Q516397,,321.322-5,,,,,,,,,,,,,,KESKEN,"Keskiaikainen, lyhytkaulainen luuttusoitin.",
fmpo:00373,,,,,,chitarino,,,,,,,,,,,,,,,,,,,,,,,,,,,,,
fmpo:00373,,,,,,chitarra (gittern),fi,,,,,,,,,,,,,,,,,,,,,,,,,,,,
fmpo:00373,,,,,,guisterne,,,,,,,,,,,,,,,,,,,,,,,,,,,,,
fmpo:00373,,,,,,guitarra (gittern),fi,,,,,,,,,,,,,,,,,,,,,,,,,,,,
fmpo:00373,,,,,,guitarre (gittern),fi,,,,,,,,,,,,,,,,,,,,,,,,,,,,
fmpo:00373,,,,,,guiterne,,,,,,,,,,,,,,,,,,,,,,,,,,,,,
fmpo:00373,,,,,,guiterre,,,,,,,,,,,,,,,,,,,,,,,,,,,,,
fmpo:00373,,,,,,gyterne,,,,,,,,,,,,,,,,,,,,,,,,,,,,,
fmpo:00373,,,,,,quinterne,,,,,,,,,,,,,,,,,,,,,,,,,,,,,
fmpo:00373,,,,,,quitaire,,,,,,,,,,,,,,,,,,,,,,,,,,,,,
fmpo:00373,,,,,,quitarre,,,,,,,,,,,,,,,,,,,,,,,,,,,,,
fmpo:00374,http://urn.fi/urn:nbn:fi:au:seko:00374,,goge,godié,godié,,,,,http://www.yso.fi/onto/yso/p118210,Länsi-Afrikka,,fmpo:00446,jousisoitin,,,http://www.wikidata.org/entity/Q85134374,,,,,,skos:exactMatch,http://id.loc.gov/authorities/performanceMediums/mp2013015296,,,,,,,,,TARKISTA,"Länsiafrikkalainen, yksikielinen jousisoitin.",
fmpo:00374,,,,,,godié,,,,,,,,,,,,,,,,,,,,,,,,,,,,,
fmpo:00374,,,,,,goje,,,,,,,,,,,,,,,,,,,,,,,,,,,,,
fmpo:00374,,,,,,gonje,,,,,,,,,,,,,,,,,,,,,,,,,,,,,
fmpo:00375,http://urn.fi/urn:nbn:fi:au:seko:00375,,ilimba,ilimba,ilimba,,,,,http://www.yso.fi/onto/yso/p94438,Tansania,,fmpo:00974,sormipiano,https://github.com/NatLibFi/SEKO/issues/5,,http://www.wikidata.org/entity/Q9007999,,,,,,skos:broadMatch,http://id.loc.gov/authorities/performanceMediums/mp2013015455,,,,,,2026-06-23: renamed and mapped,,2026-06-24,KESKEN,Tansanialainen sormipiano.,
fmpo:00375,,,,,,gogomarimba,fi,,,,,,,,,,,,,,,,,,,,,,,,,,,,
fmpo:00376,http://urn.fi/urn:nbn:fi:au:seko:00376,,gongi,gong,gong,,,,,,,,fmpo:00627,lyömäsoitin,,http://www.yso.fi/onto/yso/p30035,http://www.wikidata.org/entity/Q208320,,111.241.11,,http://www.mimo-db.eu/InstrumentsKeywords/2820,,skos:exactMatch,http://id.loc.gov/authorities/performanceMediums/mp2013015297,,,,,,,,2026-06-28,valid,Metallista valmistettu pyöreä lyömäsoitin.,
fmpo:00376,,,,,,gonggong,en,,,,,,,,,,,,,,,,,,,,,,,,,,,,
fmpo:00376,,,,,,luo,en,,,,,,,,,,,,,,,,,,,,,,,,,,,,
fmpo:00377,http://urn.fi/urn:nbn:fi:au:seko:00377,,gora,gora,lesiba,,,,,http://www.yso.fi/onto/yso/p184559,Eteläinen Afrikka,,"fmpo:00801, fmpo:01002",puhallinsoitin|suujousi,,,http://www.wikidata.org/entity/Q1540173,,,,,,skos:exactMatch,http://id.loc.gov/authorities/performanceMediums/mp2013015299,,,,,,,,,TARKISTA,Eteläisessä Afrikassa käytettävä suujousi.,
fmpo:00377,,,,,,gom-gom,,,,,,,,,,,,,,,,,,,,,,,,,,,,,
fmpo:00377,,,,,,gorah,,,,,,,,,,,,,,,,,,,,,,,,,,,,,
fmpo:00377,,,,,,gorra,,,,,,,,,,,,,,,,,,,,,,,,,,,,,
fmpo:00377,,,,,,goura,,,,,,,,,,,,,,,,,,,,,,,,,,,,,
fmpo:00377,,,,,,gowra,,,,,,,,,,,,,,,,,,,,,,,,,,,,,
fmpo:00377,,,,,,lesiba,fi,,,,,,,,,,,,,,,,,,,,,,,,,,,,
fmpo:00377,,,,,,t'goerra,,,,,,,,,,,,,,,,,,,,,,,,,,,,,
fmpo:00377,,,,,,t'gorrah,,,,,,,,,,,,,,,,,,,,,,,,,,,,,
fmpo:00378,http://urn.fi/urn:nbn:fi:au:seko:00378,,gordună,gordună,gordună,,,,,http://www.yso.fi/onto/yso/p108099,Transsilvania,,fmpo:00446,jousisoitin,https://github.com/NatLibFi/SEKO/issues/50,,MISSING,"GMO: this not the same as ""broanca"" seko:00155 !",,,,,,,,,,,,,,,KESKEN,"Romanialainen, kapulalla kieliä lyömällä soitettava kansanomainen muunnos sellosta ja kontrabassosta.",
fmpo:00378,,,,,,dobă,,,,,,,,,,,,,,,,,,,,,,,,,,,,,
fmpo:00378,,,,,,ütőgardon ,hu,,,,,,,,,,,,,,,,,,,,,,,,,,,,
fmpo:00378,,,,,,gordon,,,,,,,,,,,,,,,,,,,,,,,,,,,,,
fmpo:00378,,,,,,gordune,ro,,,,,,,,,,,,,,,,,,,,,,,,,,,,
fmpo:00378,,,,,,gorduna,fi,,,,,,,,,,,,,,,,,,,,,,,,,,,,
fmpo:00378,,,,,,gordună mare,,,,,,,,,,,,,,,,,,,,,,,,,,,,,
fmpo:00378,,,,,,,,doba,,,,,,,,,,,,,,,,,,,,,,,,,,,
fmpo:00378,,,,,,,,gorduna mare,,,,,,,,,,,,,,,,,,,,,,,,,,,
fmpo:00379,http://urn.fi/urn:nbn:fi:au:seko:00379,,goṭṭuvādyam,gottuvadhyam,gottuvadhyam,,,,,http://www.yso.fi/onto/yso/p235077,Etelä-Intia,,fmpo:01182,vina,,,http://www.wikidata.org/entity/Q15717974,,,,,,skos:exactMatch,http://id.loc.gov/authorities/performanceMediums/mp2013015300,,,,,,,,,TARKISTA,"Eteläintialainen vina, jota soitetaan glissando-tekniikalla.",
fmpo:00379,,,,,,gottuvadyam,fi,,,,,,,,,,,,,,,,,,,,,,,,,,,,
fmpo:00379,,,,,,mahānāṭaka vīṇā,,,,,,,,,,,,,,,,,,,,,,,,,,,,,
fmpo:00379,,,,,,,,mahanataka vina,,,,,,,,,,,,,,,,,,,,,,,,,,,
fmpo:00380,http://urn.fi/urn:nbn:fi:au:seko:00380,,gu,gu,gu,,,,,http://www.yso.fi/onto/yso/p104984,Kiina,,fmpo:00864,rumpu,,,http://www.wikidata.org/entity/Q4077510,,,,,,,,,,,,,,,,TARKISTA,Yleisnimitys erilaisille kiinalaisille rummuille.,
fmpo:00380,,,,,,bangu,,,,,,,,,,,,,,,,,,,,,,,,,,,,,
fmpo:00381,http://urn.fi/urn:nbn:fi:au:seko:00381,,guan,guanzi,guan,,,,,http://www.yso.fi/onto/yso/p104984,Kiina,,fmpo:00715,oboesoitin,https://github.com/NatLibFi/SEKO/issues/30,,http://www.wikidata.org/entity/Q675382,MERGED  dc:replaces seko:00136,,,,,skos:exactMatch,http://id.loc.gov/authorities/performanceMediums/mp2013015303,,,,,,,,,KESKEN,Kiinalainen oboetyyppinen puhallinsoitin.,
fmpo:00381,,,,,,bili,fi,,,,,,,,,,,,,,,,,,,,,,,,,,,,
fmpo:00381,,,,,,guǎn,en,,,,,,,,,,,,,,,,,,,,,,,,,,,,
fmpo:00381,,,,,,houguan,en,,,,,,,,,,,,,,,,,,,,,,,,,,,,
fmpo:00381,,,,,,guan zi,en,,,,,,,,,,,,,,,,,,,,,,,,,,,,
fmpo:00381,,,,,,kuan tzu,en,,,,,,,,,,,,,,,,,,,,,,,,,,,,
fmpo:00382,http://urn.fi/urn:nbn:fi:au:seko:00382,,guasá,guasa,guasa,,,,,http://www.yso.fi/onto/yso/p106419,Kolumbia,,fmpo:00404,helistin,,,http://www.wikidata.org/entity/Q16573099,,,,,,,,,,,,,,,,TARKISTA,Kolumbialainen bambuhelistin.,
fmpo:00382,,,,,,guasa,,,,,,,,,,,,,,,,,,,,,,,,,,,,,
fmpo:00383,http://urn.fi/urn:nbn:fi:au:seko:00383,,gudastviri,gudastviri,gudastviri,,,,,http://www.yso.fi/onto/yso/p106264,Georgia,,fmpo:01024,säkkipilli,,,http://www.wikidata.org/entity/Q7725623,"""2026-07-17 corrected the broader (was self-reference)""",,,,,skos:exactMatch,http://id.loc.gov/authorities/performanceMediums/mp2013015133,,,,,,,,2026-07-17,TARKISTA,Georgialainen säkkipilli.,
fmpo:00383,,,,,,chiboni,,,,,,,,,,,,,,,,,,,,,,,,,,,,,
fmpo:00383,,,,,,stviri,,,,,,,,,,,,,,,,,,,,,,,,,,,,,
fmpo:00384,http://urn.fi/urn:nbn:fi:au:seko:00384,,gudok,gudok,gudok,,,,,"http://www.yso.fi/onto/yso/p94479,http://www.yso.fi/onto/yso/p122768",Venäjä|Valko-Venäjä,,fmpo:00446,jousisoitin,,,http://www.wikidata.org/entity/Q854664,,,,,,,,,,,,,,,,TARKISTA,Venäläinen ja valkovenäläinen jousisoitin.,
fmpo:00384,,,,,,hudok,,,,,,,,,,,,,,,,,,,,,,,,,,,,,
fmpo:00385,http://urn.fi/urn:nbn:fi:au:seko:00385,,guinbri,gumbri,gumbri,,,,,http://www.yso.fi/onto/yso/p105335,Pohjois-Afrikka,,fmpo:00709,näppäilysoitin,,,http://www.wikidata.org/entity/Q1431454,,,,,,skos:closeMatch,http://id.loc.gov/authorities/performanceMediums/mp2013015311,,,,,,,,,TARKISTA,Pohjoisafrikkalainen näppäiltävä luuttusoitin.,
fmpo:00385,,,,,,gimbri,,,,,,,,,,,,,,,,,,,,,,,,,,,,,
fmpo:00385,,,,,,gmbri,,,,,,,,,,,,,,,,,,,,,,,,,,,,,
fmpo:00385,,,,,,gnibra,,,,,,,,,,,,,,,,,,,,,,,,,,,,,
fmpo:00385,,,,,,gombri,,,,,,,,,,,,,,,,,,,,,,,,,,,,,
fmpo:00385,,,,,,gunbri,,,,,,,,,,,,,,,,,,,,,,,,,,,,,
fmpo:00386,http://urn.fi/urn:nbn:fi:au:seko:00386,,güira,güira,güira,,,,,http://www.yso.fi/onto/yso/p109233,Dominikaaninen tasavalta,,fmpo:00627,lyömäsoitin,,,http://www.wikidata.org/entity/Q1540998,,,,,,,,,,,,,,,,TARKISTA,Dominikaanisessa tasavallassa merengue-musiikissa käytettävä rytmisoitin (hammasidiofoni).,
fmpo:00386,,,,,,guira,,,,,,,,,,,,,,,,,,,,,,,,,,,,,
fmpo:00386,,,,,,gwira,,,,,,,,,,,,,,,,,,,,,,,,,,,,,
fmpo:00387,http://urn.fi/urn:nbn:fi:au:seko:00387,,guiro,guiro,guiro,,,,,http://www.yso.fi/onto/yso/p105005,Latinalainen Amerikka,,fmpo:00832,raappa,,,http://www.wikidata.org/entity/Q2237198,,,,,,skos:exactMatch,http://id.loc.gov/authorities/performanceMediums/mp2013015305,,,,,,,,,TARKISTA,Latinalaisen Amerikan musiikissa käytettävä rytmisoitin (hammasidiofoni).,
fmpo:00387,,,,,,alfandoque,,,,,,,,,,,,,,,,,,,,,,,,,,,,,
fmpo:00387,,,,,,calabazo,,,,,,,,,,,,,,,,,,,,,,,,,,,,,
fmpo:00387,,,,,,charrasca,,,,,,,,,,,,,,,,,,,,,,,,,,,,,
fmpo:00387,,,,,,churuca,,,,,,,,,,,,,,,,,,,,,,,,,,,,,
fmpo:00387,,,,,,guáchara,,,,,,,,,,,,,,,,,,,,,,,,,,,,,
fmpo:00387,,,,,,guacharaca,,,,,,,,,,,,,,,,,,,,,,,,,,,,,
fmpo:00387,,,,,,guasá,,,,,,,,,,,,,,,,,,,,,,,,,,,,,
fmpo:00387,,,,,,guayo,,,,,,,,,,,,,,,,,,,,,,,,,,,,,
fmpo:00387,,,,,,güiro,,,,,,,,,,,,,,,,,,,,,,,,,,,,,
fmpo:00387,,,,,,ralladera,,,,,,,,,,,,,,,,,,,,,,,,,,,,,
fmpo:00387,,,,,,rape guero,,,,,,,,,,,,,,,,,,,,,,,,,,,,,
fmpo:00387,,,,,,rascador,,,,,,,,,,,,,,,,,,,,,,,,,,,,,
fmpo:00387,,,,,,,,guachara,,,,,,,,,,,,,,,,,,,,,,,,,,,
fmpo:00387,,,,,,,,guasa,,,,,,,,,,,,,,,,,,,,,,,,,,,
fmpo:00388,http://urn.fi/urn:nbn:fi:au:seko:00388,,guitarrón,guitarrón,guitarrón,,,,,"http://www.yso.fi/onto/yso/p105032,http://www.yso.fi/onto/yso/p108111",Meksiko|Chile,,fmpo:00119,bassokitara,,,http://www.wikidata.org/entity/Q1554184,,,,,,skos:exactMatch,http://id.loc.gov/authorities/performanceMediums/mp2013015310,,,,,,,,,TARKISTA,Meksikolainen ja chileläinen bassokitara.,
fmpo:00388,,,,,,guitarron,fi,,,,,,,,,,,,,,,,,,,,,,,,,,,,
fmpo:00388,,,,,,guitarrón mexicano,en,,,,,,,,,,,,,,,,,,,,,,,,,,,,
fmpo:00389,http://urn.fi/urn:nbn:fi:au:seko:00389,,gusle,gusle,gusle,,,,,http://www.yso.fi/onto/yso/p105026,Balkanin niemimaa,,fmpo:00446,jousisoitin,,,http://www.wikidata.org/entity/Q669370,,,,,,skos:exactMatch,http://id.loc.gov/authorities/performanceMediums/mp2013015312,,,,,,,,,TARKISTA,Balkanilainen yksikielinen jousisoitin.,
fmpo:00389,,,,,,gusla (gusle),fi,,,,,,,,,,,,,,,,,,,,,,,,,,,,
fmpo:00389,,,,,,lahuta,,,,,,,,,,,,,,,,,,,,,,,,,,,,,
fmpo:00390,http://urn.fi/urn:nbn:fi:au:seko:00390,,gusli,gusli,gusli,,,,,http://www.yso.fi/onto/yso/p94479,Venäjä,,fmpo:00799,psaltteri,,,http://www.wikidata.org/entity/Q669370,,,,,,skos:exactMatch,http://id.loc.gov/authorities/performanceMediums/mp2013015313,,,,,,,,,TARKISTA,"Venäläinen, kantelemainen psaltterisoitin.",
fmpo:00390,,,,,,gousli,en,,,,,,,,,,,,,,,,,,,,,,,,,,,,
fmpo:00390,,,,,,husli,en,,,,,,,,,,,,,,,,,,,,,,,,,,,,
fmpo:00391,http://urn.fi/urn:nbn:fi:au:seko:00391,,haegūm,haegeum,haegeum,,,,,http://www.yso.fi/onto/yso/p109302,Korea,,fmpo:00770,piikkiviulu,,,http://www.wikidata.org/entity/Q706025,,,,,,skos:exactMatch,http://id.loc.gov/authorities/performanceMediums/mp2013015315,,,,,,,,,TARKISTA,Korealainen kaksikielinen piikkiviulu.,
fmpo:00391,,,,,,haegeum,fi,,,,,,,,,,,,,,,,,,,,,,,,,,,,
fmpo:00391,,,,,,haegum,fi,,,,,,,,,,,,,,,,,,,,,,,,,,,,
fmpo:00391,,,,,,haegŭm,en,,,,,,,,,,,,,,,,,,,,,,,,,,,,
fmpo:00391,,,,,,hyegum,en,,,,,,,,,,,,,,,,,,,,,,,,,,,,
fmpo:00392,http://urn.fi/urn:nbn:fi:au:seko:00392,TRUE,PUUTTUU,PUUTTUU,PUUTTUU,,,,,,,,PUUTTUU,,,,DEPRECATED,KÄSITE PUUTTUU,,,,,,,,FALSE,,,,,,,TARKISTA,,
fmpo:00393,http://urn.fi/urn:nbn:fi:au:seko:00393,,hardangerviulu,hardingfela,Hardanger fiddle,,,,,http://www.yso.fi/onto/yso/p94309,Norja,,fmpo:00446,jousisoitin,,,http://www.wikidata.org/entity/Q178933,,,,,,skos:exactMatch,http://id.loc.gov/authorities/performanceMediums/mp2013015321,,,,,,,,,TARKISTA,"Norjassa 1700-luvun alussa kehitetty erikoisrakenteinen viulu, jossa on soittokielten lisäksi resonanssikieliä.",
fmpo:00393,,,,,,hardangerfele,no,,,,,,,,,,,,,,,,,,,,,,,,,,,,
fmpo:00393,,,,,,hardangerfiol,sv,,,,,,,,,,,,,,,,,,,,,,,,,,,,
fmpo:00393,,,,,,hardangerinviulu,fi,,,,,,,,,,,,,,,,,,,,,,,,,,,,
fmpo:00393,,,,,,Harding fiddle,en,,,,,,,,,,,,,,,,,,,,,,,,,,,,
fmpo:00393,,,,,,hardingfela,sv,,,,,,,,,,,,,,,,,,,,,,,,,,,,
fmpo:00393,,,,,,hardingfele,no,,,,,,,,,,,,,,,,,,,,,,,,,,,,
fmpo:00394,http://urn.fi/urn:nbn:fi:au:seko:00394,,harmoni,harmonium,reed organ,,,,,,,,"fmpo:01170, fmpo:00543",vapaalehdykkäsoitin|kosketinsoitin,https://github.com/NatLibFi/SEKO/issues/56,http://www.yso.fi/onto/yso/p16545,http://www.wikidata.org/entity/Q12460259,"2026-06-25: Eolin altlabel, koska viittaa urkujen äänikertaan. Saattaa olla virheellinen muoto aeolian organ automaattiuruista.",,,http://www.mimo-db.eu/InstrumentsKeywords/2235,,skos:exactMatch,http://id.loc.gov/authorities/performanceMediums/mp2013015599,,,,,"historiallset erikoissoittimet  kuten Kunstharmonium, melodium, physharmonica, poikilorgue kuvaillaan käsitteellä  urkuharmoni",SPLIT pokuharmoni and urkuharmoni as narrower concepts. Altlabels  for historical harmonium moved also.,,2026-06-25,changed,"Urkujen sukuinen kosketinsoitin, jossa on yksinomaan resonaattorittomia läpilyöviä kieliäänikertoja (vapaalehdyköitä).",
fmpo:00394,,,,,,harmooni,fi,,,,,,,,,,,,,,,,,,,,,,,,,,,,
fmpo:00394,,,,,,käsiharmoni,fi,,,,,,,,,,,,,,,,,,,,,,,,,,,,
fmpo:00395,http://urn.fi/urn:nbn:fi:au:seko:00395,,harmonikka,dragspel,accordion,,,,,,,,fmpo:01170,vapaalehdykkäsoitin,,http://www.yso.fi/onto/yso/p11333,http://www.wikidata.org/entity/Q79838,,,,,,skos:closeMatch,http://id.loc.gov/authorities/performanceMediums/mp2013015001,,,,,,,,,TARKISTA,"Pienikokoinen vapaalehdykkäsoitin, jonka ilmansyöttö tapahtuu käsipalkein ja joka on varustettu soittimen kummassakin päässä olevalla koskettimistolla tai näppäimistöllä.",https://finto.fi/ic/fi/page/48C7335
fmpo:00395,,,,,,acc (harmonikka),fi,,,,,,,,,,,,,,,,,,,,,,,,,,,,
fmpo:00395,,,,,,accordéon,,,,,,,,,,,,,,,,,,,,,,,,,,,,,
fmpo:00395,,,,,,accordina,,,,,,,,,,,,,,,,,,,,,,,,,,,,,
fmpo:00395,,,,,,akkordeon,,,,,,,,,,,,,,,,,,,,,,,,,,,,,
fmpo:00395,,,,,,akkordion,,,,,,,,,,,,,,,,,,,,,,,,,,,,,
fmpo:00395,,,,,,bisonoric accordion,en,,,,,,,,,,,,,,,,,,,,,,,,,,,,
fmpo:00395,,,,,,diatoninen harmonikka,fi,,,,,,,,,,,,,,,,,,,,,,,,,,,,
fmpo:00395,,,,,,dragharmonika,sv,,,,,,,,,,,,,,,,,,,,,,,,,,,,
fmpo:00395,,,,,,freetapeli,fi,,,,,,,,,,,,,,,,,,,,,,,,,,,,
fmpo:00395,,,,,,haitari,fi,,,,,,,,,,,,,,,,,,,,,,,,,,,,
fmpo:00395,,,,,,handklaver,sv,,,,,,,,,,,,,,,,,,,,,,,,,,,,
fmpo:00395,,,,,,hanuri,fi,,,,,,,,,,,,,,,,,,,,,,,,,,,,
fmpo:00395,,,,,,heliconaccordeon,en,,,,,,,,,,,,,,,,,,,,,,,,,,,,
fmpo:00395,,,,,,jurna,,,,,,,,,,,,,,,,,,,,,,,,,,,,,
fmpo:00395,,,,,,konzertina,,,,,,,,,,,,,,,,,,,,,,,,,,,,,
fmpo:00395,,,,,,kromaattinen harmonikka,fi,,,,,,,,,,,,,,,,,,,,,,,,,,,,
fmpo:00395,,,,,,käsiharmonikka,fi,,,,,,,,,,,,,,,,,,,,,,,,,,,,
fmpo:00395,,,,,,livenka,,,,,,,,,,,,,,,,,,,,,,,,,,,,,
fmpo:00395,,,,,,lõõtspill,et,,,,,,,,,,,,,,,,,,,,,,,,,,,,
fmpo:00395,,,,,,melodeon,,,,,,,,,,,,,,,,,,,,,,,,,,,,,
fmpo:00395,,,,,,sarmankka,,,,,,,,,,,,,,,,,,,,,,,,,,,,,
fmpo:00395,,,,,,sorkkeli,fi,,,,,,,,,,,,,,,,,,,,,,,,,,,,
fmpo:00395,,,,,,taljanka,fi,,,,,,,,,,,,,,,,,,,,,,,,,,,,
fmpo:00395,,,,,,tšerepaška,,,,,,,,,,,,,,,,,,,,,,,,,,,,,
fmpo:00395,,,,,,venskaja,,,,,,,,,,,,,,,,,,,,,,,,,,,,,
fmpo:00395,,,,,,vetopeli,fi,,,,,,,,,,,,,,,,,,,,,,,,,,,,
fmpo:00395,,,,,,Ziehharmonika,de,,,,,,,,,,,,,,,,,,,,,,,,,,,,
fmpo:00395,,,,,,,,accordeon,,,,,,,,,,,,,,,,,,,,,,,,,,,
fmpo:00395,,,,,,,,kasiharmonikka,,,,,,,,,,,,,,,,,,,,,,,,,,,
fmpo:00395,,,,,,,,lootspill,,,,,,,,,,,,,,,,,,,,,,,,,,,
fmpo:00395,,,,,,,,tserepaska,,,,,,,,,,,,,,,,,,,,,,,,,,,
fmpo:00396,http://urn.fi/urn:nbn:fi:au:seko:00396,,harppukitara,harpgitarr,harp-guitar,,,,,http://www.yso.fi/onto/yso/p104990,Iso-Britannia,,fmpo:00709,näppäilysoitin,https://github.com/NatLibFi/SEKO/issues/54,,http://www.wikidata.org/entity/Q944501,"SPLIT?  Wikipedia separates ""harp-guitar"" and ""harp-lute""!",,,,,skos:closeMatch,http://id.loc.gov/authorities/performanceMediums/mp2013015329,,,,,,,,,KESKEN,Edward Lightin ja muiden Isossa-Britanniassa vuosina 1798–1828 kehittelemiä erilaisia kitaran ja harpun piirteitä yhdisteleviä näppäilysoittimia.,
fmpo:00396,,,,,,harp-lute,en,,,,,,,,,,,,,,,,,,,,,,,,,,,,
fmpo:00396,,,,,,harp-lute-guitar,en,,,,,,,,,,,,,,,,,,,,,,,,,,,,
fmpo:00396,,,,,,Regency harp-lute,en,,,,,,,,,,,,,,,,,,,,,,,,,,,,
fmpo:00397,http://urn.fi/urn:nbn:fi:au:seko:00397,TRUE,harmoška,harmoška,harmoška,,,,,http://www.yso.fi/onto/yso/p107664,Ukraina,,fmpo:00395,harmonikka,https://github.com/NatLibFi/SEKO/issues/4,,DEPRECATED,,,,,,,,,seko:00364,,,,MERGED with  seko:00364 and DEPRECATED,,2026-06-23,substituted,Ukrainalainen harmonikka.,
fmpo:00397,,,,,,garmoshka,,,,,,,,,,,,,,,,,,,,,,,,,,,,,
fmpo:00397,,,,,,harmoska,,,,,,,,,,,,,,,,,,,,,,,,,,,,,
fmpo:00397,,,,,,гармошка,ru,,,,,,,,,,,,,,,,,,,,,,,,,,,,
fmpo:00398,http://urn.fi/urn:nbn:fi:au:seko:00398,,harppu,harpa,harp,,,,,http://www.yso.fi/onto/yso/p94111,Eurooppa,,fmpo:00709,näppäilysoitin,,http://www.yso.fi/onto/yso/p16638,http://www.wikidata.org/entity/Q47369,,,,,,,,,,,,,,,,TARKISTA,"Yleisnimi harppusoittimille, mutta yleensä termillä tarkoitetaan eurooppalaisessa taidemusiikissa käytettäviä harppuja. Pienikokoinen kelttikulttuuriin liittyvä harppusoitin on kelttiläinen harppu. Taidemusiikissa käytetään lyhenteitä ar, arp, Hfe ja hp.",https://finto.fi/ic/fi/page/48C7322
fmpo:00398,,,,,,ar (harppu),fi,,,,,,,,,,,,,,,,,,,,,,,,,,,,
fmpo:00398,,,,,,arp (harppu),fi,,,,,,,,,,,,,,,,,,,,,,,,,,,,
fmpo:00398,,,,,,arpa,it,,,,,,,,,,,,,,,,,,,,,,,,,,,,
fmpo:00398,,,,,,harpe,fr,,,,,,,,,,,,,,,,,,,,,,,,,,,,
fmpo:00398,,,,,,Harfe,de,,,,,,,,,,,,,,,,,,,,,,,,,,,,
fmpo:00398,,,,,,Hfe (harppu),fi,,,,,,,,,,,,,,,,,,,,,,,,,,,,
fmpo:00398,,,,,,hp (harppu),fi,,,,,,,,,,,,,,,,,,,,,,,,,,,,
fmpo:00398,,,,,,trigonon,,,,,,,,,,,,,,,,,,,,,,,,,,,,,
fmpo:00399,http://urn.fi/urn:nbn:fi:au:seko:00399,,hautatorvi,gravhorn,gravehorn,,,,,http://www.yso.fi/onto/yso/p94426,Suomi,,fmpo:00513,klarinettisoitin,,,http://www.wikidata.org/entity/Q116062731,,,,,,,,,,,,,,,,TARKISTA,"Suomalainen kansanomainen, halkaistusta puupalasesta (kaikusuppilo tuohesta) tehty klarinettisoitin.",
fmpo:00400,http://urn.fi/urn:nbn:fi:au:seko:00400,,gitarr,hawaigitarr,Hawaiian guitar,,,,,http://www.yso.fi/onto/yso/p108840,Havaiji,,fmpo:00504,kitara,,http://www.yso.fi/onto/yso/p29819,http://www.wikidata.org/entity/Q644440,,,,,,skos:closeMatch,http://id.loc.gov/authorities/performanceMediums/mp2013015335,,,,,,,,,TARKISTA,"Havaijilla 1880-luvulla kehitetyn soittotyylin (sylissä, metallitangolla tai putkella kielillä liu'uttaen) seurauksena syntynyt tähän tarkoitukseen soveltuva kitara.",
fmpo:00400,,,,,,havaijilaiskitara,fi,,,,,,,,,,,,,,,,,,,,,,,,,,,,
fmpo:00400,,,,,,hawaiigitarr,sv,,,,,,,,,,,,,,,,,,,,,,,,,,,,
fmpo:00401,http://urn.fi/urn:nbn:fi:au:seko:00401,,heikebiwa,heikebiwa,heikebiwa,,,,,http://www.yso.fi/onto/yso/p105023,Japani,,fmpo:00139,biwa,,,http://www.wikidata.org/entity/Q116069483,,,,,,skos:broadMatch,http://id.loc.gov/authorities/performanceMediums/mp2013015086,,,,,,,,,TARKISTA,Japanilainen nelikielinen luuttusoitin.,
fmpo:00401,,,,,,heike-biwa,en,,,,,,,,,,,,,,,,,,,,,,,,,,,,
fmpo:00402,http://urn.fi/urn:nbn:fi:au:seko:00402,,hekkelfoni,heckelfon,heckelphone,,,,,,,,fmpo:00715,oboesoitin,,,http://www.wikidata.org/entity/Q1571002,,,,,,skos:exactMatch,http://id.loc.gov/authorities/performanceMediums/mp2013015337,,,,,,,,,TARKISTA,"Wilhelm Heckelin 1904 kehittämä baritonirekisterin oboesoitin, joka soi oktaavia matalammalta kuin oboe.",
fmpo:00402,,,,,,heckelfoni,fi,,,,,,,,,,,,,,,,,,,,,,,,,,,,
fmpo:00402,,,,,,Heckelphon,de,,,,,,,,,,,,,,,,,,,,,,,,,,,,
fmpo:00403,http://urn.fi/urn:nbn:fi:au:seko:00403,,helikon,helikon,helicon,,,,,,,,fmpo:01147,tuuba,,,http://www.wikidata.org/entity/Q779650,,,,,,skos:exactMatch,http://id.loc.gov/authorities/performanceMediums/mp2013015338,,,,,,,,,TARKISTA,"Suurikokoinen bassotuuba, joka kiertää soittajan vartaloa.",
fmpo:00403,,,,,,helicón,,,,,,,,,,,,,,,,,,,,,,,,,,,,,
fmpo:00403,,,,,,hélicon,,,,,,,,,,,,,,,,,,,,,,,,,,,,,
fmpo:00403,,,,,,helikoni,,,,,,,,,,,,,,,,,,,,,,,,,,,,,
fmpo:00404,http://urn.fi/urn:nbn:fi:au:seko:00404,,helistin,rassel,rattle,,,,,,,,fmpo:00627,lyömäsoitin,,,http://www.wikidata.org/entity/Q2132068,,,,,,skos:exactMatch,http://id.loc.gov/authorities/performanceMediums/mp2019015021,,,,,,,,,TARKISTA,"Yleisnimitys ravistettaville idiofoneille, jotka ovat yleisiä erityisesti kansanmusiikissa eri puolilla maailmaa. Suomessa helistimiä ovat mm. lepenelauta, puukello ja rapapalli.",
fmpo:00404,,,,,,shaken idiophone,en,,,,,,,,,,,,,,,,,,,,,,,,,,,,
fmpo:00404,,,,,,skallra,sv,,,,,,,,,,,,,,,,,,,,,,,,,,,,
fmpo:00404,,,,,,sonagli,it,,,,,,,,,,,,,,,,,,,,,,,,,,,,
fmpo:00405,http://urn.fi/urn:nbn:fi:au:seko:00405,,hichiriki,hichiriki,hichiriki,,,,,http://www.yso.fi/onto/yso/p105023,Japani,,fmpo:00715,oboesoitin,,,http://www.wikidata.org/entity/Q425748,,,,,,skos:exactMatch,https://id.loc.gov/authorities/performanceMediums/mp2013015340,,,,,,,,,TARKISTA,Japanilainen oboesoitin.,
fmpo:00406,http://urn.fi/urn:nbn:fi:au:seko:00406,,hiekkapaperi,sandpaperblock,sandpaper block,,,,,,,,fmpo:00627,lyömäsoitin,,,http://www.wikidata.org/entity/Q116073019,,,,,,,,,,,,,,,,TARKISTA,Soittimena kahteen toisiaan vasten hierottavaan puupalikkaan kiinnitettynä.,
fmpo:00406,,,,,,sandpaper,en,,,,,,,,,,,,,,,,,,,,,,,,,,,,
fmpo:00406,,,,,,sandpapper,sv,,,,,,,,,,,,,,,,,,,,,,,,,,,,
fmpo:00407,http://urn.fi/urn:nbn:fi:au:seko:00407,,hiekkaputki,shaker,shaker,,,,,,,,fmpo:00627,lyömäsoitin,,,http://www.wikidata.org/entity/Q1968760,,,,,,,,,,,,,,,,TARKISTA,"Rytmisoittimena käytetty putki, joka on täytetty hiekalla.",
fmpo:00408,http://urn.fi/urn:nbn:fi:au:seko:00408,,hi-hat,hi-hat,high-hat,,,,,,,,fmpo:00585,lautanen,,,http://www.wikidata.org/entity/Q963334,,,,,,,,,,,,,,,,TARKISTA,"Lyömäsoitin, joka koostuu kahdesta vaakasuoraan toisiaan vasten ripustetusta, yleensä metallisesta lautasesta.",
fmpo:00408,,,,,,haihat,fi,,,,,,,,,,,,,,,,,,,,,,,,,,,,
fmpo:00408,,,,,,haihatti,fi,,,,,,,,,,,,,,,,,,,,,,,,,,,,
fmpo:00409,http://urn.fi/urn:nbn:fi:au:seko:00409,,hiljainen sinkki,sinkadus,mute cornett,,,,,,,,fmpo:00937,sinkki,,,http://www.wikidata.org/entity/Q6943773,,,,http://www.mimo-db.eu/InstrumentsKeywords/3871,,skos:broadMatch,http://id.loc.gov/authorities/performanceMediums/mp2013015185,,,,,,changed skos:prefLabel sv to the MIMO label,,2026-06-25,valid,,
fmpo:00409,,,,,,tyst sinka,,,,,,,,,,,,,,,,,,,,,,,,,,,,,
fmpo:00409,,,,,,cornet muet,fr,,,,,,,,,,,,,,,,,,,,,,,,,,,,
fmpo:00409,,,,,,corneta muda,es,,,,,,,,,,,,,,,,,,,,,,,,,,,,
fmpo:00409,,,,,,cornettino (hiljainen sinkki),fi,,,,,,,,,,,,,,,,,,,,,,,,,,,,
fmpo:00409,,,,,,cornetto muto,it,,,,,,,,,,,,,,,,,,,,,,,,,,,,
fmpo:00409,,,,,,cornetto sordino,it,,,,,,,,,,,,,,,,,,,,,,,,,,,,
fmpo:00409,,,,,,stille Cornet,de,,,,,,,,,,,,,,,,,,,,,,,,,,,,
fmpo:00409,,,,,,stiller Diskantzink,de,,,,,,,,,,,,,,,,,,,,,,,,,,,,
fmpo:00409,,,,,,stiller Zink,de,,,,,,,,,,,,,,,,,,,,,,,,,,,,
fmpo:00410,http://urn.fi/urn:nbn:fi:au:seko:00410,,hnè,hne,hne,,,,,http://www.yso.fi/onto/yso/p105715,Myanmar,,fmpo:00715,oboesoitin,,,http://www.wikidata.org/entity/Q949708,,,,,,,,,,,,,,,,TARKISTA,Burmalainen oboesoitin.,
fmpo:00410,,,,,,hne,,,,,,,,,,,,,,,,,,,,,,,,,,,,,
fmpo:00411,http://urn.fi/urn:nbn:fi:au:seko:00411,TRUE,hojok,hojok,hojok,,,,,http://www.yso.fi/onto/yso/p109302,Korea,,fmpo:00715,oboesoitin,https://github.com/NatLibFi/SEKO/issues/51,,DEPRECATED,,,,,,,,https://rateyourmusic.com/list/rotkappchen/the_taepyeongso__or_hojok___koreans_double_reed_wind_instrument/#google_vignette,seko:01025,,,,2026: MUUSA decsion - appruved suggestions in issue #51,,2026-06-25; 2026-07-05 added changenote forMuusa decsion,superceded,Korealainen oboesoitin.,
fmpo:00412,http://urn.fi/urn:nbn:fi:au:seko:00412,,hsiao,xiao,xiao,,,,,http://www.yso.fi/onto/yso/p104984,Kiina,,fmpo:00418,huilusoitin,,,http://www.wikidata.org/entity/Q1394795,,,,,,skos:exactMatch,http://id.loc.gov/authorities/performanceMediums/mp2013015808,,,,,,,,,TARKISTA,Kiinalainen päästäpuhallettava huilu.,
fmpo:00412,,,,,,dongxiao,fi,,,,,,,,,,,,,,,,,,,,,,,,,,,,
fmpo:00413,http://urn.fi/urn:nbn:fi:au:seko:00413,,hsün,xun,xun,,,,,http://www.yso.fi/onto/yso/p104984,Kiina,,fmpo:00719,okariina,,,http://www.wikidata.org/entity/Q839767,,,,,,skos:exactMatch,http://id.loc.gov/authorities/performanceMediums/mp2013015809,,,,,,,,,TARKISTA,Kiinalainen okariina.,
fmpo:00413,,,,,,hsun,,,,,,,,,,,,,,,,,,,,,,,,,,,,,
fmpo:00413,,,,,,hsüan,,,,,,,,,,,,,,,,,,,,,,,,,,,,,
fmpo:00414,http://urn.fi/urn:nbn:fi:au:seko:00414,,huancada,huancara,huancara,,,,,http://www.yso.fi/onto/yso/p105005,Latinalainen Amerikka,,fmpo:00864,rumpu,https://github.com/NatLibFi/SEKO/issues/3,,MISSING,"MERGE? ""Wankara (Aymaran for a kind of drum, Hispanicized spelling Huancara)""  perhaps SAME AS ""wankara"" seko:01198",,,,,,,,,,,,,,,KESKEN,Latinalaisen Amerikan intiaanimusiikissa käytettävä rumpu.,
fmpo:00415,http://urn.fi/urn:nbn:fi:au:seko:00415,,huḍukkā,hudukka,hurka,,,,,http://www.yso.fi/onto/yso/p105027,Intia,,fmpo:01092,tiimalasirumpu,https://github.com/NatLibFi/SEKO/issues/52,,http://www.wikidata.org/entity/Q15816205,Hudukka is a North Indian variable-tension hourglass drum variant and udukka/udukku is a South Indian name and form.,,,,,,,https://en.wikipedia.org/wiki/Udukai,,,,,,,,KESKEN,Intialainen yleensä tiimalasinmuotoinen rumpu.,
fmpo:00415,,,,,,hudukka,fi,,,,,,,,,,,,,,,,,,,,,,,,,,,,
fmpo:00415,,,,,,huṛkī,en,,,,,,,,,,,,,,,,,,,,,,,,,,,,
fmpo:00415,,,,,,huṛko,en,,,,,,,,,,,,,,,,,,,,,,,,,,,,
fmpo:00415,,,,,,huṛuk,en,,,,,,,,,,,,,,,,,,,,,,,,,,,,
fmpo:00415,,,,,,hurki,en,,,,,,,,,,,,,,,,,,,,,,,,,,,,
fmpo:00415,,,,,,hurko,en,,,,,,,,,,,,,,,,,,,,,,,,,,,,
fmpo:00415,,,,,,huruk,en,,,,,,,,,,,,,,,,,,,,,,,,,,,,
fmpo:00415,,,,,,hudko,en,,,,,,,,,,,,,,,,,,,,,,,,,,,,
fmpo:00415,,,,,,hudka,en,,,,,,,,,,,,,,,,,,,,,,,,,,,,
fmpo:00415,,,,,,udukai,en,,,,,,,,,,,,,,,,,,,,,,,,,,,,
fmpo:00415,,,,,,uḍukkai,en,,,,,,,,,,,,,,,,,,,,,,,,,,,,
fmpo:00415,,,,,,uḍukku,en,,,,,,,,,,,,,,,,,,,,,,,,,,,,
fmpo:00415,,,,,,uṭukkai,en,,,,,,,,,,,,,,,,,,,,,,,,,,,,
fmpo:00416,http://urn.fi/urn:nbn:fi:au:seko:00416,,huehuétl,huehuetl,huehuetl,,,,,http://www.yso.fi/onto/yso/p105032,Meksiko,,fmpo:00864,rumpu,https://github.com/NatLibFi/SEKO/issues/59,,http://www.wikidata.org/entity/Q3142190,"Different from ""panhuehuetl""",,,,,,,,,,,,,,,KESKEN,Asteekkien yksikalvoinen rumpu.,
fmpo:00416,,,,,,huehuetl,,,,,,,,,,,,,,,,,,,,,,,,,,,,,
fmpo:00416,,,,,,huéhuetl,,,,,,,,,,,,,,,,,,,,,,,,,,,,,
fmpo:00416,,,,,,huēhuētl,,,,,,,,,,,,,,,,,,,,,,,,,,,,,
fmpo:00417,http://urn.fi/urn:nbn:fi:au:seko:00417,,huilu,flöjt,flute,,,,,http://www.yso.fi/onto/yso/p94111,Eurooppa,,fmpo:00418,huilusoitin,,http://www.yso.fi/onto/yso/p10306,https://www.wikidata.org/wiki/Q209554,,421.121.12,,http://www.mimo-db.eu/InstrumentsKeywords/4093,,skos:exactMatch,http://id.loc.gov/authorities/performanceMediums/mp2013015268,,,,,"Länsimainen poikkihuilu ja sen erilaiset historialliset ja nykyaikaiset muunnokset.""@fi",,,2026-06-28,valid,Länsimainen poikkihuilu ja sen erilaiset historialliset ja nykyaikaiset muunnokset.,https://finto.fi/ic/fi/page/48C7351
fmpo:00417,,,,,,barokkihuilu,fi,,,,,,,,,,,,,,,,,,,,,,,,,,,,
fmpo:00417,,,,,,Boehm-huilu,fi,,,,,,,,,,,,,,,,,,,,,,,,,,,,
fmpo:00417,,,,,,fl (huilu),fi,,,,,,,,,,,,,,,,,,,,,,,,,,,,
fmpo:00417,,,,,,flauto,fi,,,,,,,,,,,,,,,,,,,,,,,,,,,,
fmpo:00417,,,,,,flauto traverso,it,,,,,,,,,,,,,,,,,,,,,,,,,,,,
fmpo:00417,,,,,,flûte,fr,,,,,,,,,,,,,,,,,,,,,,,,,,,,
fmpo:00417,,,,,,flûte d'amour,fr,,,,,,,,,,,,,,,,,,,,,,,,,,,,
fmpo:00417,,,,,,flûte traversière,fr,,,,,,,,,,,,,,,,,,,,,,,,,,,,
fmpo:00417,,,,,,Flöte,de,,,,,,,,,,,,,,,,,,,,,,,,,,,,
fmpo:00417,,,,,,kartiohuilu,fi,,,,,,,,,,,,,,,,,,,,,,,,,,,,
fmpo:00417,,,,,,lemmenhuilu,fi,,,,,,,,,,,,,,,,,,,,,,,,,,,,
fmpo:00417,,,,,,poikkihuilu,fi,,,,,,,,,,,,,,,,,,,,,,,,,,,,
fmpo:00417,,,,,,Querflöte,de,,,,,,,,,,,,,,,,,,,,,,,,,,,,
fmpo:00417,,,,,,traverso,fi,,,,,,,,,,,,,,,,,,,,,,,,,,,,
fmpo:00417,,,,,,traversohuilu,fi,,,,,,,,,,,,,,,,,,,,,,,,,,,,
fmpo:00417,,,,,,tvärflöjt,sv,,,,,,,,,,,,,,,,,,,,,,,,,,,,
fmpo:00417,,,,,,,,flojt,sv,,,,,,,,,,,,,,,,,,,,,,,,,,
fmpo:00417,,,,,,,,Flote,de,,,,,,,,,,,,,,,,,,,,,,,,,,
fmpo:00417,,,,,,,,flute d'amour,fr,,,,,,,,,,,,,,,,,,,,,,,,,,
fmpo:00417,,,,,,,,flute traversiere,fr,,,,,,,,,,,,,,,,,,,,,,,,,,
fmpo:00417,,,,,,,,Querflote,de,,,,,,,,,,,,,,,,,,,,,,,,,,
fmpo:00417,,,,,,,,tvarflojt,sv,,,,,,,,,,,,,,,,,,,,,,,,,,
fmpo:00418,http://urn.fi/urn:nbn:fi:au:seko:00418,,huilusoitin,flöjtinstrument,edge-blown instrument,,,,,,,,fmpo:00817,puupuhallin,,http://www.yso.fi/onto/yso/p10307,http://www.wikidata.org/entity/Q11405,,421,,http://www.mimo-db.eu/InstrumentsKeywords/3883,,skos:closeMatch,http://id.loc.gov/authorities/performanceMediums/mp2013015268,,,,"""Yleisnimitys samankaltaisella äänenmuodostustekniikalla varustetuille puhallinsoittimille.""@fi",,removed LCMPT mapping to edge-blown instrument (is in seco:00851; changed wikidata mappping ,,2026-06-28,valid,Yleisnimitys samankaltaisella äänenmuodostustekniikalla varustetuille puhallinsoittimille.,
fmpo:00418,,,,,,särmähuilu,fi,,,,,,,,,,,,,,,,,,,,,,,,,,,,
fmpo:00418,,,,,,,,sarmahuilu,fi,,,,,,,,,,,,,,,,,,,,,,,,,,
fmpo:00419,http://urn.fi/urn:nbn:fi:au:seko:00419,,hummel,humle,hummel,,,,,"http://www.yso.fi/onto/yso/p105087,http://www.yso.fi/onto/yso/p105190,http://www.yso.fi/onto/yso/p94439,http://www.wikidata.org/entity/Q1426049",Saksa|Alankomaat|Tanska|Etelä-Ruotsi,,fmpo:00799,psaltteri,,,http://www.wikidata.org/entity/Q2094724,,,,,,skos:exactMatch,http://id.loc.gov/authorities/performanceMediums/mp2013015502,,,,,,,,,TARKISTA,"Pohjois-Saksassa, Hollannissa, Tanskassa ja Etelä-Ruotsissa käytetty sitra, joka kehitettiin 1700-luvulla.",
fmpo:00419,,,,,,hommel,en,,,,,,,,,,,,,,,,,,,,,,,,,,,,
fmpo:00419,,,,,,hummeli,fi,,,,,,,,,,,,,,,,,,,,,,,,,,,,
fmpo:00419,,,,,,langharpe,en,,,,,,,,,,,,,,,,,,,,,,,,,,,,
fmpo:00419,,,,,,noardske balke,en,,,,,,,,,,,,,,,,,,,,,,,,,,,,
fmpo:00419,,,,,,noordsche balk,en,,,,,,,,,,,,,,,,,,,,,,,,,,,,
fmpo:00419,,,,,,scheitholt,en,,,,,,,,,,,,,,,,,,,,,,,,,,,,
fmpo:00420,http://urn.fi/urn:nbn:fi:au:seko:00420,,hun,hun,hun,,,,,http://www.yso.fi/onto/yso/p109302,Korea,,fmpo:00719,okariina,,,http://www.wikidata.org/entity/Q5941969,,,,,,,,,,,,,,,,TARKISTA,Korealainen okariina.,
fmpo:00421,http://urn.fi/urn:nbn:fi:au:seko:00421,,husla,husle,husle,,,,,http://www.yso.fi/onto/yso/p105223,Itä-Eurooppa,,fmpo:00446,jousisoitin,,,http://www.wikidata.org/entity/Q42408328,"MERGE?  How is this difference from ""guslesta""?",,,,,,,,,,,,,,,TARKISTA,"Itäisessä Saksassa ja Itä-Euroopassa käytettävä viulusoitin, joka muistuttaa lähinnä keskiaikaista fiideliä.",
fmpo:00422,http://urn.fi/urn:nbn:fi:au:seko:00422,,huuchir,huuchir,huuchir,,,,,http://www.yso.fi/onto/yso/p105251,Mongolia,,fmpo:00770,piikkiviulu,,,http://www.wikidata.org/entity/Q18350431,,,,,,,,,,,,,,,,TARKISTA,"Mongolialainen kaksikielinen jousisoitin, jonka lähisukulainen on kiinalainen erhu.",
fmpo:00422,,,,,,khuuchir,,,,,,,,,,,,,,,,,,,,,,,,,,,,,
fmpo:00423,http://urn.fi/urn:nbn:fi:au:seko:00423,,huuliharppu,munspel,mouth organ,,,,,,,,fmpo:01170,vapaalehdykkäsoitin,,http://www.yso.fi/onto/yso/p11663,http://www.wikidata.org/entity/Q51290,,,,,,skos:exactMatch,http://id.loc.gov/authorities/performanceMediums/mp2013015323,,,,,,,,,TARKISTA,Värähtelevin metallikielin äänen synnyttävä puhallinsoitin.,https://finto.fi/ic/fi/page/48C7355
fmpo:00423,,,,,,harmonica,en,,,,,,,,,,,,,,,,,,,,,,,,,,,,
fmpo:00423,,,,,,harp (huuliharppu),fi,,,,,,,,,,,,,,,,,,,,,,,,,,,,
fmpo:00423,,,,,,hca (huuliharppu),fi,,,,,,,,,,,,,,,,,,,,,,,,,,,,
fmpo:00423,,,,,,armonica a bocca,it,,,,,,,,,,,,,,,,,,,,,,,,,,,,
fmpo:00423,,,,,,harmonica,fr,,,,,,,,,,,,,,,,,,,,,,,,,,,,
fmpo:00423,,,,,,Mundharmonika,de,,,,,,,,,,,,,,,,,,,,,,,,,,,,
fmpo:00423,,,,,,munharmonika,sv,,,,,,,,,,,,,,,,,,,,,,,,,,,,
fmpo:00424,http://urn.fi/urn:nbn:fi:au:seko:00424,,vesiurut,vattenorgel,water organ,,,,,"http://www.yso.fi/onto/yso/p105081,http://www.yso.fi/onto/yso/p101044",Rooman valtakunta|Bysantti,,fmpo:01167,urut,,,http://www.wikidata.org/entity/Q918236,,,,,,skos:exactMatch,http://id.loc.gov/authorities/performanceMediums/mp2013015796,,,,,,,,,TARKISTA,"Antiikin Kreikassa ja Roomassa sekä Bysantissa kehitellyt, veden paineella toimivat urut.",
fmpo:00424,,,,,,akvorgeno,eo,,,,,,,,,,,,,,,,,,,,,,,,,,,,
fmpo:00424,,,,,,gidravlis,lv,,,,,,,,,,,,,,,,,,,,,,,,,,,,
fmpo:00424,,,,,,gidravlos,el,,,,,,,,,,,,,,,,,,,,,,,,,,,,
fmpo:00424,,,,,,hidraulisz,hu,,,,,,,,,,,,,,,,,,,,,,,,,,,,
fmpo:00424,,,,,,hiodrálais,ga,,,,,,,,,,,,,,,,,,,,,,,,,,,,
fmpo:00424,,,,,,hydraula,la,,,,,,,,,,,,,,,,,,,,,,,,,,,,
fmpo:00424,,,,,,hydraule,fr,,,,,,,,,,,,,,,,,,,,,,,,,,,,
fmpo:00424,,,,,,hydraulic organ,en,,,,,,,,,,,,,,,,,,,,,,,,,,,,
fmpo:00424,,,,,,hydraulis,la,,,,,,,,,,,,,,,,,,,,,,,,,,,,
fmpo:00424,,,,,,hüdraulis,la,,,,,,,,,,,,,,,,,,,,,,,,,,,,
fmpo:00424,,,,,,hydrauliset urut,fi,,,,,,,,,,,,,,,,,,,,,,,,,,,,
fmpo:00424,,,,,,hydraulos,el,,,,,,,,,,,,,,,,,,,,,,,,,,,,
fmpo:00424,,,,,,hydraulus,la,,,,,,,,,,,,,,,,,,,,,,,,,,,,
fmpo:00424,,,,,,órgano hidráulico,es,,,,,,,,,,,,,,,,,,,,,,,,,,,,
fmpo:00424,,,,,,organo idraulico,it,,,,,,,,,,,,,,,,,,,,,,,,,,,,
fmpo:00424,,,,,,órganu idráulicu,as,,,,,,,,,,,,,,,,,,,,,,,,,,,,
fmpo:00424,,,,,,orgue hidràulicgan,fr,,,,,,,,,,,,,,,,,,,,,,,,,,,,
fmpo:00424,,,,,,orgue hydraulique,fr,,,,,,,,,,,,,,,,,,,,,,,,,,,,
fmpo:00424,,,,,,vannorgel,no,,,,,,,,,,,,,,,,,,,,,,,,,,,,
fmpo:00424,,,,,,vesiorel,et,,,,,,,,,,,,,,,,,,,,,,,,,,,,
fmpo:00424,,,,,,víziorgona,hu,,,,,,,,,,,,,,,,,,,,,,,,,,,,
fmpo:00424,,,,,,Wasserorgel,de,,,,,,,,,,,,,,,,,,,,,,,,,,,,
fmpo:00424,,,,,,waterorgel,nl,,,,,,,,,,,,,,,,,,,,,,,,,,,,
fmpo:00424,,,,,,,,hiodralais,ga,,,,,,,,,,,,,,,,,,,,,,,,,,
fmpo:00424,,,,,,,,hudraulis,la,,,,,,,,,,,,,,,,,,,,,,,,,,
fmpo:00424,,,,,,,,organo hidraulico,as,,,,,,,,,,,,,,,,,,,,,,,,,,
fmpo:00424,,,,,,,,organu idraulicu,as,,,,,,,,,,,,,,,,,,,,,,,,,,
fmpo:00424,,,,,,,,orgue hidraulicgan,fr,,,,,,,,,,,,,,,,,,,,,,,,,,
fmpo:00424,,,,,,,,viziorgona,hu,,,,,,,,,,,,,,,,,,,,,,,,,,
fmpo:00425,http://urn.fi/urn:nbn:fi:au:seko:00425,,ichigen-kin,ichigenkin,ichigenkin,,,,,http://www.yso.fi/onto/yso/p105023,Japani,,"fmpo:00943, fmpo:00709",sitra|näppäilysoitin,,,http://www.wikidata.org/entity/Q5986114,,,,,,skos:exactMatch,http://id.loc.gov/authorities/performanceMediums/mp2013015350,,,,,,,,,TARKISTA,"Japanilainen, noin 110 cm pitkä näppäillen soitettava yksikielinen sitra.",
fmpo:00425,,,,,,hankin,,,,,,,,,,,,,,,,,,,,,,,,,,,,,
fmpo:00425,,,,,,ichigenkin,,,,,,,,,,,,,,,,,,,,,,,,,,,,,
fmpo:00425,,,,,,suma-goto,,,,,,,,,,,,,,,,,,,,,,,,,,,,,
fmpo:00426,http://urn.fi/urn:nbn:fi:au:seko:00426,,iḍakka,iḍakka,iḍakka,,,,,http://www.yso.fi/onto/yso/p235077,Etelä-Intia,,fmpo:01092,tiimalasirumpu,,,http://www.wikidata.org/entity/Q1249186,,,,,,,,,,,,,,,,TARKISTA,"Kaakkoisintialainen tiimalasinmuotoinen rumpu, jonka viritystasoa voidaan muuttaa.",
fmpo:00426,,,,,,eḍakkya,,,,,,,,,,,,,,,,,,,,,,,,,,,,,
fmpo:00426,,,,,,idakka,fi,,,,,,,,,,,,,,,,,,,,,,,,,,,,
fmpo:00426,,,,,,iṭekka,,,,,,,,,,,,,,,,,,,,,,,,,,,,,
fmpo:00426,,,,,,,,edakkya,,,,,,,,,,,,,,,,,,,,,,,,,,,
fmpo:00426,,,,,,,,itekka,,,,,,,,,,,,,,,,,,,,,,,,,,,
fmpo:00427,http://urn.fi/urn:nbn:fi:au:seko:00427,,ihmisääni,röst,voice,,,,,,,,fmpo:01223,ääni,,,http://www.wikidata.org/entity/Q7390,,,,,,skos:exactMatch,http://id.loc.gov/authorities/performanceMediums/mp2013015791,,,,,,,,,TARKISTA,,
fmpo:00428,http://urn.fi/urn:nbn:fi:au:seko:00428,,imzad,imzad,imzad,,,,,http://www.yso.fi/onto/yso/p105335,Pohjois-Afrikka,,fmpo:00446,jousisoitin,,,http://www.wikidata.org/entity/Q389949,,,,,,skos:exactMatch,http://id.loc.gov/authorities/performanceMediums/mp2013015352,,,,,,,,,TARKISTA,Pohjois-Afrikan paimentolaisten yksikielinen jousisoitin.,
fmpo:00429,http://urn.fi/urn:nbn:fi:au:seko:00429,,inanga,inanga,inanga,,,,,http://www.yso.fi/onto/yso/p184560,Keskinen Afrikka,,fmpo:00943,sitra,,,http://www.wikidata.org/entity/Q1660902,,,,,,skos:exactMatch,http://id.loc.gov/authorities/performanceMediums/mp2019015011,,,,,,,,,TARKISTA,Keskiafrikkalainen sitrasoitin.,
fmpo:00430,http://urn.fi/urn:nbn:fi:au:seko:00430,,indingidi,indingidi,indingidi,,,,,http://www.yso.fi/onto/yso/p109230,Burundi,,fmpo:00446,jousisoitin,,,http://www.wikidata.org/entity/Q116143373,,,,,,,,,,,,,,,,TARKISTA,Burundilainen putkiviulu.,
fmpo:00430,,,,,,izeze,,,,,,,,,,,,,,,,,,,,,,,,,,,,,
fmpo:00431,http://urn.fi/urn:nbn:fi:au:seko:00431,,irlantilainen buzuki,irländsk bouzouki,Irish bouzouki,,,,,http://www.yso.fi/onto/yso/p105195,Irlanti,,fmpo:00709,näppäilysoitin,,,http://www.wikidata.org/entity/Q2660670,,,,,,,,,,,,,,,,TARKISTA,"Kreikkalaisesta soittimesta kehitetty luuttusoitin, jota käytetään paljon nykykansanmusiikissa.",
fmpo:00431,,,,,,bouzouki irlandese,,,,,,,,,,,,,,,,,,,,,,,,,,,,,
fmpo:00431,,,,,,Ierse bouzouki,,,,,,,,,,,,,,,,,,,,,,,,,,,,,
fmpo:00431,,,,,,Irische Bouzouki,de,,,,,,,,,,,,,,,,,,,,,,,,,,,,
fmpo:00431,,,,,,irsk bouzouki,,,,,,,,,,,,,,,,,,,,,,,,,,,,,
fmpo:00432,http://urn.fi/urn:nbn:fi:au:seko:00432,,itäkarjalainen kantele,östkarelisk kantele,East Kareliean kantele,,,,,http://www.yso.fi/onto/yso/p105073,Itä-Karjala,,fmpo:00470,kantele,,,http://www.wikidata.org/entity/Q116143703,,,,,,,,,,,,,,,,TARKISTA,Itäkarjalassa käytetty kantele.,
fmpo:00433,http://urn.fi/urn:nbn:fi:au:seko:00433,,jalkiocembalo,pedalcembalo,pedal harpsichord,,,,,,,,fmpo:00194,cembalo,,,http://www.wikidata.org/entity/Q116144793,,,,,,skos:exactMatch,http://id.loc.gov/authorities/performanceMediums/mp2013015534,,,,,,,,,TARKISTA,"Cembalo, johon on yhdistetty erillinen jalkio bassoäänten soittamista varten.",
fmpo:00433,,,,,,pedaalicembalo,fi,,,,,,,,,,,,,,,,,,,,,,,,,,,,
fmpo:00434,http://urn.fi/urn:nbn:fi:au:seko:00434,,jalkioharmonikka,pedaldragspel,foot bass,,,,,http://www.yso.fi/onto/yso/p108647,Belgia,,fmpo:00395,harmonikka,,,http://www.wikidata.org/entity/Q20616435,,,,,,,,,,,,,,,,TARKISTA,"Belgialaisen Joseph Alexandryn kehittelemä ja vuonna 1894 patentoima tappijalkiollinen vapaalehdykkäsoitin, jota on käytetty erityisesti harmonikan parina bassosävelten soittamista varten.",
fmpo:00434,,,,,,basse aux pieds,fr,,,,,,,,,,,,,,,,,,,,,,,,,,,,
fmpo:00434,,,,,,voetbas,,,,,,,,,,,,,,,,,,,,,,,,,,,,,
fmpo:00435,http://urn.fi/urn:nbn:fi:au:seko:00435,,jalkioklavikordi,pedalklavikord,pedal clavichord,,,,,,,,fmpo:00514,klavikordi,,,http://www.wikidata.org/entity/Q1151054,,,,,,skos:exactMatch,http://id.loc.gov/authorities/performanceMediums/mp2013015533,,,,,,,,,TARKISTA,"Klavikordi, johon on yhdistetty erillinen jalkio bassoäänten soittamista varten.",
fmpo:00435,,,,,,pedaaliklavikordi,fi,,,,,,,,,,,,,,,,,,,,,,,,,,,,
fmpo:00436,http://urn.fi/urn:nbn:fi:au:seko:00436,,jalkiopiano,pedalpiano,pedal piano,,,,,,,,fmpo:00763,piano,,,https://www.wikidata.org/wiki/Q2631948,,,,,,skos:exactMatch,http://id.loc.gov/authorities/performanceMediums/mp2013015536,,,,,,,,,TARKISTA,"Piano, johon on yhdistetty erillinen jalkio bassoäänten soittamista varten. Termiä käytetään sekä soittimista, joissa jalkio on pysyvä rakenteellinen osa että tilapäisistä ratkaisuista, joissa sormiolla soitetaan yhtä ja jalkiolla toista pianoa.",
fmpo:00436,,,,,,pedaalipiano,fi,,,,,,,,,,,,,,,,,,,,,,,,,,,,
fmpo:00436,,,,,,Pedalflügel,de,,,,,,,,,,,,,,,,,,,,,,,,,,,,
fmpo:00436,,,,,,piano-pédalier,fr,,,,,,,,,,,,,,,,,,,,,,,,,,,,
fmpo:00436,,,,,,,,Pedalflugel,,,,,,,,,,,,,,,,,,,,,,,,,,,
fmpo:00436,,,,,,,,piano-pedalier,,,,,,,,,,,,,,,,,,,,,,,,,,,
fmpo:00437,http://urn.fi/urn:nbn:fi:au:seko:00437,,jalkiosähköurut,pedalelorgel,pedal electronic organ,,,,,,,,fmpo:01022,sähköurut,,,http://www.wikidata.org/entity/Q117116516,,,,,,,,,,,,,,,,TARKISTA,"Yleisnimi sähköuruille, jonka bassoääniä soitetaan jalkiolla.",
fmpo:00437,,,,,,pedaalisähköurut,fi,,,,,,,,,,,,,,,,,,,,,,,,,,,,
fmpo:00438,http://urn.fi/urn:nbn:fi:au:seko:00438,,jantar,jantar,jantar,,,,,http://www.yso.fi/onto/yso/p235078,Pohjois-Intia,,fmpo:00709,näppäilysoitin,,,http://www.wikidata.org/entity/Q105394052,,,,,,,,,,,,,,,,TARKISTA,"Pohjoisintialainen kaulasitra, jossa on resonoivia kieliä.",
fmpo:00438,,,,,,yantra,,,,,,,,,,,,,,,,,,,,,,,,,,,,,
fmpo:00439,http://urn.fi/urn:nbn:fi:au:seko:00439,,jarana,jarana,jarana,,,,,http://www.yso.fi/onto/yso/p105032,Meksiko,,fmpo:00504,kitara,,,http://www.wikidata.org/entity/Q3817760,,,,,,skos:exactMatch,https://id.loc.gov/authorities/performanceMediums/mp2020015008,,,,,,,,,TARKISTA,Meksikolainen son-musiikissa käytettävä viisikieliparinen kitara.,
fmpo:00439,,,,,,jarana de son huasteco,,,,,,,,,,,,,,,,,,,,,,,,,,,,,
fmpo:00439,,,,,,jaranita,,,,,,,,,,,,,,,,,,,,,,,,,,,,,
fmpo:00440,http://urn.fi/urn:nbn:fi:au:seko:00440,,jiao,jiao,jiao,,,,,http://www.yso.fi/onto/yso/p104984,Kiina,,fmpo:00899,sarvi (puhallinsoitin),https://github.com/NatLibFi/SEKO/issues/2,,MISSING,"""2026-08-04 probably same as seko:00899 sarvi (puhallinsoitin) [seko-issues:2]""@en",423.212.2,,,,skos:closeMatch,http://id.loc.gov/authorities/performanceMediums/mp2013015496,"<https://en.wikipedia.org/wiki/List_of_Chinese_musical_instruments>, <https://www.facebook.com/media/set/?set=a.10159500206920562.1073741866.870535561&type=3>",seko:00899,,,,"""2026-08-04 altLabels added.""@en",,2026-08-04,KESKEN,Kiinalainen sarvisoitin.,
fmpo:00440,,,,,,chiao,en,,,,,,,,,,,,,,,,,,,,,,,,,,,,
fmpo:00440,,,,,,jiăo,ch,,,,,,,,,,,,,,,,,,,,,,,,,,,,
fmpo:00440,,,,,,dajiao,en,,,,,,,,,,,,,,,,,,,,,,,,,,,,
fmpo:00441,http://urn.fi/urn:nbn:fi:au:seko:00441,,jinghu,jinghu,jing hu,,,,,http://www.yso.fi/onto/yso/p104984,Kiina,,fmpo:00446,jousisoitin,,,http://www.wikidata.org/entity/Q873588,,,,,,skos:exactMatch,http://id.loc.gov/authorities/performanceMediums/mp2013015363,,,,,,,,,TARKISTA,Kiinalainen kaksikielinen jousisoitin.,
fmpo:00441,,,,,,hu ch'in,,,,,,,,,,,,,,,,,,,,,,,,,,,,,
fmpo:00441,,,,,,huqin,,,,,,,,,,,,,,,,,,,,,,,,,,,,,
fmpo:00442,http://urn.fi/urn:nbn:fi:au:seko:00442,,kapellimestari,dirigent,music director,,,,,,,,fmpo:01225,esittäjä,https://github.com/NatLibFi/SEKO/issues/64,http://www.yso.fi/onto/yso/p5326,https://www.wikidata.org/wiki/Q1198887,SPLIT choirmaster to a separate concept,,,,,skos:exactMatch,http://id.loc.gov/authorities/performanceMediums/mp2013015171,http://urn.fi/URN:NBN:fi:au:mts:m2771,,seko:x485,,,SPLIT choirmaster to a separate concept,,2026-06-27,submitted,,https://finto.fi/ic/fi/page/48C77
fmpo:00442,,,,,,orkesterinjohtaja,fi,,,,,,,,,,,,,,,,,,,,,,,,,,,,
fmpo:00442,,,,,,musiikinjohtaja,fi,,,,,,,,,,,,,,,,,,,,,,,,,,,,
fmpo:00442,,,,,,joht. (johtaja),fi,,,,,,,,,,,,,,,,,,,,,,,,,,,,
fmpo:00442,,,,,,kapellmästare,sv,,,,,,,,,,,,,,,,,,,,,,,,,,,,
fmpo:00442,,,,,,orkesterdirigent,sv,,,,,,,,,,,,,,,,,,,,,,,,,,,,
fmpo:00442,,,,,,conductor (music),en,,,,,,,,,,,,,,,,,,,,,,,,,,,,
fmpo:00442,,,,,,director (music),en,,,,,,,,,,,,,,,,,,,,,,,,,,,,
fmpo:00442,,,,,,Dirigent,de,,,,,,,,,,,,,,,,,,,,,,,,,,,,
fmpo:00442,,,,,,direttore d'orchestra,it,,,,,,,,,,,,,,,,,,,,,,,,,,,,
fmpo:00442,,,,,,chef d'orchestre,fr,,,,,,,,,,,,,,,,,,,,,,,,,,,,
fmpo:00442,,,,,,conductor,en,,,,,,,,,,,,,,,,,,,,,,,,,,,,
fmpo:00442,,,,,,musical director,en,,,,,,,,,,,,,,,,,,,,,,,,,,,,
fmpo:00442,,,,,,MD,en,,,,,,,,,,,,,,,,,,,,,,,,,,,,
fmpo:00442,,,,,,musical conductor,en,,,,,,,,,,,,,,,,,,,,,,,,,,,,
fmpo:00442,,,,,,orchetra director,en,,,,,,,,,,,,,,,,,,,,,,,,,,,,
fmpo:00442,,,,,,director of music,en,,,,,,,,,,,,,,,,,,,,,,,,,,,,
fmpo:00442,,,,,,bandleader,en,,,,,,,,,,,,,,,,,,,,,,,,,,,,
fmpo:00443,http://urn.fi/urn:nbn:fi:au:seko:00443,,jouhikko,stråkharpa (jouhikko),bowed harp,,,,,"http://www.yso.fi/onto/yso/p94426,http://www.yso.fi/onto/yso/p94192",Suomi|Karjala,,fmpo:00446,jousisoitin,https://github.com/NatLibFi/SEKO/issues/128,http://www.yso.fi/onto/yso/p14167,http://www.wikidata.org/entity/Q1709776,,,,,,skos:exactMatch,http://id.loc.gov/authorities/performanceMediums/mp2013015364,,,,,,issue created - merge | split?,,2026-07-04,KESKEN,"Suomessa ja Karjalassa käytetty, jousella soitettava yleensä 2–4-kielinen lyyra, jonka läheisin sukulainen on talharpa.",
fmpo:00443,,,,,,jouhikannel,fi,,,,,,,,,,,,,,,,,,,,,,,,,,,,
fmpo:00443,,,,,,jouhikantele,fi,,,,,,,,,,,,,,,,,,,,,,,,,,,,
fmpo:00443,,,,,,jouhikas,fi,,,,,,,,,,,,,,,,,,,,,,,,,,,,
fmpo:00443,,,,,,jouhkannel,fi,,,,,,,,,,,,,,,,,,,,,,,,,,,,
fmpo:00443,,,,,,kanteleharpa,sv,,,,,,,,,,,,,,,,,,,,,,,,,,,,
fmpo:00443,,,,,,stråkharpa,sv,,,,,,,,,,,,,,,,,,,,,,,,,,,,
fmpo:00443,,,,,,,,strakharpa (jouhikko),,,,,,,,,,,,,,,,,,,,,,,,,,,
fmpo:00444,http://urn.fi/urn:nbn:fi:au:seko:00444,,jousiklaveri,vioolorgel,bowed clavier,,,,,,,,fmpo:00543,kosketinsoitin,https://github.com/NatLibFi/SEKO/issues/60,,http://www.wikidata.org/entity/Q372308,"SPLIT?  Altlabel is separate concept ""Viola organista"" and ""Wheelharp""",,,,,,,https://en.wikipedia.org/wiki/Viola_organista |https://en.wikipedia.org/wiki/Wheelharp,,,,,,,,KESKEN,"Kosketinsoitin, jossa ääni syntyy puisten kiekkojen hangatessa kieliä samaan tapaan kuin kampiliirassa.",
fmpo:00444,,,,,,Bogenflügel,de,,,,,,,,,,,,,,,,,,,,,,,,,,,,
fmpo:00444,,,,,,Bogenklavier,de,,,,,,,,,,,,,,,,,,,,,,,,,,,,
fmpo:00444,,,,,,bowed clavier,en,,,,,,,,,,,,,,,,,,,,,,,,,,,,
fmpo:00444,,,,,,celestinette,,,,,,,,,,,,,,,,,,,,,,,,,,,,,
fmpo:00444,,,,,,clavecin-vielle,,,,,,,,,,,,,,,,,,,,,,,,,,,,,
fmpo:00444,,,,,,claviol,,,,,,,,,,,,,,,,,,,,,,,,,,,,,
fmpo:00444,,,,,,claviola (jousiklaveri),fi,,,,,,,,,,,,,,,,,,,,,,,,,,,,
fmpo:00444,,,,,,claviole,,,,,,,,,,,,,,,,,,,,,,,,,,,,,
fmpo:00444,,,,,,Gambenklavier,de,,,,,,,,,,,,,,,,,,,,,,,,,,,,
fmpo:00444,,,,,,Geigenwerck,de,,,,,,,,,,,,,,,,,,,,,,,,,,,,
fmpo:00444,,,,,,Geigenwerk,de,,,,,,,,,,,,,,,,,,,,,,,,,,,,
fmpo:00444,,,,,,jouhiklaveri,fi,,,,,,,,,,,,,,,,,,,,,,,,,,,,
fmpo:00444,,,,,,sostenente piano,fi,,,,,,,,,,,,,,,,,,,,,,,,,,,,
fmpo:00444,,,,,,sostinente piano,fi,,,,,,,,,,,,,,,,,,,,,,,,,,,,
fmpo:00444,,,,,,Streichklavier,de,,,,,,,,,,,,,,,,,,,,,,,,,,,,
fmpo:00444,,,,,,viola organista,,,,,,,,,,,,,,,,,,,,,,,,,,,,,
fmpo:00444,,,,,,viuluklaveri,fi,,,,,,,,,,,,,,,,,,,,,,,,,,,,
fmpo:00444,,,,,,wheelharp,en,,,,,,,,,,,,,,,,,,,,,,,,,,,,
fmpo:00444,,,,,,xänorphica,,,,,,,,,,,,,,,,,,,,,,,,,,,,,
fmpo:00444,,,,,,,,Bogenflugel,,,,,,,,,,,,,,,,,,,,,,,,,,,
fmpo:00444,,,,,,,,xanorphica,,,,,,,,,,,,,,,,,,,,,,,,,,,
fmpo:00445,http://urn.fi/urn:nbn:fi:au:seko:00445,,jousiorkesteri,stråkorkester,string orchestra,,,,,,,,fmpo:00728,orkesteri,,http://www.yso.fi/onto/yso/p15915,http://www.wikidata.org/entity/Q1090674,,,,,,skos:exactMatch,http://id.loc.gov/authorities/performanceMediums/mp2013015681,,,,,,,,,TARKISTA,,
fmpo:00445,,,,,,,,strakorkester,,,,,,,,,,,,,,,,,,,,,,,,,,,
fmpo:00445,,,,,,,,strakorkestrar,,,,,,,,,,,,,,,,,,,,,,,,,,,
fmpo:00446,http://urn.fi/urn:nbn:fi:au:seko:00446,,jousisoitin,stråkinstrument,bowed string instrument,,,,,,,,fmpo:00500,kielisoitin,,http://www.yso.fi/onto/yso/p14229,http://www.wikidata.org/entity/Q192096,,,,,,skos:exactMatch,http://id.loc.gov/authorities/performanceMediums/mp2013015098,,,,,,,,,TARKISTA,Jousisoitinten ryhmään kuuluvien soittimien yleisnimitys. Taidemusiikissa käytetään lyhenteitä arc ja str.,https://finto.fi/ic/fi/page/48C731
fmpo:00446,,,,,,arc (jousisoitin),fi,,,,,,,,,,,,,,,,,,,,,,,,,,,,
fmpo:00446,,,,,,bowed instrument,en,,,,,,,,,,,,,,,,,,,,,,,,,,,,
fmpo:00446,,,,,,string instrument (bowed),en,,,,,,,,,,,,,,,,,,,,,,,,,,,,
fmpo:00446,,,,,,bowed stringed instrument,en,,,,,,,,,,,,,,,,,,,,,,,,,,,,
fmpo:00446,,,,,,Saiteninstrument,de,,,,,,,,,,,,,,,,,,,,,,,,,,,,
fmpo:00446,,,,,,Streicheninstrument,de,,,,,,,,,,,,,,,,,,,,,,,,,,,,
fmpo:00446,,,,,,jouset,fi,,,,,,,,,,,,,,,,,,,,,,,,,,,,
fmpo:00446,,,,,,str (jousisoitin),fi,,,,,,,,,,,,,,,,,,,,,,,,,,,,
fmpo:00446,,,,,,Streicher,de,,,,,,,,,,,,,,,,,,,,,,,,,,,,
fmpo:00446,,,,,,strings,en,,,,,,,,,,,,,,,,,,,,,,,,,,,,
fmpo:00446,,,,,,stråkinstrument,sv,,,,,,,,,,,,,,,,,,,,,,,,,,,,
fmpo:00446,,,,,,strumento a corda (suonatio con archetto),it,,,,,,,,,,,,,,,,,,,,,,,,,,,,
fmpo:00446,,,,,,instrument à corde (et archet),fr,,,,,,,,,,,,,,,,,,,,,,,,,,,,
fmpo:00446,,,,,,,,strakinstrument,,,,,,,,,,,,,,,,,,,,,,,,,,,
fmpo:00447,http://urn.fi/urn:nbn:fi:au:seko:00447,,joze,djoza,djoza,,,,,http://www.yso.fi/onto/yso/p106277,Irak,,fmpo:00770,piikkiviulu,,,http://www.wikidata.org/entity/Q3033074,,,,,,,,,,,,,,,,TARKISTA,Irakilainen nelikielinen piikkiviulu.,
fmpo:00447,,,,,,djosa,fi,,,,,,,,,,,,,,,,,,,,,,,,,,,,
fmpo:00447,,,,,,djoza,fi,,,,,,,,,,,,,,,,,,,,,,,,,,,,
fmpo:00447,,,,,,djozé,en,,,,,,,,,,,,,,,,,,,,,,,,,,,,
fmpo:00448,http://urn.fi/urn:nbn:fi:au:seko:00448,,jula-jula,jula-jula,jula-jula,,,,,http://www.yso.fi/onto/yso/p108647,Bolivia,,fmpo:00749,panhuilu,,,http://www.wikidata.org/entity/Q116145993,,,,,,,,,,,,,,,,TARKISTA,Bolivialainen panhuilu.,
fmpo:00449,http://urn.fi/urn:nbn:fi:au:seko:00449,,k'shots,k'shots,k'shots,,,,,http://www.yso.fi/onto/yso/p107662,Armenia,,fmpo:00627,lyömäsoitin,,,http://www.wikidata.org/entity/Q116146118,,,,,,,,,,,,,,,,TARKISTA,"Amenian ja muiden itämaisten kirkkojen liturgiassa käytetty metallinen viuhka, johon on kiinnitetty 12 pientä kelloa.",
fmpo:00449,,,,,,flabellum,,,,,,,,,,,,,,,,,,,,,,,,,,,,,
fmpo:00449,,,,,,kushottz,,,,,,,,,,,,,,,,,,,,,,,,,,,,,
fmpo:00450,http://urn.fi/urn:nbn:fi:au:seko:00450,,kabak,kabak,kabak kemençe,,,,,http://www.yso.fi/onto/yso/p105573,Turkki,,fmpo:00770,piikkiviulu,https://github.com/NatLibFi/SEKO/issues/1,,PUUTTUUhttps://www.wikidata.org/wiki/Q1719547,,321.311-7,200,http://www.mimo-db.eu/InstrumentsKeywords/4757,,,,https://de.wikipedia.org/wiki/Kabak-Kemane,,,,,"""2026-07-19 added labels and wikidata links to kabak kemence and MIMO link to kabak""",,2026-07-19,active,"Turkkilainen, jousella soitettava piikkiviulu, jonka kaikukoppa on tehty kurpitsasta.",
fmpo:00450,,,,,,kabak kemence,fi,,,,,,,,,,,,,,,,,,,,,,,,,,,,
fmpo:00450,,,,,,Kabak kemâne,de,,,,,,,,,,,,,,,,,,,,,,,,,,,,
fmpo:00450,,,,,,kabak kemençe,fi,,,,,,,,,,,,,,,,,,,,,,,,,,,,
fmpo:00451,http://urn.fi/urn:nbn:fi:au:seko:00451,,kacapi (sitra),kacapi (siter),kacapi (zither),,,,,http://www.yso.fi/onto/yso/p105242,Indonesia,,fmpo:00943,sitra,,,http://www.wikidata.org/entity/Q1823485,,,,,,skos:exactMatch,http://id.loc.gov/authorities/performanceMediums/mp2013015368,,,,,,,,,TARKISTA,"Indonesialainen, näppäillen soitetettava laatikon tai veneen mallinen laatikkositra, jossa on yleensä 15, 18 tai 20 metallikieltä.",
fmpo:00451,,,,,,kacapi indung,,,,,,,,,,,,,,,,,,,,,,,,,,,,,
fmpo:00451,,,,,,kacapi rincik,,,,,,,,,,,,,,,,,,,,,,,,,,,,,
fmpo:00451,,,,,,kecapi (sitra),fi,,,,,,,,,,,,,,,,,,,,,,,,,,,,
fmpo:00452,http://urn.fi/urn:nbn:fi:au:seko:00452,,kajagum,gayageum,kayagum,,,,,http://www.yso.fi/onto/yso/p109302,Korea,,"fmpo:00943, fmpo:00709",sitra|näppäilysoitin,,,http://www.wikidata.org/entity/Q717407,,,,,,skos:exactMatch,http://id.loc.gov/authorities/performanceMediums/mp2013015377,,,,,,,,,TARKISTA,Korealainen kaksitoistakielinen näppäiltävä sitrasoitin.,
fmpo:00452,,,,,,gayageum,fi,,,,,,,,,,,,,,,,,,,,,,,,,,,,
fmpo:00452,,,,,,gayagŭm,en,,,,,,,,,,,,,,,,,,,,,,,,,,,,
fmpo:00452,,,,,,kayagŭm,fi,,,,,,,,,,,,,,,,,,,,,,,,,,,,
fmpo:00452,,,,,,kayagumi,fi,,,,,,,,,,,,,,,,,,,,,,,,,,,,
fmpo:00452,,,,,,kayakum,en,,,,,,,,,,,,,,,,,,,,,,,,,,,,
fmpo:00452,,,,,,,,kayagum,,,,,,,,,,,,,,,,,,,,,,,,,,,
fmpo:00453,http://urn.fi/urn:nbn:fi:au:seko:00453,,kakaki,kakaki,kakaki,,,,,http://www.yso.fi/onto/yso/p118210,Länsi-Afrikka,,fmpo:01171,vaskipuhallin,,,http://www.wikidata.org/entity/Q739515,,,,,,,,,,,,,,,,TARKISTA,Länsiafrikkalainen metallinen trumpettisoitin.,
fmpo:00454,http://urn.fi/urn:nbn:fi:au:seko:00454,,kakko,kakko,kakko,,,,,http://www.yso.fi/onto/yso/p105023,Japani,,fmpo:00864,rumpu,,,http://www.wikidata.org/entity/Q15614634,,,,,,,,,,,,,,,,TARKISTA,Japanilainen tynnyrinmuotoinen rumpu.,
fmpo:00455,http://urn.fi/urn:nbn:fi:au:seko:00455,,kalangba,kalangba,kalangba,,,,,http://www.yso.fi/onto/yso/p184560,Keskinen Afrikka,,fmpo:00552,ksylofoni,,,http://www.wikidata.org/entity/Q116153883,,,,,,,,,,,,,,,,TARKISTA,Keskiafrikkalainen ksylofoni.,
fmpo:00455,,,,,,baza,,,,,,,,,,,,,,,,,,,,,,,,,,,,,
fmpo:00455,,,,,,kalangwa,,,,,,,,,,,,,,,,,,,,,,,,,,,,,
fmpo:00455,,,,,,karangba,,,,,,,,,,,,,,,,,,,,,,,,,,,,,
fmpo:00455,,,,,,menza gwe,,,,,,,,,,,,,,,,,,,,,,,,,,,,,
fmpo:00456,http://urn.fi/urn:nbn:fi:au:seko:00456,,kalangu,kalangu,kalangu,,,,,http://www.yso.fi/onto/yso/p118210,Länsi-Afrikka,,fmpo:01092,tiimalasirumpu,,,http://www.wikidata.org/entity/Q5842724,,,,,,,,,,,,,,,,TARKISTA,Länsiafrikalainen noin 35 cm pitkä kaksikalvoinen tiimalasirumpu.,
fmpo:00456,,,,,,danko,,,,,,,,,,,,,,,,,,,,,,,,,,,,,
fmpo:00456,,,,,,kalanggual,,,,,,,,,,,,,,,,,,,,,,,,,,,,,
fmpo:00456,,,,,,kalungu,,,,,,,,,,,,,,,,,,,,,,,,,,,,,
fmpo:00457,http://urn.fi/urn:nbn:fi:au:seko:00457,,kalimba,kalimba,kalimba,,,,,http://www.yso.fi/onto/yso/p94080,Afrikka,,fmpo:00974,sormipiano,https://github.com/NatLibFi/SEKO/issues/53,,http://www.wikidata.org/entity/Q1467960,"MERGE?  In most sources this is the same as ""mbira"", but in GMO it is separate.",,,,,skos:closeMatch,http://id.loc.gov/authorities/performanceMediums/mp2013015455,https://doi.org/10.1093/gmo/9781561592630.article.J241000,,,,"""Länsimainen muunnos afrikkalaisesta mbira sormipianosta.""@fi",2026-06 MUUSA approved new definition proposed in issue #53,,2026-07-05  noted MUUSA decsion ,KESKEN,Afrikkalainen sormipiano.,
fmpo:00458,http://urn.fi/urn:nbn:fi:au:seko:00458,,kalvosoitin,membranofon,membranophone,,,,,,,,fmpo:00953,soitin,,,https://www.wikidata.org/wiki/Q212892,,,,,,skos:exactMatch,http://id.loc.gov/authorities/performanceMediums/mp2013015468,,,,,,,,,TARKISTA,,
fmpo:00458,,,,,,membranofoni,fi,,,,,,,,,,,,,,,,,,,,,,,,,,,,
fmpo:00459,http://urn.fi/urn:nbn:fi:au:seko:00459,,kamāicā,kamāicā,kamāicā,,,,,http://www.yso.fi/onto/yso/p105027,Intia,,fmpo:00446,jousisoitin,,,http://www.wikidata.org/entity/Q56294962,,,,,,,,,,,,,,,,TARKISTA,Aasialainen jousisoitin.,
fmpo:00459,,,,,,kamaica,fi,,,,,,,,,,,,,,,,,,,,,,,,,,,,
fmpo:00459,,,,,,kamaika,,,,,,,,,,,,,,,,,,,,,,,,,,,,,
fmpo:00459,,,,,,kamayacha,,,,,,,,,,,,,,,,,,,,,,,,,,,,,
fmpo:00459,,,,,,kamayaica,,,,,,,,,,,,,,,,,,,,,,,,,,,,,
fmpo:00459,,,,,,kamaycha,,,,,,,,,,,,,,,,,,,,,,,,,,,,,
fmpo:00460,http://urn.fi/urn:nbn:fi:au:seko:00460,,kamanja,kamancheh,kamānche,,,,,"http://www.yso.fi/onto/yso/p105280,http://www.yso.fi/onto/yso/p109970",Iran|Kaukasia,,fmpo:00770,piikkiviulu,,,http://www.wikidata.org/entity/Q290951,,,,,,skos:exactMatch,http://id.loc.gov/authorities/performanceMediums/mp2013015370,,,,,,,,,TARKISTA,Iranissa ja Kaukasuksella käytettävä piikkiviulu.,
fmpo:00460,,,,,,Black Sea fiddle,en,,,,,,,,,,,,,,,,,,,,,,,,,,,,
fmpo:00460,,,,,,çemençe,en,,,,,,,,,,,,,,,,,,,,,,,,,,,,
fmpo:00460,,,,,,gemendze,en,,,,,,,,,,,,,,,,,,,,,,,,,,,,
fmpo:00460,,,,,,kamancha,fi,,,,,,,,,,,,,,,,,,,,,,,,,,,,
fmpo:00460,,,,,,kamancheh,fi,,,,,,,,,,,,,,,,,,,,,,,,,,,,
fmpo:00460,,,,,,kamanje,fi,,,,,,,,,,,,,,,,,,,,,,,,,,,,
fmpo:00460,,,,,,kamendja,en,,,,,,,,,,,,,,,,,,,,,,,,,,,,
fmpo:00460,,,,,,kemānçe,en,,,,,,,,,,,,,,,,,,,,,,,,,,,,
fmpo:00460,,,,,,kemanche,en,,,,,,,,,,,,,,,,,,,,,,,,,,,,
fmpo:00460,,,,,,kemāne,en,,,,,,,,,,,,,,,,,,,,,,,,,,,,
fmpo:00460,,,,,,kemānge,en,,,,,,,,,,,,,,,,,,,,,,,,,,,,
fmpo:00460,,,,,,kemānje,en,,,,,,,,,,,,,,,,,,,,,,,,,,,,
fmpo:00460,,,,,,kemantche,en,,,,,,,,,,,,,,,,,,,,,,,,,,,,
fmpo:00460,,,,,,kemantšá,en,,,,,,,,,,,,,,,,,,,,,,,,,,,,
fmpo:00460,,,,,,kemantše,en,,,,,,,,,,,,,,,,,,,,,,,,,,,,
fmpo:00460,,,,,,kemantze,en,,,,,,,,,,,,,,,,,,,,,,,,,,,,
fmpo:00460,,,,,,kemenche,en,,,,,,,,,,,,,,,,,,,,,,,,,,,,
fmpo:00460,,,,,,kementche,en,,,,,,,,,,,,,,,,,,,,,,,,,,,,
fmpo:00460,,,,,,kjamantse,en,,,,,,,,,,,,,,,,,,,,,,,,,,,,
fmpo:00460,,,,,,Pontian lyra,en,,,,,,,,,,,,,,,,,,,,,,,,,,,,
fmpo:00460,,,,,,,,kemance,,,,,,,,,,,,,,,,,,,,,,,,,,,
fmpo:00460,,,,,,,,kemane,,,,,,,,,,,,,,,,,,,,,,,,,,,
fmpo:00460,,,,,,,,kemange,,,,,,,,,,,,,,,,,,,,,,,,,,,
fmpo:00460,,,,,,,,kemanje,,,,,,,,,,,,,,,,,,,,,,,,,,,
fmpo:00460,,,,,,,,kemantsa,,,,,,,,,,,,,,,,,,,,,,,,,,,
fmpo:00460,,,,,,,,kemantse,,,,,,,,,,,,,,,,,,,,,,,,,,,
fmpo:00461,http://urn.fi/urn:nbn:fi:au:seko:00461,,kampa (soitin),kam (instrument),comb (instrument),,,,,,,,fmpo:00671,mirlitoni,,,http://www.wikidata.org/entity/Q116154110,,,,,,,,,,,,,,,,TARKISTA,Kansanmusiikissa käytettävä mirlitoni.,
fmpo:00461,,,,,,comb kazoo,en,,,,,,,,,,,,,,,,,,,,,,,,,,,,
fmpo:00462,http://urn.fi/urn:nbn:fi:au:seko:00462,,kampiliira,vevlira,hurdy-gurdy,,,,,http://www.yso.fi/onto/yso/p94111,Eurooppa,,"fmpo:00943, fmpo:00543",sitra|kosketinsoitin,,http://www.yso.fi/onto/yso/p29846,http://www.wikidata.org/entity/Q207821,,,,,,skos:exactMatch,http://id.loc.gov/authorities/performanceMediums/mp2013015347,,,,,,,,,TARKISTA,"Eurooppalainen jousisoitin, jossa ääni syntyy pyörittämällä puista kiekkoa kieliä vasten. Kielten äänenkorkeutta vaihdellaan koskettimistolla. Termiä ""lira"" käytetään usein sekä kampiliirasta että Balkanin alueella tunnetusta jousisoittimesta.",https://finto.fi/ic/fi/page/48C7314
fmpo:00462,,,,,,Bauernleier,de,,,,,,,,,,,,,,,,,,,,,,,,,,,,
fmpo:00462,,,,,,Bettlerleier,de,,,,,,,,,,,,,,,,,,,,,,,,,,,,
fmpo:00462,,,,,,chifonie,,,,,,,,,,,,,,,,,,,,,,,,,,,,,
fmpo:00462,,,,,,draailier,,,,,,,,,,,,,,,,,,,,,,,,,,,,,
fmpo:00462,,,,,,Drehleier,de,,,,,,,,,,,,,,,,,,,,,,,,,,,,
fmpo:00462,,,,,,drejelire,,,,,,,,,,,,,,,,,,,,,,,,,,,,,
fmpo:00462,,,,,,ghironda,it,,,,,,,,,,,,,,,,,,,,,,,,,,,,
fmpo:00462,,,,,,gironda,it,,,,,,,,,,,,,,,,,,,,,,,,,,,,
fmpo:00462,,,,,,kampiviulu,fi,,,,,,,,,,,,,,,,,,,,,,,,,,,,
fmpo:00462,,,,,,Leier,de,,,,,,,,,,,,,,,,,,,,,,,,,,,,
fmpo:00462,,,,,,lera,sv,,,,,,,,,,,,,,,,,,,,,,,,,,,,
fmpo:00462,,,,,,liira,fi,,,,,,,,,,,,,,,,,,,,,,,,,,,,
fmpo:00462,,,,,,lira (kampiliira),fi,,,,,,,,,,,,,,,,,,,,,,,,,,,,
fmpo:00462,,,,,,lira tedesca,,,,,,,,,,,,,,,,,,,,,,,,,,,,,
fmpo:00462,,,,,,lyra tedesca,,,,,,,,,,,,,,,,,,,,,,,,,,,,,
fmpo:00462,,,,,,organistrum,,,,,,,,,,,,,,,,,,,,,,,,,,,,,
fmpo:00462,,,,,,Radleier,de,,,,,,,,,,,,,,,,,,,,,,,,,,,,
fmpo:00462,,,,,,rataslüüra,et,,,,,,,,,,,,,,,,,,,,,,,,,,,,
fmpo:00462,,,,,,relja,,,,,,,,,,,,,,,,,,,,,,,,,,,,,
fmpo:00462,,,,,,rotata,,,,,,,,,,,,,,,,,,,,,,,,,,,,,
fmpo:00462,,,,,,sambuca,,,,,,,,,,,,,,,,,,,,,,,,,,,,,
fmpo:00462,,,,,,sinfonia,fi,,,,,,,,,,,,,,,,,,,,,,,,,,,,
fmpo:00462,,,,,,sonsaina,,,,,,,,,,,,,,,,,,,,,,,,,,,,,
fmpo:00462,,,,,,symphonia,en,,,,,,,,,,,,,,,,,,,,,,,,,,,,
fmpo:00462,,,,,,symphonie,en,,,,,,,,,,,,,,,,,,,,,,,,,,,,
fmpo:00462,,,,,,tekerőlant,et,,,,,,,,,,,,,,,,,,,,,,,,,,,,
fmpo:00462,,,,,,vevlira,sv,,,,,,,,,,,,,,,,,,,,,,,,,,,,
fmpo:00462,,,,,,wheel fiddle,en,,,,,,,,,,,,,,,,,,,,,,,,,,,,
fmpo:00462,,,,,,wheel vielle,en,,,,,,,,,,,,,,,,,,,,,,,,,,,,
fmpo:00462,,,,,,vielle (kampiliira),fi,,,,,,,,,,,,,,,,,,,,,,,,,,,,
fmpo:00462,,,,,,vielle à roue,fr,,,,,,,,,,,,,,,,,,,,,,,,,,,,
fmpo:00462,,,,,,zanfona,en,,,,,,,,,,,,,,,,,,,,,,,,,,,,
fmpo:00462,,,,,,,,ratasluura,,,,,,,,,,,,,,,,,,,,,,,,,,,
fmpo:00462,,,,,,,,tekerolant,,,,,,,,,,,,,,,,,,,,,,,,,,,
fmpo:00462,,,,,,,,vielle a roue,,,,,,,,,,,,,,,,,,,,,,,,,,,
fmpo:00463,http://urn.fi/urn:nbn:fi:au:seko:00463,,kandel,kandel,kandel,,,,,http://www.yso.fi/onto/yso/p111676,Vepsänmaa,,fmpo:00799,psaltteri,,,http://www.wikidata.org/entity/Q116154178,,,,,,skos:broadMatch,http://id.loc.gov/authorities/performanceMediums/mp2013015373,,,,,,,,,TARKISTA,"Vepsäläinen sitrasoitin, kanteleen lähisukulainen.",
fmpo:00464,http://urn.fi/urn:nbn:fi:au:seko:00464,,kāndla,kāndla,kāndla,,,,,http://www.yso.fi/onto/yso/p108780,Liivinmaa,,fmpo:00799,psaltteri,,,http://www.wikidata.org/entity/Q116154432,,,,,,skos:broadMatch,http://id.loc.gov/authorities/performanceMediums/mp2013015373,,,,,,,,,TARKISTA,"Liiviläinen sitrasoitin, kanteleen lähisukulainen.",
fmpo:00464,,,,,,kandla,,,,,,,,,,,,,,,,,,,,,,,,,,,,,
fmpo:00465,http://urn.fi/urn:nbn:fi:au:seko:00465,,kane,kane,kane,,,,,http://www.yso.fi/onto/yso/p105023,Japani,,fmpo:00627,lyömäsoitin,,,http://www.wikidata.org/entity/Q116154611,,,,,,,,https://doi.org/10.1093/gmo/9781561592630.article.L2281299,,,,,,,,TARKISTA,Japanilaisten metallisten lyömäsoittimien yleisnimi.,
fmpo:00466,http://urn.fi/urn:nbn:fi:au:seko:00466,,kañjīrā,kañjīrā,kanjira,,,,,http://www.yso.fi/onto/yso/p235077,Etelä-Intia,,fmpo:01050,tamburiini,,,http://www.wikidata.org/entity/Q7997355,,,,,,skos:exactMatch,https://id.loc.gov/authorities/performanceMediums/mp2013015372,,,,,,,,,TARKISTA,"Eteläintialainen tamburiini, jonka kehän halkaisija on noin 21–25 cm ja korkeus noin 7–10 cm.",
fmpo:00466,,,,,,kanjeera,,,,,,,,,,,,,,,,,,,,,,,,,,,,,
fmpo:00466,,,,,,kanjira,fi,,,,,,,,,,,,,,,,,,,,,,,,,,,,
fmpo:00467,http://urn.fi/urn:nbn:fi:au:seko:00467,,kanklės,kanklės,kanklės,,,,,http://www.yso.fi/onto/yso/p94268,Liettua,,fmpo:00799,psaltteri,,,http://www.wikidata.org/entity/Q2595197,,,,,,skos:broadMatch,http://id.loc.gov/authorities/performanceMediums/mp2013015373,,,,,,,,,TARKISTA,Liettualainen kanteleen sukuinen sitrasoitin.,
fmpo:00467,,,,,,kankles,fi,,,,,,,,,,,,,,,,,,,,,,,,,,,,
fmpo:00468,http://urn.fi/urn:nbn:fi:au:seko:00468,,kamariorkesteri,kammarorkester,chamber orchestra,,,,,,,,fmpo:00728,orkesteri,,http://www.yso.fi/onto/yso/p10544	,https://www.wikidata.org/entity/Q2470540,,,,,,skos:exactMatch,http://id.loc.gov/authorities/performanceMediums/mp2013015127,,,,,,,,,TARKISTA,"Esityskokoonpano, joka koostuu vähintään kahden soitinperheen jäsenistä ja jossa on korkeintaan 25 soittajaa.",https://finto.fi/ic/fi/page/48C7532
fmpo:00469,http://urn.fi/urn:nbn:fi:au:seko:00469,,kannel,kannel,kannel,,,,,http://www.yso.fi/onto/yso/p104987,Viro,,fmpo:00799,psaltteri,,,https://www.wikidata.org/entity/Q3732881,,,,,,skos:broadMatch,http://id.loc.gov/authorities/performanceMediums/mp2013015373,,,,,,,,,TARKISTA,Virolainen kanteleen lähisukulainen.,
fmpo:00470,http://urn.fi/urn:nbn:fi:au:seko:00470,,kantele,kantele,kantele,,,,,http://www.yso.fi/onto/yso/p94426,Suomi,,fmpo:00799,psaltteri,,http://www.yso.fi/onto/yso/p5855,http://www.wikidata.org/entity/Q145840,,,,,,skos:broadMatch,http://id.loc.gov/authorities/performanceMediums/mp2013015373,,,,,,,,,TARKISTA,"Suomalainen sitrasoitin, jonka sukulaisia ovat mm. kandel, kandla, kanklès, kannel, kuokle ja pyngyr.",
fmpo:00470,,,,,,koulukantele,fi,,,,,,,,,,,,,,,,,,,,,,,,,,,,
fmpo:00471,http://urn.fi/urn:nbn:fi:au:seko:00471,,kanun,qanun,qanun,,,,,http://www.yso.fi/onto/yso/p105025,Lähi-Itä,,fmpo:00799,psaltteri,,,http://www.wikidata.org/entity/Q904646,,,,,,skos:exactMatch,http://id.loc.gov/authorities/performanceMediums/mp2013015581,,,,,,,,,TARKISTA,"Välimeren itäosissa ja Lähi-idässä käytetty näppäiltävä laatikkositra tai psaltteri, jonka sivuista kaksi on toisiinsa nähden suorassa kulmassa.",
fmpo:00471,,,,,,kanonaki,,,,,,,,,,,,,,,,,,,,,,,,,,,,,
fmpo:00471,,,,,,kanoun,,,,,,,,,,,,,,,,,,,,,,,,,,,,,
fmpo:00471,,,,,,kʻanon,,,,,,,,,,,,,,,,,,,,,,,,,,,,,
fmpo:00471,,,,,,qanun,,,,,,,,,,,,,,,,,,,,,,,,,,,,,
fmpo:00471,,,,,,qānūn,,,,,,,,,,,,,,,,,,,,,,,,,,,,,
fmpo:00471,,,,,,,,k`anon,,,,,,,,,,,,,,,,,,,,,,,,,,,
fmpo:00472,http://urn.fi/urn:nbn:fi:au:seko:00472,,kanyáhte' ká'nowa',kanyáhte' ká'nowa',kanyáhte' ká'nowa',,,,,http://www.yso.fi/onto/yso/p105078,Yhdysvallat,,fmpo:00404,helistin,,,http://www.wikidata.org/entity/Q116970830,,,,,,,,,,,,,,,,TARKISTA,Irokeesi-intiaanien suurikokoinen helistin.,
fmpo:00472,,,,,,great turtle rattle,en,,,,,,,,,,,,,,,,,,,,,,,,,,,,
fmpo:00472,,,,,,kanyáhte kánowa,,,,,,,,,,,,,,,,,,,,,,,,,,,,,
fmpo:00472,,,,,,kanyahte' ka'nowa',,,,,,,,,,,,,,,,,,,,,,,,,,,,,
fmpo:00472,,,,,,turtle-shell rattle,en,,,,,,,,,,,,,,,,,,,,,,,,,,,,
fmpo:00472,,,,,,,,kanyahte kanowa,,,,,,,,,,,,,,,,,,,,,,,,,,,
fmpo:00473,http://urn.fi/urn:nbn:fi:au:seko:00473,,kapulat,stavar,percussion sticks,,,,,http://www.yso.fi/onto/yso/p94426,Suomi,,fmpo:00627,lyömäsoitin,,,http://www.wikidata.org/entity/Q55721717,,,,,,,,,,,,,,,,TARKISTA,"Suomalainen kansanomainen lyömäsoitin, jota on käytetty petojen karkoittamiseen.",
fmpo:00473,,,,,,barre a battente,,,,,,,,,,,,,,,,,,,,,,,,,,,,,
fmpo:00474,http://urn.fi/urn:nbn:fi:au:seko:00474,,karamuza,karamuza,karamuza,,,,,http://www.yso.fi/onto/yso/p105037,Kreikka,,fmpo:01024,säkkipilli,,,http://www.wikidata.org/entity/Q16939309,,,,,,,,,,,,,,,,TARKISTA,Kreikkalainen säkkipilli.,
fmpo:00475,http://urn.fi/urn:nbn:fi:au:seko:00475,,karnā,karnā,karnay,,,,,http://www.yso.fi/onto/yso/p105280,Iran,,fmpo:01118,trumpettisoitin,https://github.com/NatLibFi/SEKO/issues/61,,http://www.wikidata.org/entity/Q2452218,"SPLIT? In wikidata ""nafir"" is separate concept. See also altLabel ""buisine"",  ""busina""",,,,,,,http://www.wikidata.org/entity/Q819132,,,,,,,,KESKEN,Iranilainen hovimusiikissa käytettävä pitkä trumpettisoitin.,
fmpo:00475,,,,,,añafil (karnā),fi,,,,,,,,,,,,,,,,,,,,,,,,,,,,
fmpo:00475,,,,,,buisine,,,,,,,,,,,,,,,,,,,,,,,,,,,,,
fmpo:00475,,,,,,kakakai,,,,,,,,,,,,,,,,,,,,,,,,,,,,,
fmpo:00475,,,,,,karna,fi,,,,,,,,,,,,,,,,,,,,,,,,,,,,
fmpo:00475,,,,,,nafīr,,,,,,,,,,,,,,,,,,,,,,,,,,,,,
fmpo:00475,,,,,,nefir,,,,,,,,,,,,,,,,,,,,,,,,,,,,,
fmpo:00475,,,,,,nfīr,,,,,,,,,,,,,,,,,,,,,,,,,,,,,
fmpo:00475,,,,,,,,anafil (karna),,,,,,,,,,,,,,,,,,,,,,,,,,,
fmpo:00475,,,,,,,,nafir,,,,,,,,,,,,,,,,,,,,,,,,,,,
fmpo:00475,,,,,,,,nfir,,,,,,,,,,,,,,,,,,,,,,,,,,,
fmpo:00476,http://urn.fi/urn:nbn:fi:au:seko:00476,,karutsapilli,karutsapilli,karutsapilli,,,,,http://www.yso.fi/onto/yso/p94426,Suomi,,fmpo:00817,puupuhallin,,,http://www.wikidata.org/entity/Q116164142,,,,,,,,,,,,,,,,TARKISTA,"Suomalainen kansanomainen, puuputkesta ja pyöränkumista tehty pilli.",
fmpo:00476,,,,,,karutsatorvi,fi,,,,,,,,,,,,,,,,,,,,,,,,,,,,
fmpo:00477,http://urn.fi/urn:nbn:fi:au:seko:00477,,kaşik,kaşik,kaşik,,,,,"http://www.yso.fi/onto/yso/p105573,http://www.yso.fi/onto/yso/p107592,http://www.yso.fi/onto/yso/p107990",Turkki|Serbia|Bosnia ja Herzegovina,,fmpo:00619,lusikat,,,http://www.wikidata.org/entity/Q116164686,,,,,,,,,,,,,,,,TARKISTA,Turkissa ja Jugoslavian alueella käytettävät puiset lusikat.,
fmpo:00477,,,,,,kasik,fi,,,,,,,,,,,,,,,,,,,,,,,,,,,,
fmpo:00478,http://urn.fi/urn:nbn:fi:au:seko:00478,,kastanjetit,kastanjetter,castagnettes,,,,,http://www.yso.fi/onto/yso/p105209,Espanja,,fmpo:00627,lyömäsoitin,,,http://www.wikidata.org/entity/Q183932,,,,,,skos:exactMatch,http://id.loc.gov/authorities/performanceMediums/mp2013015114,,,,,,,,,TARKISTA,"Kahdesta koverretusta puukupista koostuva rytmisoitin, jota käytetään erityisesti flamencossa.",https://finto.fi/ic/fi/page/48C7342
fmpo:00479,http://urn.fi/urn:nbn:fi:au:seko:00479,,katjapi,katjapi,kacapi,,,,,http://www.yso.fi/onto/yso/p105242,Indonesia,,fmpo:00709,näppäilysoitin,,,http://www.wikidata.org/entity/Q1823485,,,,,,skos:exactMatch,http://id.loc.gov/authorities/performanceMediums/mp2013015367,,,,,,,,,TARKISTA,"Indonesialainen, veneenmanallinen luuttusoitin, jonka runko ja kaula on veistetty yhdestä puukappaleesta.",
fmpo:00479,,,,,,kacapi (näppäilysoitin),fi,,,,,,,,,,,,,,,,,,,,,,,,,,,,
fmpo:00479,,,,,,kacaping,en,,,,,,,,,,,,,,,,,,,,,,,,,,,,
fmpo:00479,,,,,,kecapi (näppäilysoitin),fi,,,,,,,,,,,,,,,,,,,,,,,,,,,,
fmpo:00479,,,,,,,,kacapi (nappailysoitin),,,,,,,,,,,,,,,,,,,,,,,,,,,
fmpo:00479,,,,,,,,kecapi (nappailysoitin),,,,,,,,,,,,,,,,,,,,,,,,,,,
fmpo:00480,http://urn.fi/urn:nbn:fi:au:seko:00480,,kaval,kaval,kaval,,,,,"http://www.yso.fi/onto/yso/p105026,http://www.yso.fi/onto/yso/p105573",Balkanin niemimaa|Turkki,,fmpo:00851,reunahuilu,https://github.com/NatLibFi/SEKO/issues/14,,http://www.wikidata.org/entity/Q178374,SPLIT?  clarification needed. Does this cover several instruments?,,,,,skos:exactMatch,http://id.loc.gov/authorities/performanceMediums/mp2013015376,https://en.wikipedia.org/wiki/Kaval#Romania_And_Moldova,,,,,,,,KESKEN,Balkanilaisessa ja turkkilaisessa musiikissa käytettävä puinen reunahuilu.,
fmpo:00480,,,,,,caval,,,,,,,,,,,,,,,,,,,,,,,,,,,,,
fmpo:00480,,,,,,kavali,,,,,,,,,,,,,,,,,,,,,,,,,,,,,
fmpo:00480,,,,,,kavall,,,,,,,,,,,,,,,,,,,,,,,,,,,,,
fmpo:00480,,,,,,qawūl,,,,,,,,,,,,,,,,,,,,,,,,,,,,,
fmpo:00480,,,,,,,,qawul,,,,,,,,,,,,,,,,,,,,,,,,,,,
fmpo:00481,http://urn.fi/urn:nbn:fi:au:seko:00481,,kaza (tulppakanavahuilu),kaza,kaza,,,,,http://www.yso.fi/onto/yso/p94192,Karjala,,fmpo:01134,tulppakanavahuilu,,,http://www.wikidata.org/entity/Q116167220,,,,,,,,,,,,,,,,TARKISTA,"Karjalainen, kansanomainen huilusoitin.",
fmpo:00482,http://urn.fi/urn:nbn:fi:au:seko:00482,,kazoo,kazoo,kazoo,,,,,,,,fmpo:00671,mirlitoni,https://github.com/NatLibFi/SEKO/issues/65,,http://www.wikidata.org/entity/Q483994,"SPLIT? In Wikidatassa ""bazooka"" and ""eunuch flute"" are separate concepts as well as some of the other altLabels!",,,,,skos:exactMatch,http://id.loc.gov/authorities/performanceMediums/mp2013015378,,,,,,"Move the labels for the historical  eunuch flute to ""mirliton"" seko:00571.",,2026-06-27,KESKEN,"Varsinkin kansanmusiikissa ja jazzissa käytettävä mirlitoni, joka vahvistaa ja muuntaa ihmisääntä.",
fmpo:00482,,,,,,bazoo,,,,,,,,,,,,,,,,,,,,,,,,,,,,,
fmpo:00482,,,,,,eunuch flute,en,,,,,,,,,,,,,,,,,,,,,,,,,,,,
fmpo:00482,,,,,,flûte à l'oignon,en,,,,,,,,,,,,,,,,,,,,,,,,,,,,
fmpo:00482,,,,,,flûte eunuque,en,,,,,,,,,,,,,,,,,,,,,,,,,,,,
fmpo:00482,,,,,,gazoo,,,,,,,,,,,,,,,,,,,,,,,,,,,,,
fmpo:00482,,,,,,gazoota,,,,,,,,,,,,,,,,,,,,,,,,,,,,,
fmpo:00482,,,,,,kazoopilli,fi,,,,,,,,,,,,,,,,,,,,,,,,,,,,
fmpo:00482,,,,,,tommy talker,en,,,,,,,,,,,,,,,,,,,,,,,,,,,,
fmpo:00482,,,,,,zarah,,,,,,,,,,,,,,,,,,,,,,,,,,,,,
fmpo:00482,,,,,,Zwiebelflöte,de,,,,,,,,,,,,,,,,,,,,,,,,,,,,
fmpo:00482,,,,,,,,flute a l'oignon,,,,,,,,,,,,,,,,,,,,,,,,,,,
fmpo:00482,,,,,,,,flute eunuque,,,,,,,,,,,,,,,,,,,,,,,,,,,
fmpo:00482,,,,,,,,Zwiebelflote,,,,,,,,,,,,,,,,,,,,,,,,,,,
fmpo:00483,http://urn.fi/urn:nbn:fi:au:seko:00483,,kehorytmiikka,body percussion,body percussion,,,,,,,,fmpo:01223,ääni,,http://www.yso.fi/onto/yso/p28638,http://www.wikidata.org/entity/Q890073,,,,,,skos:exactMatch,http://id.loc.gov/authorities/performanceMediums/mp2013015090,,,,,,,,,TARKISTA,Ihmiskehon avulla tuotetut muut kuin äänielimistöstä peräisin olevat äänet.,
fmpo:00483,,,,,,kehapill,et,,,,,,,,,,,,,,,,,,,,,,,,,,,,
fmpo:00483,,,,,,percussions corporelles,fr,,,,,,,,,,,,,,,,,,,,,,,,,,,,
fmpo:00484,http://urn.fi/urn:nbn:fi:au:seko:00484,,kehärumpu,ramtrumma,frame drum,,,,,,,,fmpo:00864,rumpu,,,https://www.wikidata.org/entity/Q1283177,,,,,,skos:exactMatch,http://id.loc.gov/authorities/performanceMediums/mp2013015269,,,,,,,,,TARKISTA,"Yksi- tai kaksikalvoinen rumpu, jonka korkeus on enintään puolet kalvon halkaisijasta (enintään sama kuin kalvon säde).",
fmpo:00484,,,,,,bęben obręczowy,,,,,,,,,,,,,,,,,,,,,,,,,,,,,
fmpo:00484,,,,,,kehysrumpu,fi,,,,,,,,,,,,,,,,,,,,,,,,,,,,
fmpo:00484,,,,,,lijsttrommel,en,,,,,,,,,,,,,,,,,,,,,,,,,,,,
fmpo:00484,,,,,,Rahmentrommel,en,,,,,,,,,,,,,,,,,,,,,,,,,,,,
fmpo:00484,,,,,,tambor de marco,en,,,,,,,,,,,,,,,,,,,,,,,,,,,,
fmpo:00484,,,,,,tambour sur cadre,en,,,,,,,,,,,,,,,,,,,,,,,,,,,,
fmpo:00484,,,,,,tamburo a cornice,en,,,,,,,,,,,,,,,,,,,,,,,,,,,,
fmpo:00485,http://urn.fi/urn:nbn:fi:au:seko:00485,,kello,klocka,bell,,,,,,,,fmpo:00627,lyömäsoitin,"https://github.com/NatLibFi/SEKO/issues/66, https://github.com/NatLibFi/SEKO/issues/178",http://www.yso.fi/onto/yso/p3229,http://www.wikidata.org/entity/Q101401,"""SPLIT?  chime and chimes are separate concepts"", ""seko:00485  -- 'bells', 'Campanes', 'Glocken'; 'klockor' on yläkäsite.   mimo:2371  MUTTA 'bell','Campana', 'Glocke', 'klocka'  on yksittäinen soitin mimo:2381""",,,http://www.mimo-db.eu/InstrumentsKeywords/2371,,skos:exactmatch,http://id.loc.gov/authorities/performanceMediums/mp2013015079,http://id.loc.gov/authorities/performanceMediums/mp2013015137,,,,,"""2026-07-08 modified correction to definition""",,2026-07-08,KESKEN,"Yleensä metallista valamalla valmistettu pyreähkön astian muotoinen lyömäsoitin (perkussiodiofoni), jonka yksi pää on suljettu ja toinen muotoiltu siten, että kappaleen sisään syntyy onkalomainen tila. Vaikka kappale värähtelee lähes koko massallaan, värä",https://finto.fi/ic/fi/page/48C7343
fmpo:00485,,,,,,campana,,,,,,,,,,,,,,,,,,,,,,,,,,,,,
fmpo:00485,,,,,,chimes,en,,,,,,,,,,,,,,,,,,,,,,,,,,,,
fmpo:00485,,,,,,cloche,,,,,,,,,,,,,,,,,,,,,,,,,,,,,
fmpo:00485,,,,,,Glocke,de,,,,,,,,,,,,,,,,,,,,,,,,,,,,
fmpo:00485,,,,,,kirkonkello,fi,,,,,,,,,,,,,,,,,,,,,,,,,,,,
fmpo:00486,http://urn.fi/urn:nbn:fi:au:seko:00486,,kelloharppu,klockharpa,bell harp,,,,,http://www.yso.fi/onto/yso/p105087,Saksa,,fmpo:00943,sitra,,,http://www.wikidata.org/entity/Q82350983,,,,,,,,,,,,,,,,TARKISTA,Saksalaisperäinen laatikkositra.,
fmpo:00486,,,,,,fairy bells,en,,,,,,,,,,,,,,,,,,,,,,,,,,,,
fmpo:00486,,,,,,Schwungzither,de,,,,,,,,,,,,,,,,,,,,,,,,,,,,
fmpo:00487,http://urn.fi/urn:nbn:fi:au:seko:00487,,kellopeli,klockspel,glockenspiel,,,,,,,,fmpo:x490,laattasoitin,https://github.com/NatLibFi/SEKO/issues/176,,http://www.wikidata.org/entity/Q626035,,,,,,skos:exactMatch,http://id.loc.gov/authorities/performanceMediums/mp2013015294,,,,,,"2026-07-08 changed skos:broader to seko:x490 according to SEKO issue #176""",,2026-07-08,KESKEN,"Kiinteävireisistä metallilaatoista koostuva soitin, jota soitetaan nahka- tai muovivasaroilla.",
fmpo:00487,,,,,,armónica de metal,,,,,,,,,,,,,,,,,,,,,,,,,,,,,
fmpo:00487,,,,,,bell lyra,en,,,,,,,,,,,,,,,,,,,,,,,,,,,,
fmpo:00487,,,,,,bell lyre,en,,,,,,,,,,,,,,,,,,,,,,,,,,,,
fmpo:00487,,,,,,bell-lyra,en,,,,,,,,,,,,,,,,,,,,,,,,,,,,
fmpo:00487,,,,,,bell-lyre,en,,,,,,,,,,,,,,,,,,,,,,,,,,,,
fmpo:00487,,,,,,dzwonki,,,,,,,,,,,,,,,,,,,,,,,,,,,,,
fmpo:00487,,,,,,glock,,,,,,,,,,,,,,,,,,,,,,,,,,,,,
fmpo:00487,,,,,,glockenspiel (kellopeli),fi,,,,,,,,,,,,,,,,,,,,,,,,,,,,
fmpo:00487,,,,,,juego de timbres,,,,,,,,,,,,,,,,,,,,,,,,,,,,,
fmpo:00487,,,,,,kellamäng,et,,,,,,,,,,,,,,,,,,,,,,,,,,,,
fmpo:00487,,,,,,klokkespel (kellopeli),fi,,,,,,,,,,,,,,,,,,,,,,,,,,,,
fmpo:00487,,,,,,klokkespil,nl,,,,,,,,,,,,,,,,,,,,,,,,,,,,
fmpo:00487,,,,,,kolokoltšiki,,,,,,,,,,,,,,,,,,,,,,,,,,,,,
fmpo:00487,,,,,,lira (kellopeli),fi,,,,,,,,,,,,,,,,,,,,,,,,,,,,
fmpo:00487,,,,,,lyra-glockenspiel,nl,,,,,,,,,,,,,,,,,,,,,,,,,,,,
fmpo:00487,,,,,,lyrklockspel,sv,,,,,,,,,,,,,,,,,,,,,,,,,,,,
fmpo:00487,,,,,,metallofoni,fi,,,,,,,,,,,,,,,,,,,,,,,,,,,,
fmpo:00487,,,,,,Militärglockenspiel,de,,,,,,,,,,,,,,,,,,,,,,,,,,,,
fmpo:00487,,,,,,orchestra bells,en,,,,,,,,,,,,,,,,,,,,,,,,,,,,
fmpo:00487,,,,,,orchestral bells,en,,,,,,,,,,,,,,,,,,,,,,,,,,,,
fmpo:00487,,,,,,Stahlspiel,de,,,,,,,,,,,,,,,,,,,,,,,,,,,,
fmpo:00487,,,,,,zvonkohra,,,,,,,,,,,,,,,,,,,,,,,,,,,,,
fmpo:00487,,,,,,,,armonica de metal,,,,,,,,,,,,,,,,,,,,,,,,,,,
fmpo:00487,,,,,,,,kellamang,,,,,,,,,,,,,,,,,,,,,,,,,,,
fmpo:00487,,,,,,,,kolokoltsiki,,,,,,,,,,,,,,,,,,,,,,,,,,,
fmpo:00487,,,,,,,,Militarglockenspiel,,,,,,,,,,,,,,,,,,,,,,,,,,,
fmpo:00488,http://urn.fi/urn:nbn:fi:au:seko:00488,,kellopeliklaveri,klaviaturklockspel,keyboard glockenspiel,,,,,,,,"fmpo:00487, fmpo:00543",kellopeli|kosketinsoitin,,,http://www.wikidata.org/entity/Q3177916,,,,http://www.mimo-db.eu/InstrumentsKeywords/6546,,,,,,,,,,,,TARKISTA,"Koskettimistolla varustettu kellopeli (ei carillon eikä celesta), jonka ääniala on noin kaksi oktaaavia ja jota on käytetty varsinkin näyttämömusiikissa (esim. Mozart Taikahuilu-oopperassaan ja Handel Saul-oratoriossaan).",
fmpo:00488,,,,,,carillon à clavier,fr,,,,,,,,,,,,,,,,,,,,,,,,,,,,
fmpo:00488,,,,,,jeu de timbres,fr,,,,,,,,,,,,,,,,,,,,,,,,,,,,
fmpo:00488,,,,,,kelloklaveri (kellopeliklaveri),fi,,,,,,,,,,,,,,,,,,,,,,,,,,,,
fmpo:00488,,,,,,keyboard chimes,en,,,,,,,,,,,,,,,,,,,,,,,,,,,,
fmpo:00488,,,,,,keyed glockenspiel,en,,,,,,,,,,,,,,,,,,,,,,,,,,,,
fmpo:00488,,,,,,keyed metallophone,en,,,,,,,,,,,,,,,,,,,,,,,,,,,,
fmpo:00488,,,,,,klaverikellopeli,fi,,,,,,,,,,,,,,,,,,,,,,,,,,,,
fmpo:00488,,,,,,organ glockenspiel,en,,,,,,,,,,,,,,,,,,,,,,,,,,,,
fmpo:00488,,,,,,Stahlklavier,de,,,,,,,,,,,,,,,,,,,,,,,,,,,,
fmpo:00488,,,,,,strumento d'acciaio,it,,,,,,,,,,,,,,,,,,,,,,,,,,,,
fmpo:00488,,,,,,Tastenglockenspiel (kellopeliklaveri),fi,,,,,,,,,,,,,,,,,,,,,,,,,,,,
fmpo:00488,,,,,,,,carillon a clavier,,,,,,,,,,,,,,,,,,,,,,,,,,,
fmpo:00489,http://urn.fi/urn:nbn:fi:au:seko:00489,,kellositra,citrinchen,cithrinchen,,,,,,,,fmpo:00940,sisteri,,,http://www.wikidata.org/entity/Q25451376,,,,,,skos:closeMatch,http://id.loc.gov/authorities/performanceMediums/mp2013015152,,,,,,,,,TARKISTA,"Joachim Tielken 1600-luvulla kehittämä etuprofiililtaan kirkonkellon muotoinen 10-kielinen sisteri, joka tunnetaan meillä lähinnä Carl Michael Bellmanin käyttämänä soittimena.",
fmpo:00489,,,,,,bell guittern,en,,,,,,,,,,,,,,,,,,,,,,,,,,,,
fmpo:00489,,,,,,bellmansluta (cithrinchen),sv,,,,,,,,,,,,,,,,,,,,,,,,,,,,
fmpo:00489,,,,,,cithrinchen,sv,,,,,,,,,,,,,,,,,,,,,,,,,,,,
fmpo:00489,,,,,,citrinchen,sv,,,,,,,,,,,,,,,,,,,,,,,,,,,,
fmpo:00489,,,,,,Hamburger Cithrinchen,de,,,,,,,,,,,,,,,,,,,,,,,,,,,,
fmpo:00489,,,,,,hampurilainen kellositra,fi,,,,,,,,,,,,,,,,,,,,,,,,,,,,
fmpo:00490,http://urn.fi/urn:nbn:fi:au:seko:00490,,kelttiläinen harppu,keltisk harpa,Celtic harp,,,,,"http://www.yso.fi/onto/yso/p104990,http://www.yso.fi/onto/yso/p105820,http://www.yso.fi/onto/yso/p106275",Iso-Britannia|Irlanti|Bretagne,,fmpo:00398,harppu,,,http://www.wikidata.org/entity/Q1288250,,,,,,skos:exactMatch,http://id.loc.gov/authorities/performanceMediums/mp2013015356,,,,,,,,,TARKISTA,"Britteinsaarten ja Bretagnen kelttiläisalueiden pienikokoinen suolikielinen harppu, jonka nimenä Irlannissa on cláirseach ja Skotlannissa clàrsach.",
fmpo:00490,,,,,,cláirseach,,,,,,,,,,,,,,,,,,,,,,,,,,,,,
fmpo:00490,,,,,,clàrsach,,,,,,,,,,,,,,,,,,,,,,,,,,,,,
fmpo:00490,,,,,,clarsech,,,,,,,,,,,,,,,,,,,,,,,,,,,,,
fmpo:00490,,,,,,Gaelic harp,en,,,,,,,,,,,,,,,,,,,,,,,,,,,,
fmpo:00490,,,,,,Irish harp,en,,,,,,,,,,,,,,,,,,,,,,,,,,,,
fmpo:00490,,,,,,irlantilainen harppu,fi,,,,,,,,,,,,,,,,,,,,,,,,,,,,
fmpo:00490,,,,,,kelttiharppu,fi,,,,,,,,,,,,,,,,,,,,,,,,,,,,
fmpo:00490,,,,,,Scottish harp,en,,,,,,,,,,,,,,,,,,,,,,,,,,,,
fmpo:00490,,,,,,Welsh harp,en,,,,,,,,,,,,,,,,,,,,,,,,,,,,
fmpo:00491,http://urn.fi/urn:nbn:fi:au:seko:00491,,kemençe,kemence,kamancheh,,,,,http://www.yso.fi/onto/yso/p105573,Turkki,,fmpo:00770,piikkiviulu,https://github.com/NatLibFi/SEKO/issues/23,,http://www.wikidata.org/entity/Q10969818,,,,,,skos:closeMatch,http://id.loc.gov/authorities/performanceMediums/mp2013015370,,,,,,,,,KESKEN,"Turkkilainen, lyhytkaulainen jousisoitin.",
fmpo:00491,,,,,,kemence,fi,,,,,,,,,,,,,,,,,,,,,,,,,,,,
fmpo:00492,http://urn.fi/urn:nbn:fi:au:seko:00492,,kendang,kendang,kendang,,,,,"http://www.yso.fi/onto/yso/p159783,http://www.yso.fi/onto/yso/p112514",Jaava|Bali,,fmpo:00864,rumpu,,,http://www.wikidata.org/entity/Q1553249,"""2026-07-17 corrected the broader (was self-reference)""",,,,,,,,,,,,,,2026-07-17,TARKISTA,Jaavan ja Balin musiikissa käytettävä kaksikalvoinen rumpu.,
fmpo:00493,http://urn.fi/urn:nbn:fi:au:seko:00493,,kenkeni,kenkeni,kenkeni,,,,,http://www.yso.fi/onto/yso/p118210,Länsi-Afrikka,,fmpo:00864,rumpu,https://github.com/NatLibFi/SEKO/issues/8,,MISSING,"MERGE?  Is this the same as ""dundun"" or ""tama""?"", ""2026-07-17 corrected the broader (was self-reference)""",,,,,,,,,,,,,,2026-07-17,KESKEN,Länsiafrikkalainen rumpu.,
fmpo:00494,http://urn.fi/urn:nbn:fi:au:seko:00494,,keskikorkea lauluääni,medelhög sångröst,medium voice,,,,,,,,fmpo:00583,lauluääni,,,http://www.wikidata.org/entity/Q117116608,,,,,,,https://id.loc.gov/authorities/performanceMediums/mp2013015461,,,,,,,,,TARKISTA,,
fmpo:00495,http://urn.fi/urn:nbn:fi:au:seko:00495,,khāēn,khene,khene,,,,,"http://www.yso.fi/onto/yso/p105243,http://www.yso.fi/onto/yso/p105716",Thaimaa|Laos,,fmpo:01004,suu-urut,,,http://www.wikidata.org/entity/Q1740479,,,,,,skos:exactMatch,http://id.loc.gov/authorities/performanceMediums/mp2013015387,,,,,,,,,TARKISTA,"Thaimaassa ja Laosissa käytettävät, bambusta valmistetut suu-urut.",
fmpo:00495,,,,,,kaen,,,,,,,,,,,,,,,,,,,,,,,,,,,,,
fmpo:00495,,,,,,khaen,fi,,,,,,,,,,,,,,,,,,,,,,,,,,,,
fmpo:00495,,,,,,khen,,,,,,,,,,,,,,,,,,,,,,,,,,,,,
fmpo:00495,,,,,,khène,,,,,,,,,,,,,,,,,,,,,,,,,,,,,
fmpo:00495,,,,,,,,khene,,,,,,,,,,,,,,,,,,,,,,,,,,,
fmpo:00496,http://urn.fi/urn:nbn:fi:au:seko:00496,,khalam,khalam,xalam,,,,,"http://www.yso.fi/onto/yso/p94407,http://www.yso.fi/onto/yso/p109290",Senegal|Gambia,,fmpo:00709,näppäilysoitin,https://github.com/NatLibFi/SEKO/issues/67,,http://www.wikidata.org/entity/Q1137869,"SPLIT?  ""keronaru"", ""konting"", ""kamelen n'goni"" are all different versions of the same instrument. See wikidata",,,,,,,,,,,,Add labels and mappings,,2026-06-27,KESKEN,"Senegalissa ja Gambiassa käytettävä viisikielinen, näppäiltävä luuttusoitin.",
fmpo:00496,,,,,,konting,en,,,,,,,,,,,,,,,,,,,,,,,,,,,,
fmpo:00496,,,,,,molo,en,,,,,,,,,,,,,,,,,,,,,,,,,,,,
fmpo:00496,,,,,,tidinit,en,,,,,,,,,,,,,,,,,,,,,,,,,,,,
fmpo:00497,http://urn.fi/urn:nbn:fi:au:seko:00497,,khim,khim,khim,,,,,"http://www.yso.fi/onto/yso/p132712,http://www.yso.fi/onto/yso/p105705,http://www.yso.fi/onto/yso/p105716,http://www.yso.fi/onto/yso/p104988",Indokiina|Kambodza|Laos|Vietnam,,fmpo:00303,dulcimer,,,http://www.wikidata.org/entity/Q13417190,,,,,,skos:exactMatch,http://id.loc.gov/authorities/performanceMediums/mp2013015388,,,,,,,,,TARKISTA,Indokiinassa käytettävä laatikkositra.,
fmpo:00497,,,,,,kim,,,,,,,,,,,,,,,,,,,,,,,,,,,,,
fmpo:00498,http://urn.fi/urn:nbn:fi:au:seko:00498,,khlui,khlui,khlui,,,,,http://www.yso.fi/onto/yso/p105243,Thaimaa,,fmpo:01134,tulppakanavahuilu,,,http://www.wikidata.org/entity/Q6401851,,,,,,skos:exactMatch,http://id.loc.gov/authorities/performanceMediums/mp2013015389,,,,,,,,,TARKISTA,"Thaimaalainen, bambusta valmistettu tulppakanavahuilu, jossa on 6 tai 7 sormiaukkoa yläpuolella ja lisäksi alapuolella yksi peukalolle.",
fmpo:00498,,,,,,khlui ū,,,,,,,,,,,,,,,,,,,,,,,,,,,,,
fmpo:00498,,,,,,,,khlui u,,,,,,,,,,,,,,,,,,,,,,,,,,,
fmpo:00499,http://urn.fi/urn:nbn:fi:au:seko:00499,,kiak,kiak,kyl kyyak,,,,,http://www.yso.fi/onto/yso/p107666,Kirgisia,,fmpo:00446,jousisoitin,https://github.com/NatLibFi/SEKO/issues/68,,http://www.wikidata.org/entity/Q116207466,SPLIT? Is this differnt from kyjak ??,,,,,skos:closeMatch,,,,,,,Removed LCMPT mapping /goes to kobyz seko:00519,,2026-06-27,KESKEN,"Kirgiisialainen, kaksikielinen jousisoitin.",
fmpo:00499,,,,,,kyl kiak,en,,,,,,,,,,,,,,,,,,https://en.wikipedia.org/wiki/Kobyz,,,,,,,,,,
fmpo:00499,,,,,,кыл кыяк,ky,,,,,,,,,,,,,,,,,,,,,,,,,,,,
fmpo:00499,,,,,,kyják,en,,,,,,,,,,,,,,,,,,,,,,,,,,,,
fmpo:00499,,,,,,kyjak,en,,,,,,,,,,,,,,,,,,,,,,,,,,,,
fmpo:00500,http://urn.fi/urn:nbn:fi:au:seko:00500,,kielisoitin,stränginstrument,string instrument,,,,,,,,fmpo:00953,soitin,,,http://www.wikidata.org/entity/Q1798603,,,,,,skos:exactMatch,http://id.loc.gov/authorities/performanceMediums/mp2013015680,,,,,,,,,TARKISTA,,
fmpo:00500,,,,,,k'ung-hou,,,,,,,,,,,,,,,,,,,,,,,,,,,,,
fmpo:00500,,,,,,kendera,,,,,,,,,,,,,,,,,,,,,,,,,,,,,
fmpo:00500,,,,,,kendra,,,,,,,,,,,,,,,,,,,,,,,,,,,,,
fmpo:00500,,,,,,kendrā,,,,,,,,,,,,,,,,,,,,,,,,,,,,,
fmpo:00500,,,,,,kenra,,,,,,,,,,,,,,,,,,,,,,,,,,,,,
fmpo:00500,,,,,,konghou,,,,,,,,,,,,,,,,,,,,,,,,,,,,,
fmpo:00500,,,,,,kordofoni,fi,,,,,,,,,,,,,,,,,,,,,,,,,,,,
fmpo:00500,,,,,,stringed instrument,en,,,,,,,,,,,,,,,,,,,,,,,,,,,,
fmpo:00501,http://urn.fi/urn:nbn:fi:au:seko:00501,,kilaut,kilaut,qilaut,,,,,"http://www.yso.fi/onto/yso/p105866,http://www.yso.fi/onto/yso/p105377",Alaska|Kanada,,fmpo:00484,kehärumpu,,,http://www.wikidata.org/entity/Q3196570,,,,,,,,,,,,,,,,TARKISTA,Kanadan ja Alaskan inuitien kehärumpu.,
fmpo:00501,,,,,,keylowtik,,,,,,,,,,,,,,,,,,,,,,,,,,,,,
fmpo:00501,,,,,,qilain,,,,,,,,,,,,,,,,,,,,,,,,,,,,,
fmpo:00502,http://urn.fi/urn:nbn:fi:au:seko:00502,TRUE,kimbumba,kimbumba,kimbumba,,,,,http://www.yso.fi/onto/yso/p109845,Karibianmeren alue,,fmpo:01233,maajousi,https://github.com/NatLibFi/SEKO/issues/57,,http://www.wikidata.org/entity/Q118114247,"MERGED to ""tingotalango"" as a duplicate.",,,,,,,,seko:01096,,,,Merged to Tingotalango,,2026-06-25,superceded,"Karibian alueella käytettävä harppu. Kuubassa sen nimenä on tumbandera, Trinidadissa tingotalango.",
fmpo:00502,,,,,,tingotalango,,,,,,,,,,,,,,,,,,,,,,,,,,,,,
fmpo:00502,,,,,,tumbandera,,,,,,,,,,,,,,,,,,,,,,,,,,,,,
fmpo:00503,http://urn.fi/urn:nbn:fi:au:seko:00503,,kissar,kissar,kissar,,,,,"http://www.yso.fi/onto/yso/p105841,http://www.yso.fi/onto/yso/p108043",Egypti|Sudan,,fmpo:00625,lyyra,,,http://www.wikidata.org/entity/Q934675,,,,,,,,,,,,,,,,TARKISTA,Egyptissä ja Sudanissa käytettävä viisikielinen maljalyyra.,
fmpo:00503,,,,,,gytarah barbaryeh,,,,,,,,,,,,,,,,,,,,,,,,,,,,,
fmpo:00503,,,,,,kisir,,,,,,,,,,,,,,,,,,,,,,,,,,,,,
fmpo:00503,,,,,,kissir,,,,,,,,,,,,,,,,,,,,,,,,,,,,,
fmpo:00503,,,,,,kisszár,,,,,,,,,,,,,,,,,,,,,,,,,,,,,
fmpo:00503,,,,,,,,kisszar,,,,,,,,,,,,,,,,,,,,,,,,,,,
fmpo:00504,http://urn.fi/urn:nbn:fi:au:seko:00504,,kitara,gitarr,guitar,,,,,,,,fmpo:00709,näppäilysoitin,,http://www.yso.fi/onto/yso/p2667,http://www.wikidata.org/entity/Q6607,,,,,,,,,,,,,,,,TARKISTA,"Termillä tarkoitetaan klassista, ns. espanjalaismallista, kuusikielistä akustista kitaraa. Termiä käytetään myös yleisnimityksenä samankaltaisille näppäilysoittimille. Sähkökitaraa pidetään tässä luettelossa itsenäisenä soittimena.",https://finto.fi/ic/fi/page/48C7324
fmpo:00504,,,,,,chitarra (kitara),fi,,,,,,,,,,,,,,,,,,,,,,,,,,,,
fmpo:00504,,,,,,g (kitara),fi,,,,,,,,,,,,,,,,,,,,,,,,,,,,
fmpo:00504,,,,,,gitarr,sv,,,,,,,,,,,,,,,,,,,,,,,,,,,,
fmpo:00504,,,,,,Gitarre,de,,,,,,,,,,,,,,,,,,,,,,,,,,,,
fmpo:00504,,,,,,guitare,fr,,,,,,,,,,,,,,,,,,,,,,,,,,,,
fmpo:00504,,,,,,chitarrra,it,,,,,,,,,,,,,,,,,,,,,,,,,,,,
fmpo:00504,,,,,,guitarra (kitara),fi,,,,,,,,,,,,,,,,,,,,,,,,,,,,
fmpo:00504,,,,,,viola (kitara),fi,,,,,,,,,,,,,,,,,,,,,,,,,,,,
fmpo:00504,,,,,,violão,pt,,,,,,,,,,,,,,,,,,,,,,,,,,,,
fmpo:00504,,,,,,,,violao,,,,,,,,,,,,,,,,,,,,,,,,,,,
fmpo:00505,http://urn.fi/urn:nbn:fi:au:seko:00505,,kitarabanjo,gitarrbanjo,banjo guitar,,,,,,,,fmpo:00096,banjo,,,http://www.wikidata.org/entity/Q2679436,"""2026-07-17 corrected the broader (was self-reference)""",,,,,,,,,,,,,,2027-07-17,TARKISTA,Kitaran virityksellä varustettu banjo.,
fmpo:00506,http://urn.fi/urn:nbn:fi:au:seko:00506,,kitarasyntetisaattori,guitar synthesizer,guitar synthesizer,,,,,,,,"fmpo:00504, fmpo:01016",kitara|syntetisaattori,,,http://www.wikidata.org/entity/Q1527709,,,,,,,,,,,,,,,,TARKISTA,Kitaran avulla käytettävä syntetisaattori.,
fmpo:00506,,,,,,g-synt (kitarasyntetisaattori),fi,,,,,,,,,,,,,,,,,,,,,,,,,,,,
fmpo:00507,http://urn.fi/urn:nbn:fi:au:seko:00507,,kithara,kithara,kithara,,,,,http://www.yso.fi/onto/yso/p105037,Kreikka,,fmpo:00625,lyyra,,,http://www.wikidata.org/entity/Q12634515,,,,,,skos:exactMatch,http://id.loc.gov/authorities/performanceMediums/mp2013015151,,,,,,,,,TARKISTA,Antiikin kreikkalainen lyyrasoitin.,
fmpo:00507,,,,,,cithara,,,,,,,,,,,,,,,,,,,,,,,,,,,,,
fmpo:00508,http://urn.fi/urn:nbn:fi:au:seko:00508,,kitkarumpu,friktionstrumma,friction drum,,,,,,,,fmpo:00864,rumpu,,,http://www.wikidata.org/entity/Q583827,"SPLIT? Is the Wikipedia ""Putipu"" a different concept?",,,,http://www.mimo-db.eu/InstrumentsKeywords/2599,skos:exactMatch,http://id.loc.gov/authorities/performanceMediums/mp2013015272,https://en.wikipedia.org/wiki/Putip%C3%B9,,,,,tarkista atlLabel arvot - tee narrowMatch viittauksia tarvittaessa eri soittimiin,,,KESKEN,"Yleisnimitys lukuisille kansanomaisille soittimille, joissa ääni syntyy esim. rumpukalvoa kepillä liikuttamalla ja hankaamalla.",
fmpo:00508,,,,,,Brummtopf,de,,,,,,,,,,,,,,,,,,,,,,,,,,,,
fmpo:00508,,,,,,caccavella,,,,,,,,,,,,,,,,,,,,,,,,,,,,,
fmpo:00508,,,,,,puttiputi,,,,,,,,,,,,,,,,,,,,,,,,,,,,,
fmpo:00508,,,,,,Reibtrommel,de,,,,,,,,,,,,,,,,,,,,,,,,,,,,
fmpo:00508,,,,,,tambor de fricción,,,,,,,,,,,,,,,,,,,,,,,,,,,,,
fmpo:00508,,,,,,tambour à friction,,,,,,,,,,,,,,,,,,,,,,,,,,,,,
fmpo:00508,,,,,,zambomba,,,,,,,,,,,,,,,,,,,,,,,,,,,,,
fmpo:00508,,,,,,,,tambor de friccion,,,,,,,,,,,,,,,,,,,,,,,,,,,
fmpo:00508,,,,,,,,tambour a friction,,,,,,,,,,,,,,,,,,,,,,,,,,,
fmpo:00509,http://urn.fi/urn:nbn:fi:au:seko:00509,,k'jom,k'jom,k'jom,,,,,http://www.yso.fi/onto/yso/p107390,Andit,,fmpo:00864,rumpu,,,http://www.wikidata.org/entity/Q116186993,,,,,,,,https://www.jstor.org/stable/43563553?seq=4,,,,,,,,TARKISTA,Maya-intiaanien käyttämä kaksikalvoinen rumpu.,
fmpo:00510,http://urn.fi/urn:nbn:fi:au:seko:00510,,kkwaenggwari,kkwaenggwari,kkwaenggwari,,,,,http://www.yso.fi/onto/yso/p109302,Korea,,fmpo:00376,gongi,,,http://www.wikidata.org/entity/Q843271,,,,,,,,,,,,,,,,TARKISTA,"Korealainen, pienikokoinen soitettaessa kädestä riiputettava pronssinen gongi.",
fmpo:00510,,,,,,kkaengmaegi,,,,,,,,,,,,,,,,,,,,,,,,,,,,,
fmpo:00510,,,,,,soe,,,,,,,,,,,,,,,,,,,,,,,,,,,,,
fmpo:00510,,,,,,sogŭm (gongi),fi,,,,,,,,,,,,,,,,,,,,,,,,,,,,
fmpo:00510,,,,,,,,sogum (gongi),,,,,,,,,,,,,,,,,,,,,,,,,,,
fmpo:00511,http://urn.fi/urn:nbn:fi:au:seko:00511,,klabatas,klabate,klabatė,,,,,http://www.yso.fi/onto/yso/p94259,Latvia,,fmpo:00627,lyömäsoitin,,,http://www.wikidata.org/entity/Q12660758,,,,,,,,,,,,,,,,TARKISTA,Latvialainen puinen lyömäsoitin.,
fmpo:00512,http://urn.fi/urn:nbn:fi:au:seko:00512,,klarinetti,klarinett,clarinet,,,,,http://www.yso.fi/onto/yso/p94111,Eurooppa,,fmpo:00513,klarinettisoitin,,http://www.yso.fi/onto/yso/p16000,http://www.wikidata.org/entity/Q8343,,,,,,skos:exactMatch,http://id.loc.gov/authorities/performanceMediums/mp2013015154,,,,,,,,,TARKISTA,"Eurooppalainen puupuhallin, jossa on yksinkertainen värähtelevä ruokolehti.",https://finto.fi/ic/fi/page/48C73512
fmpo:00512,,,,,,barokkiklarinetti,fi,,,,,,,,,,,,,,,,,,,,,,,,,,,,
fmpo:00512,,,,,,baroque clarinet,en,,,,,,,,,,,,,,,,,,,,,,,,,,,,
fmpo:00512,,,,,,cl (klarinetti),fi,,,,,,,,,,,,,,,,,,,,,,,,,,,,
fmpo:00512,,,,,,clarinette,en,,,,,,,,,,,,,,,,,,,,,,,,,,,,
fmpo:00512,,,,,,clarone,,,,,,,,,,,,,,,,,,,,,,,,,,,,,
fmpo:00512,,,,,,Kl (klarinetti),fi,,,,,,,,,,,,,,,,,,,,,,,,,,,,
fmpo:00512,,,,,,klaneetti,fi,,,,,,,,,,,,,,,,,,,,,,,,,,,,
fmpo:00512,,,,,,clarinetto,it,,,,,,,,,,,,,,,,,,,,,,,,,,,,
fmpo:00512,,,,,,clarinette,fr,,,,,,,,,,,,,,,,,,,,,,,,,,,,
fmpo:00512,,,,,,Klarinette,de,,,,,,,,,,,,,,,,,,,,,,,,,,,,
fmpo:00512,,,,,,klarinet,sv,,,,,,,,,,,,,,,,,,,,,,,,,,,,
fmpo:00512,,,,,,planeetti,fi,,,,,,,,,,,,,,,,,,,,,,,,,,,,
fmpo:00513,http://urn.fi/urn:nbn:fi:au:seko:00513,,klarinettisoitin,enkelrörbladinstrument,single reed instrument,,,,,,,,fmpo:00587,lehdykkäpuhallinsoitin,,,http://www.wikidata.org/entity/Q185626,,,,,,skos:exactMatch,http://id.loc.gov/authorities/performanceMediums/mp2013015648,,,,,,,,,TARKISTA,,
fmpo:00513,,,,,,ruokokielekesoitin,fi,,,,,,,,,,,,,,,,,,,,,,,,,,,,
fmpo:00513,,,,,,"yksilehdykkäinen ruokolehtisoitin",fi,,,,,,,,,,,,,,,,,,,,,,,,,,,,
fmpo:00514,http://urn.fi/urn:nbn:fi:au:seko:00514,,klavikordi,klavikord,clavichord,,,,,http://www.yso.fi/onto/yso/p94111,Eurooppa,,"fmpo:00943, fmpo:00543",sitra|kosketinsoitin,,http://www.yso.fi/onto/yso/p17325,http://www.wikidata.org/entity/Q191823,,,,,,skos:exactMatch,http://id.loc.gov/authorities/performanceMediums/mp2013015157,,,,,,,,,TARKISTA,"Eurooppalainen, suorakulmainen kosketinsoitin, joka oli aktiivisessa käytössä 1400-luvulta aina 1800-luvulle modernin pianon kehittymiseen asti.",
fmpo:00514,,,,,,clavicorde,,,,,,,,,,,,,,,,,,,,,,,,,,,,,
fmpo:00514,,,,,,clavier (klavikordi),fi,,,,,,,,,,,,,,,,,,,,,,,,,,,,
fmpo:00514,,,,,,manicorde,,,,,,,,,,,,,,,,,,,,,,,,,,,,,
fmpo:00515,http://urn.fi/urn:nbn:fi:au:seko:00515,,klavikytherium,klavikytherium,clavicytherium,,,,,,,,fmpo:00194,cembalo,,,http://www.wikidata.org/entity/Q1746064,,,,,,skos:exactMatch,https://id.loc.gov/authorities/performanceMediums/mp2013015159,,,,,,,,,TARKISTA,"Cembalo, jonka runko ja kaikupohja ovat pystyasennossa.",
fmpo:00515,,,,,,cembalo verticale,,,,,,,,,,,,,,,,,,,,,,,,,,,,,
fmpo:00515,,,,,,clavicytherium,,,,,,,,,,,,,,,,,,,,,,,,,,,,,
fmpo:00516,http://urn.fi/urn:nbn:fi:au:seko:00516,,klavinetti,clavinet,clavinet,,,,,,,,"fmpo:01021, fmpo:00543",sähkösoitin|kosketinsoitin,,,http://www.wikidata.org/entity/Q1099153,,,,,,,,,,,,,,,,TARKISTA,"Ernst Zachariaksen 1960-luvun puolivälissä rakentama sähköinen kosketinsoitin, joka on soitinsystematiikan näkökulmasta lähinnä sähköistetty klavikordi. Lisätietoja http://fi.wikipedia.org/wiki/Klavinetti",
fmpo:00517,http://urn.fi/urn:nbn:fi:au:seko:00517,,knokwane,knokwane,knokwane,,,,,"http://www.yso.fi/onto/yso/p105092,http://www.yso.fi/onto/yso/p106268",Namibia|Botswana,,fmpo:00955,soittokaari,https://github.com/NatLibFi/SEKO/issues/69,,MISSING,MERGE? Possibly same as kalumbu?,,,,,,,https://en.wikipedia.org/wiki/Kalumbu| https://www.facebook.com/watch/?v=553700388136531,,,,,,,,KESKEN,"Sanit-kansan (bushmanit) jousi, jossa on rintaa vasten painettava kalebassin kuori ääntä vahvistamassa.",
fmpo:00518,http://urn.fi/urn:nbn:fi:au:seko:00518,,kōauau,kōauau,kōauau,,,,,"http://www.yso.fi/onto/yso/p105384,http://www.yso.fi/onto/yso/p108839",Uusi Seelanti|Polynesia,,fmpo:00611,lovihuilu,,,http://www.wikidata.org/entity/Q3030514,,,,,,skos:exactMatch,http://id.loc.gov/authorities/performanceMediums/mp2013015394,,,,,,,,,TARKISTA,"Maorien 12–15 cm pitkä huilu, jossa on kolme sormiaukkoa.",
fmpo:00518,,,,,,koauau,fi,,,,,,,,,,,,,,,,,,,,,,,,,,,,
fmpo:00518,,,,,,kooauau,,,,,,,,,,,,,,,,,,,,,,,,,,,,,
fmpo:00519,http://urn.fi/urn:nbn:fi:au:seko:00519,,kobuz,kobyz,kobyz,,,,,http://www.yso.fi/onto/yso/p107650,Keski-Aasia,,fmpo:00446,jousisoitin,https://github.com/NatLibFi/SEKO/issues/68,,https://www.wikidata.org/wiki/Q1778051,,321.321-7,,http://www.mimo-db.eu/InstrumentsKeywords/3195,,skos:closeMatch,http://id.loc.gov/authorities/performanceMediums/mp2013015583,https://en.wikipedia.org/wiki/Kobyz,,,"Aan ancient Turkic bowed string instrument, spread among Kazakhs, Karakalpaks, Bashkirs, and Tatars. (Wikipedia)",,,,2026-06-27,valid,Keskiaasialainen kaksikielinen jousisoitin.,
fmpo:00519,,,,,,gobuz,,,,,,,,,,,,,,,,,,,,,,,,,,,,,
fmpo:00519,,,,,,qobuz,,,,,,,,,,,,,,,,,,,,,,,,,,,,,
fmpo:00519,,,,,,qobyz,,,,,,,,,,,,,,,,,,,,,,,,,,,,,
fmpo:00519,,,,,,kopuz,,,,,,,,,,,,,,,,,,,,,,,,,,,,,
fmpo:00519,,,,,,kobyz,,,,,,,,,,,,,,,,,,,,,,,,,,,,,
fmpo:00519,,,,,,qobyz,,,,,,,,,,,,,,,,,,,,,,,,,,,,,
fmpo:00519,,,,,,qubz,,,,,,,,,,,,,,,,,,,,,,,,,,,,,
fmpo:00519,,,,,,kylkobyz,,,,,,,,,,,,,,,,,,,,,,,,,,,,,
fmpo:00520,http://urn.fi/urn:nbn:fi:au:seko:00520,,kokyū,kokyū,kokyū,,,,,http://www.yso.fi/onto/yso/p105023,Japani,,fmpo:00770,piikkiviulu,https://github.com/NatLibFi/SEKO/issues/74,,http://www.wikidata.org/entity/Q249105,"MERGE? Same as ""kucho"" seko:544",,,,,,,,,seko:00554,,,added skos:related to seko:00554 kokyu,,2026-06-28,KESKEN,Japanilainen piikkiviulu.,
fmpo:00520,,,,,,kokyu,fi,,,,,,,,,,,,,,,,,,,,,,,,,,,,
fmpo:00521,http://urn.fi/urn:nbn:fi:au:seko:00521,,komabue,komabue,komabue,,,,,http://www.yso.fi/onto/yso/p105023,Japani,,fmpo:00082,bambuhuilu,,,http://www.wikidata.org/entity/Q1064880,,,,,,,,,,,,,,,,TARKISTA,Japanilainen poikkihuilu.,
fmpo:00522,http://urn.fi/urn:nbn:fi:au:seko:00522,,komponiumi,componium,componium,,,,,,,,fmpo:00730,orkestrioni,,,http://www.wikidata.org/entity/Q5156711,,,,,,,,,,,,,,,,TARKISTA,"Diederich Nikolaus Winkelin vuonna 1821 kehittelemä orkestrioni, joka kykenee muuntelemaan sen soitettavaksi syötettyä teemaa.",
fmpo:00522,,,,,,combinium,,,,,,,,,,,,,,,,,,,,,,,,,,,,,
fmpo:00522,,,,,,componiumi,fi,,,,,,,,,,,,,,,,,,,,,,,,,,,,
fmpo:00522,,,,,,kombiniumi,fi,,,,,,,,,,,,,,,,,,,,,,,,,,,,
fmpo:00522,,,,,,Komponium,de,,,,,,,,,,,,,,,,,,,,,,,,,,,,
fmpo:00523,http://urn.fi/urn:nbn:fi:au:seko:00523,,kŏmun'go,kŏmun'go,gomungo,,,,,http://www.yso.fi/onto/yso/p109302,Korea,,fmpo:00943,sitra,,,http://www.wikidata.org/entity/Q713298,,,,,,,,,,,,,,,,TARKISTA,"Korealainen, kuusikielinen sitrasoitin.",
fmpo:00523,,,,,,hyeongeum,,,,,,,,,,,,,,,,,,,,,,,,,,,,,
fmpo:00523,,,,,,hyŏn'gŭm,,,,,,,,,,,,,,,,,,,,,,,,,,,,,
fmpo:00523,,,,,,komun'go,fi,,,,,,,,,,,,,,,,,,,,,,,,,,,,
fmpo:00523,,,,,,geomungo,en,,,,,,,,,,,,,,,,,,,,,,,,,,,,
fmpo:00523,,,,,,kum,,,,,,,,,,,,,,,,,,,,,,,,,,,,,
fmpo:00523,,,,,,kūm,,,,,,,,,,,,,,,,,,,,,,,,,,,,,
fmpo:00523,,,,,,,,hyon'gum,,,,,,,,,,,,,,,,,,,,,,,,,,,
fmpo:00524,http://urn.fi/urn:nbn:fi:au:seko:00524,,komuz,komuz,komuz,,,,,http://www.yso.fi/onto/yso/p107666,Kirgisia,,fmpo:00709,näppäilysoitin,,,http://www.wikidata.org/entity/Q645977,,,,,,skos:exactMatch,https://id.loc.gov/authorities/performanceMediums/mp2013015402,,,,,,,,,TARKISTA,"Kirgiisialainen, pitkäkaulainen luuttusoitin.",
fmpo:00524,,,,,,homus,,,,,,,,,,,,,,,,,,,,,,,,,,,,,
fmpo:00525,http://urn.fi/urn:nbn:fi:au:seko:00525,,konserttikantele,konsertkantele,concert kantele,,,,,,,,fmpo:00470,kantele,,,http://www.wikidata.org/entity/Q59479456,,,,,,,,,,,,,,,,TARKISTA,Isokokoinen noin 35–40-kielinen vaihtajakoneistolla varustettu kantele.,
fmpo:00525,,,,,,koneistokantele,fi,,,,,,,,,,,,,,,,,,,,,,,,,,,,
fmpo:00526,http://urn.fi/urn:nbn:fi:au:seko:00526,,kontra-alttoklarinetti,kontraalt klarinett,contra-alto clarinet,,,,,,,,fmpo:00512,klarinetti,,,http://www.wikidata.org/entity/Q6517474,,,,,,skos:exactMatch,http://id.loc.gov/authorities/performanceMediums/mp2013015175,,,,,,,,,TARKISTA,"Es-vireinen, kontrabassoklarinettia kvarttia ylemmäs viritetty klarinetti.",
fmpo:00527,http://urn.fi/urn:nbn:fi:au:seko:00527,,kontrabasso,kontrabas,double bass,,,,,http://www.yso.fi/onto/yso/p94111,Eurooppa,,fmpo:00446,jousisoitin,,http://www.yso.fi/onto/yso/p15746,http://www.wikidata.org/entity/Q80019,"altLabel is a separate concept ""basedla"" seko:00108 -->  WD ""basedla""  check altLabels for separate narrower concepts - update scopeNote if necessary",,,,,skos:exactMatch,http://id.loc.gov/authorities/performanceMediums/mp2013015216,,,,,,check altLabels for separate narrower concepts - update scopeNote if necessary,,2026-06-29,TARKISTA,Eurooppalaisen sinfoniaorkesterin jousisoittimiston bassosoitin.,https://finto.fi/ic/fi/page/48C7312
fmpo:00527,,,,,,b (kontrabasso),fi,,,,,,,,,,,,,,,,,,,,,,,,,,,,
fmpo:00527,,,,,,basedla,en,,,,,,,,,,,,,,,,,,,,,,,,,,,,
fmpo:00527,,,,,,bass (kontrabasso),fi,,,,,,,,,,,,,,,,,,,,,,,,,,,,
fmpo:00527,,,,,,basse double,en,,,,,,,,,,,,,,,,,,,,,,,,,,,,
fmpo:00527,,,,,,bassetto,en,,,,,,,,,,,,,,,,,,,,,,,,,,,,
fmpo:00527,,,,,,basso (kontrabasso),fi,,,,,,,,,,,,,,,,,,,,,,,,,,,,
fmpo:00527,,,,,,bassoviulu (kontrabasso),fi,,,,,,,,,,,,,,,,,,,,,,,,,,,,
fmpo:00527,,,,,,pystybasso,fi,,,,,,,,,,,,,,,,,,,,,,,,,,,,
fmpo:00527,,,,,,cb (kontrabasso),fi,,,,,,,,,,,,,,,,,,,,,,,,,,,,
fmpo:00527,,,,,,Kontrabaß,de,,,,,,,,,,,,,,,,,,,,,,,,,,,,
fmpo:00527,,,,,,contrabbasso,it,,,,,,,,,,,,,,,,,,,,,,,,,,,,
fmpo:00527,,,,,,contrebasse,fr,,,,,,,,,,,,,,,,,,,,,,,,,,,,
fmpo:00527,,,,,,ståfela,sv,,,,,,,,,,,,,,,,,,,,,,,,,,,,
fmpo:00527,,,,,,basfiolen,sv,,,,,,,,,,,,,,,,,,,,,,,,,,,,
fmpo:00527,,,,,,akustisk bas,sv,,,,,,,,,,,,,,,,,,,,,,,,,,,,
fmpo:00527,,,,,,basfiol,sv,,,,,,,,,,,,,,,,,,,,,,,,,,,,
fmpo:00527,,,,,,ståbas,sv,,,,,,,,,,,,,,,,,,,,,,,,,,,,
fmpo:00527,,,,,,kontra-bas,sv,,,,,,,,,,,,,,,,,,,,,,,,,,,,
fmpo:00527,,,,,,db (kontrabasso),fi,,,,,,,,,,,,,,,,,,,,,,,,,,,,
fmpo:00527,,,,,,Kb (kontrabasso),fi,,,,,,,,,,,,,,,,,,,,,,,,,,,,
fmpo:00528,http://urn.fi/urn:nbn:fi:au:seko:00528,,kontrabassohuilu,kontrabasflöjt,contrabass flute,,,,,,,,fmpo:00417,huilu,,,http://www.wikidata.org/entity/Q587246,,,,,,skos:exactMatch,http://id.loc.gov/authorities/performanceMediums/mp2013015177,,,,,,,,,TARKISTA,,
fmpo:00529,http://urn.fi/urn:nbn:fi:au:seko:00529,,kontrabassoklarinetti,kontrabasklarinett,contrabass clarinet,,,,,,,,fmpo:00512,klarinetti,,,http://www.wikidata.org/entity/Q2731509,,,,,,skos:exactMatch,http://id.loc.gov/authorities/performanceMediums/mp2013015176,,,,,,,,,TARKISTA,,
fmpo:00530,http://urn.fi/urn:nbn:fi:au:seko:00530,,kontrabassonokkahuilu,kontrabasblockflöjt,contrabass recorder,,,,,,,,fmpo:00704,nokkahuilu,,,http://www.wikidata.org/entity/Q15824198,,,,,,skos:exactMatch,http://id.loc.gov/authorities/performanceMediums/mp2013015178,,,,,,,,,TARKISTA,,
fmpo:00531,http://urn.fi/urn:nbn:fi:au:seko:00531,,kontrabassopasuuna,kontrabasbasun,contrabass trombone,,,,,,,,fmpo:00752,pasuuna,https://github.com/NatLibFi/SEKO/issues/79,,http://www.wikidata.org/entity/Q46996061,SPLIT? cimbasso is a different instrument!   ,,,,,skos:closeMatch,"http://id.loc.gov/authorities/performanceMediums/mp2013015607, http://id.loc.gov/authorities/performanceMediums/mp2015015011",https://fi.wikipedia.org/wiki/Cimbasso,,,,,,,2026-06-29,KESKEN,,
fmpo:00531,,,,,,cimbasso (pasuuna),fi,,,,,,,,,,,,,,,,,,,,,,,,,,,,
fmpo:00531,,,,,,contrasass sackbut,en,,,,,,,,,,,,,,,,,,,,,,,,,,,,
fmpo:00531,,,,,,Kontrabassposaune,de,,,,,,,,,,,,,,,,,,,,,,,,,,,,
fmpo:00532,http://urn.fi/urn:nbn:fi:au:seko:00532,,kontrabassopommeri,kontrabaspommer,great contrabass pommer,,,,,,,,fmpo:00791,pommeri,,,http://www.wikidata.org/entity/Q116207727,,,,,,,,,,,,,,,,TARKISTA,"Noin 2,7 m pitkä kontrabassokokoinen pommeri.",
fmpo:00532,,,,,,Großbass-Bomhart,de,,,,,,,,,,,,,,,,,,,,,,,,,,,,
fmpo:00532,,,,,,Kontrabasspommer,de,,,,,,,,,,,,,,,,,,,,,,,,,,,,
fmpo:00532,,,,,,,,Grossbass-Bomhart,,,,,,,,,,,,,,,,,,,,,,,,,,,
fmpo:00533,http://urn.fi/urn:nbn:fi:au:seko:00533,,kontrabassosaksofoni,kontrabassaxofon,contrabass saxophone,,,,,,,,fmpo:00879,saksofoni,,,http://www.wikidata.org/entity/Q1783263,,,,,,skos:exactMatch,http://id.loc.gov/authorities/performanceMediums/mp2013015179,,,,,,,,,TARKISTA,Matalaäänisin saksofoni.,
fmpo:00534,http://urn.fi/urn:nbn:fi:au:seko:00534,,kontrabassoserpentti,kontrabasserpent,contrabass serpent,,,,,,,,fmpo:00915,serpentti,,,http://www.wikidata.org/entity/Q116207826,,,,,,skos:closeMatch,http://id.loc.gov/authorities/performanceMediums/mp2013015631,,,,,,,,,TARKISTA,Kontrabassokokoinen serpentti,
fmpo:00534,,,,,,anaconda,,,,,,,,,,,,,,,,,,,,,,,,,,,,,
fmpo:00534,,,,,,anakonda,,,,,,,,,,,,,,,,,,,,,,,,,,,,,
fmpo:00535,http://urn.fi/urn:nbn:fi:au:seko:00535,,kontrafagotti,kontrafagott,contrabassoon,,,,,,,,fmpo:00330,fagotti,,,http://www.wikidata.org/entity/Q83513,,,,,,skos:exactMatch,http://id.loc.gov/authorities/performanceMediums/mp2013015180,,,,,,,,,TARKISTA,,
fmpo:00535,,,,,,contrafagotto,,,,,,,,,,,,,,,,,,,,,,,,,,,,,
fmpo:00535,,,,,,contrebasson,,,,,,,,,,,,,,,,,,,,,,,,,,,,,
fmpo:00535,,,,,,"double bassoon",en,,,,,,,,,,,,,,,,,,,,,,,,,,,,
fmpo:00535,,,,,,Kontrafagott,de,,,,,,,,,,,,,,,,,,,,,,,,,,,,
fmpo:00536,http://urn.fi/urn:nbn:fi:au:seko:00536,,kontramänkeri,kontramänkeri,counter mänkeri,,,,,,,,fmpo:00690,mänkeri,,,http://www.wikidata.org/entity/Q116207961,,,,,,,,,,,,,,,,TARKISTA,Klarinettityyppisen kansanomaisen puhallinsoittimen bassomuoto.,
fmpo:00537,http://urn.fi/urn:nbn:fi:au:seko:00537,,kontratenori,kontratenor,counter-tenor,,,,,,,,"fmpo:00668, fmpo:00033",mieslauluääni|altto,,,http://www.wikidata.org/entity/Q223166,,,,,,skos:exactMatch,http://id.loc.gov/authorities/performanceMediums/mp2013015186,,,,,,,,,TARKISTA,"Termillä tarkoitetaan lauluäänen äänialaa (tenoria korkeampi miesääni, joka vastaa alttoa).",
fmpo:00537,,,,,,contratenor,sv,,,,,,,,,,,,,,,,,,,,,,,,,,,,
fmpo:00537,,,,,,counter-tenor,en,,,,,,,,,,,,,,,,,,,,,,,,,,,,
fmpo:00537,,,,,,countertenor voice,en,,,,,,,,,,,,,,,,,,,,,,,,,,,,
fmpo:00537,,,,,,Kt (kontratenori),fi,,,,,,,,,,,,,,,,,,,,,,,,,,,,
fmpo:00537,,,,,,,,kontratenori (aanialat),,,,,,,,,,,,,,,,,,,,,,,,,,,
fmpo:00538,http://urn.fi/urn:nbn:fi:au:seko:00538,,kora,kora,cora,,,,,http://www.yso.fi/onto/yso/p118210,Länsi-Afrikka,,fmpo:00398,harppu,,,http://www.wikidata.org/entity/Q585969,,,,,,skos:exactMatch,http://id.loc.gov/authorities/performanceMediums/mp2013015405,,,,,,,,,TARKISTA,"Länsiafrikkalainen 21-kielinen harppuluuttu, jonka kaikukoppa on tehty pullokurpitsanpuolikkaasta.",
fmpo:00538,,,,,,korro,,,,,,,,,,,,,,,,,,,,,,,,,,,,,
fmpo:00539,http://urn.fi/urn:nbn:fi:au:seko:00539,,korkea lauluääni,hög sångröst,high voice,,,,,,,,fmpo:00583,lauluääni,,,http://www.wikidata.org/entity/Q98116969,,,,,,skos:exactMatch,http://id.loc.gov/authorities/performanceMediums/mp2013015341,,,,,,,,,TARKISTA,,
fmpo:00540,http://urn.fi/urn:nbn:fi:au:seko:00540,,kornetti,kornett,cornet,,,,,,,,fmpo:01171,vaskipuhallin,,http://www.yso.fi/onto/yso/p29784,http://www.wikidata.org/entity/Q202027,,,,,,,,,,,,,,,,TARKISTA,Korkeaääninen trumpettisoitin.,https://finto.fi/ic/fi/page/48C7352
fmpo:00540,,,,,,cnt (kornetti),fi,,,,,,,,,,,,,,,,,,,,,,,,,,,,
fmpo:00540,,,,,,cornetto,en,,,,,,,,,,,,,,,,,,,,,,,,,,,,
fmpo:00540,,,,,,cornetta,it,,,,,,,,,,,,,,,,,,,,,,,,,,,,
fmpo:00540,,,,,,cornet à pistons,fr,,,,,,,,,,,,,,,,,,,,,,,,,,,,
fmpo:00540,,,,,,cornopean,en,,,,,,,,,,,,,,,,,,,,,,,,,,,,
fmpo:00540,,,,,,venttiilikornetti,fi,,,,,,,,,,,,,,,,,,,,,,,,,,,,
fmpo:00541,http://urn.fi/urn:nbn:fi:au:seko:00541,,kortholt,kortholt,kortholt,,,,,,,,fmpo:01149,tuulikapselisoitin,,,http://www.wikidata.org/entity/Q259556,,,,,,,,,,,,,,,,TARKISTA,Yleisnimitys 1500–1600-luvuilla yleisille kaksoislehdykkäpuhaltimille.,
fmpo:00541,,,,,,courtenaud,,,,,,,,,,,,,,,,,,,,,,,,,,,,,
fmpo:00541,,,,,,curtal,,,,,,,,,,,,,,,,,,,,,,,,,,,,,
fmpo:00542,http://urn.fi/urn:nbn:fi:au:seko:00542,,kosketinsoitinsyntetisaattori,keyboard,electronic keyboard,,,,,,,,"fmpo:01021, fmpo:00543",sähkösoitin|kosketinsoitin,,,http://www.wikidata.org/entity/Q1343007,,,,,,skos:exactMatch,http://id.loc.gov/authorities/performanceMediums/mp2013015242,,,,,,,,,TARKISTA,Koskettimistolla ohjattava syntetisaattori.,
fmpo:00542,,,,,,digital keyboard,en,,,,,,,,,,,,,,,,,,,,,,,,,,,,
fmpo:00542,,,,,,keyboard synthesizer,en,,,,,,,,,,,,,,,,,,,,,,,,,,,,
fmpo:00542,,,,,,synt (kosketinsoitinsyntetisaattori),fi,,,,,,,,,,,,,,,,,,,,,,,,,,,,
fmpo:00543,http://urn.fi/urn:nbn:fi:au:seko:00543,,kosketinsoitin,klaverinstrument,keyboard instrument,,,,,,,,fmpo:00953,soitin,,http://www.yso.fi/onto/yso/p7982,http://www.wikidata.org/entity/Q52954,,,,,,skos:exactMatch,http://id.loc.gov/authorities/performanceMediums/mp2013015382,,,,,,Added latLabel values,,2026-06-29,valid,"Soitin, jota soitetaan sormilla koskettimiston yksittäisiä säveliä vastaavia koskettimia painamalla.",http://iconclass.org/48C733
fmpo:00543,,,,,,keyb (kosketinsoitin),fi,,,,,,,,,,,,,,,,,,,,,,,,,,,,
fmpo:00543,,,,,,keyboards (kosketinsoitin),fi,,,,,,,,,,,,,,,,,,,,,,,,,,,,
fmpo:00543,,,,,,klaveeri,fi,,,,,,,,,,,,,,,,,,,,,,,,,,,,
fmpo:00543,,,,,,klaveri,fi,,,,,,,,,,,,,,,,,,,,,,,,,,,,
fmpo:00543,,,,,,sormio (kosketinsoitin),fi,,,,,,,,,,,,,,,,,,,,,,,,,,,,
fmpo:00543,,,,,,keyboard stringed instrument,en,,,,,,,,,,,,,,,,,,,,,,,,,,,,
fmpo:00543,,,,,,string keyboard instrument,en,,,,,,,,,,,,,,,,,,,,,,,,,,,,
fmpo:00543,,,,,,stringed keyboard instrument,en,,,,,,,,,,,,,,,,,,,,,,,,,,,,
fmpo:00543,,,,,,klahvpillid,ee,,,,,,,,,,,,,,,,,,,,,,,,,,,,
fmpo:00543,,,,,,tangentinstrument,sv,,,,,,,,,,,,,,,,,,,,,,,,,,,,
fmpo:00544,http://urn.fi/urn:nbn:fi:au:seko:00544,,kotilotorvi,snäcktrumpet,shell trumpet,,,,,,,,fmpo:01171,vaskipuhallin,https://github.com/NatLibFi/SEKO/issues/75,,http://www.wikidata.org/entity/Q2606377,MERGED from seko:00059,423.11,,http://www.mimo-db.eu/InstrumentsKeywords/4389,,,,,,,,,merge from seko:0059 atecocoli,,2026-06-29,KESKEN,"Kotilonkuoresta valmistettu päästä tai sivulta puhallettava vaskipuhallin, jossa voi myös olla erikseen kiinnitetty suukappale.",
fmpo:00544,,,,,,conch,en,,,,,,,,,,,,,,,,,,,,,,,,,,,,
fmpo:00544,,,,,,ch'uru phuku,en,,,,,,,,,,,,,,,,,,,,,,,,,,,,
fmpo:00544,,,,,,boon,en,,,,,,,,,,,,,,,,,,,,,,,,,,,,
fmpo:00544,,,,,,conque,en,,,,,,,,,,,,,,,,,,,,,,,,,,,,
fmpo:00544,,,,,,seashell instrument,en,,,,,,,,,,,,,,,,,,,,,,,,,,,,
fmpo:00544,,,,,,dung dkar,en,,,,,,,,,,,,,,,,,,,,,,,,,,,,
fmpo:00544,,,,,,horagai,en,,,,,,,,,,,,,,,,,,,,,,,,,,,,
fmpo:00544,,,,,,jinkai,en,,,,,,,,,,,,,,,,,,,,,,,,,,,,
fmpo:00544,,,,,,Muschelhorn,de,,,,,,,,,,,,,,,,,,,,,,,,,,,,
fmpo:00544,,,,,,śaṅkh,en,,,,,,,,,,,,,,,,,,,,,,,,,,,,
fmpo:00544,,,,,,atecocoli,en,,,,,,,,,,,,,,,,,,,,,,,,,,,,
fmpo:00544,,,,,,atecocolli,en,,,,,,,,,,,,,,,,,,,,,,,,,,,,
fmpo:00544,,,,,,tecciztli,na,,,,,,,,,,,,,,,,,,,,,,,,,,,,
fmpo:00544,,,,,,kele'a,to,,,,,,,,,,,,,,,,,,,,,,,,,,,,
fmpo:00544,,,,,,tapae,va,,,,,,,,,,,,,,,,,,,,,,,,,,,,
fmpo:00544,,,,,,davui,fj,,,,,,,,,,,,,,,,,,,,,,,,,,,,
fmpo:00544,,,,,,faluo,ch,,,,,,,,,,,,,,,,,,,,,,,,,,,,
fmpo:00544,,,,,,fotuto,es,,,,,,,,,,,,,,,,,,,,,,,,,,,,
fmpo:00544,,,,,,Muschelhorn,de,,,,,,,,,,,,,,,,,,,,,,,,,,,,
fmpo:00544,,,,,,Muscheltrompete,de,,,,,,,,,,,,,,,,,,,,,,,,,,,,
fmpo:00544,,,,,,Schneckenhorn,de,,,,,,,,,,,,,,,,,,,,,,,,,,,,
fmpo:00544,,,,,,Schneckentrompete,de,,,,,,,,,,,,,,,,,,,,,,,,,,,,
fmpo:00544,,,,,,,,sankh,en,,,,,,,,,,,,,,,,,,,,,,,,,,
fmpo:00545,http://urn.fi/urn:nbn:fi:au:seko:00545,,koto,koto,koto,,,,,http://www.yso.fi/onto/yso/p105023,Japani,,fmpo:00943,sitra,,,http://www.wikidata.org/entity/Q289037,,,,,,skos:exactMatch,http://id.loc.gov/authorities/performanceMediums/mp2013015406,,,,,,,,,TARKISTA,Japanilainen näppäiltävä sitrasoitin. Erikokoisia koto-soittimia ei ole sanastossa eritelty.,
fmpo:00546,http://urn.fi/urn:nbn:fi:au:seko:00546,,kotsuzumi,kotsuzumi,kotsuzumi,,,,,http://www.yso.fi/onto/yso/p105023,Japani,,fmpo:01092,tiimalasirumpu,,,http://www.wikidata.org/entity/Q50357992,,,,,,skos:exactMatch,http://id.loc.gov/authorities/performanceMediums/mp2013015408,,,,,,,,,TARKISTA,Japanilainen tiimalasin muotoinen rumpu.,
fmpo:00546,,,,,,ko tsuzumi,,,,,,,,,,,,,,,,,,,,,,,,,,,,,
fmpo:00547,http://urn.fi/urn:nbn:fi:au:seko:00547,,koza,koza,koza,,,,,http://www.yso.fi/onto/yso/p105244,Puola,,fmpo:01024,säkkipilli,https://github.com/NatLibFi/SEKO/issues/78,,http://www.wikidata.org/entity/Q16858619,"MERGE? Is this the same as ""duda"" or ""volynka""?",,,,,skos:closeMatch,http://id.loc.gov/authorities/performanceMediums/mp2013015039,,,,,,,,,KESKEN,Puolalainen ja ukrainalainen säkkipilli.,
fmpo:00547,,,,,,kozio,,,,,,,,,,,,,,,,,,,,,,,,,,,,,
fmpo:00548,http://urn.fi/urn:nbn:fi:au:seko:00548,,krar,krar,krar,,,,,http://www.yso.fi/onto/yso/p105330,Etiopia,,fmpo:00625,lyyra,,,http://www.wikidata.org/entity/Q1786674,,,,,,skos:exactMatch,http://id.loc.gov/authorities/performanceMediums/mp2013015409,,,,,,,,,TARKISTA,Etiopialainen maljalyyra.,
fmpo:00548,,,,,,kerâr,,,,,,,,,,,,,,,,,,,,,,,,,,,,,
fmpo:00548,,,,,,,,kerar,,,,,,,,,,,,,,,,,,,,,,,,,,,
fmpo:00549,http://urn.fi/urn:nbn:fi:au:seko:00549,,kromaattinen harppu,kromatisk harpa,chromatic harp,,,,,,,,fmpo:00398,harppu,,,http://www.wikidata.org/entity/Q116209586,,,,,,skos:broadMatch,http://id.loc.gov/authorities/performanceMediums/mp2013015325,,,,,,,,,TARKISTA,"Moderni harppu, jossa on kieli jokaista säveltä varten, eikä lainkaan pedaaleja.",
fmpo:00550,http://urn.fi/urn:nbn:fi:au:seko:00550,,krumhorn,crumhorn,crumhorn,,,,,http://www.yso.fi/onto/yso/p94111,Eurooppa,,fmpo:01149,tuulikapselisoitin,,,http://www.wikidata.org/entity/Q930367,,,,,,skos:exactMatch,http://id.loc.gov/authorities/performanceMediums/mp2013015190,,,,,,,,,TARKISTA,"Renessanssin ajalla suosittu oboesoitin, jota valmistettiin useita eri kokoja. Näitä kokoja ei tässä sanastossa ole eritelty.",
fmpo:00550,,,,,,krumhorni,fi,,,,,,,,,,,,,,,,,,,,,,,,,,,,
fmpo:00550,,,,,,Krummhorn,de,,,,,,,,,,,,,,,,,,,,,,,,,,,,
fmpo:00550,,,,,,tournebout,en,,,,,,,,,,,,,,,,,,,,,,,,,,,,
fmpo:00551,http://urn.fi/urn:nbn:fi:au:seko:00551,TRUE,krusta,krousta,krousta,,,,,http://www.yso.fi/onto/yso/p105037,Kreikka,,fmpo:00864,rumpu,https://github.com/NatLibFi/SEKO/issues/76,,DEPRECATED,SPLIT? Isn't this just a general label for drums in the Greek language?,,,,,,,https://www.youtube.com/watch?v=H_shqU7tgxE|https://www.pointculture.be/mediatheque/musiques-du-monde/greek-folk-instruments-vol-4-krousta-percussion-instr-ms0329,seko:00627,,,,"Deprecated and redirected to seko:00627 ""percussion""",,2026-06-30,substituted,Kreikkalainen rumpu.,
fmpo:00551,,,,,,krousta,,,,,,,,,,,,,,,,,,,,,,,,,,,,,
fmpo:00552,http://urn.fi/urn:nbn:fi:au:seko:00552,,ksylofoni,xylofon,xylophone,,,,,,,,fmpo:x490,laattasoitin,https://github.com/NatLibFi/SEKO/issues/176,http://www.yso.fi/onto/yso/p12710,http://www.wikidata.org/entity/Q165666,,,,,,skos:exactMatch,http://id.loc.gov/authorities/performanceMediums/mp2013015810,,,,,,"2026-07-08 changed skos:broader to seko:x490 according to SEKO issue #176""",,2026-07-08,KESKEN,"Yleisnimitys soivista puupalikoista valmistetuille lyömäsoittimille. Resonaattoriputkilla varustettuja ksylofoneja kutsutaan marimboiksi. Modernin länsimaisen, metalliputkin varustetun marimban nimitys on vibrafoni.",
fmpo:00552,,,,,,Gigelyra,de,,,,,,,,,,,,,,,,,,,,,,,,,,,,
fmpo:00552,,,,,,Holzharmonika,de,,,,,,,,,,,,,,,,,,,,,,,,,,,,
fmpo:00552,,,,,,hölzernes Gelächter,de,,,,,,,,,,,,,,,,,,,,,,,,,,,,
fmpo:00552,,,,,,hölzernes Glachter,de,,,,,,,,,,,,,,,,,,,,,,,,,,,,
fmpo:00552,,,,,,Strohfiedel,de,,,,,,,,,,,,,,,,,,,,,,,,,,,,
fmpo:00552,,,,,,xf (ksylofoni),fi,,,,,,,,,,,,,,,,,,,,,,,,,,,,
fmpo:00552,,,,,,xil (ksylofoni),fi,,,,,,,,,,,,,,,,,,,,,,,,,,,,
fmpo:00552,,,,,,xyl (ksylofoni),fi,,,,,,,,,,,,,,,,,,,,,,,,,,,,
fmpo:00552,,,,,,,,holzernes Gelachter,,,,,,,,,,,,,,,,,,,,,,,,,,,
fmpo:00552,,,,,,,,holzernes Glachter,,,,,,,,,,,,,,,,,,,,,,,,,,,
fmpo:00553,http://urn.fi/urn:nbn:fi:au:seko:00553,,kuan,kuan,kuan,,,,,http://www.yso.fi/onto/yso/p104984,Kiina,,fmpo:00611,lovihuilu,,,http://www.wikidata.org/entity/Q116230940,,,,,,,,,,,,,,,,TARKISTA,"Kiinalainen, päästäpuhallettava huilu.",
fmpo:00554,http://urn.fi/urn:nbn:fi:au:seko:00554,,kucho,kucho,kūchō,,,,,http://www.yso.fi/onto/yso/p199940,Okinawa,,fmpo:00770,piikkiviulu,https://github.com/NatLibFi/SEKO/issues/74,,http://www.wikidata.org/entity/Q116231260,,,,,,,,,,seko:00520,,,changed dct:spatial to Okinawa,,2026-06-28,KESKEN,Japanilainen kolmikielinen piikkiviulu.,
fmpo:00554,,,,,,kūchō,,,,,,,,,,,,,,,,,,,,,,,,,,,,,
fmpo:00555,http://urn.fi/urn:nbn:fi:au:seko:00555,,kudüm,kudüm,kudüm,,,,,http://www.yso.fi/onto/yso/p105573,Turkki,,fmpo:00753,patarumpu,,,http://www.wikidata.org/entity/Q6441836,,,,,,,,,,,,,,,,TARKISTA,Turkkilaiset pienikokoiset patarummut.,
fmpo:00555,,,,,,kudum,,,,,,,,,,,,,,,,,,,,,,,,,,,,,
fmpo:00556,http://urn.fi/urn:nbn:fi:au:seko:00556,,kulingtang,kulingtang,kulingtang,,,,,http://www.yso.fi/onto/yso/p105337,Kaakkois-Aasia,,fmpo:00376,gongi,,,http://www.wikidata.org/entity/Q1791487,,,,,,skos:exactMatch,http://id.loc.gov/authorities/performanceMediums/mp2013015410,,,,,,,,,TARKISTA,"Kaakkoisaasialainen melodialyömäsoitin, joka koostuu 6–12 riviin asetetusta valetusta pronssigongista.",
fmpo:00556,,,,,,calculintang kolintang,,,,,,,,,,,,,,,,,,,,,,,,,,,,,
fmpo:00556,,,,,,gulintangan,,,,,,,,,,,,,,,,,,,,,,,,,,,,,
fmpo:00556,,,,,,klentangan,,,,,,,,,,,,,,,,,,,,,,,,,,,,,
fmpo:00556,,,,,,kolintang,,,,,,,,,,,,,,,,,,,,,,,,,,,,,
fmpo:00556,,,,,,kwintangan,,,,,,,,,,,,,,,,,,,,,,,,,,,,,
fmpo:00556,,,,,,totobuang,,,,,,,,,,,,,,,,,,,,,,,,,,,,,
fmpo:00557,http://urn.fi/urn:nbn:fi:au:seko:00557,,kulkunen,slädbjällra,jingle bell,,,,,,,,fmpo:00485,kello,,,http://www.wikidata.org/entity/Q956406,MERGED with seko:00157,112.13,,http://www.mimo-db.eu/InstrumentsKeywords/2415,,,,,,,,,,,,TARKISTA,,
fmpo:00557,,,,,,bubentsy,ru,,,,,,,,,,,,,,,,,,,,,,,,,,,,
fmpo:00557,,,,,,grelots,,,,,,,,,,,,,,,,,,,,,,,,,,,,,
fmpo:00557,,,,,,malamari,fi,,,,,,,,,,,,,,,,,,,,,,,,,,,,
fmpo:00557,,,,,,peltru,fi,,,,,,,,,,,,,,,,,,,,,,,,,,,,
fmpo:00557,,,,,,Schellen,de,,,,,,,,,,,,,,,,,,,,,,,,,,,,
fmpo:00557,,,,,,sleigh bell,en,,,,,,,,,,,,,,,,,,,,,,,,,,,,
fmpo:00557,,,,,,cascabel,es,,,,,,,,,,,,,,,,,,,,,,,,,,,,
fmpo:00558,http://urn.fi/urn:nbn:fi:au:seko:00558,,kundi,kundi,kundi,,,,,http://www.yso.fi/onto/yso/p184560,Keskinen Afrikka,,fmpo:00398,harppu,,,http://www.wikidata.org/entity/Q104996348,,,,http://www.mimo-db.eu/InstrumentsKeywords/3289,,,,,,,,,,,,TARKISTA,Keski-Afrikassa käytettävä harppu.,
fmpo:00559,http://urn.fi/urn:nbn:fi:au:seko:00559,,kuõkle,kockles,kokle,,,,,http://www.yso.fi/onto/yso/p94259,Latvia,,fmpo:00799,psaltteri,,,http://www.wikidata.org/entity/Q3504809,,,,,,,,,,,,,,,,TARKISTA,Latvialainen kanteleen sukuinen sitrasoitin.,
fmpo:00559,,,,,,kuokle,fi,,,,,,,,,,,,,,,,,,,,,,,,,,,,
fmpo:00560,http://urn.fi/urn:nbn:fi:au:seko:00560,,kuoro,kör,choir,,,,,,,,fmpo:00326,esittäjäryhmä,,http://www.yso.fi/onto/yso/p2170,http://www.wikidata.org/entity/Q131186,,,,,,skos:exactMatch,https://id.loc.gov/authorities/performanceMediums/mp2013015143,,,,,,,,,TARKISTA,Kymmenen tai useamman laulajan muodostama esityskokoonpano.,https://finto.fi/ic/fi/page/48C7552
fmpo:00560,,,,,,chorale,en,,,,,,,,,,,,,,,,,,,,,,,,,,,,
fmpo:00560,,,,,,chorus,en,,,,,,,,,,,,,,,,,,,,,,,,,,,,
fmpo:00560,,,,,,coro,it,,,,,,,,,,,,,,,,,,,,,,,,,,,,
fmpo:00560,,,,,,choeur,fr,,,,,,,,,,,,,,,,,,,,,,,,,,,,
fmpo:00560,,,,,,Chor,de,,,,,,,,,,,,,,,,,,,,,,,,,,,,
fmpo:00560,,,,,,,,korer,,,,,,,,,,,,,,,,,,,,,,,,,,,
fmpo:00561,http://urn.fi/urn:nbn:fi:au:seko:00561,,kurai,kuraj,quray,,,,,"http://www.yso.fi/onto/yso/p134742,http://www.yso.fi/onto/yso/p134741",Baškiria|Tatarstan,,fmpo:00611,lovihuilu,,,http://www.wikidata.org/entity/Q864778,,,,,,skos:exactMatch,http://id.loc.gov/authorities/performanceMediums/mp2013015412,,,,,,,,,TARKISTA,Baškiirien ja tataarien huilusoitin.,
fmpo:00561,,,,,,koeraj,,,,,,,,,,,,,,,,,,,,,,,,,,,,,
fmpo:00562,http://urn.fi/urn:nbn:fi:au:seko:00562,,kurkkulaulu,strupsång,throat singing,,,,,"http://www.yso.fi/onto/yso/p105251,http://www.yso.fi/onto/yso/p107650",Mongolia|Keski-Aasia,,fmpo:00583,lauluääni,,http://www.yso.fi/onto/yso/p29934,http://www.wikidata.org/entity/Q1067089,,,,,,,,,,,,,,,,TARKISTA,"Keski-Aasiassa, erityisesti Mongoliassa ja Tuvassa esiintyvä laulutapa, jonka avulla voidaan synnyttää kaksi samanaikaista ääntä.",
fmpo:00562,,,,,,guttural singing,en,,,,,,,,,,,,,,,,,,,,,,,,,,,,
fmpo:00562,,,,,,ääneslaulu,fi,,,,,,,,,,,,,,,,,,,,,,,,,,,,
fmpo:00562,,,,,,,,aaneslaulu,,,,,,,,,,,,,,,,,,,,,,,,,,,
fmpo:00563,http://urn.fi/urn:nbn:fi:au:seko:00563,,kuvikli,kuvikly,kuvytsi,,,,,"http://www.yso.fi/onto/yso/p107664,http://www.yso.fi/onto/yso/p94479",Ukraina|Venäjä,,fmpo:00749,panhuilu,,,http://www.wikidata.org/entity/Q4244288,,,,,,,,,,,,,,,,TARKISTA,Venäläinen panhuilu.,
fmpo:00563,,,,,,kugikly,en,,,,,,,,,,,,,,,,,,,,,,,,,,,,
fmpo:00563,,,,,,kuvikly,en,,,,,,,,,,,,,,,,,,,,,,,,,,,,
fmpo:00564,http://urn.fi/urn:nbn:fi:au:seko:00564,,kvieslė,kvieslė,kvieslė,,,,,http://www.yso.fi/onto/yso/p94268,Liettua,,fmpo:00627,lyömäsoitin,https://github.com/NatLibFi/SEKO/issues/80,,http://www.wikidata.org/entity/Q116279310,"SPLIT?  Maybe different from ""Džingulis""",,,,,,,https://lt.wikipedia.org/wiki/D%C5%BEingulis,,,,,,,,KESKEN,Liettualainen lyömäsoitin (idiofoni).,
fmpo:00564,,,,,,džingulis,lt,,,,,,,,,,,,,,,,,,,,,,,,,,,,
fmpo:00564,,,,,,trideksnis,lv,,,,,,,,,,,,,,,,,,,,,,,,,,,,
fmpo:00564,,,,,,kviesle,fi,,,,,,,,,,,,,,,,,,,,,,,,,,,,
fmpo:00565,http://urn.fi/urn:nbn:fi:au:seko:00565,TRUE,kyják,PUUTTUU,PUUTTUU,,,,,http://www.yso.fi/onto/yso/p107666,Kirgisia,,fmpo:00446,jousisoitin,https://github.com/NatLibFi/SEKO/issues/68,,DEPRECATED,"MERGE? is this the same as ""kiak (kyl kiak)""?",,,,,,,,seko:00499,,,,MERGE to seko:00499,,2026-06-27,substituted,Kirgisialainen jousisoitin.,
fmpo:00566,http://urn.fi/urn:nbn:fi:au:seko:00566,,kymbala,kymbala,kymbala,,,,,http://www.yso.fi/onto/yso/p105037,Kreikka,,fmpo:00627,lyömäsoitin,https://github.com/NatLibFi/SEKO/issues/81,,MISSING,"MERGE? is this the same as ""symbaali""?",,,,,,,https://andromedaofsparta.wordpress.com/2017/03/08/kymbala/,,,,,MERGE to seko:00585 lautanen,,2026-06-29,KESKEN,Kreikkalainen lyömäsoitin.,
fmpo:00566,,,,,,kimbala,,,,,,,,,,,,,,,,,,,,,,,,,,,,,
fmpo:00566,,,,,,kimvala,,,,,,,,,,,,,,,,,,,,,,,,,,,,,
fmpo:00567,http://urn.fi/urn:nbn:fi:au:seko:00567,,kyobanggo,kyobanggo,gyobanggo,,,,,http://www.yso.fi/onto/yso/p109302,Korea,,fmpo:00864,rumpu,,,http://www.wikidata.org/entity/Q12585258,,,,,,,,,,,,,,,,TARKISTA,Korealainen tynnyrinmuotoinen rumpu.,
fmpo:00567,,,,,,gyobang,,,,,,,,,,,,,,,,,,,,,,,,,,,,,
fmpo:00568,http://urn.fi/urn:nbn:fi:au:seko:00568,,kärjennoukka,kärjennoukka,kärjennoukka,,,,,"http://www.yso.fi/onto/yso/p94426,http://www.yso.fi/onto/yso/p94107",Suomi|Etelä-Pohjanmaa,,fmpo:00513,klarinettisoitin,,,http://www.wikidata.org/entity/Q97340981,,,,,,,,,,,,,,,,TARKISTA,Eteläpohjalainen puhallinsoitin (klarinetti).,
fmpo:00569,http://urn.fi/urn:nbn:fi:au:seko:00569,,käsikello,handklocka,handbell,,,,,,,,fmpo:00485,kello,,,http://www.wikidata.org/entity/Q871633,,,,http://www.mimo-db.eu/InstrumentsKeywords/2404,,skos:exactMatch,http://id.loc.gov/authorities/performanceMediums/mp2013015317,,,,,,,,,TARKISTA,Kädensijalla varustettu kello. Soitinta käytetään yleensä ryhminä. Erikokoisia käsikelloja ei ole sanastossa eritelty.,
fmpo:00570,http://urn.fi/urn:nbn:fi:au:seko:00570,,käsikelloyhtye,handklockensemble,handbell choir,,,,,,,,fmpo:00628,lyömäsoitinyhtye,,,http://www.wikidata.org/entity/Q116280499,,,,,,skos:exactMatch,http://id.loc.gov/authorities/performanceMediums/mp2013015318,,,,,,,,,TARKISTA,,
fmpo:00570,,,,,,handbell ensemble,en,,,,,,,,,,,,,,,,,,,,,,,,,,,,
fmpo:00570,,,,,,handbell team,en,,,,,,,,,,,,,,,,,,,,,,,,,,,,
fmpo:00571,http://urn.fi/urn:nbn:fi:au:seko:00571,,käyrä sinkki,krökt zinka,curved cornett,,,,,,,,fmpo:00937,sinkki,,,http://www.wikidata.org/entity/Q116280788,,,,,,skos:closeMatch,http://id.loc.gov/authorities/performanceMediums/mp2013015185,,,,,,,,,TARKISTA,Tavallisesti mustaksi parkitulla nahalla päällystetty käyrä sinkki; soittimien yleisin tyyppi.,
fmpo:00571,,,,,,cornet à bouquin,,,,,,,,,,,,,,,,,,,,,,,,,,,,,
fmpo:00571,,,,,,cornet-à-bouquin,,,,,,,,,,,,,,,,,,,,,,,,,,,,,
fmpo:00571,,,,,,corneta curva,,,,,,,,,,,,,,,,,,,,,,,,,,,,,
fmpo:00571,,,,,,corneta negra,,,,,,,,,,,,,,,,,,,,,,,,,,,,,
fmpo:00571,,,,,,cornetto alto,,,,,,,,,,,,,,,,,,,,,,,,,,,,,
fmpo:00571,,,,,,cornetto curvo,,,,,,,,,,,,,,,,,,,,,,,,,,,,,
fmpo:00571,,,,,,cornetto nero,en,,,,,,,,,,,,,,,,,,,,,,,,,,,,
fmpo:00571,,,,,,krummer Zink,de,,,,,,,,,,,,,,,,,,,,,,,,,,,,
fmpo:00571,,,,,,schwarzer Zink,de,,,,,,,,,,,,,,,,,,,,,,,,,,,,
fmpo:00572,http://urn.fi/urn:nbn:fi:au:seko:00572,,käyrätorvi,valthorn,French horn,,,,,,,,fmpo:01171,vaskipuhallin,,http://www.yso.fi/onto/yso/p8069,http://www.wikidata.org/entity/Q163759,,,,,,skos:closeMatch,http://id.loc.gov/authorities/performanceMediums/mp2013015342,,,,,,,,,TARKISTA,Luonnonäänitorvista kehittynyt vaskipuhallin.,
fmpo:00572,,,,,,Bügelhorn,de,,,,,,,,,,,,,,,,,,,,,,,,,,,,
fmpo:00572,,,,,,byygeli,fi,,,,,,,,,,,,,,,,,,,,,,,,,,,,
fmpo:00572,,,,,,byygelitorvi,fi,,,,,,,,,,,,,,,,,,,,,,,,,,,,
fmpo:00572,,,,,,cor (käyrätorvi),fi,,,,,,,,,,,,,,,,,,,,,,,,,,,,
fmpo:00572,,,,,,corno,en,,,,,,,,,,,,,,,,,,,,,,,,,,,,
fmpo:00572,,,,,,corno da caccia,en,,,,,,,,,,,,,,,,,,,,,,,,,,,,
fmpo:00572,,,,,,cr (käyrätorvi),fi,,,,,,,,,,,,,,,,,,,,,,,,,,,,
fmpo:00572,,,,,,fr-h (käyrätorvi),fi,,,,,,,,,,,,,,,,,,,,,,,,,,,,
fmpo:00572,,,,,,hn (käyrätorvi),fi,,,,,,,,,,,,,,,,,,,,,,,,,,,,
fmpo:00572,,,,,,horn,sv,,,,,,,,,,,,,,,,,,,,,,,,,,,,
fmpo:00572,,,,,,hr (käyrätorvi),fi,,,,,,,,,,,,,,,,,,,,,,,,,,,,
fmpo:00572,,,,,,Hrn (käyrätorvi),fi,,,,,,,,,,,,,,,,,,,,,,,,,,,,
fmpo:00572,,,,,,metsästystorvi,fi,,,,,,,,,,,,,,,,,,,,,,,,,,,,
fmpo:00572,,,,,,valttitorvi,fi,,,,,,,,,,,,,,,,,,,,,,,,,,,,
fmpo:00572,,,,,,Waldhorn,sv,,,,,,,,,,,,,,,,,,,,,,,,,,,,
fmpo:00572,,,,,,wienintorvi,fi,,,,,,,,,,,,,,,,,,,,,,,,,,,,
fmpo:00573,http://urn.fi/urn:nbn:fi:au:seko:00573,,kös,kös,kös,,,,,http://www.yso.fi/onto/yso/p105573,Turkki,,fmpo:00753,patarumpu,,,http://www.wikidata.org/entity/Q17070015,,,,,,,,,,,,,,,,TARKISTA,Turkkilaisen sotilasorkesterin patarumpupari.,
fmpo:00573,,,,,,kus,en,,,,,,,,,,,,,,,,,,,,,,,,,,,,
fmpo:00574,http://urn.fi/urn:nbn:fi:au:seko:00574,TRUE,laghuto,laouto,laouto,,,,,http://www.yso.fi/onto/yso/p105037,Kreikka,,fmpo:00709,näppäilysoitin,https://github.com/NatLibFi/SEKO/issues/117,,http://www.wikidata.org/entity/Q1774380,MERGE with lauto,,,,,,,,seko:00586,,,,,,2026-07-03,substituted,"Kreikkalainen, erityisesti Kreetan saarella käytettävä luuttusoitin.",
fmpo:00575,http://urn.fi/urn:nbn:fi:au:seko:00575,,lakita,lakita,lakita,,,,,http://www.yso.fi/onto/yso/p108647,Bolivia,,fmpo:00749,panhuilu,,,http://www.wikidata.org/entity/Q117117272,,,,,,,,,,,,,,,,TARKISTA,Bolivian intiaanien panhuilu.,
fmpo:00575,,,,,,laquita,,,,,,,,,,,,,,,,,,,,,,,,,,,,,
fmpo:00576,http://urn.fi/urn:nbn:fi:au:seko:00576,,lamzdelis,lamzdelis,lamzdelis,,,,,http://www.yso.fi/onto/yso/p94268,Liettua,,fmpo:01134,tulppakanavahuilu,,,http://www.wikidata.org/entity/Q23137116,,,,,,,,,,,,,,,,TARKISTA,Liettualainen tulppakanavahuilu.,
fmpo:00576,,,,,,bark pipe,,,,,,,,,,,,,,,,,,,,,,,,,,,,,
fmpo:00576,,,,,,lamzdeliai,,,,,,,,,,,,,,,,,,,,,,,,,,,,,
fmpo:00576,,,,,,lumzdelis,lt,,,,,,,,,,,,,,,,,,,,,,,,,,,,
fmpo:00576,,,,,,zieves lamzdelis,,,,,,,,,,,,,,,,,,,,,,,,,,,,,
fmpo:00577,http://urn.fi/urn:nbn:fi:au:seko:00577,,langleik,langeleik,langeleik,,,,,http://www.yso.fi/onto/yso/p94309,Norja,,"fmpo:00446, fmpo:00943",jousisoitin|sitra,,,http://www.wikidata.org/entity/Q2744331,,,,,,skos:exactMatch,http://id.loc.gov/authorities/performanceMediums/mp2013015414,,,,,,,,,TARKISTA,"Norjalainen jousella soitettava laatikkositra, jossa on yksi melodiakieli ja useita bordunakieliä. Lähisukulainen on islantilainen langspil.",
fmpo:00577,,,,,,langeleik,,,,,,,,,,,,,,,,,,,,,,,,,,,,,
fmpo:00578,http://urn.fi/urn:nbn:fi:au:seko:00578,,langspil,langspil,langspil,,,,,http://www.yso.fi/onto/yso/p105820,Islanti,,"fmpo:00446, fmpo:00943",jousisoitin|sitra,,,http://www.wikidata.org/entity/Q1805401,,,,,,,,,,,,,,,,TARKISTA,"Islantilainen jousella soitettava laatikkositra, norjalaisen langleikin lähisukulainen",
fmpo:00578,,,,,,långspel,sv,,,,,,,,,,,,,,,,,,,,,,,,,,,,
fmpo:00578,,,,,,,,langspel,,,,,,,,,,,,,,,,,,,,,,,,,,,
fmpo:00579,http://urn.fi/urn:nbn:fi:au:seko:00579,,lapsikuoro,barnkör,children's choir,,,,,,,,fmpo:00560,kuoro,,http://www.yso.fi/onto/yso/p28417,http://www.wikidata.org/entity/Q1753063,,,,,,skos:exactMatch,http://id.loc.gov/authorities/performanceMediums/mp2013015135,,,,,,,,,TARKISTA,,
fmpo:00579,,,,,,child choir,en,,,,,,,,,,,,,,,,,,,,,,,,,,,,
fmpo:00579,,,,,,children's chorus,en,,,,,,,,,,,,,,,,,,,,,,,,,,,,
fmpo:00579,,,,,,,,barnkorer,,,,,,,,,,,,,,,,,,,,,,,,,,,
fmpo:00580,http://urn.fi/urn:nbn:fi:au:seko:00580,,lapsilauluääni,barnsångröst,child's voice,,,,,,,,fmpo:00583,lauluääni,,,http://www.wikidata.org/entity/Q25303818,,,,,,skos:exactMatch,http://id.loc.gov/authorities/performanceMediums/mp2013015136,,,,,,,,,TARKISTA,,
fmpo:00580,,,,,,treble voice,en,,,,,,,,,,,,,,,,,,,,,,,,,,,,
fmpo:00581,http://urn.fi/urn:nbn:fi:au:seko:00581,,lasiharmonikka,glasharmonika,musical glasses,,,,,,,,fmpo:00627,lyömäsoitin,,,http://www.wikidata.org/entity/Q917571,,,,,,skos:closeMatch,http://id.loc.gov/authorities/performanceMediums/mp2013015764,,,,,,,,,TARKISTA,"Eri äänenkorkeudella soivista juomalaseista rakennettu soitin, joka oli suosittu lähinnä 1700-luvulla. Mm. Beethoven ja Mozart ovat säveltäneet teoksia lasiharmonikalle.",
fmpo:00581,,,,,,armonica,en,,,,,,,,,,,,,,,,,,,,,,,,,,,,
fmpo:00581,,,,,,Glasharmonika,de,,,,,,,,,,,,,,,,,,,,,,,,,,,,
fmpo:00581,,,,,,"glass armonica",en,,,,,,,,,,,,,,,,,,,,,,,,,,,,
fmpo:00581,,,,,,"glass harmonica",en,,,,,,,,,,,,,,,,,,,,,,,,,,,,
fmpo:00581,,,,,,verrophone,en,,,,,,,,,,,,,,,,,,,,,,,,,,,,
fmpo:00582,http://urn.fi/urn:nbn:fi:au:seko:00582,,lauluyhtye,sångenseble,singing ensemble,,,,,,,,fmpo:01208,yhtye,,http://www.yso.fi/onto/yso/p17304,http://www.wikidata.org/entity/Q120544,,,,,,skos:exactMatch,http://id.loc.gov/authorities/performanceMediums/mp2013015841,,,,,,,,,TARKISTA,"Yhtye, joka koostuu kukin omaa stemmaansa laulavista laulajista.",
fmpo:00582,,,,,,singing group,en,,,,,,,,,,,,,,,,,,,,,,,,,,,,
fmpo:00582,,,,,,sånggrupp,sv,,,,,,,,,,,,,,,,,,,,,,,,,,,,
fmpo:00582,,,,,,vocal ensemble,en,,,,,,,,,,,,,,,,,,,,,,,,,,,,
fmpo:00582,,,,,,vocal group,en,,,,,,,,,,,,,,,,,,,,,,,,,,,,
fmpo:00582,,,,,,vokalgrupp,sv,,,,,,,,,,,,,,,,,,,,,,,,,,,,
fmpo:00582,,,,,,,,sangensembler,,,,,,,,,,,,,,,,,,,,,,,,,,,
fmpo:00583,http://urn.fi/urn:nbn:fi:au:seko:00583,,lauluääni,sångröst,singing voice,,,,,,,,fmpo:00427,ihmisääni,,http://www.yso.fi/onto/yso/p37850,http://www.wikidata.org/entity/Q17172850,,,,,,skos:exactMatch,http://id.loc.gov/authorities/performanceMediums/mp2013015646,,,seko:x497,,,"""2026-07-26 added skos:related relation to ""singer""",,2026-07-26,TARKISTA,Lauluäänestä käytettävä termi silloin kun äänialaa ei ole täsmennetty.,
fmpo:00583,,,,,,laulu,fi,,,,,,,,,,,,,,,,,,,,,,,,,,,,
fmpo:00583,,,,,,Singstimme,de,,,,,,,,,,,,,,,,,,,,,,,,,,,,
fmpo:00583,,,,,,voc (lauluääni),fi,,,,,,,,,,,,,,,,,,,,,,,,,,,,
fmpo:00583,,,,,,vocals,en,,,,,,,,,,,,,,,,,,,,,,,,,,,,
fmpo:00584,http://urn.fi/urn:nbn:fi:au:seko:00584,,launeddas,launreddas,launreddas,,,,,http://www.yso.fi/onto/yso/p110762,Sardinia,,fmpo:00513,klarinettisoitin,,,http://www.wikidata.org/entity/Q1543785,,,,,,,,,,,,,,,,TARKISTA,"Sardinialainen, kansanomainen kolmirunkoinen klarinettisoitin.",
fmpo:00585,http://urn.fi/urn:nbn:fi:au:seko:00585,,lautanen,cymbal,cymbal,,,,,,,,fmpo:00627,lyömäsoitin,,,http://www.wikidata.org/entity/Q190172,,,,,,skos:closeMatch,http://id.loc.gov/authorities/performanceMediums/mp2013015195,,,,,,,,,TARKISTA,"Metallinen, tavallisesti pareittain käytettävä lyömäsoitin.",
fmpo:00585,,,,,,bäcken,sv,,,,,,,,,,,,,,,,,,,,,,,,,,,,
fmpo:00585,,,,,,cinelli,en,,,,,,,,,,,,,,,,,,,,,,,,,,,,
fmpo:00585,,,,,,cymbales,en,,,,,,,,,,,,,,,,,,,,,,,,,,,,
fmpo:00585,,,,,,piatti,en,,,,,,,,,,,,,,,,,,,,,,,,,,,,
fmpo:00585,,,,,,symbaali (lautanen),fi,,,,,,,,,,,,,,,,,,,,,,,,,,,,
fmpo:00585,,,,,,,,backen,,,,,,,,,,,,,,,,,,,,,,,,,,,
fmpo:00585,,,,,,,,lautanen (lyomasoittimet),,,,,,,,,,,,,,,,,,,,,,,,,,,
fmpo:00586,http://urn.fi/urn:nbn:fi:au:seko:00586,,lauto,laouto,laouto,,,,,http://www.yso.fi/onto/yso/p105037,Kreikka,,fmpo:00709,näppäilysoitin,https://github.com/NatLibFi/SEKO/issues/117,,http://www.wikidata.org/entity/Q1774380,"MERGE  here ""laghuto"" a.ka. ""laouto"" seko:00574",,,,,,,,,,,,Meged with laghuto seko:00574,,2026-07-03,accepted,"Kreikkalainen, pitkäkaulainen luuttusoitin, keskeinen perinteisen musiikin säestyssoitin, jossa on kaksoiskielet.",
fmpo:00586,,,,,,laouto,,,,,,,,,,,,,,,,,,,,,,,,,,,,,
fmpo:00586,,,,,,laghouto,,,,,,,,,,,,,,,,,,,,,,,,,,,,,
fmpo:00586,,,,,,lăuta,,,,,,,,,,,,,,,,,,,,,,,,,,,,,
fmpo:00586,,,,,,llautë,,,,,,,,,,,,,,,,,,,,,,,,,,,,,
fmpo:00587,http://urn.fi/urn:nbn:fi:au:seko:00587,,lehdykkäpuhallinsoitin,rörbladsinstrument,reed instrument,,,,,,,,fmpo:00817,puupuhallin,,,http://www.wikidata.org/entity/Q42896320,,,,,,skos:exactMatch,http://id.loc.gov/authorities/performanceMediums/mp2013015598,,,,,,,,,TARKISTA,,
fmpo:00587,,,,,,reeds (lehdykkäpuhallinsoitin),fi,,,,,,,,,,,,,,,,,,,,,,,,,,,,
fmpo:00587,,,,,,tazamar,,,,,,,,,,,,,,,,,,,,,,,,,,,,,
fmpo:00587,,,,,,zammāra,,,,,,,,,,,,,,,,,,,,,,,,,,,,,
fmpo:00587,,,,,,zamr,,,,,,,,,,,,,,,,,,,,,,,,,,,,,
fmpo:00587,,,,,,zumare,,,,,,,,,,,,,,,,,,,,,,,,,,,,,
fmpo:00587,,,,,,zumbara,,,,,,,,,,,,,,,,,,,,,,,,,,,,,
fmpo:00587,,,,,,zummāra (lehdykkäpuhallinsoitin),fi,,,,,,,,,,,,,,,,,,,,,,,,,,,,
fmpo:00588,http://urn.fi/urn:nbn:fi:au:seko:00588,,lehmänkello,koskälla,cowbell,,,,,,,,fmpo:00485,kello,https://github.com/NatLibFi/SEKO/issues/83,,http://www.wikidata.org/entity/Q775570,"check mappings and hierarchy --- MERGE? Is this different from ""cencerro""? Wikidata puts it together as ""livestock bell"" in Spain | AltLabel  ""mbira""  in WD and LCMPT, but Museumcollection says they are separate instruments and Wiktionary says they ara quasi-synonyms. ",,,,,skos:closeMatch,http://id.loc.gov/authorities/performanceMediums/mp2013015187,https://museumcollections.rcm.ac.uk/collection/Details/collect/2012|https://fr.wiktionary.org/wiki/sanza,,,,,,,2026-06-29,KESKEN,"Metallista valmistettu helistin, jota on käytetty Richard Straussin Alppisinfonian lisäksi paljon populaarimusiikissa.",
fmpo:00589,http://urn.fi/urn:nbn:fi:au:seko:00589,,leluorkesteri,leksaksorkester,toy symphony,,,,,,,,fmpo:00954,soitinyhtye,,,http://www.wikidata.org/entity/Q116282710,,,,,,skos:exactMatch,http://id.loc.gov/authorities/performanceMediums/mp2013015740,,,,,,,,,TARKISTA,"Yhtye, jonka soittimisto koostuu yksinomaan tai pääasiassa lelusoittimista.",
fmpo:00590,http://urn.fi/urn:nbn:fi:au:seko:00590,,lelusoitin,leksaksinstrument,toy instrument,,,,,,,,fmpo:00953,soitin,,,http://www.wikidata.org/entity/Q2310383,,,,,,skos:exactMatch,http://id.loc.gov/authorities/performanceMediums/mp2013015739,,,,,,,,,TARKISTA,"Yleisnimi soittimille, jotka on valmistettu tai tarkoitettu lähinnä lasten käyttöön ilman vakavaa musisoinnin tarkoitusta. Lelusoittimia voidaan silti käyttää myös varsinaisina soittimina.",
fmpo:00590,,,,,,musical toys,en,,,,,,,,,,,,,,,,,,,,,,,,,,,,
fmpo:00591,http://urn.fi/urn:nbn:fi:au:seko:00591,,lemmenchalumeau,chalumeau d'amour,chalumeau d'amour,,,,,,,,fmpo:00964,sopraanochalumeau,,,http://www.wikidata.org/entity/Q116282939,,,,,,skos:closeMatch,http://id.loc.gov/authorities/performanceMediums/mp2013015125,,,,,,,,,TARKISTA,"Sopraanokokoinen chalumeau, jonka kello on pallomainen ja jonka ääniala alkaa e':stä tai f':stä.",
fmpo:00591,,,,,,chalumeau d'amore,it,,,,,,,,,,,,,,,,,,,,,,,,,,,,
fmpo:00591,,,,,,chalumeau d'amour,fr,,,,,,,,,,,,,,,,,,,,,,,,,,,,
fmpo:00591,,,,,,salmoè d'amore,it,,,,,,,,,,,,,,,,,,,,,,,,,,,,
fmpo:00591,,,,,,,,salmoe d'amore,,,,,,,,,,,,,,,,,,,,,,,,,,,
fmpo:00592,http://urn.fi/urn:nbn:fi:au:seko:00592,,lemmenklarinetti,kärlekslarinett,clarinet d'amour,,,,,,,,fmpo:00512,klarinetti,,,http://www.wikidata.org/entity/Q4222986,,,,,,skos:exactMatch,http://id.loc.gov/authorities/performanceMediums/mp2013015155,,,,,,,,,TARKISTA,"1700-luvulla kehitetty yleensä F-, G- tai As-vireinen klarinetti, jonka kello-osa on päärynänmuotoinen.",
fmpo:00592,,,,,,clarinette d'amour,fr,,,,,,,,,,,,,,,,,,,,,,,,,,,,
fmpo:00592,,,,,,clarinetto d'amore,it,,,,,,,,,,,,,,,,,,,,,,,,,,,,
fmpo:00592,,,,,,Liebesklarinett,de,,,,,,,,,,,,,,,,,,,,,,,,,,,,
fmpo:00593,http://urn.fi/urn:nbn:fi:au:seko:00593,,lepenelauta,lepenelauta,lepenelauta,,,,,http://www.yso.fi/onto/yso/p94426,Suomi,,fmpo:00627,lyömäsoitin,,,http://www.wikidata.org/entity/Q116283063,,,,,,,,,,,,,,,,TARKISTA,"Suomalainen helistinsoitin, kaareva puulauta, jota lyödään erilaisilla kapuloilla.",
fmpo:00594,http://urn.fi/urn:nbn:fi:au:seko:00594,,leppäpilli,"""aljlöjt""","""alder whistle""","""sälgpipa|alder flute|bark flute""",,,,http://www.yso.fi/onto/yso/p94426,Suomi,,fmpo:00418,huilusoitin,https://github.com/NatLibFi/SEKO/issues/82,,MISSING,"MERGE with ""pajupilli""? -- REFERENCE? Minna Hokka website says this term is used for many different flutes: ""huulipilli, läveri, lötkö, pajupilli, tronopilli"".  ""Koiviston pilli"" on page 15 looks like it is made of birch bark (tuohi).",,,,,,,https://docplayer.fi/8563305-Tampereen-koivisto-seura-ry-jouluna-2011.html,,,,,,,2026-06-29,KESKEN,Sormiaukoton kansanomainen ruokopilli.,
fmpo:00594,,,,,,Koiviston pilli,fi,,,,,,,,,,,,,,,,,,,,,,,,,,,,
fmpo:00595,http://urn.fi/urn:nbn:fi:au:seko:00595,,leppätorvi,leppätorvi,leppätorvi,,,,,http://www.yso.fi/onto/yso/p94426,Suomi,,fmpo:00801,puhallinsoitin,,,http://www.wikidata.org/entity/Q116284034,,,,,,,,,,,,,,,,TARKISTA,Suomalainen kansanomainen trumpettisoitin.,
fmpo:00595,,,,,,alder trumpet,en,,,,,,,,,,,,,,,,,,,,,,,,,,,,
fmpo:00595,,,,,,kuoritrumpetti,fi,,,,,,,,,,,,,,,,,,,,,,,,,,,,
fmpo:00595,,,,,,leppätrumpetti,fi,,,,,,,,,,,,,,,,,,,,,,,,,,,,
fmpo:00596,http://urn.fi/urn:nbn:fi:au:seko:00596,,leropilli,leropilli,leropilli,,,,,http://www.yso.fi/onto/yso/p94426,Suomi,,fmpo:00513,klarinettisoitin,,,http://www.wikidata.org/entity/Q116284222,,,,,,,,,,,,,,,,TARKISTA,"Suomalainen, halkaistusta ja ontoksi koverretusta puusta tehty klarinettisoitin.",
fmpo:00597,http://urn.fi/urn:nbn:fi:au:seko:00597,,likembe,likembe,likembe,,,,,http://www.yso.fi/onto/yso/p110633,Kongo,,fmpo:00974,sormipiano,https://github.com/NatLibFi/SEKO/issues/53,,MISSING,"Altlabel ""mbira"" for istruments in WD, LCMPT, however Museumcollections"" says it is a separate instrument. Also Wiktionary ""likembe"" says they are separate. ",122.11,https://vocabulary.mimo-international.com/HornbostelAndSachs/en/page/67,http://www.mimo-db.eu/InstrumentsKeywords/2933,,skos:closeMatch,http://id.loc.gov/authorities/performanceMediums/mp2013015455,https://museumcollections.rcm.ac.uk/collection/Details/collect/2012|https://en.wiktionary.org/wiki/likembe,,,,,,,Add seeAlso and mappings,KESKEN,Afrikkalainen sormipiano.,
fmpo:00598,http://urn.fi/urn:nbn:fi:au:seko:00598,,ling,ling,ling,,,,,http://www.yso.fi/onto/yso/p104984,Kiina,,fmpo:00627,lyömäsoitin,,,http://www.wikidata.org/entity/Q117117688,,,,,,,,,,,,,,,,TARKISTA,"Kiinalainen, pienikokoinen sisäisellä helistimellä varustettu kello.",
fmpo:00598,,,,,,Chinese clapper bell,en,,,,,,,,,,,,,,,,,,,,,,,,,,,,
fmpo:00599,http://urn.fi/urn:nbn:fi:au:seko:00599,,lira,lira,lira,,,,,"http://www.yso.fi/onto/yso/p105037,http://www.yso.fi/onto/yso/p106673,http://www.yso.fi/onto/yso/p193021",Kreikka|Bulgaria|Dalmatia,,fmpo:00446,jousisoitin,https://github.com/NatLibFi/SEKO/issues/63,,http://www.wikidata.org/entity/Q2606162,SPLIT? Separate from Lira (Ukrainian instrument),,,,,skos:exactMatch,http://id.loc.gov/authorities/performanceMediums/mp2013015421,https://en.wikipedia.org/wiki/Lira_(Ukrainian_instrument),,,,"The Ukrainian lira or ""relia"" is derived from this instrument.",,,2026-06-26,valid,"Kreikassa, Bulgariassa ja Dalmatiassa käytettävä päärynänmuotoinen jousisoitin.",
fmpo:00599,,,,,,Byzantine lyra,en,,,,,,,,,,,,,,,,,,,,,,,,,,,,
fmpo:00599,,,,,,lira (short-necked fiddle),en,,,,,,,,,,,,,,,,,,,,,,,,,,,,
fmpo:00600,http://urn.fi/urn:nbn:fi:au:seko:00600,,lira da braccio,lira da braccio,lira da braccio,,,,,,,,fmpo:00446,jousisoitin,,,http://www.wikidata.org/entity/Q584967,,,,,,skos:exactMatch,http://id.loc.gov/authorities/performanceMediums/mp2013015422,,,,,,,,,TARKISTA,"Historiallinen (renessanssi) jousisoitin, joka muistuttaa ulkonaisesti viulua. Lira da braccio oli tarkoitettu erityisesti sointuja tuottavaksi säestyssoittimeksi.",
fmpo:00600,,,,,,lira (lira da braccio),fi,,,,,,,,,,,,,,,,,,,,,,,,,,,,
fmpo:00600,,,,,,lira di sette corde,,,,,,,,,,,,,,,,,,,,,,,,,,,,,
fmpo:00600,,,,,,lira moderna,,,,,,,,,,,,,,,,,,,,,,,,,,,,,
fmpo:00600,,,,,,viola (lira da braccio),fi,,,,,,,,,,,,,,,,,,,,,,,,,,,,
fmpo:00601,http://urn.fi/urn:nbn:fi:au:seko:00601,,lirapondos,Pontisk lira,Pontic lyra,,,,,http://www.yso.fi/onto/yso/p105037,Kreikka,,fmpo:00446,jousisoitin,https://github.com/NatLibFi/SEKO/issues/18,,https://www.wikidata.org/wiki/Q12060981,"MERGE? Is this ""Pontic lyra"" / another kemence  ?",,,,,,,https://www.helleniccomserve.com/stringintruments.html,,,,,,,,KESKEN,Kreikkalainen jousisoitin.,
fmpo:00601,,,,,,kemençe,en,,,,,,,,,,,,,,,,,,,,,,,,,,,,
fmpo:00601,,,,,,Pontian lyra,en,,,,,,,,,,,,,,,,,,,,,,,,,,,,
fmpo:00602,http://urn.fi/urn:nbn:fi:au:seko:00602,,lirica,lijerica,lijerica ,,,,,http://www.yso.fi/onto/yso/p107595,Kroatia,,fmpo:00446,jousisoitin,,,http://www.wikidata.org/entity/Q1420096,,,,,,skos:exactMatch,http://id.loc.gov/authorities/performanceMediums/mp2013015423,,,,,,,,,TARKISTA,Kroatialainen kolmikielinen jousisoitin.,
fmpo:00602,,,,,,liritza,en,,,,,,,,,,,,,,,,,,,,,,,,,,,,
fmpo:00603,http://urn.fi/urn:nbn:fi:au:seko:00603,,lirone,lirone,lirone,,,,,,,,fmpo:01185,viola da gamba,,,https://www.wikidata.org/entity/Q361424,,,,,,skos:exactMatch,http://id.loc.gov/authorities/performanceMediums/mp2013015424,,,,,,,,,TARKISTA,"Historiallinen (renessanssi) matalaääninen jousisoitin, joka kuuluu samaan soitinperheeseen kuin lira da braccio.",
fmpo:00603,,,,,,lira da gamba,,,,,,,,,,,,,,,,,,,,,,,,,,,,,
fmpo:00603,,,,,,lira doppia,it,,,,,,,,,,,,,,,,,,,,,,,,,,,,
fmpo:00603,,,,,,lira grande,it,,,,,,,,,,,,,,,,,,,,,,,,,,,,
fmpo:00603,,,,,,lyrone,,,,,,,,,,,,,,,,,,,,,,,,,,,,,
fmpo:00604,http://urn.fi/urn:nbn:fi:au:seko:00604,,liru,liru,liru,,,,,http://www.yso.fi/onto/yso/p94192,Karjala,,fmpo:00513,klarinettisoitin,,,http://www.wikidata.org/entity/Q11876043,,,,,,,,https://minnahokka.com/soittimet/varsinaiset-aerofonit/glottofonit-eli-lehdykkavarahtelijat/klarinetit/heteroglottiset-eli-irtonaisella-lehdykalla-varustetut/liru.html;https://etno.net/musiikin-muisti/musiikin-muisti-1,,,"""Karjalainen paimensoitin, jota puhalletaan kuin klarinettia. Pienikokoinen muunnos pikkuliru""@fi",,"""2026-06-08-16 added altLabel pikkuliru""@en",,2026-08-16,KESKEN,Karjalainen puhallinsoitin.,
fmpo:00604,,,,,,brelo,fi,,,,,,,,,,,,,,,,,,,,,,,,,,,,
fmpo:00604,,,,,,pikkuliru,fi,,,,,,,,,,,,,,,,,,,,,,,,,,,,
fmpo:00604,,,,,,small liru,en,,,,,,,,,,,,,,,,,,,,,,,,,,,,
fmpo:00604,,,,,,truba (liru),fi,,,,,,,,,,,,,,,,,,,,,,,,,,,,
fmpo:00605,http://urn.fi/urn:nbn:fi:au:seko:00605,,litofoni,litofon,lithophone,,,,,,,,fmpo:00627,lyömäsoitin,,,http://www.wikidata.org/entity/Q1704079,,,,,,skos:exactMatch,https://id.loc.gov/authorities/performanceMediums/mp2013015425,,,,,,,,,TARKISTA,Yleisnimitys soivista kivistä valmistetuille soittimille.,
fmpo:00605,,,,,,kivisoitin,fi,,,,,,,,,,,,,,,,,,,,,,,,,,,,
fmpo:00606,http://urn.fi/urn:nbn:fi:au:seko:00606,,litungu,litungu,litungu,,,,,"http://www.yso.fi/onto/yso/p105235,http://www.yso.fi/onto/yso/p106044",Kenia|Uganda,,fmpo:00625,lyyra,,,http://www.wikidata.org/entity/Q6653370,,,,,,,,,,,,,,,,TARKISTA,Kenian ja Ugandan alueilla käytettävä maljasitra.,
fmpo:00607,http://urn.fi/urn:nbn:fi:au:seko:00607,,lituus,lituus,lituus,,,,,http://www.yso.fi/onto/yso/p105081,Rooman valtakunta,,fmpo:01171,vaskipuhallin,,,http://www.wikidata.org/entity/Q1554099,,,,,,,,,,,,,,,,TARKISTA,Antiikin Rooman aikainen vaskisoitin.,
fmpo:00608,http://urn.fi/urn:nbn:fi:au:seko:00608,,liukuhuilu,dragflöjt,slide whistle,,,,,http://www.yso.fi/onto/yso/p94426,Suomi,,fmpo:01134,tulppakanavahuilu,https://github.com/NatLibFi/SEKO/issues/84,,MISSING,,421.221.312,,,,,,https://minnahokka.com/soittimet/huilut/sylinterimaiset-tai-kartiomaiset-tulppakanavahuilut/sivupuhalteiset-tulppakanavahuilut/sivupuhalteinen-liukuhuilu.html,,,,,,,2026-06-30 created issue,KESKEN,"Suomalainen, kansanomainen, pajunkuoresta tehty puhallinsoitin.",
fmpo:00608,,,,,,kolvflöjt - ?,sv,,,,,,,,,,,,,,,,,,,,,,,,,,,,
fmpo:00609,http://urn.fi/urn:nbn:fi:au:seko:00609,,livenka,livenka,livenka,,,,,http://www.yso.fi/onto/yso/p94479,Venäjä,,fmpo:00001,1-rivinen harmonikka,,,http://www.wikidata.org/entity/Q286502,,,,,,,,,,,,,,,,TARKISTA,Venäläinen yksirivinen harmonikka.,
fmpo:00609,,,,,,livenskaâ,,,,,,,,,,,,,,,,,,,,,,,,,,,,,
fmpo:00609,,,,,,livenskaâ garmoška,ru,,,,,,,,,,,,,,,,,,,,,,,,,,,,
fmpo:00609,,,,,,livenskaja,,,,,,,,,,,,,,,,,,,,,,,,,,,,,
fmpo:00609,,,,,,,,livenskaa,,,,,,,,,,,,,,,,,,,,,,,,,,,
fmpo:00609,,,,,,,,livenskaa garmoska,,,,,,,,,,,,,,,,,,,,,,,,,,,
fmpo:00610,http://urn.fi/urn:nbn:fi:au:seko:00610,,lõõtspill,lõõtspill,lõõtspill,,,,,http://www.yso.fi/onto/yso/p104987,Viro,,fmpo:00395,harmonikka,,,http://www.wikidata.org/entity/Q379269,"SPLIT? In Wikidata ""lõõtspill"" is a general  accordion, not an Estonian model",,,,,skos:exactMatch,http://id.loc.gov/authorities/performanceMediums/mp2013015428,,,,,,,,,TARKISTA,Virolainen harmonikka.,
fmpo:00610,,,,,,lootspill,et,,,,,,,,,,,,,,,,,,,,,,,,,,,,
fmpo:00611,http://urn.fi/urn:nbn:fi:au:seko:00611,,lovihuilu,karvflöjt,notched flute,,,,,,,,fmpo:00851,reunahuilu,,,http://www.wikidata.org/entity/Q55738636,,,,http://www.mimo-db.eu/InstrumentsKeywords/4018,,,,,,,,,,,,TARKISTA,,
fmpo:00611,,,,,,Kerbflöte,de,,,,,,,,,,,,,,,,,,,,,,,,,,,,
fmpo:00611,,,,,,,,Kerbflote,,,,,,,,,,,,,,,,,,,,,,,,,,,
fmpo:00612,http://urn.fi/urn:nbn:fi:au:seko:00612,,ložki,PUUTTUU,lozhki ,,,,,http://www.yso.fi/onto/yso/p94479,Venäjä,,fmpo:00619,lusikat,https://github.com/NatLibFi/SEKO/issues/77,,MISSING,"MERGE? is this the same as ""lusikat"" seko:00619",,,,,,,,,,,,,,2026-06-30,KESKEN,"Venäläiset lusikat, turkkilaisen kasik-soittimen lähisukulainen.",
fmpo:00612,,,,,,lojki,en,,,,,,,,,,,,,,,,,,,,,,,,,,,,
fmpo:00612,,,,,,lozhky,en,,,,,,,,,,,,,,,,,,,,,,,,,,,,
fmpo:00612,,,,,,lozki,fi,,,,,,,,,,,,,,,,,,,,,,,,,,,,
fmpo:00612,,,,,,Ло́жки,ru,,,,,,,,,,,,,,,,,,,,,,,,,,,,
fmpo:00613,http://urn.fi/urn:nbn:fi:au:seko:00613,,łppumin,łppumin,łppumin,,,,,http://www.yso.fi/onto/yso/p105078,Yhdysvallat,,fmpo:00484,kehärumpu,,,http://www.wikidata.org/entity/Q117120804,,,,,,,,,,,,,,,,TARKISTA,Pohjois-Amerikan intiaanien (mm. crow) käyttämä kehärumpu.,
fmpo:00613,,,,,,chelshpumin,en,,,,,,,,,,,,,,,,,,,,,,,,,,,,
fmpo:00613,,,,,,lppumin,fi,,,,,,,,,,,,,,,,,,,,,,,,,,,,
fmpo:00614,http://urn.fi/urn:nbn:fi:au:seko:00614,,luikku,luikku,luikku,,,,,http://www.yso.fi/onto/yso/p94426,Suomi,,fmpo:00819,puutrumpetti,,,http://www.wikidata.org/entity/Q117121799,,,,,,,,,,,,,,,,TARKISTA,Suomalainen tuohinauhalla päällystetty puinen puhallinsoitin.,
fmpo:00614,,,,,,luikuri,fi,,,,,,,,,,,,,,,,,,,,,,,,,,,,
fmpo:00615,http://urn.fi/urn:nbn:fi:au:seko:00615,,lulletti,lulletti,lulletti,,,,,http://www.yso.fi/onto/yso/p94426,Suomi,,fmpo:00819,puutrumpetti,,,http://www.wikidata.org/entity/Q117121913,,,,,,,,,,,,,,,,TARKISTA,Suomalainen puinen trumpettisoitin.,
fmpo:00615,,,,,,paimentorvi,fi,,,,,,,,,,,,,,,,,,,,,,,,,,,,
fmpo:00616,http://urn.fi/urn:nbn:fi:au:seko:00616,,luo,luo,luo,,,,,http://www.yso.fi/onto/yso/p104984,Kiina,,fmpo:00376,gongi,,,http://www.wikidata.org/entity/Q11650198,,,,https://doi.org/10.1093/gmo/9781561592630.article.L2281475,,skos:closeMatch,http://id.loc.gov/authorities/performanceMediums/mp2016015011,,,,,,,,,TARKISTA,Kiinalainen gongi.,
fmpo:00617,http://urn.fi/urn:nbn:fi:au:seko:00617,,luonnontorvi,naturhorn,natural horn,,,,,,,,fmpo:00572,käyrätorvi,,http://www.yso.fi/onto/yso/p29933,http://www.wikidata.org/entity/Q1757829,,,,,,skos:closeMatch,http://id.loc.gov/authorities/performanceMediums/mp2013015342,,,,,,,,,TARKISTA,"Sormiaukoton puhallinsoitin, jolla voidaan soittaa vain ns. luonnonsäveliä (yläsävelsarjaa).",
fmpo:00617,,,,,,Inventionshorn,de,,,,,,,,,,,,,,,,,,,,,,,,,,,,
fmpo:00617,,,,,,inventiotorvi,fi,,,,,,,,,,,,,,,,,,,,,,,,,,,,
fmpo:00617,,,,,,Naturhorn,de,,,,,,,,,,,,,,,,,,,,,,,,,,,,
fmpo:00618,http://urn.fi/urn:nbn:fi:au:seko:00618,,luonnontrumpetti,naturtrumpet,natural trumpet,,,,,,,,fmpo:01117,trumpetti,,,http://www.wikidata.org/entity/Q1662735,,,,,,skos:closeMatch,http://id.loc.gov/authorities/performanceMediums/mp2013015748,,,,,,,,,TARKISTA,"1500–1700-lukujen trumpetti, jonka putken pituus on noin 2,4 m ja jossa ei ole sormireikiä. Kyseessä ei siis ole sama soitin kuin 1900-luvun puolivälissä kehitelty sormirei'in varustettu ""barokkitrumpetti"" tai venttiilein varustettu pitkä fanfaaritrumpett",
fmpo:00618,,,,,,clarino,,,,,,,,,,,,,,,,,,,,,,,,,,,,,
fmpo:00618,,,,,,clarino trumpet,en,,,,,,,,,,,,,,,,,,,,,,,,,,,,
fmpo:00618,,,,,,clarinotrumpetti,fi,,,,,,,,,,,,,,,,,,,,,,,,,,,,
fmpo:00618,,,,,,kenttätrumpetti,fi,,,,,,,,,,,,,,,,,,,,,,,,,,,,
fmpo:00618,,,,,,,,kenttatrumpetti,,,,,,,,,,,,,,,,,,,,,,,,,,,
fmpo:00619,http://urn.fi/urn:nbn:fi:au:seko:00619,,lusikat,skedar,spoons,,,,,,,,fmpo:00627,lyömäsoitin,,http://www.yso.fi/onto/yso/p23654,http://www.wikidata.org/entity/Q1879664,"MERGE? Is this the same as ""lozhky"" seko:00612",,,,,,,,,,,,,,,TARKISTA,"Puusta, metallista tms. valmistetut pienikokoiset lyömäsoittimet.",
fmpo:00619,,,,,,cucchiaio,es,,,,,,,,,,,,,,,,,,,,,,,,,,,,
fmpo:00619,,,,,,cuillers,en,,,,,,,,,,,,,,,,,,,,,,,,,,,,
fmpo:00619,,,,,,Löffel,de,,,,,,,,,,,,,,,,,,,,,,,,,,,,
fmpo:00619,,,,,,skeer,,,,,,,,,,,,,,,,,,,,,,,,,,,,,
fmpo:00619,,,,,,spoon,en,,,,,,,,,,,,,,,,,,,,,,,,,,,,
fmpo:00619,,,,,,,,Loffel,,,,,,,,,,,,,,,,,,,,,,,,,,,
fmpo:00620,http://urn.fi/urn:nbn:fi:au:seko:00620,,luuri,lur,lur,,,,,http://www.yso.fi/onto/yso/p94350,Skandinavia,,fmpo:01171,vaskipuhallin,,,http://www.wikidata.org/entity/Q778999,,,,,,skos:exactMatch,http://id.loc.gov/authorities/performanceMediums/mp2013015432,,,,,,,,,TARKISTA,Muinaisskandinaavinen metallitrumpetti.,
fmpo:00621,http://urn.fi/urn:nbn:fi:au:seko:00621,,luut,bones,bones,,,,,http://www.yso.fi/onto/yso/p105195,Irlanti,,fmpo:00627,lyömäsoitin,,,http://www.wikidata.org/entity/Q2586606,,,,,,skos:exactMatch,http://id.loc.gov/authorities/performanceMediums/mp2013015092,,,,,,,,,TARKISTA,Mm. irlantilaisessa musiikissa käytettävä idiofoni.,
fmpo:00621,,,,,,rhytm bones,en,,,,,,,,,,,,,,,,,,,,,,,,,,,,
fmpo:00622,http://urn.fi/urn:nbn:fi:au:seko:00622,,luuttu,luta,lute,,,,,,,,fmpo:00709,näppäilysoitin,,http://www.yso.fi/onto/yso/p13275,http://www.wikidata.org/entity/Q180733,,,,,,skos:closeMatch,http://id.loc.gov/authorities/performanceMediums/mp2013015600,,,,,,,,,TARKISTA,"Pyöreäpohjainen, kaksoiskielin varustettu näppäilysoitin.",https://finto.fi/ic/fi/page/48C7323
fmpo:00622,,,,,,10-kuoroinen luuttu,fi,,,,,,,,,,,,,,,,,,,,,,,,,,,,
fmpo:00622,,,,,,11-kuoroinen luuttu,fi,,,,,,,,,,,,,,,,,,,,,,,,,,,,
fmpo:00622,,,,,,12-kuoroinen luuttu,fi,,,,,,,,,,,,,,,,,,,,,,,,,,,,
fmpo:00622,,,,,,13-kuoroinen luuttu,fi,,,,,,,,,,,,,,,,,,,,,,,,,,,,
fmpo:00622,,,,,,6-kuoroinen luuttu,fi,,,,,,,,,,,,,,,,,,,,,,,,,,,,
fmpo:00622,,,,,,7-kuoroinen luuttu,fi,,,,,,,,,,,,,,,,,,,,,,,,,,,,
fmpo:00622,,,,,,8-kuoroinen luuttu,fi,,,,,,,,,,,,,,,,,,,,,,,,,,,,
fmpo:00622,,,,,,9-kuoroinen luuttu,fi,,,,,,,,,,,,,,,,,,,,,,,,,,,,
fmpo:00622,,,,,,Barocklaute,en,,,,,,,,,,,,,,,,,,,,,,,,,,,,
fmpo:00622,,,,,,barokkiluuttu,fi,,,,,,,,,,,,,,,,,,,,,,,,,,,,
fmpo:00622,,,,,,barokklutt,no,,,,,,,,,,,,,,,,,,,,,,,,,,,,
fmpo:00622,,,,,,baroque lute,en,,,,,,,,,,,,,,,,,,,,,,,,,,,,
fmpo:00622,,,,,,laúd,en,,,,,,,,,,,,,,,,,,,,,,,,,,,,
fmpo:00622,,,,,,Laute,de,,,,,,,,,,,,,,,,,,,,,,,,,,,,
fmpo:00622,,,,,,liuto,it,,,,,,,,,,,,,,,,,,,,,,,,,,,,
fmpo:00622,,,,,,luth,fr,,,,,,,,,,,,,,,,,,,,,,,,,,,,
fmpo:00622,,,,,,Renaissance lute,en,,,,,,,,,,,,,,,,,,,,,,,,,,,,
fmpo:00622,,,,,,renessanssiluuttu,fi,,,,,,,,,,,,,,,,,,,,,,,,,,,,
fmpo:00622,,,,,,,,laud,,,,,,,,,,,,,,,,,,,,,,,,,,,
fmpo:00623,http://urn.fi/urn:nbn:fi:au:seko:00623,,luuttucembalo,lutklaver,lute-harpsichord,,,,,,,,fmpo:00194,cembalo,,,http://www.wikidata.org/entity/Q1808586,,,,,,skos:exactMatch,http://id.loc.gov/authorities/performanceMediums/mp2014015005,,,,,,,,,TARKISTA,"Suolikielinen cembalo, jolla pyritään imitoimaan luutun ääntä. Mm. Johann Sebastian Bach käytti luuttucembaloa joissakin teoksissaan.",
fmpo:00623,,,,,,clavecin-luth,fr,,,,,,,,,,,,,,,,,,,,,,,,,,,,
fmpo:00623,,,,,,Lautenklavecimbel,de,,,,,,,,,,,,,,,,,,,,,,,,,,,,
fmpo:00623,,,,,,Lautenklavier,de,,,,,,,,,,,,,,,,,,,,,,,,,,,,
fmpo:00623,,,,,,Lautenwerck,de,,,,,,,,,,,,,,,,,,,,,,,,,,,,
fmpo:00623,,,,,,Lautenwerk,de,,,,,,,,,,,,,,,,,,,,,,,,,,,,
fmpo:00623,,,,,,Theorbenflügel,de,,,,,,,,,,,,,,,,,,,,,,,,,,,,
fmpo:00624,http://urn.fi/urn:nbn:fi:au:seko:00624,,lyra viol,lyra viol,lyra viol,,,,,http://www.yso.fi/onto/yso/p107128,Englanti,,fmpo:01185,viola da gamba,,,https://www.wikidata.org/entity/Q3560362,,,,,,skos:exactMatch,http://id.loc.gov/authorities/performanceMediums/mp2013015436,,,,,,,,,TARKISTA,1600-luvun Englannissa käytetty pienikokoinen viola da gamba.,
fmpo:00624,,,,,,lyro-viol,,,,,,,,,,,,,,,,,,,,,,,,,,,,,
fmpo:00625,http://urn.fi/urn:nbn:fi:au:seko:00625,,lyyra,lyra,lyre,,,,,,,,fmpo:00709,näppäilysoitin,,http://www.yso.fi/onto/yso/p13910,http://www.wikidata.org/entity/Q201129,,,,,,skos:exactMatch,http://id.loc.gov/authorities/performanceMediums/mp2013015437,,,,Antiikin aikainen kielisoitin. Nimitystä on käytetty myös rebecin tyyppisistä varhaisista jousisoittimista sekä lyyran muotoisesta kellopelistä.,,,,,TARKISTA,Antiikin aikainen kielisoitin. Nimitystä on käytetty myös rebecin tyyppisistä varhaisista jousisoittimista sekä lyyran muotoisesta kellopelistä.,https://finto.fi/ic/fi/page/48C7321
fmpo:00625,,,,,,lira,it,,,,,,,,,,,,,,,,,,,,,,,,,,,,
fmpo:00625,,,,,,lyre,fr,,,,,,,,,,,,,,,,,,,,,,,,,,,,
fmpo:00625,,,,,,Lyra,de,,,,,,,,,,,,,,,,,,,,,,,,,,,,
fmpo:00626,http://urn.fi/urn:nbn:fi:au:seko:00626,,lyyrakitara,lyragitarr,lyre-guitar,,,,,,,,fmpo:00709,näppäilysoitin,,,http://www.wikidata.org/entity/Q3675195,,,,,,skos:exactMatch,http://id.loc.gov/authorities/performanceMediums/mp2013015438,,,,,,,,,TARKISTA,"Antiikin ajan kitharan muotoa matkiva näppäilysoitin, joka oli suosiossa erityisesti 1700-luvun lopulla ja 1800-luvun alussa.",
fmpo:00627,http://urn.fi/urn:nbn:fi:au:seko:00627,,lyömäsoitin,slagverk,percussion,,,,,,,,fmpo:00953,soitin,,http://www.yso.fi/onto/yso/p441,http://www.wikidata.org/entity/Q133163,,,,,,skos:exactMatch,https://id.loc.gov/authorities/performanceMediums/mp2013015544,,,,"""Lyömäsoitinten ryhmään kuuluvat soittimet, joiden ääni syntyy soitinta lyömällä.""@fi",,Added deprecated seko:00551 greek label krousta for altLabel,,2026-06-30,TARKISTA,"Lyömäsoitinten ryhmään kuuluvat soittimet, joiden ääni syntyy soitinta lyömällä.",https://finto.fi/ic/fi/page/48C734
fmpo:00627,,,,,,autofoni,fi,,,,,,,,,,,,,,,,,,,,,,,,,,,,
fmpo:00627,,,,,,batteria,es,,,,,,,,,,,,,,,,,,,,,,,,,,,,
fmpo:00627,,,,,,idiofoni,fi,,,,,,,,,,,,,,,,,,,,,,,,,,,,
fmpo:00627,,,,,,instrument à percussion,fi,,,,,,,,,,,,,,,,,,,,,,,,,,,,
fmpo:00627,,,,,,kitkaidiofoni,fi,,,,,,,,,,,,,,,,,,,,,,,,,,,,
fmpo:00627,,,,,,lyönti-idiofoni,fi,,,,,,,,,,,,,,,,,,,,,,,,,,,,
fmpo:00627,,,,,,näppäilyidiofoni,fi,,,,,,,,,,,,,,,,,,,,,,,,,,,,
fmpo:00627,,,,,,perc (lyämäsoitin),fi,,,,,,,,,,,,,,,,,,,,,,,,,,,,
fmpo:00627,,,,,,percussione,it,,,,,,,,,,,,,,,,,,,,,,,,,,,,
fmpo:00627,,,,,,perkussio,fi,,,,,,,,,,,,,,,,,,,,,,,,,,,,
fmpo:00627,,,,,,Perkussion,de,,,,,,,,,,,,,,,,,,,,,,,,,,,,
fmpo:00627,,,,,,Schlagzeug,de,,,,,,,,,,,,,,,,,,,,,,,,,,,,
fmpo:00627,,,,,,slagisntrument,sv,,,,,,,,,,,,,,,,,,,,,,,,,,,,
fmpo:00627,,,,,,krousta,en,,,,,,,,,,,,,,,,,,,,,,,,,,,,
fmpo:00627,,,,,,krusta        ,en,,,,,,,,,,,,,,,,,,,,,,,,,,,,
fmpo:00627,,,,,,κρουστά,el,,,,,,,,,,,,,,,,,,,,,,,,,,,,
fmpo:00627,,,,,,tuuli-idiofoni,fi,,,,,,,,,,,,,,,,,,,,,,,,,,,,
fmpo:00628,http://urn.fi/urn:nbn:fi:au:seko:00628,,lyömäsoitinyhtye,slagverksensemble,percussion ensemble,,,,,,,,fmpo:00954,soitinyhtye,,,http://www.wikidata.org/entity/Q7167188,,,,,,skos:exactMatch,http://id.loc.gov/authorities/performanceMediums/mp2013015542,,,,,,,,,TARKISTA,,
fmpo:00628,,,,,,perkussioyhtye,fi,,,,,,,,,,,,,,,,,,,,,,,,,,,,
fmpo:00629,http://urn.fi/urn:nbn:fi:au:seko:00629,,läppätorvi,kenthorn,keyed bugle,,,,,,,,fmpo:01171,vaskipuhallin,,,http://www.wikidata.org/entity/Q1744357,,,,,,skos:exactMatch,http://id.loc.gov/authorities/performanceMediums/mp2013015384,,,,,,,,,TARKISTA,1700-luvulla kehitetty vaskipuhallin (sankatorvi).,
fmpo:00629,,,,,,Kent horn,en,,,,,,,,,,,,,,,,,,,,,,,,,,,,
fmpo:00629,,,,,,kentintorvi,fi,,,,,,,,,,,,,,,,,,,,,,,,,,,,
fmpo:00629,,,,,,keyed bugle,en,,,,,,,,,,,,,,,,,,,,,,,,,,,,
fmpo:00629,,,,,,Klappenhorn,en,,,,,,,,,,,,,,,,,,,,,,,,,,,,
fmpo:00630,http://urn.fi/urn:nbn:fi:au:seko:00630,,läveri,läveri,läveri,,,,,http://www.yso.fi/onto/yso/p94426,Suomi,,fmpo:00513,klarinettisoitin,,,http://www.wikidata.org/entity/Q116679586,,,,,,,,https://minnahokka.com/soittimet/varsinaiset-aerofonit/glottofonit-eli-lehdykkavarahtelijat/klarinetit/idioglottiset-eli-kiintealla-lehdykalla-varustetut-klar/laveri.html,,,,,,,,TARKISTA,"Suomalainen, kansanomainen, sormiaukollinen klarinettisoitin.",
fmpo:00631,http://urn.fi/urn:nbn:fi:au:seko:00631,,lävikkö,lävikkö,lävikkö,,,,,http://www.yso.fi/onto/yso/p94426,Suomi,,fmpo:00513,klarinettisoitin,,,http://www.wikidata.org/entity/Q116679637,,,,,,,,https://minnahokka.com/soittimet/varsinaiset-aerofonit/glottofonit-eli-lehdykkavarahtelijat/klarinetit/idioglottiset-eli-kiintealla-lehdykalla-varustetut-klar/lavikko.html,,,,,,,,TARKISTA,"Suomalainen, kansanomainen, sormiaukollinen klarinettisoitin.",
fmpo:00632,http://urn.fi/urn:nbn:fi:au:seko:00632,,lötkö (pilli),lötkö,lötkö,,,,,http://www.yso.fi/onto/yso/p94426,Suomi,,fmpo:00776,pilli,,,http://www.wikidata.org/entity/Q116679701,,,,,,,,https://koha.gmc.fi/cgi-bin/koha/opac-detail.pl?biblionumber=605,,,,,,,,TARKISTA,"Suomalainen, kansanomainen, pajunkuoresta tehty pilli.",
fmpo:00633,http://urn.fi/urn:nbn:fi:au:seko:00633,,ma'wo,ma'wo,ma'wo,,,,,http://www.yso.fi/onto/yso/p105835,Kalifornia,,fmpo:00955,soittokaari,,,http://www.wikidata.org/entity/Q3273394,,,,,,,,,,,,,,,,TARKISTA,Kaliforniassa elävien intiaaniheimojen soittokaari.,
fmpo:00633,,,,,,mawu,,,,,,,,,,,,,,,,,,,,,,,,,,,,,
fmpo:00633,,,,,,mawuwí,,,,,,,,,,,,,,,,,,,,,,,,,,,,,
fmpo:00633,,,,,,, ,mawuwi,,,,,,,,,,,,,,,,,,,,,,,,,,,
fmpo:00634,http://urn.fi/urn:nbn:fi:au:seko:00634,,mā̃dar,mā̃dar,mā̃dar,,,,,http://www.wikidata.org/entity/Q29024970,Keski-Intia,,fmpo:00864,rumpu,https://github.com/NatLibFi/SEKO/issues/92,,http://www.wikidata.org/entity/Q6726202,"MERGE?  GMO Mā̃dar [mā̃dal, mandar, mandal, mardal, mādal, madal].  Is this different from the nepalese drum ""Madal""? LCMPT puts them togehter",,,,,,http://id.loc.gov/authorities/performanceMediums/mp2013015439,https://doi.org/10.1093/gmo/9781561592630.article.51704|https://en.wikipedia.org/wiki/Madal,,,,,created issue,,2026-07-01,KESKEN,Aasialainen kaksikalvoinen rumpu.,
fmpo:00634,,,,,,madal,fi,,,,,,,,,,,,,,,,,,,,,,,,,,,,
fmpo:00634,,,,,,mādal,en,,,,,,,,,,,,,,,,,,,,,,,,,,,,
fmpo:00634,,,,,,mā̃dal,en,,,,,,,,,,,,,,,,,,,,,,,,,,,,
fmpo:00634,,,,,,madar,fi,,,,,,,,,,,,,,,,,,,,,,,,,,,,
fmpo:00634,,,,,,mandal,en,,,,,,,,,,,,,,,,,,,,,,,,,,,,
fmpo:00634,,,,,,mandar,en,,,,,,,,,,,,,,,,,,,,,,,,,,,,
fmpo:00634,,,,,,mardal,en,,,,,,,,,,,,,,,,,,,,,,,,,,,,
fmpo:00635,http://urn.fi/urn:nbn:fi:au:seko:00635,,mandocello,mandocello,mandocello,,,,,,,,fmpo:00637,mandoliini,,,http://www.wikidata.org/entity/Q1889070,,,,,,skos:exactMatch,http://id.loc.gov/authorities/performanceMediums/mp2013015449,,,,,,,,,TARKISTA,Mandoliinin sukuinen näppäilysoitin.,
fmpo:00635,,,,,,liuto cantabile,,,,,,,,,,,,,,,,,,,,,,,,,,,,,
fmpo:00635,,,,,,liuto moderno,,,,,,,,,,,,,,,,,,,,,,,,,,,,,
fmpo:00635,,,,,,mandoloncello,fi,,,,,,,,,,,,,,,,,,,,,,,,,,,,
fmpo:00636,http://urn.fi/urn:nbn:fi:au:seko:00636,,mandola,mandola,mandola,,,,,,,,fmpo:00709,näppäilysoitin,,,http://www.wikidata.org/entity/Q74207,,,,,,skos:closeMatch,http://id.loc.gov/authorities/performanceMediums/mp2013015445,,,,,,,,,TARKISTA,Matalaääninen mandoliini.,
fmpo:00636,,,,,,mandolino,,,,,,,,,,,,,,,,,,,,,,,,,,,,,
fmpo:00636,,,,,,mandora (mandola),fi,,,,,,,,,,,,,,,,,,,,,,,,,,,,
fmpo:00636,,,,,,mandore,,,,,,,,,,,,,,,,,,,,,,,,,,,,,
fmpo:00636,,,,,,mandorre,,,,,,,,,,,,,,,,,,,,,,,,,,,,,
fmpo:00636,,,,,,milanolainen mandoliini,fo,,,,,,,,,,,,,,,,,,,,,,,,,,,,
fmpo:00637,http://urn.fi/urn:nbn:fi:au:seko:00637,,mandoliini,mandolin,mandolin,,,,,,,,fmpo:00709,näppäilysoitin,https://github.com/NatLibFi/SEKO/issues/91,http://www.yso.fi/onto/yso/p16915,http://www.wikidata.org/entity/Q302497,"SPLIT? altLabel ""bandola"" separate concept in Wikidata: ""bandola""",,,,,skos:exactMatch,http://id.loc.gov/authorities/performanceMediums/mp2013015446,,,,,,,,,KESKEN,"Pienikokoinen luuttusoitin, jossa on yleensä neljä kieliparia.",https://finto.fi/ic/fi/page/48C7324
fmpo:00637,,,,,,bandola,,,,,,,,,,,,,,,,,,,,,,,,,,,,,
fmpo:00637,,,,,,bandolim,,,,,,,,,,,,,,,,,,,,,,,,,,,,,
fmpo:00637,,,,,,bandolin,,,,,,,,,,,,,,,,,,,,,,,,,,,,,
fmpo:00637,,,,,,mand (mandoliini),fi,,,,,,,,,,,,,,,,,,,,,,,,,,,,
fmpo:00637,,,,,,mandolina,,,,,,,,,,,,,,,,,,,,,,,,,,,,,
fmpo:00637,,,,,,mandoline,fr,,,,,,,,,,,,,,,,,,,,,,,,,,,,
fmpo:00637,,,,,,mandolino,it,,,,,,,,,,,,,,,,,,,,,,,,,,,,
fmpo:00637,,,,,,Mandoline,de,,,,,,,,,,,,,,,,,,,,,,,,,,,,
fmpo:00637,,,,,,maniska,,,,,,,,,,,,,,,,,,,,,,,,,,,,,
fmpo:00637,,,,,,mankka,fi,,,,,,,,,,,,,,,,,,,,,,,,,,,,
fmpo:00637,,,,,,mantoliini,fi,,,,,,,,,,,,,,,,,,,,,,,,,,,,
fmpo:00637,,,,,,napolilainen mandoliini,fi,,,,,,,,,,,,,,,,,,,,,,,,,,,,
fmpo:00637,,,,,,oktaavimandoliini,fi,,,,,,,,,,,,,,,,,,,,,,,,,,,,
fmpo:00637,,,,,,pandurina,,,,,,,,,,,,,,,,,,,,,,,,,,,,,
fmpo:00637,,,,,,tasapohjainen mandoliini,fi,,,,,,,,,,,,,,,,,,,,,,,,,,,,
fmpo:00638,http://urn.fi/urn:nbn:fi:au:seko:00638,,mandoliinibanjo,mandolinbanjo,mandolin-banjo,,,,,,,,fmpo:00096,banjo,,,http://www.wikidata.org/entity/Q1419463,,,,,,,,,,,,,,,,TARKISTA,Mandoliinin virityksellä varustettu banjo.,
fmpo:00639,http://urn.fi/urn:nbn:fi:au:seko:00639,,mandora,mandora,mandora,,,,,,,,fmpo:00622,luuttu,,,http://www.wikidata.org/entity/Q1889081,,,,,,skos:exactMatch,http://id.loc.gov/authorities/performanceMediums/mp2013015831,,,,,,,,,TARKISTA,"1700-luvulla kehitetty bassoluuttu, jossa 10–12 otenauhaa ja jota käytettiin erityisesti saksankielisessä Euroopassa.",
fmpo:00639,,,,,,bassoluuttu,fi,,,,,,,,,,,,,,,,,,,,,,,,,,,,
fmpo:00639,,,,,,calachon,,,,,,,,,,,,,,,,,,,,,,,,,,,,,
fmpo:00639,,,,,,calascione,,,,,,,,,,,,,,,,,,,,,,,,,,,,,
fmpo:00639,,,,,,calchedon,,,,,,,,,,,,,,,,,,,,,,,,,,,,,
fmpo:00639,,,,,,calichon,,,,,,,,,,,,,,,,,,,,,,,,,,,,,
fmpo:00639,,,,,,callichone,,,,,,,,,,,,,,,,,,,,,,,,,,,,,
fmpo:00639,,,,,,colachon,,,,,,,,,,,,,,,,,,,,,,,,,,,,,
fmpo:00639,,,,,,colascione (mandora),fi,,,,,,,,,,,,,,,,,,,,,,,,,,,,
fmpo:00639,,,,,,galizona,,,,,,,,,,,,,,,,,,,,,,,,,,,,,
fmpo:00639,,,,,,gallichon,,,,,,,,,,,,,,,,,,,,,,,,,,,,,
fmpo:00639,,,,,,gallichone,,,,,,,,,,,,,,,,,,,,,,,,,,,,,
fmpo:00639,,,,,,gallizona,,,,,,,,,,,,,,,,,,,,,,,,,,,,,
fmpo:00639,,,,,,Mandorlaute,de,,,,,,,,,,,,,,,,,,,,,,,,,,,,
fmpo:00640,http://urn.fi/urn:nbn:fi:au:seko:00640,,mandore,mandore,mandore,,,,,http://www.yso.fi/onto/yso/p104968,Ranska,,fmpo:00622,luuttu,,,http://www.wikidata.org/entity/Q3545453,,,,,,skos:closeMatch,http://id.loc.gov/authorities/performanceMediums/mp2013015445,,,,,,,,,TARKISTA,1500–1600-luvuilla erityisesti Ranskassa käytössä ollut diskanttiluuttu.,
fmpo:00640,,,,,,diskanttiluuttu,fi,,,,,,,,,,,,,,,,,,,,,,,,,,,,
fmpo:00640,,,,,,mandore luthée,,,,,,,,,,,,,,,,,,,,,,,,,,,,,
fmpo:00640,,,,,,mandorre,,,,,,,,,,,,,,,,,,,,,,,,,,,,,
fmpo:00640,,,,,,,,mandore luthee,,,,,,,,,,,,,,,,,,,,,,,,,,,
fmpo:00641,http://urn.fi/urn:nbn:fi:au:seko:00641,,mandura,mandoura,mantura,,,,,http://www.yso.fi/onto/yso/p104985,Kreeta,,fmpo:00513,klarinettisoitin,,,http://www.wikidata.org/entity/Q15516303,,,,,,,,,,,,,,,,TARKISTA,Kreetalainen klarinettisoitin.,
fmpo:00641,,,,,,mandoura,,,,,,,,,,,,,,,,,,,,,,,,,,,,,
fmpo:00642,http://urn.fi/urn:nbn:fi:au:seko:00642,,manman,manman,manman,,,,,http://www.yso.fi/onto/yso/p109294,Haiti,,fmpo:00864,rumpu,,,http://www.wikidata.org/entity/Q116679924,,,,,,,,,,,,,,,,TARKISTA,Haitilaisessa voodoo-kultissa käytettävä suurikokoinen rumpu.,
fmpo:00642,,,,,,ountò ,,,,,,,,,,,,,,,,,,,,,,,,,,,,,
fmpo:00642,,,,,,tambou manman,,,,,,,,,,,,,,,,,,,,,,,,,,,,,
fmpo:00643,http://urn.fi/urn:nbn:fi:au:seko:00643,,manza,mendzan,mendzan,,,,,http://www.yso.fi/onto/yso/p184560,Keskinen Afrikka,,fmpo:00552,ksylofoni,https://github.com/NatLibFi/SEKO/issues/90,,http://www.wikidata.org/entity/Q56294683,"MERGE? Probably same as ""mendzan""? ",,,,,skos:closeMatch,http://id.loc.gov/authorities/performanceMediums/mp2013015810,https://de.wikipedia.org/wiki/Mendzan|http://id.loc.gov/authorities/performanceMediums/mp2013015470,,,,,,,,KESKEN,Keskiafrikkalainen ksylofoni.,
fmpo:00644,http://urn.fi/urn:nbn:fi:au:seko:00644,,manzello,manzello,manzello,,,,,,,,fmpo:00903,saxello,,,http://www.wikidata.org/entity/Q116680092,,,,,,,,,,,,,,,,TARKISTA,Roland Kirkin kehittämä puinen saksofoni.,
fmpo:00645,http://urn.fi/urn:nbn:fi:au:seko:00645,,marakassi,maraca,maraca,,,,,,,,fmpo:00404,helistin,,,http://www.wikidata.org/entity/Q39777,,,,,,skos:exactMatch,http://id.loc.gov/authorities/performanceMediums/mp2013015450,,,,,,,,,TARKISTA,Yleensä pareittain soitettavat helistimet.,
fmpo:00645,,,,,,clavellina,,,,,,,,,,,,,,,,,,,,,,,,,,,,,
fmpo:00645,,,,,,gapacho,,,,,,,,,,,,,,,,,,,,,,,,,,,,,
fmpo:00645,,,,,,maracas,,,,,,,,,,,,,,,,,,,,,,,,,,,,,
fmpo:00646,http://urn.fi/urn:nbn:fi:au:seko:00646,,mariantrumpetti,marintrumpet,tromba marina,,,,,,,,fmpo:00446,jousisoitin,,,https://www.wikidata.org/entity/Q1095084,,,,,,skos:exactMatch,http://id.loc.gov/authorities/performanceMediums/mp2013015749,,,,,,,,,TARKISTA,"Yksikielinen jousisoitin, joka oli käytössä 1300-luvulta 1800-luvulle.",
fmpo:00646,,,,,,Marien-Trompete,de,,,,,,,,,,,,,,,,,,,,,,,,,,,,
fmpo:00646,,,,,,meritrumpetti,fi,,,,,,,,,,,,,,,,,,,,,,,,,,,,
fmpo:00646,,,,,,Nonnengeige,de,,,,,,,,,,,,,,,,,,,,,,,,,,,,
fmpo:00646,,,,,,nunnanviulu,fi,,,,,,,,,,,,,,,,,,,,,,,,,,,,
fmpo:00646,,,,,,tromba marina,it,,,,,,,,,,,,,,,,,,,,,,,,,,,,
fmpo:00646,,,,,,Trompetengeige,de,,,,,,,,,,,,,,,,,,,,,,,,,,,,
fmpo:00646,,,,,,trumpet marine,en,,,,,,,,,,,,,,,,,,,,,,,,,,,,
fmpo:00646,,,,,,Trumscheit,de,,,,,,,,,,,,,,,,,,,,,,,,,,,,
fmpo:00646,,,,,,violetta marina,en,,,,,,,,,,,,,,,,,,,,,,,,,,,,
fmpo:00646,,,,,,violintromba,sv,,,,,,,,,,,,,,,,,,,,,,,,,,,,
fmpo:00647,http://urn.fi/urn:nbn:fi:au:seko:00647,,marimba,marimba,marimba,,,,,"http://www.yso.fi/onto/yso/p94080,http://www.yso.fi/onto/yso/p105005",Afrikka|Latinalainen Amerikka,,fmpo:x490,laattasoitin,,http://www.yso.fi/onto/yso/p8570,http://www.wikidata.org/entity/Q220971,,,,,,skos:exactMatch,http://id.loc.gov/authorities/performanceMediums/mp2013015452,,,,,,"2026-07-08 changed skos:broader to seko:x490 according to SEKO issue #176""",,2026-07-08,KESKEN,"Nimitys mm. Afrikan ja Latinalaisen Amerikan kansanmusiikissa yleisille soittimille, joissa kapuloilla lyödään puusta, metallista tms. aineesta valmistettuja soivia laattoja.",
fmpo:00647,,,,,,kafferipiano,fi,,,,,,,,,,,,,,,,,,,,,,,,,,,,
fmpo:00647,,,,,,mar (marimba),fi,,,,,,,,,,,,,,,,,,,,,,,,,,,,
fmpo:00647,,,,,,marimbafoni,fi,,,,,,,,,,,,,,,,,,,,,,,,,,,,
fmpo:00647,,,,,,sopraanomarimba,fi,,,,,,,,,,,,,,,,,,,,,,,,,,,,
fmpo:00648,http://urn.fi/urn:nbn:fi:au:seko:00648,,marímbula,marímbula,marímbula,,,,,http://www.yso.fi/onto/yso/p105005,Latinalainen Amerikka,,fmpo:00974,sormipiano,,,http://www.wikidata.org/entity/Q16257797,,,,,,,,,,,,,,,,TARKISTA,Latinalaisessa Amerikassa käytettävä suurikokoinen sormipiano.,
fmpo:00648,,,,,,marimbula,,,,,,,,,,,,,,,,,,,,,,,,,,,,,
fmpo:00649,http://urn.fi/urn:nbn:fi:au:seko:00649,,marovany (laatikkositra),marovany,marovany,,,,,http://www.yso.fi/onto/yso/p109166,Madagaskar,,fmpo:00943,sitra,,,http://www.wikidata.org/entity/Q6772421,,,,,,skos:exactMatch,http://id.loc.gov/authorities/performanceMediums/mp2013015454,,,,,,,,,TARKISTA,Madagaskarilainen laatikko.,
fmpo:00649,,,,,,marovany,,,,,,,,,,,,,,,,,,,,,,,,,,,,,
fmpo:00650,http://urn.fi/urn:nbn:fi:au:seko:00650,,maruga,maruga,maruga,,,,,http://www.yso.fi/onto/yso/p105269,Kuuba,,fmpo:00404,helistin,https://github.com/NatLibFi/SEKO/issues/89,,MISSING,"MERGE?  Perhaps same as ""maraca""?",,,,,,,https://en.wikipedia.org/wiki/List_of_Caribbean_idiophones,,,,,,,,KESKEN,Kuubalainen helistin.,
fmpo:00651,http://urn.fi/urn:nbn:fi:au:seko:00651,,maśak,mashak,mashak,,,,,http://www.wikidata.org/entity/Q60140,Intian niemimaa,,fmpo:01024,säkkipilli,,,http://www.wikidata.org/entity/Q6783062,,,,,,,,,,,,,,,,TARKISTA,Intian niemimaalla yleinen säkkipilli.,
fmpo:00651,,,,,,masak,fi,,,,,,,,,,,,,,,,,,,,,,,,,,,,
fmpo:00652,http://urn.fi/urn:nbn:fi:au:seko:00652,,masinko,masenqo,masenqo,,,,,http://www.yso.fi/onto/yso/p105330,Etiopia,,fmpo:00770,piikkiviulu,https://github.com/NatLibFi/SEKO/issues/110,,http://www.wikidata.org/entity/Q664055,,,,,,,,,,,,,issue created; check with masoinque,,2026-07-03,KESKEN,Etiopialainen yksikielinen piikkiviulu.,
fmpo:00652,,,,,,masenko,,,,,,,,,,,,,,,,,,,,,,,,,,,,,
fmpo:00652,,,,,,masenqo,,,,,,,,,,,,,,,,,,,,,,,,,,,,,
fmpo:00652,,,,,,masinqo,,,,,,,,,,,,,,,,,,,,,,,,,,,,,
fmpo:00652,,,,,,massaneqo,,,,,,,,,,,,,,,,,,,,,,,,,,,,,
fmpo:00652,,,,,,messenqo,,,,,,,,,,,,,,,,,,,,,,,,,,,,,
fmpo:00653,http://urn.fi/urn:nbn:fi:au:seko:00653,,masonquo,masonquo,masonquo,,,,,"http://www.yso.fi/onto/yso/p109234,http://www.yso.fi/onto/yso/p105330",Eritrea|Etiopia,,fmpo:00625,lyyra,https://github.com/NatLibFi/SEKO/issues/110,,http://www.wikidata.org/entity/Q116680638,,,,,,,,,,,,,issue created - check with masinko,,2026-07-03,KESKEN,Eritrean ja Etiopian alueilla käytettävä maljalyyra.,
fmpo:00654,http://urn.fi/urn:nbn:fi:au:seko:00654,,matala lauluääni,låg sångröst,low voice,,,,,,,,fmpo:00583,lauluääni,,,http://www.wikidata.org/entity/Q116680821,,,,,,skos:exactMatch,http://id.loc.gov/authorities/performanceMediums/mp2013015429,,,,,,,,,TARKISTA,,
fmpo:00655,http://urn.fi/urn:nbn:fi:au:seko:00655,,matraca,matraca,matraca,,,,,"http://www.yso.fi/onto/yso/p105209,http://www.yso.fi/onto/yso/p105005",Espanja|Latinalainen Amerikka,,fmpo:00871,räikkä,https://github.com/NatLibFi/SEKO/issues/89,,MISSING,"SPLIT? MERGE? In Wikidata this is the same as ""räikkä"", the South American instrument is not described separately",,,,,,,https://es.wikipedia.org/wiki/Matraca,,,,,created issue,,2026-07-01,KESKEN,Espanjassa ja Latinalaisen Amerikan intiaanimusiikissa käytettävä kalistinsoitin.,
fmpo:00656,http://urn.fi/urn:nbn:fi:au:seko:00656,,mazanki,mazanki,mazanki,,,,,http://www.yso.fi/onto/yso/p105244,Puola,,fmpo:00446,jousisoitin,,,http://www.wikidata.org/entity/Q3624466,,,,,,,,,,,,,,,,TARKISTA,"Puolalainen, noin 50 cm pitkä kolmikielinen jousisoitin, jonka tyypillinen viritys on a'–e''–h''.",
fmpo:00657,http://urn.fi/urn:nbn:fi:au:seko:00657,,mazhar,mazhar,mazhar,,,,,"http://www.yso.fi/onto/yso/p105841,http://www.yso.fi/onto/yso/p108829,http://www.yso.fi/onto/yso/p105573",Egypti|Syyria|Turkki,,fmpo:01050,tamburiini,,,http://www.wikidata.org/entity/Q3299336,,,,,,,,,,,,,,,,TARKISTA,"Egyptissä, Syyriassa ja Turkissa tavattava suurikokoinen tamburiini.",
fmpo:00658,http://urn.fi/urn:nbn:fi:au:seko:00658,,mbira,mbira,mbira,,,,,http://www.yso.fi/onto/yso/p105885,Zimbabwe,,fmpo:00974,sormipiano,https://github.com/NatLibFi/SEKO/issues/53,http://www.yso.fi/onto/yso/p30050,http://www.wikidata.org/entity/Q1467960,,,,,,skos:exactMatch,http://id.loc.gov/authorities/performanceMediums/mp2013015455,,,,,,,,,TARKISTA,Afrikkalainen sormipiano.,
fmpo:00658,,,,,,likembe,fi,,,,,,,,,,,,,,,,,,,,,,,,,,,,
fmpo:00658,,,,,,mbila,en,,,,,,,,,,,,,,,,,,,,,,,,,,,,
fmpo:00658,,,,,,peukalopiano,fi,,,,,,,,,,,,,,,,,,,,,,,,,,,,
fmpo:00658,,,,,,tumpiano,sv,,,,,,,,,,,,,,,,,,,,,,,,,,,,
fmpo:00659,http://urn.fi/urn:nbn:fi:au:seko:00659,,mellofoni,mellofon,mellophone,,,,,http://www.yso.fi/onto/yso/p105078,Yhdysvallat,,fmpo:01171,vaskipuhallin,,,http://www.wikidata.org/entity/Q1474853,,,,,,skos:closeMatch,http://id.loc.gov/authorities/performanceMediums/mp2013015013,,,,,,,,,TARKISTA,"1950-luvulla kehitelty, varsinkin Yhdysvalloissa suosittu vaskipuhallinsoitin, joka muistuttaa ulkonäöltään käyrätorvea.",
fmpo:00659,,,,,,Alt-Corno,de,,,,,,,,,,,,,,,,,,,,,,,,,,,,
fmpo:00659,,,,,,Altkorno,de,,,,,,,,,,,,,,,,,,,,,,,,,,,,
fmpo:00659,,,,,,cor alto,,,,,,,,,,,,,,,,,,,,,,,,,,,,,
fmpo:00659,,,,,,genis corno,,,,,,,,,,,,,,,,,,,,,,,,,,,,,
fmpo:00659,,,,,,mel (mellofoni),fi,,,,,,,,,,,,,,,,,,,,,,,,,,,,
fmpo:00659,,,,,,mellophonium,,,,,,,,,,,,,,,,,,,,,,,,,,,,,
fmpo:00659,,,,,,tenor cor,en,,,,,,,,,,,,,,,,,,,,,,,,,,,,
fmpo:00660,http://urn.fi/urn:nbn:fi:au:seko:00660,,mellotroni,mellotron,mellotron,,,,,,,,"fmpo:01021, fmpo:00543",sähkösoitin|kosketinsoitin,,,http://www.wikidata.org/entity/Q212483,,,,,,,,,,,,,,,,TARKISTA,1960-luvun alussa rakennettu elektro-mekaaninen kosketinsoitin. Mellotronissa kukin kosketin säätelee ääninauhalta kuuluvaa ääntä.,
fmpo:00660,,,,,,mel (mellotroni),fi,,,,,,,,,,,,,,,,,,,,,,,,,,,,
fmpo:00660,,,,,,ml (mellotroni),fi,,,,,,,,,,,,,,,,,,,,,,,,,,,,
fmpo:00661,http://urn.fi/urn:nbn:fi:au:seko:00661,,melodiabassoharmonikka,ackordeon,free bass accordion,,,,,,,,fmpo:00710,näppäinharmonikka,,,http://www.wikidata.org/entity/Q116681058,"""2026-07-17 corrected the broader (was self-reference)""",,,,,,,,,,,,"""2026-07-01 ceated issue dct:created \""2026-07-01\""^xsd:date """,,2026-07-17,KESKEN,,
fmpo:00662,http://urn.fi/urn:nbn:fi:au:seko:00662,,melodika,melodica,melodica,,,,,,,,"fmpo:00543, fmpo:00423",kosketinsoitin|huuliharppu,,http://www.yso.fi/onto/yso/p29958,http://www.wikidata.org/entity/Q512191,,,,,,skos:exactMatch,http://id.loc.gov/authorities/performanceMediums/mp2013015464,,,,,,,,,TARKISTA,"Koskettimistolla soitettava, päästäpuhallettava huuliharppusoitin.",
fmpo:00662,,,,,,scaletta,,,,,,,,,,,,,,,,,,,,,,,,,,,,,
fmpo:00663,http://urn.fi/urn:nbn:fi:au:seko:00663,,messupappi,celebrant,celebrant,,,,,,,,fmpo:01225,esittäjä,,,http://www.wikidata.org/entity/Q187350,,,,,,skos:closeMatch,http://id.loc.gov/authorities/performanceMediums/mp2013015117,,,,,,,,,TARKISTA,,
fmpo:00663,,,,,,alttaripappi,fi,,,,,,,,,,,,,,,,,,,,,,,,,,,,
fmpo:00663,,,,,,liturgi,fi,,,,,,,,,,,,,,,,,,,,,,,,,,,,
fmpo:00663,,,,,,selebrantti,fi,,,,,,,,,,,,,,,,,,,,,,,,,,,,
fmpo:00664,http://urn.fi/urn:nbn:fi:au:seko:00664,,mey,ney,ney,,,,,http://www.yso.fi/onto/yso/p105573,Turkki,,fmpo:00715,oboesoitin,https://github.com/NatLibFi/SEKO/issues/95,,http://www.wikidata.org/entity/Q743836,,,,,,skos:exactMatch,http://id.loc.gov/authorities/performanceMediums/mp2013015472,,,,,,,,,TARKISTA,Turkkilainen oboesoitin.,
fmpo:00664,,,,,,nay (oboesoitin),fi,,,,,,,,,,,,,,,,,,,,,,,,,,,,
fmpo:00665,http://urn.fi/urn:nbn:fi:au:seko:00665,,meydan saz,meydan saz,meydan saz,,,,,http://www.yso.fi/onto/yso/p105573,Turkki,,fmpo:00905,saz,,,http://www.wikidata.org/entity/Q31191244,,,,,,skos:closeMatch,http://id.loc.gov/authorities/performanceMediums/mp2013015626,,,,,,,,,TARKISTA,"Turkkilainen pitkäkaulainen luuttusoitin, saz-soitinperheen matalaäänisin soitin.",
fmpo:00666,http://urn.fi/urn:nbn:fi:au:seko:00666,,mezzosopraano,mezzosopran,mezzo-soprano,,,,,,,,fmpo:00494,keskikorkea lauluääni,,,http://www.wikidata.org/entity/Q186506,,,,,,skos:exactMatch,http://id.loc.gov/authorities/performanceMediums/mp2013015473,,,,,,,,,TARKISTA,Termillä tarkoitetaan naislauluäänen äänialaa.,
fmpo:00666,,,,,,bas-dessus,,,,,,,,,,,,,,,,,,,,,,,,,,,,,
fmpo:00666,,,,,,mezzo (mezzosopraano),fi,,,,,,,,,,,,,,,,,,,,,,,,,,,,
fmpo:00666,,,,,,mezzo-soprano voice,en,,,,,,,,,,,,,,,,,,,,,,,,,,,,
fmpo:00666,,,,,,Mezzosopran,de,,,,,,,,,,,,,,,,,,,,,,,,,,,,
fmpo:00666,,,,,,Mz (mezzosopraano),fi,,,,,,,,,,,,,,,,,,,,,,,,,,,,
fmpo:00666,,,,,,second dessus,,,,,,,,,,,,,,,,,,,,,,,,,,,,,
fmpo:00666,,,,,,tiefer Sopran,de,,,,,,,,,,,,,,,,,,,,,,,,,,,,
fmpo:00666,,,,,,,,mezzosopraano (aanialat),,,,,,,,,,,,,,,,,,,,,,,,,,,
fmpo:00667,http://urn.fi/urn:nbn:fi:au:seko:00667,,mieskuoro,manskör,male voice choir,,,,,,,,fmpo:00560,kuoro,,http://www.yso.fi/onto/yso/p2169,http://www.wikidata.org/entity/Q1684352,,,,,,skos:exactMatch,http://id.loc.gov/authorities/performanceMediums/mp2013015469,,,,,,,,,TARKISTA,,
fmpo:00667,,,,,,male choir,en,,,,,,,,,,,,,,,,,,,,,,,,,,,,
fmpo:00667,,,,,,male chorus,en,,,,,,,,,,,,,,,,,,,,,,,,,,,,
fmpo:00667,,,,,,male voice choir,en,,,,,,,,,,,,,,,,,,,,,,,,,,,,
fmpo:00667,,,,,,male-voice choir,en,,,,,,,,,,,,,,,,,,,,,,,,,,,,
fmpo:00667,,,,,,men's choir,en,,,,,,,,,,,,,,,,,,,,,,,,,,,,
fmpo:00667,,,,,,men's chorus,en,,,,,,,,,,,,,,,,,,,,,,,,,,,,
fmpo:00667,,,,,,Männerchor ,de,,,,,,,,,,,,,,,,,,,,,,,,,,,,
fmpo:00667,,,,,,,,manskorer,,,,,,,,,,,,,,,,,,,,,,,,,,,
fmpo:00668,http://urn.fi/urn:nbn:fi:au:seko:00668,,mieslauluääni,mansröst,male voice,,,,,,,,fmpo:00583,lauluääni,,,http://www.wikidata.org/entity/Q54285279,,,,,,skos:exactMatch,http://id.loc.gov/authorities/performanceMediums/mp2013015441,,,,,,,,,TARKISTA,,
fmpo:00668,,,,,,male singing voice,en,,,,,,,,,,,,,,,,,,,,,,,,,,,,
fmpo:00669,http://urn.fi/urn:nbn:fi:au:seko:00669,,miimikko,pantomimartist,mime,,,,,,,,fmpo:01225,esittäjä,,,http://www.wikidata.org/entity/Q674067,,,,,,skos:exactMatch,http://id.loc.gov/authorities/performanceMediums/mp2013015475,,,,,,,,,TARKISTA,,
fmpo:00669,,,,,,mimare,sv,,,,,,,,,,,,,,,,,,,,,,,,,,,,
fmpo:00669,,,,,,"mime artist",en,,,,,,,,,,,,,,,,,,,,,,,,,,,,
fmpo:00669,,,,,,pantomiimikko,fi,,,,,,,,,,,,,,,,,,,,,,,,,,,,
fmpo:00670,http://urn.fi/urn:nbn:fi:au:seko:00670,,mijwiz,mijwiz,mijwiz,,,,,http://www.yso.fi/onto/yso/p105025,Lähi-Itä,,fmpo:00513,klarinettisoitin,,,http://www.wikidata.org/entity/Q1247912,,,,,,,,,,,,,,,,TARKISTA,Lähi-idässä käytettävä kaksoisklarinetti.,
fmpo:00670,,,,,,jifti,,,,,,,,,,,,,,,,,,,,,,,,,,,,,
fmpo:00670,,,,,,zummāra (klarinettisoitin),fi,,,,,,,,,,,,,,,,,,,,,,,,,,,,
fmpo:00670,,,,,,,,zummara (klarinettisoitin),,,,,,,,,,,,,,,,,,,,,,,,,,,
fmpo:00671,http://urn.fi/urn:nbn:fi:au:seko:00671,,mirlitoni,mirliton,singing membranes,,,,,,,,"fmpo:00458, fmpo:00817",kalvosoitin|puupuhallin,https://github.com/NatLibFi/SEKO/issues/65,,http://www.wikidata.org/entity/Q50829196,,,,,,skos:exactMatch,http://id.loc.gov/authorities/performanceMediums/mp2013015476,,,,,,"MOVED labels for historical mirlitons from ""kazoo"" to here. ""kazoo"" is the modern mirliton",,,KESKEN,"Yleisnimitys välineille, joilla voidaan muunnella niihin syötettyä ihmisen tai soittimen ääntä. Tyypillisiä mirlitoneja ovat kampa ja kazoo.",
fmpo:00671,,,,,,Ansingtrommeln,de,,,,,,,,,,,,,,,,,,,,,,,,,,,,
fmpo:00671,,,,,,membranophones chantantes,fr,,,,,,,,,,,,,,,,,,,,,,,,,,,,
fmpo:00672,http://urn.fi/urn:nbn:fi:au:seko:00672,,miti'qwakik,miti'qwakik,miti'qwakik,,,,,http://www.yso.fi/onto/yso/p105078,Yhdysvallat,,fmpo:00864,rumpu,,,http://www.wikidata.org/entity/Q117188864,,,,,,,,,,,,,,,,TARKISTA,Yhdysvaltain Suurten järvien alueella asuvien ojibwa-intiaanien rumpu.,
fmpo:00672,,,,,,mitiqwakik,fi,,,,,,,,,,,,,,,,,,,,,,,,,,,,
fmpo:00673,http://urn.fi/urn:nbn:fi:au:seko:00673,,mizhavu,mizhavu,mizhavu,,,,,http://www.yso.fi/onto/yso/p106044,Kerala,,fmpo:00864,rumpu,,,http://www.wikidata.org/entity/Q609599,,,,,,,,,,,,,,,,TARKISTA,"Intialainen (Kerala) kalvolla varustettu metalliruukku, jota käytetään lyömäsoittimena.",
fmpo:00674,http://urn.fi/urn:nbn:fi:au:seko:00674,,mizwid,mizwad,mizwad,,,,,http://www.yso.fi/onto/yso/p105335,Pohjois-Afrikka,,fmpo:01024,säkkipilli,,,http://www.wikidata.org/entity/Q123526,,,,,,,,,,,,,,,,TARKISTA,Pohjoisafrikkalainen säkkipilli.,
fmpo:00674,,,,,,mezoued,,,,,,,,,,,,,,,,,,,,,,,,,,,,,
fmpo:00674,,,,,,mezwed,,,,,,,,,,,,,,,,,,,,,,,,,,,,,
fmpo:00674,,,,,,mizwid,,,,,,,,,,,,,,,,,,,,,,,,,,,,,
fmpo:00675,http://urn.fi/urn:nbn:fi:au:seko:00675,,mohoceño,mohoceño,moceño,,,,,http://www.yso.fi/onto/yso/p108647,Bolivia,,fmpo:01134,tulppakanavahuilu,https://github.com/NatLibFi/SEKO/issues/145,,http://www.wikidata.org/entity/Q3319142,,,,,,,,,,,,,2026-07-16  included in issue 145,,2026-07-16,KESKEN,Bolivialainen tulppakanavahuilu.,
fmpo:00675,,,,,,jatun aymara,,,,,,,,,,,,,,,,,,,,,,,,,,,,,
fmpo:00675,,,,,,mohoceno,fi,,,,,,,,,,,,,,,,,,,,,,,,,,,,
fmpo:00676,http://urn.fi/urn:nbn:fi:au:seko:00676,,mokt'ak,muyu,wooden fish,,,,,http://www.yso.fi/onto/yso/p109302,Korea,,fmpo:00837,rakorumpu,,,http://www.wikidata.org/entity/Q1474569,,,,,,,,,,,,,,,,TARKISTA,Korealainen rumpu.,
fmpo:00676,,,,,,mokt'ak,,,,,,,,,,,,,,,,,,,,,,,,,,,,,
fmpo:00676,,,,,,moktak,,,,,,,,,,,,,,,,,,,,,,,,,,,,,
fmpo:00676,,,,,,mokugyo,,,,,,,,,,,,,,,,,,,,,,,,,,,,,
fmpo:00676,,,,,,puukala,fi,,,,,,,,,,,,,,,,,,,,,,,,,,,,
fmpo:00677,http://urn.fi/urn:nbn:fi:au:seko:00677,,molinukas,molinukas,molinukai,,,,,http://www.yso.fi/onto/yso/p94268,Liettua,,fmpo:00719,okariina,,,http://www.wikidata.org/entity/Q6896232,,,,,,skos:broadMatch,http://id.loc.gov/authorities/performanceMediums/mp2013015511,,,,,,,,,TARKISTA,Liettualainen okariina.,
fmpo:00677,,,,,,svilpaunieks,,,,,,,,,,,,,,,,,,,,,,,,,,,,,
fmpo:00678,http://urn.fi/urn:nbn:fi:au:seko:00678,,moniviestin,multimedia,mixed media,,,,,,,,fmpo:01225,esittäjä,,,http://www.wikidata.org/entity/Q131765,,,,,,skos:exactMatch,http://id.loc.gov/authorities/performanceMediums/mp2013015478,,,,,,,,,TARKISTA,,
fmpo:00678,,,,,,multimedia,fi,,,,,,,,,,,,,,,,,,,,,,,,,,,,
fmpo:00679,http://urn.fi/urn:nbn:fi:au:seko:00679,,monokordi,monokord,canon harmonicus,,,,,,,,fmpo:00943,sitra,,,http://www.wikidata.org/entity/Q1136653,,,,,,skos:exactMatch,http://id.loc.gov/authorities/performanceMediums/mp2013015479,https://en.wikipedia.org/wiki/Monochord|https://www.emousike.com/mousike-ancient-greek-science,,,,,"""2026-07-26 added altLabel 'helikon' based on YKL-mapping""@en",,2026-07-26,TARKISTA,Antiikin aikana lähinnä akustis-matemaattisiin mittauksiin käytetty yksikielinen soitin.,
fmpo:00679,,,,,,helikon,sv,,,,,,,,,,,,,,,,,,,,,,,,,,,,
fmpo:00680,http://urn.fi/urn:nbn:fi:au:seko:00680,,morin huur,morim khuur,horse-head fiddle,,,,,http://www.yso.fi/onto/yso/p105251,Mongolia,,fmpo:00446,jousisoitin,,,http://www.wikidata.org/entity/Q1129422,,,,,,skos:exactMatch,http://id.loc.gov/authorities/performanceMediums/mp2013015480,,,,,,,,,TARKISTA,"Mongolian kansallissoittimena pidetty jousisoitin, ""hevosenpääviulu"".",
fmpo:00680,,,,,,hevosenpääviulu,fi,,,,,,,,,,,,,,,,,,,,,,,,,,,,
fmpo:00680,,,,,,khil-khuur,en,,,,,,,,,,,,,,,,,,,,,,,,,,,,
fmpo:00680,,,,,,ma tʻou chʻin,en,,,,,,,,,,,,,,,,,,,,,,,,,,,,
fmpo:00680,,,,,,matou qin,en,,,,,,,,,,,,,,,,,,,,,,,,,,,,
fmpo:00680,,,,,,matouqin,en,,,,,,,,,,,,,,,,,,,,,,,,,,,,
fmpo:00680,,,,,,morin khuur,en,,,,,,,,,,,,,,,,,,,,,,,,,,,,
fmpo:00680,,,,,,morin xuur,en,,,,,,,,,,,,,,,,,,,,,,,,,,,,
fmpo:00680,,,,,,morin-khuur,en,,,,,,,,,,,,,,,,,,,,,,,,,,,,
fmpo:00680,,,,,,morinhoor,en,,,,,,,,,,,,,,,,,,,,,,,,,,,,
fmpo:00680,,,,,,,,ma t`ou ch`in,,,,,,,,,,,,,,,,,,,,,,,,,,,
fmpo:00681,http://urn.fi/urn:nbn:fi:au:seko:00681,,mōsōbiwa,mōsōbiwa,mōsōbiwa,,,,,http://www.yso.fi/onto/yso/p105023,Japani,,fmpo:00709,näppäilysoitin,,,http://www.wikidata.org/entity/Q116690387,,,,,,skos:broadMatch,http://id.loc.gov/authorities/performanceMediums/mp2013015086,,,,,,,,,TARKISTA,Japanilainen nelikielinen luuttusoitin.,
fmpo:00681,,,,,,mosobiwa,fi,,,,,,,,,,,,,,,,,,,,,,,,,,,,
fmpo:00682,http://urn.fi/urn:nbn:fi:au:seko:00682,,mridangam,mridangam,mridangam,,,,,http://www.yso.fi/onto/yso/p105027,Intia,,fmpo:00864,rumpu,https://github.com/NatLibFi/SEKO/issues/100,,http://www.wikidata.org/entity/Q744831,,,,,,,,,,,,,issue luotu,,2026-07-01,KESKEN,"Intialainen, kaksikalvoinen rumpu.",
fmpo:00682,,,,,,mrdanga,,,,,,,,,,,,,,,,,,,,,,,,,,,,,
fmpo:00683,http://urn.fi/urn:nbn:fi:au:seko:00683,,mukhavina,mukhavina,mukhavina,,,,,http://www.yso.fi/onto/yso/p235077,Etelä-Intia,,fmpo:00715,oboesoitin,,,http://www.wikidata.org/entity/Q25380080,,,,,,skos:exactMatch,http://id.loc.gov/authorities/performanceMediums/mp2013015486,,,,,,,,,TARKISTA,"Eteläintialainen, oboetyyppinen puhallinsoitin.",
fmpo:00683,,,,,,mukha veena,en,,,,,,,,,,,,,,,,,,,,,,,,,,,,
fmpo:00683,,,,,,mukhavīṇā,fi,,,,,,,,,,,,,,,,,,,,,,,,,,,,
fmpo:00684,http://urn.fi/urn:nbn:fi:au:seko:00684,,mukupiela,mukupiela,mukupela,,,,,"http://www.yso.fi/onto/yso/p107643,http://www.yso.fi/onto/yso/p108333,http://www.yso.fi/onto/yso/p110631",Angola|Kongo,,fmpo:01092,tiimalasirumpu,,,http://www.wikidata.org/entity/Q116690490,,,,,,skos:closeMatch,http://id.loc.gov/authorities/performanceMediums/mp2013015343,,,,,,,,,TARKISTA,"Angolassa ja Kongossa asuvien chokwejen kaksikalvoinen tiimalasirumpu, joka on koverrettu yhdestä puukappaleesta ja jossa on ääniaukko rungon kyljessä. Ääniaukkoon voidaan asettaa kalvo, jolla saadaan aikaan suriseva lisä-ääni.",
fmpo:00684,,,,,,mikupela,fi,,,,,,,,,,,,,,,,,,,,,,,,,,,,
fmpo:00685,http://urn.fi/urn:nbn:fi:au:seko:00685,,munniharppu,mungiga,mouth harp,,,,,,,,fmpo:00953,soitin,https://github.com/NatLibFi/SEKO/issues/112,http://www.yso.fi/onto/yso/p30231,http://www.wikidata.org/entity/Q185003,,,,,,skos:exactMatch,https://id.loc.gov/authorities/performanceMediums/mp2013015360,,,,,,ISSUE created - change broader,,2026-07-03,KESKEN,"Idiofoni, jonka kieltä näppäilemällä synnytetty ääni vahvistetaan soittajan suuta resonaattorina käyttäen.",
fmpo:00685,,,,,,arpa de boca,it,,,,,,,,,,,,,,,,,,,,,,,,,,,,
fmpo:00685,,,,,,birimbao,,,,,,,,,,,,,,,,,,,,,,,,,,,,,
fmpo:00685,,,,,,Brummeisen,de,,,,,,,,,,,,,,,,,,,,,,,,,,,,
fmpo:00685,,,,,,crembalum,,,,,,,,,,,,,,,,,,,,,,,,,,,,,
fmpo:00685,,,,,,genggong,,,,,,,,,,,,,,,,,,,,,,,,,,,,,
fmpo:00685,,,,,,gewgaw,,,,,,,,,,,,,,,,,,,,,,,,,,,,,
fmpo:00685,,,,,,guimbard,,,,,,,,,,,,,,,,,,,,,,,,,,,,,
fmpo:00685,,,,,,guimbarda,,,,,,,,,,,,,,,,,,,,,,,,,,,,,
fmpo:00685,,,,,,guimbarde,,,,,,,,,,,,,,,,,,,,,,,,,,,,,
fmpo:00685,,,,,,huulepill,et,,,,,,,,,,,,,,,,,,,,,,,,,,,,
fmpo:00685,,,,,,jaw harp,en,,,,,,,,,,,,,,,,,,,,,,,,,,,,
fmpo:00685,,,,,,jaw's harp,en,,,,,,,,,,,,,,,,,,,,,,,,,,,,
fmpo:00685,,,,,,Jew's harp,en,,,,,,,,,,,,,,,,,,,,,,,,,,,,
fmpo:00685,,,,,,Jew's trump,en,,,,,,,,,,,,,,,,,,,,,,,,,,,,
fmpo:00685,,,,,,juice harp,en,,,,,,,,,,,,,,,,,,,,,,,,,,,,
fmpo:00685,,,,,,juutalainen harppu,fi,,,,,,,,,,,,,,,,,,,,,,,,,,,,
fmpo:00685,,,,,,juutalaisen harppu,fi,,,,,,,,,,,,,,,,,,,,,,,,,,,,
fmpo:00685,,,,,,juutalaisharppu,fi,,,,,,,,,,,,,,,,,,,,,,,,,,,,
fmpo:00685,,,,,,kanklikė,,,,,,,,,,,,,,,,,,,,,,,,,,,,,
fmpo:00685,,,,,,konnapill,et,,,,,,,,,,,,,,,,,,,,,,,,,,,,
fmpo:00685,,,,,,kärsapill,et,,,,,,,,,,,,,,,,,,,,,,,,,,,,
fmpo:00685,,,,,,Maultrommel,de,,,,,,,,,,,,,,,,,,,,,,,,,,,,
fmpo:00685,,,,,,Ozark harp,en,,,,,,,,,,,,,,,,,,,,,,,,,,,,
fmpo:00685,,,,,,parmupill,et,,,,,,,,,,,,,,,,,,,,,,,,,,,,
fmpo:00685,,,,,,ribeba,,,,,,,,,,,,,,,,,,,,,,,,,,,,,
fmpo:00685,,,,,,scaccia pensieri,,,,,,,,,,,,,,,,,,,,,,,,,,,,,
fmpo:00685,,,,,,šeivelė,,,,,,,,,,,,,,,,,,,,,,,,,,,,,
fmpo:00685,,,,,,suukannel,fi,,,,,,,,,,,,,,,,,,,,,,,,,,,,
fmpo:00685,,,,,,trombula,,,,,,,,,,,,,,,,,,,,,,,,,,,,,
fmpo:00685,,,,,,trompa,,,,,,,,,,,,,,,,,,,,,,,,,,,,,
fmpo:00685,,,,,,trompe de Béarn,,,,,,,,,,,,,,,,,,,,,,,,,,,,,
fmpo:00685,,,,,,trump,,,,,,,,,,,,,,,,,,,,,,,,,,,,,
fmpo:00685,,,,,,vargāns,,,,,,,,,,,,,,,,,,,,,,,,,,,,,
fmpo:00685,,,,,,,,kanklike,,,,,,,,,,,,,,,,,,,,,,,,,,,
fmpo:00685,,,,,,,,karsapill,,,,,,,,,,,,,,,,,,,,,,,,,,,
fmpo:00685,,,,,,,,seivele,,,,,,,,,,,,,,,,,,,,,,,,,,,
fmpo:00685,,,,,,,,trompe de Bearn,,,,,,,,,,,,,,,,,,,,,,,,,,,
fmpo:00685,,,,,,,,vargans,,,,,,,,,,,,,,,,,,,,,,,,,,,
fmpo:00686,http://urn.fi/urn:nbn:fi:au:seko:00686,,mursing,morsing,morsing,,,,,http://www.yso.fi/onto/yso/p105336,Etelä-Aasia,,fmpo:00685,munniharppu,,,http://www.wikidata.org/entity/Q13399266,,,,http://www.mimo-db.eu/InstrumentsKeywords/2865,,,,,,,,,,,,TARKISTA,Eteläaasialainen munniharppu.,
fmpo:00686,,,,,,morchang,,,,,,,,,,,,,,,,,,,,,,,,,,,,,
fmpo:00686,,,,,,morching,,,,,,,,,,,,,,,,,,,,,,,,,,,,,
fmpo:00686,,,,,,mourching,,,,,,,,,,,,,,,,,,,,,,,,,,,,,
fmpo:00686,,,,,,muharsing,,,,,,,,,,,,,,,,,,,,,,,,,,,,,
fmpo:00686,,,,,,mukharshanku,,,,,,,,,,,,,,,,,,,,,,,,,,,,,
fmpo:00686,,,,,,murcang,,,,,,,,,,,,,,,,,,,,,,,,,,,,,
fmpo:00687,http://urn.fi/urn:nbn:fi:au:seko:00687,,musette (harmonikka),musettharmonika,bal-musette,,,,,http://www.yso.fi/onto/yso/p104968,Ranska,,fmpo:00395,harmonikka,https://github.com/NatLibFi/SEKO/issues/93,,MISSING,MERGE? It is unclear if this is a separate type of accordion? ,,,,,,,https://fr.wikipedia.org/wiki/Bal_musette|https://en.wikipedia.org/wiki/Traditional_French_musical_instruments,,,,,created issue,,2026-07-01,KESKEN,Pienikokoinen ranskalainen harmonikka.,
fmpo:00687,,,,,,l'accordéon musette,fr,,,,,,,,,,,,,,,,,,,,,,,,,,,,
fmpo:00687,,,,,,ranskalainen harmonikka,fi,,,,,,,,,,,,,,,,,,,,,,,,,,,,
fmpo:00688,http://urn.fi/urn:nbn:fi:au:seko:00688,,musette (säkkipilli),musette de cour,musette de cour,,,,,,,,fmpo:01024,säkkipilli,https://github.com/NatLibFi/SEKO/issues/93,,http://www.wikidata.org/entity/Q13522404,,,,http://www.mimo-db.eu/InstrumentsKeywords/3768,,skos:broadMatch,http://id.loc.gov/authorities/performanceMediums/mp2013015039,,,,,,created issue,,2026-07-01,KESKEN,Pienikokoinen palkeella puhallettava säkkipilli 1600- ja 1700-luvuilla.,
fmpo:00689,http://urn.fi/urn:nbn:fi:au:seko:00689,,myrskykone,åskmaskin,thunder sheet,,,,,,,,fmpo:00627,lyömäsoitin,,,http://www.wikidata.org/entity/Q1241859,,,,,,,,,,,,,,,,TARKISTA,"Laite, jonka avulla voidaan konserttitilanteessa imitoida myrskyn ääntä.",
fmpo:00689,,,,,,bronteron,,,,,,,,,,,,,,,,,,,,,,,,,,,,,
fmpo:00689,,,,,,Donnerbleich,de,,,,,,,,,,,,,,,,,,,,,,,,,,,,
fmpo:00689,,,,,,Donnermaschine,de,,,,,,,,,,,,,,,,,,,,,,,,,,,,
fmpo:00689,,,,,,machine à tonnerre,,,,,,,,,,,,,,,,,,,,,,,,,,,,,
fmpo:00689,,,,,,thunder machine,,,,,,,,,,,,,,,,,,,,,,,,,,,,,
fmpo:00689,,,,,,ukkoskone,fi,,,,,,,,,,,,,,,,,,,,,,,,,,,,
fmpo:00689,,,,,,,,machine a tonnerre,,,,,,,,,,,,,,,,,,,,,,,,,,,
fmpo:00690,http://urn.fi/urn:nbn:fi:au:seko:00690,,mänkeri,mänkeri,mänkeri,,,,,http://www.yso.fi/onto/yso/p94426,Suomi,,fmpo:00513,klarinettisoitin,,,http://www.wikidata.org/entity/Q1696139,,,,,,,,,,,,,,,,TARKISTA,"Suomalainen, klarinettityyppinen, kansanomainen puhallinsoitin.",
fmpo:00691,http://urn.fi/urn:nbn:fi:au:seko:00691,,mäntähuilu,PUUTTUU,piston flute,,,,,http://www.yso.fi/onto/yso/p94426,Suomi,,fmpo:01134,tulppakanavahuilu,https://github.com/NatLibFi/SEKO/issues/94,,MISSING,,,,,,,,,,,,,created issue,,2026-07-01,KESKEN,"Suomalainen, kansanomainen sormiaukoton huilusoitin, jonka säveltasoa voidaan muuttaa soittimen alapään tulppaa liikuttelemalla.",
fmpo:00692,http://urn.fi/urn:nbn:fi:au:seko:00692,,nadasvaram,nadasvaram,nadasvaram,,,,,"http://www.yso.fi/onto/yso/p235077,http://www.yso.fi/onto/yso/p197901","Etelä-Intia,Tamil Nadu",,fmpo:00715,oboesoitin,https://github.com/NatLibFi/SEKO/issues/193,,http://www.wikidata.org/entity/Q1611652,,422.112.2 ,,http://www.mimo-db.eu/InstrumentsKeywords/4226,,skos:exactMatch,http://id.loc.gov/authorities/performanceMediums/mp2013015493,https://data.bnf.fr/ark:/12148/cb15974682n,,,"""Eteläintialainen oboesoitin.""@fi",,"""2026-08-01 Changed the prefLabel to 'nadaswaram' as in Wikpedia and Wikidata""@en",,2026-08-01,KESKEN,Eteläintialainen oboesoitin.,
fmpo:00692,,,,,,nadasvara,en,,,,,,,,,,,,,,,,,,,,,,,,,,,,
fmpo:00692,,,,,,nageshwaram,en,,,,,,,,,,,,,,,,,,,,,,,,,,,,
fmpo:00692,,,,,,nādasvaram,sa,,,,,,,,,,,,,,,,,,,,,,,,,,,,
fmpo:00692,,,,,,nāgasuram,ta,,,,,,,,,,,,,,,,,,,,,,,,,,,,
fmpo:00692,,,,,,nâgaswaram,en,,,,,,,,,,,,,,,,,,,,,,,,,,,,
fmpo:00692,,,,,,nāgaswaram,en,,,,,,,,,,,,,,,,,,,,,,,,,,,,
fmpo:00692,,,,,,nākasvaram,ta,,,,,,,,,,,,,,,,,,,,,,,,,,,,
fmpo:00692,,,,,,nāyanam,ta,,,,,,,,,,,,,,,,,,,,,,,,,,,,
fmpo:00692,,,,,,,,nagasuram,en,,,,,,,,,,,,,,,,,,,,,,,,,,
fmpo:00692,,,,,,,,nagaswaram,en,,,,,,,,,,,,,,,,,,,,,,,,,,
fmpo:00692,,,,,,,,nakasvaram,en,,,,,,,,,,,,,,,,,,,,,,,,,,
fmpo:00692,,,,,,,,nayanam,en,,,,,,,,,,,,,,,,,,,,,,,,,,
fmpo:00693,http://urn.fi/urn:nbn:fi:au:seko:00693,,nagārā,nagārā,nagārā,,,,,http://www.yso.fi/onto/yso/p105528,Arabian niemimaa,,fmpo:00753,patarumpu,,,http://www.wikidata.org/entity/Q2510552,,,,http://www.mimo-db.eu/InstrumentsKeywords/2892,,,,,,,,,,,,TARKISTA,"Keskiaikainen, arabialaista alkuperää oleva pienikokoinen patarumpu.",
fmpo:00693,,,,,,nacaires,,,,,,,,,,,,,,,,,,,,,,,,,,,,,
fmpo:00693,,,,,,nácar,,,,,,,,,,,,,,,,,,,,,,,,,,,,,
fmpo:00693,,,,,,nacara,,,,,,,,,,,,,,,,,,,,,,,,,,,,,
fmpo:00693,,,,,,nacchera,,,,,,,,,,,,,,,,,,,,,,,,,,,,,
fmpo:00693,,,,,,nagara,fi,,,,,,,,,,,,,,,,,,,,,,,,,,,,
fmpo:00693,,,,,,naghara,,,,,,,,,,,,,,,,,,,,,,,,,,,,,
fmpo:00693,,,,,,nakers,,,,,,,,,,,,,,,,,,,,,,,,,,,,,
fmpo:00693,,,,,,nakkare,,,,,,,,,,,,,,,,,,,,,,,,,,,,,
fmpo:00693,,,,,,naqqāra,,,,,,,,,,,,,,,,,,,,,,,,,,,,,
fmpo:00693,,,,,,naqqārat,,,,,,,,,,,,,,,,,,,,,,,,,,,,,
fmpo:00693,,,,,,,,nacar,,,,,,,,,,,,,,,,,,,,,,,,,,,
fmpo:00693,,,,,,,,naqqara,,,,,,,,,,,,,,,,,,,,,,,,,,,
fmpo:00693,,,,,,,,naqqarat,,,,,,,,,,,,,,,,,,,,,,,,,,,
fmpo:00694,http://urn.fi/urn:nbn:fi:au:seko:00694,,nai,nai,nai,,,,,http://www.yso.fi/onto/yso/p105030,Romania,,fmpo:00749,panhuilu,,,http://www.wikidata.org/entity/Q1414230,,,,http://www.mimo-db.eu/InstrumentsKeywords/4228,,skos:closeMatch,http://id.loc.gov/authorities/performanceMediums/mp2013015528,,,,,,,,,TARKISTA,Romanialainen panhuilu.,
fmpo:00695,http://urn.fi/urn:nbn:fi:au:seko:00695,,naiskuoro,damkör,female voice choir,,,,,,,,fmpo:00560,kuoro,,http://www.yso.fi/onto/yso/p5205,http://www.wikidata.org/entity/Q1451652,,,,,,,,,,,,,,,,TARKISTA,,
fmpo:00695,,,,,,,,damkorer,,,,,,,,,,,,,,,,,,,,,,,,,,,
fmpo:00696,http://urn.fi/urn:nbn:fi:au:seko:00696,,naislauluääni,kvinnoröst,female voice,,,,,,,,fmpo:00583,lauluääni,,,http://www.wikidata.org/entity/Q54285818,,,,,,,,,,,,,,,,TARKISTA,,
fmpo:00696,,,,,,"female singing voice",en,,,,,,,,,,,,,,,,,,,,,,,,,,,,
fmpo:00697,http://urn.fi/urn:nbn:fi:au:seko:00697,,nāy,ney,nāy (flute),,,,,"http://www.yso.fi/onto/yso/p105025,http://www.yso.fi/onto/yso/p105280,http://www.yso.fi/onto/yso/p107650",Lähi-Itä|Iran|Keski-Aasia,,fmpo:00851,reunahuilu,https://github.com/NatLibFi/SEKO/issues/95,,http://www.wikidata.org/entity/Q743836,"SPLIT?  ""nay"" and ""mey"" are probably confused and mixed in Wiki?",,,,,skos:exactMatch,http://id.loc.gov/authorities/performanceMediums/mp2014015003,,,,,,,,,KESKEN,"Lähi-idässä, Iranissa ja Keski-Aasiassa käytettävä reunahuilu.",
fmpo:00697,,,,,,nāī,,,,,,,,,,,,,,,,,,,,,,,,,,,,,
fmpo:00697,,,,,,nay,fi,,,,,,,,,,,,,,,,,,,,,,,,,,,,
fmpo:00697,,,,,,nei,,,,,,,,,,,,,,,,,,,,,,,,,,,,,
fmpo:00697,,,,,,ney,,,,,,,,,,,,,,,,,,,,,,,,,,,,,
fmpo:00697,,,,,,,,nai,,,,,,,,,,,,,,,,,,,,,,,,,,,
fmpo:00698,http://urn.fi/urn:nbn:fi:au:seko:00698,,nenähuilu,näsflöjt,nose flute,,,,,,,,fmpo:00418,huilusoitin,,,http://www.wikidata.org/entity/Q444037,,,,,,,,,,,,,,,,TARKISTA,"Yleisnimitys erilaisille huiluille, joihin ilma puhalletaan suun sijasta nenällä.",
fmpo:00699,http://urn.fi/urn:nbn:fi:au:seko:00699,,neulaviulu,spikharmonika,nail violin,,,,,,,,fmpo:00953,soitin,https://github.com/NatLibFi/SEKO/issues/112,,http://www.wikidata.org/entity/Q953846,,,,,,skos:exactMatch,http://id.loc.gov/authorities/performanceMediums/mp2022015002,,,,,,"issue created: change broader to ""kitkaidiofoni""",,2026-07-03,KESKEN,"Soittimessa on matalalla puualustalla eri sävelkorkeuksille viritettyjä lasi-, metalli- tai puupiikkejä, joita soitetaan jousella.",
fmpo:00699,,,,,,Eisenvioline,de,,,,,,,,,,,,,,,,,,,,,,,,,,,,
fmpo:00699,,,,,,Nagelgeige,de,,,,,,,,,,,,,,,,,,,,,,,,,,,,
fmpo:00699,,,,,,Nagelharmonika,de,,,,,,,,,,,,,,,,,,,,,,,,,,,,
fmpo:00699,,,,,,naulaviulu,fi,,,,,,,,,,,,,,,,,,,,,,,,,,,,
fmpo:00699,,,,,,spikharmonika,sv,,,,,,,,,,,,,,,,,,,,,,,,,,,,
fmpo:00699,,,,,,violino di ferro,it,,,,,,,,,,,,,,,,,,,,,,,,,,,,
fmpo:00699,,,,,,violon de fer,fr,,,,,,,,,,,,,,,,,,,,,,,,,,,,
fmpo:00700,http://urn.fi/urn:nbn:fi:au:seko:00700,,ngoma,ngoma,ngoma,,,,,"http://www.yso.fi/onto/yso/p184560,http://www.yso.fi/onto/yso/p184559",Keskinen Afrikka|Eteläinen Afrikka,,fmpo:00864,rumpu,,,http://www.wikidata.org/entity/Q7022514,,,,,,skos:exactMatch,http://id.loc.gov/authorities/performanceMediums/mp2013015500,,,,,,,,,TARKISTA,Yleisnimi monille Keski- ja Etelä-Afrikan rummuille.,
fmpo:00700,,,,,,engoma,,,,,,,,,,,,,,,,,,,,,,,,,,,,,
fmpo:00700,,,,,,goma,,,,,,,,,,,,,,,,,,,,,,,,,,,,,
fmpo:00700,,,,,,gomo,,,,,,,,,,,,,,,,,,,,,,,,,,,,,
fmpo:00700,,,,,,in̄goma,,,,,,,,,,,,,,,,,,,,,,,,,,,,,
fmpo:00700,,,,,,ingomba,,,,,,,,,,,,,,,,,,,,,,,,,,,,,
fmpo:00700,,,,,,ngomba,,,,,,,,,,,,,,,,,,,,,,,,,,,,,
fmpo:00700,,,,,,ngomm,,,,,,,,,,,,,,,,,,,,,,,,,,,,,
fmpo:00700,,,,,,ngomo,,,,,,,,,,,,,,,,,,,,,,,,,,,,,
fmpo:00701,http://urn.fi/urn:nbn:fi:au:seko:00701,,nguru,nguru,nguru,,,,,"http://www.yso.fi/onto/yso/p105384,http://www.yso.fi/onto/yso/p108839",Uusi Seelanti|Polynesia,,fmpo:00418,huilusoitin,,,http://www.wikidata.org/entity/Q116742432,,,,,,,,,,,,,,,,TARKISTA,"Maorien pienikokoinen, päästä puhallettava huilusoitin.",
fmpo:00702,http://urn.fi/urn:nbn:fi:au:seko:00702,,nogo,nogo,nogo,,,,,http://www.yso.fi/onto/yso/p109302,Korea,,fmpo:00864,rumpu,,,http://www.wikidata.org/entity/Q25203914,,,,,,,,,,,,,,,,TARKISTA,Korealainen tynnyrinmuotoinen rumpu.,
fmpo:00703,http://urn.fi/urn:nbn:fi:au:seko:00703,,nōkan,nōkan,nōkan,,,,,http://www.yso.fi/onto/yso/p105023,Japani,,fmpo:00082,bambuhuilu,,,http://www.wikidata.org/entity/Q1058772,,,,,,skos:exactMatch,http://id.loc.gov/authorities/performanceMediums/mp2013015501,,,,,,,,,TARKISTA,Aasialainen (japanilainen) bambuhuilu.,
fmpo:00703,,,,,,nō-kan,en,,,,,,,,,,,,,,,,,,,,,,,,,,,,
fmpo:00703,,,,,,nohkan,en,,,,,,,,,,,,,,,,,,,,,,,,,,,,
fmpo:00703,,,,,,nokan,fi,,,,,,,,,,,,,,,,,,,,,,,,,,,,
fmpo:00704,http://urn.fi/urn:nbn:fi:au:seko:00704,,nokkahuilu,blockflöjt,recorder,,,,,,,,fmpo:01134,tulppakanavahuilu,,http://www.yso.fi/onto/yso/p10305,http://www.wikidata.org/entity/Q187851,,,,,,skos:exactMatch,http://id.loc.gov/authorities/performanceMediums/mp2013015597,,,,,,,,,TARKISTA,Päästä puhallettava tulppakanavahuilu.,https://finto.fi/ic/fi/page/48C73511
fmpo:00704,,,,,,blockflöjt,sv,,,,,,,,,,,,,,,,,,,,,,,,,,,,
fmpo:00704,,,,,,Blockflöte,de,,,,,,,,,,,,,,,,,,,,,,,,,,,,
fmpo:00704,,,,,,flauto (nokkahuilu),fi,,,,,,,,,,,,,,,,,,,,,,,,,,,,
fmpo:00704,,,,,,flauto a becco,it,,,,,,,,,,,,,,,,,,,,,,,,,,,,
fmpo:00704,,,,,,flauto dolce,it,,,,,,,,,,,,,,,,,,,,,,,,,,,,
fmpo:00704,,,,,,flûte à bec,fr,,,,,,,,,,,,,,,,,,,,,,,,,,,,
fmpo:00704,,,,,,flûte douce,,,,,,,,,,,,,,,,,,,,,,,,,,,,,
fmpo:00704,,,,,,rec (nokkahuilu),fi,,,,,,,,,,,,,,,,,,,,,,,,,,,,
fmpo:00704,,,,,,Schnabelflöte,de,,,,,,,,,,,,,,,,,,,,,,,,,,,,
fmpo:00704,,,,,,spetsflöjt,sv,,,,,,,,,,,,,,,,,,,,,,,,,,,,
fmpo:00704,,,,,,,,blockflojt,,,,,,,,,,,,,,,,,,,,,,,,,,,
fmpo:00704,,,,,,,,Blockflote,,,,,,,,,,,,,,,,,,,,,,,,,,,
fmpo:00704,,,,,,,,flute a bec,,,,,,,,,,,,,,,,,,,,,,,,,,,
fmpo:00704,,,,,,,,flute douce,,,,,,,,,,,,,,,,,,,,,,,,,,,
fmpo:00704,,,,,,,,Schnabelflote,,,,,,,,,,,,,,,,,,,,,,,,,,,
fmpo:00704,,,,,,,,spetsflojt,,,,,,,,,,,,,,,,,,,,,,,,,,,
fmpo:00705,http://urn.fi/urn:nbn:fi:au:seko:00705,,Northumbrian pipes,Northumbrian pipes,Northumbrian pipes,,,,,http://www.yso.fi/onto/yso/p104990,Iso-Britannia,,fmpo:01024,säkkipilli,,,http://www.wikidata.org/entity/Q1046018,,,,,,skos:exactMatch,http://id.loc.gov/authorities/performanceMediums/mp2013015503,,,,,,,,,TARKISTA,Britteinsaarilla käytettävä säkkipilli.,
fmpo:00705,,,,,,Northumbrian smallpipes,en,,,,,,,,,,,,,,,,,,,,,,,,,,,,
fmpo:00706,http://urn.fi/urn:nbn:fi:au:seko:00706,,núdi,núdi,nyudi,,,,,http://www.yso.fi/onto/yso/p113117,Mordva,,fmpo:00513,klarinettisoitin,https://github.com/NatLibFi/SEKO/issues/96,,https://www.wikidata.org/wiki/Q4328481,DELETE? No information found,,,,,,,,,,,,issue created,,2026-07-01,KESKEN,Mordvalaisten käyttämä klarinettisoitin.,
fmpo:00706,,,,,,Нюди,ru,,,,,,,,,,,,,,,,,,,,,,,,,,,,
fmpo:00706,,,,,,Нюди,mdf,,,,,,,,,,,,,,,,,,,,,,,,,,,,
fmpo:00706,,,,,,nudei,en,,,,,,,,,,,,,,,,,,,,,,,,,,,,
fmpo:00706,,,,,,nuźi,en,,,,,,,,,,,,,,,,,,,,,,,,,,,,
fmpo:00706,,,,,,nudi,fi,,,,,,,,,,,,,,,,,,,,,,,,,,,,
fmpo:00707,http://urn.fi/urn:nbn:fi:au:seko:00707,,nynnypilli,nynnypilli,nynnypilli,,,,,http://www.yso.fi/onto/yso/p94426,Suomi,,fmpo:00671,mirlitoni,,,http://www.wikidata.org/entity/Q116742584,,,,,,,,,,,,,,,,TARKISTA,"Suomalainen, kansanomainen, kasviputkesta valmistettu pilli, jonka kuoripeitteen alta paljastettu kalvo toimii värähtelijänä.",
fmpo:00707,,,,,,kaislapilli,fi,,,,,,,,,,,,,,,,,,,,,,,,,,,,
fmpo:00707,,,,,,nyynypilli,fi,,,,,,,,,,,,,,,,,,,,,,,,,,,,
fmpo:00707,,,,,,ruokopilli (nynnypilli),fi,,,,,,,,,,,,,,,,,,,,,,,,,,,,
fmpo:00707,,,,,,soropilli,fi,,,,,,,,,,,,,,,,,,,,,,,,,,,,
fmpo:00708,http://urn.fi/urn:nbn:fi:au:seko:00708,,näppäilyrumpu,knäppt trumma,plucked membranophone,,,,,,,,fmpo:00864,rumpu,https://github.com/NatLibFi/SEKO/issues/97,,http://www.wikidata.org/entity/Q55724270,,,,http://www.mimo-db.eu/InstrumentsKeywords/6558,,,,,,,,,issue created,,2026-07-01,KESKEN,"Rumpu, jota soitetaan rummun kalvon keskipisteen läpi kulkevaa jännettä näppäilemällä.",
fmpo:00708,,,,,,Plucked membranophones,en,,,,,,,,,,,,,,,,,,,,,,,,,,,,
fmpo:00708,,,,,,plucked drum,en,,,,,,,,,,,,,,,,,,,,,,,,,,,,
fmpo:00709,http://urn.fi/urn:nbn:fi:au:seko:00709,,näppäilysoitin,knäppinstrument,plucked instrument,,,,,,,,fmpo:00500,kielisoitin,https://github.com/NatLibFi/SEKO/issues/198,http://www.yso.fi/onto/yso/p1510,http://www.wikidata.org/entity/Q230262,"""2026-08-09 removed altlabels phin and sueng [seko-issues:198]""@en",,,,,skos:exactMatch,http://id.loc.gov/authorities/performanceMediums/mp2013015563,,,,,,"""2026-08-09 removed altlabels phin and sueng""@en",,2026-08-09,KESKEN,"Yleisnimitys tähän soitinryhmään kuuluvista soittimista. Termiä on suositeltavaa käyttää, kun soitinta ei voi tarkemmin määritellä tai jos soittimia on niin monia, ettei niiden erittely ole tarkoituksenmukaista.",https://finto.fi/ic/fi/page/48C732
fmpo:00709,,,,,,phīn,,,,,,,,,,,,,,,,,,,,,,,,,,,,,
fmpo:00709,,,,,,knäppt stränginstrument,sv,,,,,,,,,,,,,,,,,,,,,,,,,,,,
fmpo:00709,,,,,,string instrument (plucked),en,,,,,,,,,,,,,,,,,,,,,,,,,,,,
fmpo:00709,,,,,,Zupfinstrument,de,,,,,,,,,,,,,,,,,,,,,,,,,,,,
fmpo:00709,,,,,,strumento pizzicato,it,,,,,,,,,,,,,,,,,,,,,,,,,,,,
fmpo:00709,,,,,,instrument à cordes pincées,fr,,,,,,,,,,,,,,,,,,,,,,,,,,,,
fmpo:00709,,,,,,sormintasoitin,fi,,,,,,,,,,,,,,,,,,,,,,,,,,,,
fmpo:00709,,,,,,sueng,,,,,,,,,,,,,,,,,,,,,,,,,,,,,
fmpo:00710,http://urn.fi/urn:nbn:fi:au:seko:00710,,näppäinharmonikka,knappdragspel,button accordion,,,,,,,,fmpo:00395,harmonikka,,http://www.yso.fi/onto/yso/p11333,http://www.wikidata.org/entity/Q1421815,,,,,,skos:closeMatch,http://id.loc.gov/authorities/performanceMediums/mp2013015108,,,,,,,,,TARKISTA,,
fmpo:00710,,,,,,bogsa-phutan,,,,,,,,,,,,,,,,,,,,,,,,,,,,,
fmpo:00710,,,,,,butonakordiono,,,,,,,,,,,,,,,,,,,,,,,,,,,,,
fmpo:00710,,,,,,butonharmoniko,,,,,,,,,,,,,,,,,,,,,,,,,,,,,
fmpo:00710,,,,,,button box,en,,,,,,,,,,,,,,,,,,,,,,,,,,,,
fmpo:00710,,,,,,button-key accordion,en,,,,,,,,,,,,,,,,,,,,,,,,,,,,
fmpo:00710,,,,,,diatoninen näppäinharmonikka,fi,,,,,,,,,,,,,,,,,,,,,,,,,,,,
fmpo:00710,,,,,,flutina,fi,,,,,,,,,,,,,,,,,,,,,,,,,,,,
fmpo:00710,,,,,,knoflíkový akordeon,,,,,,,,,,,,,,,,,,,,,,,,,,,,,
fmpo:00710,,,,,,Knopfakkordeon,de,,,,,,,,,,,,,,,,,,,,,,,,,,,,
fmpo:00710,,,,,,nuppakkordion,,,,,,,,,,,,,,,,,,,,,,,,,,,,,
fmpo:00710,,,,,,squeezebox,en,,,,,,,,,,,,,,,,,,,,,,,,,,,,
fmpo:00711,http://urn.fi/urn:nbn:fi:au:seko:00711,,näyttelijä,skådespelare,actor,,,,,,,,fmpo:01225,esittäjä,,http://www.yso.fi/onto/yso/p5328,http://www.wikidata.org/entity/Q33999,,,,,,skos:exactMatch,http://id.loc.gov/authorities/performanceMediums/mp2013015004,,,,,,,,,TARKISTA,,
fmpo:00712,http://urn.fi/urn:nbn:fi:au:seko:00712,,oboe,oboe,oboe,,,,,,,,fmpo:00715,oboesoitin,https://github.com/NatLibFi/SEKO/issues/177,http://www.yso.fi/onto/yso/p981,http://www.wikidata.org/entity/Q8377,"""2023-10-30: MUUSA ratkaisu: (Valmiit sivu, Version 253). Lisätään oboen ohjaustermeiksi wieniläinen oboe, wieninoboe""@fi,""2026-07-08 added two entry terms Wiener oboe and  Viennese oboe""@en, ""2026-07-08 add skos:narrowMatch http://www.wikidata.org/entity/Q7999138"";",,,,,skos:exactMatch,http://id.loc.gov/authorities/performanceMediums/mp2013015507,,,,,,"""2023-10-30: MUUSA decision added two entry terms:  wieniläinen oboe, wieninoboe""@fi,""2026-07-08 Added two entry terms: Wiener oboe, Viennese oboe""@en",,2026-07-05,valid,Vastakkain värisevällä lehdykkäparilla varustettu puhallinsoitin.,https://finto.fi/ic/fi/page/48C73512
fmpo:00712,,,,,,baritonioboe,fi,,,,,,,,,,,,,,,,,,,,,,,,,,,,
fmpo:00712,,,,,,barokkioboe,fi,,,,,,,,,,,,,,,,,,,,,,,,,,,,
fmpo:00712,,,,,,hautbois,fr,,,,,,,,,,,,,,,,,,,,,,,,,,,,
fmpo:00712,,,,,,ob (oboe),fi,,,,,,,,,,,,,,,,,,,,,,,,,,,,
fmpo:00712,,,,,,taille (oboe),fi,,,,,,,,,,,,,,,,,,,,,,,,,,,,
fmpo:00712,,,,,,tenorioboe,fi,,,,,,,,,,,,,,,,,,,,,,,,,,,,
fmpo:00712,,,,,,wieniläinen oboe,fi,,,,,,,,,,,,,,,,,,,,,,,,,,,,
fmpo:00712,,,,,,wieninoboe,fi,,,,,,,,,,,,,,,,,,,,,,,,,,,,
fmpo:00712,,,,,,Oboe,de,,,,,,,,,,,,,,,,,,,,,,,,,,,,
fmpo:00712,,,,,,Wiener oboe,en,,,,,,,,,,,,,,,,,,,,,,,,,,,,
fmpo:00712,,,,,,Viennese oboe,en,,,,,,,,,,,,,,,,,,,,,,,,,,,,
fmpo:00713,http://urn.fi/urn:nbn:fi:au:seko:00713,,oboe d'amore,oboe d'amore,oboe d'amore,,,,,,,,fmpo:00712,oboe,,,http://www.wikidata.org/entity/Q8380,,,,,,skos:exactMatch,https://id.loc.gov/authorities/performanceMediums/mp2013015508.html,,,,,,,,,TARKISTA,"Oboen erityisversio, jonka äänialaa on kuvailtu ""mezzo-sopraanoksi"". Soitin eroaa ulkoisestikin jonkin verran normaalista oboesta.",
fmpo:00713,,,,,,hautbois d'amour,,,,,,,,,,,,,,,,,,,,,,,,,,,,,
fmpo:00713,,,,,,kärleksoboe,sv,,,,,,,,,,,,,,,,,,,,,,,,,,,,
fmpo:00713,,,,,,lemmenoboe,fi,,,,,,,,,,,,,,,,,,,,,,,,,,,,
fmpo:00713,,,,,,mezzosopraano-oboe,fi,,,,,,,,,,,,,,,,,,,,,,,,,,,,
fmpo:00714,http://urn.fi/urn:nbn:fi:au:seko:00714,,oboe da caccia,oboe da caccia,oboe da caccia,,,,,,,,fmpo:00712,oboe,,,http://www.wikidata.org/entity/Q1760274,,,,,,skos:exactMatch,http://id.loc.gov/authorities/performanceMediums/mp2013015509,,,,,,,,,TARKISTA,,
fmpo:00714,,,,,,metsästysoboe,fi,,,,,,,,,,,,,,,,,,,,,,,,,,,,
fmpo:00714,,,,,,oboe da silva,it,,,,,,,,,,,,,,,,,,,,,,,,,,,,
fmpo:00714,,,,,,tenorioboe,fi,,,,,,,,,,,,,,,,,,,,,,,,,,,,
fmpo:00714,,,,,,,,metsastysoboe,,,,,,,,,,,,,,,,,,,,,,,,,,,
fmpo:00715,http://urn.fi/urn:nbn:fi:au:seko:00715,,oboesoitin,oboeinstrument,double reed instrument,,,,,,,,fmpo:00587,lehdykkäpuhallinsoitin,,,http://www.wikidata.org/entity/Q2152657,,,,,,skos:exactMatch,http://id.loc.gov/authorities/performanceMediums/mp2013015217,,,,,,,,,TARKISTA,,
fmpo:00715,,,,,,kaksoisruoholehtisoitin,fi,,,,,,,,,,,,,,,,,,,,,,,,,,,,
fmpo:00716,http://urn.fi/urn:nbn:fi:au:seko:00716,,ōdaiko,ōdaiko,nagado-daiko,,,,,http://www.yso.fi/onto/yso/p105023,Japani,,fmpo:00864,rumpu,,,http://www.wikidata.org/entity/Q11653585,,,,,,,,,,,,,,,,TARKISTA,Yleisnimi japanilaisille tynnyrirummuille.,
fmpo:00716,,,,,,miya-daiko,,,,,,,,,,,,,,,,,,,,,,,,,,,,,
fmpo:00716,,,,,,nagadō daiko ,,,,,,,,,,,,,,,,,,,,,,,,,,,,,
fmpo:00716,,,,,,nagado-daiko,,,,,,,,,,,,,,,,,,,,,,,,,,,,,
fmpo:00716,,,,,,nagadou-daiko,,,,,,,,,,,,,,,,,,,,,,,,,,,,,
fmpo:00716,,,,,,odaiko,fi,,,,,,,,,,,,,,,,,,,,,,,,,,,,
fmpo:00717,http://urn.fi/urn:nbn:fi:au:seko:00717,,ofikleidi,ofikleid,ophicleide,,,,,,,,fmpo:01171,vaskipuhallin,,,http://www.wikidata.org/entity/Q200823,,,,,,skos:exactMatch,http://id.loc.gov/authorities/performanceMediums/mp2013015515,,,,,,,,,TARKISTA,Matalaääninen 1800-luvulla keksitty sankatorvi.,
fmpo:00717,,,,,,ophicléide,,,,,,,,,,,,,,,,,,,,,,,,,,,,,
fmpo:00717,,,,,,,,ophicleide,,,,,,,,,,,,,,,,,,,,,,,,,,,
fmpo:00718,http://urn.fi/urn:nbn:fi:au:seko:00718,,ogán,"ogán (""kobjällra"")","ogán (""cowbell"")",,,,,"http://www.yso.fi/onto/yso/p105269,http://www.yso.fi/onto/yso/p109294",Kuuba|Haiti,,fmpo:00485,kello,https://github.com/NatLibFi/SEKO/issues/98,,MISSING,MERGE?  Italian language synonym with agogo?,,,,,,,http://www.wikidata.org/entity/Q395212,,,,,,,,KESKEN,Afrokuubalaisissa ja haitilaisissa kulttimenoissa (voodoo) käytettävä rautainen kello.,
fmpo:00718,,,,,,ogan,fi,,,,,,,,,,,,,,,,,,,,,,,,,,,,
fmpo:00719,http://urn.fi/urn:nbn:fi:au:seko:00719,,okariina,okarina,ocarina,,,,,,,,fmpo:01134,tulppakanavahuilu,,http://www.yso.fi/onto/yso/p29885,http://www.wikidata.org/entity/Q187780,,,,,,skos:closeMatch,http://id.loc.gov/authorities/performanceMediums/mp2013015511,,,,,,,,,TARKISTA,"Useimmiten savesta valmistettu astiahuilu. Suomessa soitin on perinteisesti tehty kukon näköiseksi, mistä nimitys ""kukkopilli"".",
fmpo:00719,,,,,,kukkopilli,fi,,,,,,,,,,,,,,,,,,,,,,,,,,,,
fmpo:00720,http://urn.fi/urn:nbn:fi:au:seko:00720,,oktobasso,octobas,octobass,,,,,,,,fmpo:00446,jousisoitin,,,http://www.wikidata.org/entity/Q692640,,,,,,,,,,,,,,,,TARKISTA,,
fmpo:00720,,,,,,octabaix,,,,,,,,,,,,,,,,,,,,,,,,,,,,,
fmpo:00720,,,,,,octabajo,,,,,,,,,,,,,,,,,,,,,,,,,,,,,
fmpo:00720,,,,,,octobaixo,,,,,,,,,,,,,,,,,,,,,,,,,,,,,
fmpo:00720,,,,,,octobassa,,,,,,,,,,,,,,,,,,,,,,,,,,,,,
fmpo:00720,,,,,,octobasse,,,,,,,,,,,,,,,,,,,,,,,,,,,,,
fmpo:00720,,,,,,Oktobass,de,,,,,,,,,,,,,,,,,,,,,,,,,,,,
fmpo:00720,,,,,,oktobasszus,,,,,,,,,,,,,,,,,,,,,,,,,,,,,
fmpo:00720,,,,,,oktobaxu,,,,,,,,,,,,,,,,,,,,,,,,,,,,,
fmpo:00720,,,,,,ottobasso,fi,,,,,,,,,,,,,,,,,,,,,,,,,,,,
fmpo:00721,http://urn.fi/urn:nbn:fi:au:seko:00721,,okuelé,okuelé,okuelé,,,,,http://www.yso.fi/onto/yso/p105269,Kuuba,,fmpo:00864,rumpu,,,http://www.wikidata.org/entity/Q116753341,,,,,,,,,,,,,,,,TARKISTA,Afrokuubalainen rumpu.,
fmpo:00721,,,,,,okuele,fi,,,,,,,,,,,,,,,,,,,,,,,,,,,,
fmpo:00722,http://urn.fi/urn:nbn:fi:au:seko:00722,,olifantti,olifant,oliphant,,,,,,,,fmpo:01171,vaskipuhallin,,,http://www.wikidata.org/entity/Q1335907,,,,,,skos:exactMatch,http://id.loc.gov/authorities/performanceMediums/mp2013015512,,,,,,,,,TARKISTA,"Keskiaikainen puhallinsoitin, jonka valmistusaineena oli norsun syöksyhammas.",
fmpo:00723,http://urn.fi/urn:nbn:fi:au:seko:00723,,olkipilli,olkipilli,olkipilli,,,,,,,,fmpo:00817,puupuhallin,,,http://www.wikidata.org/entity/Q116753489,,,,,,,,,,,,,,,,TARKISTA,"Kansanomainen, oljesta valmistettu puhallin.",
fmpo:00723,,,,,,ruokopilli (olkipilli),fi,,,,,,,,,,,,,,,,,,,,,,,,,,,,
fmpo:00724,http://urn.fi/urn:nbn:fi:au:seko:00724,,omichicahuaztli,omichicahuaztli,omichicahuaztli,,,,,http://www.yso.fi/onto/yso/p105032,Meksiko,,fmpo:00627,lyömäsoitin,,,http://www.wikidata.org/entity/Q30917147,,,,,,,,,,,,,,,,TARKISTA,Asteekkien käyttämä rytmisoitin (hammasidiofoni).,
fmpo:00724,,,,,,omitzicahuastli,,,,,,,,,,,,,,,,,,,,,,,,,,,,,
fmpo:00725,http://urn.fi/urn:nbn:fi:au:seko:00725,,ondes Martenot,ondes Martenot,ondes Martenot,,,,,,,,fmpo:01021,sähkösoitin,,,http://www.wikidata.org/entity/Q862501,,,,,,skos:exactMatch,http://id.loc.gov/authorities/performanceMediums/mp2013015513,,,,,,,,,TARKISTA,"Vuonna 1928 keksitty sähkösoitin, jossa ääni syntyy kahden korkeataajuusoskillaattorin avulla. Soitin on ollut erityisesti ranskalaisten säveltäjien suosiossa (Dutilleux, Messiaen, Milhaud).",
fmpo:00725,,,,,,Martenot,de,,,,,,,,,,,,,,,,,,,,,,,,,,,,
fmpo:00725,,,,,,ondes musicale,,,,,,,,,,,,,,,,,,,,,,,,,,,,,
fmpo:00725,,,,,,ondes-Martenot,,,,,,,,,,,,,,,,,,,,,,,,,,,,,
fmpo:00725,,,,,,Ondium Martenot,de,,,,,,,,,,,,,,,,,,,,,,,,,,,,
fmpo:00726,http://urn.fi/urn:nbn:fi:au:seko:00726,,orfarion,orfarion,orpharion,,,,,,,,fmpo:00709,näppäilysoitin,,,http://www.wikidata.org/entity/Q1751664,,,,,,skos:exactMatch,http://id.loc.gov/authorities/performanceMediums/mp2013015523,,,,,,,,,TARKISTA,"1500-luvun lopulla kehitelty, leveällä otelaudalla varustettu luuttusoitin, jonka lähisukulainen on bandora.",
fmpo:00727,http://urn.fi/urn:nbn:fi:au:seko:00727,,orfika,orfika,orphica,,,,,,,,fmpo:00344,fortepiano,,,http://www.wikidata.org/entity/Q1681975,,,,,,skos:closeMatch,http://id.loc.gov/authorities/performanceMediums/mp2013015550,,,,,,,,,TARKISTA,"Karl Leopold Rölligin vuonna 1795 kehittelemä kannettava piano, joka ulkomuodoltaan muistuttaa harpun ja laatikkositran yhdistelmää.",
fmpo:00727,,,,,,òrfica,,,,,,,,,,,,,,,,,,,,,,,,,,,,,
fmpo:00727,,,,,,,,orfica,,,,,,,,,,,,,,,,,,,,,,,,,,,
fmpo:00728,http://urn.fi/urn:nbn:fi:au:seko:00728,,orkesteri,orkester,orchestra,,,,,,,,fmpo:00326,esittäjäryhmä,,http://www.yso.fi/onto/yso/p5070,http://www.wikidata.org/entity/Q42998,,,,,,,https://id.loc.gov/authorities/performanceMediums/mp2013015516.html,,,,,,,,,TARKISTA,Kymmenen tai useamman soittajan esityskokoonpano yleensä länsimaisen taidemusiikin viitekehyksessä.,https://finto.fi/ic/fi/page/48C75311
fmpo:00728,,,,,,Orchester,de,,,,,,,,,,,,,,,,,,,,,,,,,,,,
fmpo:00728,,,,,,orchestre,fr,,,,,,,,,,,,,,,,,,,,,,,,,,,,
fmpo:00729,http://urn.fi/urn:nbn:fi:au:seko:00729,,orkesterikitara,halvakustisk gitarr,semi-acoustic guitar,,,,,,,,fmpo:00504,kitara,,,http://www.wikidata.org/entity/Q935171,,,,,,,,,,,,,,,,TARKISTA,"Akustinen tai sähköisesti vahvistettu teräskielinen kitara, jonka kaikukopassa on usein viuluista tutut f-aukot.",
fmpo:00730,http://urn.fi/urn:nbn:fi:au:seko:00730,,orkestrioni,orchestrion,orchestrion,,,,,,,,fmpo:00064,automaattiurut,,,http://www.wikidata.org/entity/Q977922,,,,,,skos:exactMatch,http://id.loc.gov/authorities/performanceMediums/mp2013015517,,,,,,,,,TARKISTA,1800- ja 1900-luvuilla käytössä olleet automaattiurut.,https://finto.fi/ic/fi/page/48C763
fmpo:00730,,,,,,nickelodeon,en,,,,,,,,,,,,,,,,,,,,,,,,,,,,
fmpo:00730,,,,,,orkesterion,sv,,,,,,,,,,,,,,,,,,,,,,,,,,,,
fmpo:00730,,,,,,orkestriono,,,,,,,,,,,,,,,,,,,,,,,,,,,,,
fmpo:00730,,,,,,orkiestron,,,,,,,,,,,,,,,,,,,,,,,,,,,,,
fmpo:00730,,,,,,orquestrión,,,,,,,,,,,,,,,,,,,,,,,,,,,,,
fmpo:00730,,,,,,orchestion,it,,,,,,,,,,,,,,,,,,,,,,,,,,,,
fmpo:00730,,,,,,Orchestrion,de,,,,,,,,,,,,,,,,,,,,,,,,,,,,
fmpo:00730,,,,,,,,orquestrion,,,,,,,,,,,,,,,,,,,,,,,,,,,
fmpo:00731,http://urn.fi/urn:nbn:fi:au:seko:00731,,ōtsuzumi,ōtsuzumi,ōtsuzumi,,,,,http://www.yso.fi/onto/yso/p105023,Japani,,fmpo:01092,tiimalasirumpu,,,http://www.wikidata.org/entity/Q8081782,,,,,,skos:closeMatch,http://id.loc.gov/authorities/performanceMediums/mp2013015343,,,,,,,,,TARKISTA,Japanilainen tiimalasin muotoinen rumpu.,
fmpo:00731,,,,,,o-tsuzumi,,,,,,,,,,,,,,,,,,,,,,,,,,,,,
fmpo:00731,,,,,,otsuzumi,fi,,,,,,,,,,,,,,,,,,,,,,,,,,,,
fmpo:00732,http://urn.fi/urn:nbn:fi:au:seko:00732,,ottu,ottu,ottu,,,,,http://www.yso.fi/onto/yso/p235077,Etelä-Intia,,fmpo:00715,oboesoitin,,,http://www.wikidata.org/entity/Q7110008,,,,,,,,,,,,,,,,TARKISTA,Eteläintialainen oboesoitin.,
fmpo:00733,http://urn.fi/urn:nbn:fi:au:seko:00733,,ožragis,ožragis,ožragis,,,,,http://www.yso.fi/onto/yso/p94268,Liettua,,fmpo:00899,sarvi (puhallinsoitin),https://github.com/NatLibFi/SEKO/issues/19,,MISSING,"""Keep as a separate concept; add skos:related to seko:00068 seko:00806; wikidatassa ja wikipediassa tämä mappautuu  samaan kuin yleinen sarvisoitin""",423.121.22,,,,skos:broadMatch,http://id.loc.gov/authorities/performanceMediums/mp2013015496,https://lt.wikipedia.org/wiki/O%C5%BEragis,,"seko:0068,seko:00806","""Ožragis is a traditional Lithuanian shepherd's and hunter's instrument made from a goat horn with a wooden mouthpiece and 2–6 sound holes. ""@en, ""Liettualainen pukinsarvesta tehty soitin, jossa on puinen suukappale.""@fi",,"""2026-07-29 added H-S notation, Wikdata and seeAlso mappings""",,2026-07-29,valid,Liettualainen pukinsarvesta tehty soitin.,
fmpo:00733,,,,,,ozragis,fi,,,,,,,,,,,,,,,,,,,,,,,,,,,,
fmpo:00734,http://urn.fi/urn:nbn:fi:au:seko:00734,,p'iri,p'iri,p'iri,,,,,http://www.yso.fi/onto/yso/p109302,Korea,,fmpo:00715,oboesoitin,,,http://www.wikidata.org/entity/Q1195575,,,,,,skos:exactMatch,http://id.loc.gov/authorities/performanceMediums/mp2013015526,,,,,,,,,TARKISTA,Korealainen pienikokoinen oboesoitin.,
fmpo:00734,,,,,,hyangp'iri,,,,,,,,,,,,,,,,,,,,,,,,,,,,,
fmpo:00735,http://urn.fi/urn:nbn:fi:au:seko:00735,,paakuru,pakuru,pakuru,,,,,http://www.yso.fi/onto/yso/p108839,Polynesia,,fmpo:00685,munniharppu,,,http://www.wikidata.org/entity/Q116753768,,,,,,,,,,,,,,,,TARKISTA,Maorien käyttämä idiofoni.,
fmpo:00736,http://urn.fi/urn:nbn:fi:au:seko:00736,,pahu,pahu,pahu,,,,,http://www.yso.fi/onto/yso/p108839,Polynesia,,fmpo:00864,rumpu,,,http://www.wikidata.org/entity/Q2046356,,,,,,,,,,,,,,,,TARKISTA,"Polynesialainen yksikalvoinen rumpu, jonka korkeus on noin 60 m ja halkaisija noin 30 cm.",
fmpo:00736,,,,,,pa'u,,,,,,,,,,,,,,,,,,,,,,,,,,,,,
fmpo:00737,http://urn.fi/urn:nbn:fi:au:seko:00737,,paiban,paiban,paiban,,,,,http://www.yso.fi/onto/yso/p104984,Kiina,,fmpo:00627,lyömäsoitin,,,https://www.wikidata.org/entity/Q5960459,,,,,,,,,,,,,,,,TARKISTA,Kiinalaiset kalistimet.,
fmpo:00738,http://urn.fi/urn:nbn:fi:au:seko:00738,,paisheng,paisheng,paisheng,,,,,http://www.yso.fi/onto/yso/p104984,Kiina,,fmpo:00543,kosketinsoitin,https://github.com/NatLibFi/SEKO/issues/99,,MISSING,"SPLIT? A ""sheng"" is placed on a stand with pipes in a straight line.  A ""bao sheng"" has the pipes in a circular form and it is held in the lap.",,,,,,,,,,,,issue created,,2026-07-01,KESKEN,Kiinalaiset koskettimin varustetut suu-urut.,
fmpo:00738,,,,,,pai sheng,,,,,,,,,,,,,,,,,,,,,,,,,,,,,
fmpo:00739,http://urn.fi/urn:nbn:fi:au:seko:00739,,pajupilli,sälgpipa,willow whistle,,,,,,,,fmpo:01134,tulppakanavahuilu,https://github.com/NatLibFi/SEKO/issues/104,,https://www.wikidata.org/wiki/Q130535156,,421.221.11,292,http://www.mimo-db.eu/InstrumentsKeywords/4048,,,,,,,,,NEEDS mappigs. changed wikidata mapping from Q1685320 to correct item Q130535156,,2026-07-02,accepted,Kansanomainen tulppakanavahuilu.,
fmpo:00739,,,,,,bark whistle,en,,,,,,,,,,,,,,,,,,,,,,,,,,,,
fmpo:00739,,,,,,vasspipa,,,,,,,,,,,,,,,,,,,,,,,,,,,,,
fmpo:00739,,,,,,barkpipa,sv,,,,,,,,,,,,,,,,,,,,,,,,,,,,
fmpo:00740,http://urn.fi/urn:nbn:fi:au:seko:00740,,pak,pak,bak,,,,,http://www.yso.fi/onto/yso/p109302,Korea,,fmpo:00627,lyömäsoitin,,,http://www.wikidata.org/entity/Q4848966,,,,,,,,,,,,,,,,TARKISTA,"Korealaiset, puiset kalistimet.",
fmpo:00741,http://urn.fi/urn:nbn:fi:au:seko:00741,,pakhāvaj,pakhāvaj,pakhāvaj,,,,,http://www.yso.fi/onto/yso/p105027,Intia,,fmpo:00864,rumpu,https://github.com/NatLibFi/SEKO/issues/100,,http://www.wikidata.org/entity/Q2046658,"See ""mridanga"" ",211.222-92,http://www.mimo-db.eu/InstrumentsKeywords/4272,,,,https://id.loc.gov/authorities/performanceMediums/mp2013015485.html,gettyaat:3000041846,,,,,checked with AI (Gemini),,2025607-01,KESKEN,"Intialainen, kaksikalvoinen rumpu.",
fmpo:00741,,,,,,pakhavaj,fi,,,,,,,,,,,,,,,,,,,,,,,,,,,,
fmpo:00742,http://urn.fi/urn:nbn:fi:au:seko:00742,,palo grande,palo grande,palos drum,,,,,http://www.yso.fi/onto/yso/p109233,Dominikaaninen tasavalta,,fmpo:00864,rumpu,https://github.com/NatLibFi/SEKO/issues/101,,MISSING,,211.211.1,,,,,,https://en.wikipedia.org/wiki/Palo_music|https://en.wikipedia.org/wiki/Music_of_the_Dominican_Republic#Palo|https://doi.org/10.1093/gmo/9781561592630.article.44000|http://www.colonialzone-dr.com/musica_tipica-palos.html|https://www.iasorecords.com/music/palo-drum-afro-dominican-tradition,,,,,"chek wikipedia, add links, crate item?",,2026-07-01,KESKEN,Dominikaanisessa tasavallassa käytettävä suurikokoinen rumpu.,
fmpo:00742,,,,,,palos drum,en,,,,,,,,,,,,,,,,,,,,,,,,,,,,
fmpo:00742,,,,,,large atabal,en,,,,,,,,,,,,,,,,,,,,,,,,,,,,
fmpo:00742,,,,,,palo mayor,,,,,,,,,,,,,,,,,,,,,,,,,,,,,
fmpo:00743,http://urn.fi/urn:nbn:fi:au:seko:00743,,pandeiro,pandeiro,pandeiro,,,,,"http://www.yso.fi/onto/yso/p108126,http://www.yso.fi/onto/yso/p105409,http://www.yso.fi/onto/yso/p139882",Brasilia|Portugali|Galitsia,,fmpo:00484,kehärumpu,,,http://www.wikidata.org/entity/Q1437089,,,,,,,,,,,,,,,,TARKISTA,"Sambassa käytettävä yksikalvoinen kehärumpu, joka tunnetaan myös Portugalissa ja Galiciassa Espanjassa.",
fmpo:00743,,,,,,bandeiro,,,,,,,,,,,,,,,,,,,,,,,,,,,,,
fmpo:00744,http://urn.fi/urn:nbn:fi:au:seko:00744,TRUE,pandora,PUUTTUU,PUUTTUU,,,,,,,,fmpo:00709,näppäilysoitin,https://github.com/NatLibFi/SEKO/issues/62,,DEPRECATED,"MERGE? Is this the same as ""bandora"" seko:00090",,,,,skos:closeMatch,http://id.loc.gov/authorities/performanceMediums/mp2013015050,,seko:00090,,,,Duplicate  deprecated,,2026-06-26,substituted,Renessanssiajan suurikokoinen kaulasitra.,
fmpo:00745,http://urn.fi/urn:nbn:fi:au:seko:00745,,panduri,panduri,panduri,,,,,http://www.yso.fi/onto/yso/p106264,Georgia,,fmpo:00709,näppäilysoitin,https://github.com/NatLibFi/SEKO/issues/102,,http://www.wikidata.org/entity/Q3362060,MERGE? Is this a different instrument  WD: Panduri,321.321-5,,http://www.mimo-db.eu/InstrumentsKeywords/3409,https://dbpedia.org/page/Panduri,,,https://en.wikipedia.org/wiki/Panduri,,,"""traditional Georgian three-string plucked instrument (dbpedia)""@en",,"""item created, labels, wikidata"",""2026-07-19 added sv,en prefLabel""",,2026-07-01,KESKEN,Georgialainen kolmikielinen luuttusoitin.,
fmpo:00746,http://urn.fi/urn:nbn:fi:au:seko:00746,,panghyang,banghyang,banghyang,,,,,http://www.yso.fi/onto/yso/p109302,Korea,,fmpo:00487,kellopeli,,,http://www.wikidata.org/entity/Q116754033,,,,,,,,,,,,,,,,TARKISTA,"Korealainen, viritetyistä metallilaatoista valmistettu soitin (metallofoni).",
fmpo:00746,,,,,,banghyang,,,,,,,,,,,,,,,,,,,,,,,,,,,,,
fmpo:00746,,,,,,pang-hyang,fi,,,,,,,,,,,,,,,,,,,,,,,,,,,,
fmpo:00747,http://urn.fi/urn:nbn:fi:au:seko:00747,,panharmonicon,panharmonikon,panharmonicon,,,,,,,,fmpo:00730,orkestrioni,,,http://www.wikidata.org/entity/Q1808761,,,,,,skos:exactMatch,http://id.loc.gov/authorities/performanceMediums/mp2013015527,,,,,,,,,TARKISTA,"Johann Nepomuk Maelzelin suunnittelema ja ensimmäisen kerran vuonna esittelemä 1804 automaattisoitin, jolla pyrittiin imitoimaan orkesterin soittimia.",
fmpo:00748,http://urn.fi/urn:nbn:fi:au:seko:00748,,panhuehuétl,panhuehuétl,panhuehuétl,,,,,http://www.yso.fi/onto/yso/p105032,Meksiko,,fmpo:00864,rumpu,https://github.com/NatLibFi/SEKO/issues/59,,MISSING,"SPLIT?  ""Medion size drum"" is different from ""drum - huehuetl""?",,,,,,,https://doi.org/10.1093/gmo/9781561592630.article.L2294275,,,,,,,,KESKEN,Asteekkien keskikokoinen rumpu.,
fmpo:00748,,,,,,panhuehuetl,fi,,,,,,,,,,,,,,,,,,,,,,,,,,,,
fmpo:00749,http://urn.fi/urn:nbn:fi:au:seko:00749,,panhuilu,panflöjt,panpipe,,,,,,,,fmpo:00851,reunahuilu,,http://www.yso.fi/onto/yso/p15131,http://www.wikidata.org/entity/Q218802,,,,,,skos:closeMatch,http://id.loc.gov/authorities/performanceMediums/mp2013015528,,,,,,,,,TARKISTA,Yleisnimi eripituisista putkista rakennetuille puhallinsoittimille.,https://finto.fi/ic/fi/page/48C7353
fmpo:00749,,,,,,pan flute,en,,,,,,,,,,,,,,,,,,,,,,,,,,,,
fmpo:00749,,,,,,siringa (mus.),it,,,,,,,,,,,,,,,,,,,,,,,,,,,,
fmpo:00749,,,,,,flûte de Pan,fr,,,,,,,,,,,,,,,,,,,,,,,,,,,,
fmpo:00749,,,,,,flauto di Pan,it,,,,,,,,,,,,,,,,,,,,,,,,,,,,
fmpo:00749,,,,,,siringa,it,,,,,,,,,,,,,,,,,,,,,,,,,,,,
fmpo:00749,,,,,,zampoña,es,,,,,,,,,,,,,,,,,,,,,,,,,,,,
fmpo:00749,,,,,,Panflöte,de,,,,,,,,,,,,,,,,,,,,,,,,,,,,
fmpo:00749,,,,,,syrinks,fi,,,,,,,,,,,,,,,,,,,,,,,,,,,,
fmpo:00749,,,,,,syrinx,en,,,,,,,,,,,,,,,,,,,,,,,,,,,,
fmpo:00749,,,,,,σῦριγξ,he,,,,,,,,,,,,,,,,,,,,,,,,,,,,
fmpo:00749,,,,,,,,flute de Pan,fr,,,,,,,,,,,,,,,,,,,,,,,,,,
fmpo:00749,,,,,,,,panflojt,sv,,,,,,,,,,,,,,,,,,,,,,,,,,
fmpo:00750,http://urn.fi/urn:nbn:fi:au:seko:00750,,pardessus de viole,pardessus de viole,pardessus de viole,,,,,http://www.yso.fi/onto/yso/p104968,Ranska,,fmpo:00278,diskanttigamba,,,http://www.wikidata.org/entity/Q7136551,,,,,,skos:closeMatch,http://id.loc.gov/authorities/performanceMediums/mp2013015532,,,,,,,,,TARKISTA,"Ranskalainen viisikielinen diskanttigamba, jonka viritys on g-c'-e'-a'-d'' tai c'-e'-a'-d''-g''.",
fmpo:00750,,,,,,par-dessus de viole,,,,,,,,,,,,,,,,,,,,,,,,,,,,,
fmpo:00750,,,,,,pardessus,fi,,,,,,,,,,,,,,,,,,,,,,,,,,,,
fmpo:00751,http://urn.fi/urn:nbn:fi:au:seko:00751,,parkapzuk,parkapzuk,parkapzuk,,,,,http://www.yso.fi/onto/yso/p107662,Armenia,,fmpo:01024,säkkipilli,,,http://www.wikidata.org/entity/Q4345357,,,,,,,,,,,,,,,,TARKISTA,Armenialainen säkkipilli.,
fmpo:00752,http://urn.fi/urn:nbn:fi:au:seko:00752,,pasuuna,trombon,trombone,,,,,,,,fmpo:01171,vaskipuhallin,,http://www.yso.fi/onto/yso/p15375,http://www.wikidata.org/entity/Q8350,,,,,,skos:exactMatch,http://id.loc.gov/authorities/performanceMediums/mp2013015747,,,,,,,,,TARKISTA,"Jo 1000-luvulta lähtien tunnettu vaskipuhallin. Tästä vetopasuunasta kehitettiin 1820-luvulla venttiileillä varustettu malli, venttiilipasuuna.",https://finto.fi/ic/fi/page/48C7352
fmpo:00752,,,,,,basun,,,,,,,,,,,,,,,,,,,,,,,,,,,,,
fmpo:00752,,,,,,buccin (pasuuuna),fi,,,,,,,,,,,,,,,,,,,,,,,,,,,,
fmpo:00752,,,,,,Pos (pasuuna),fi,,,,,,,,,,,,,,,,,,,,,,,,,,,,
fmpo:00752,,,,,,Posaune,de,,,,,,,,,,,,,,,,,,,,,,,,,,,,
fmpo:00752,,,,,,sackbut,en,,,,,,,,,,,,,,,,,,,,,,,,,,,,
fmpo:00752,,,,,,slide trombone,en,,,,,,,,,,,,,,,,,,,,,,,,,,,,
fmpo:00752,,,,,,tb (pasuuna),fi,,,,,,,,,,,,,,,,,,,,,,,,,,,,
fmpo:00752,,,,,,tbn (pasuuna),fi,,,,,,,,,,,,,,,,,,,,,,,,,,,,
fmpo:00752,,,,,,trbn (pasuuna),fi,,,,,,,,,,,,,,,,,,,,,,,,,,,,
fmpo:00752,,,,,,trombone à coulisse,fr,,,,,,,,,,,,,,,,,,,,,,,,,,,,
fmpo:00752,,,,,,trombone a tiro,it,,,,,,,,,,,,,,,,,,,,,,,,,,,,
fmpo:00752,,,,,,valve trombone,en,,,,,,,,,,,,,,,,,,,,,,,,,,,,
fmpo:00752,,,,,,ventiilipasuuna,fi,,,,,,,,,,,,,,,,,,,,,,,,,,,,
fmpo:00752,,,,,,vetopasuuna,fi,,,,,,,,,,,,,,,,,,,,,,,,,,,,
fmpo:00752,,,,,,Zugposaune,de,,,,,,,,,,,,,,,,,,,,,,,,,,,,
fmpo:00752,,,,,,,,trombone a coulisse,,,,,,,,,,,,,,,,,,,,,,,,,,,
fmpo:00753,http://urn.fi/urn:nbn:fi:au:seko:00753,,patarumpu,timpani,timpani,,,,,,,,fmpo:00864,rumpu,,http://www.yso.fi/onto/yso/p19572,http://www.wikidata.org/entity/Q189737,LCSH: timpani,,,,,skos:exactMatch,http://id.loc.gov/authorities/performanceMediums/mp2013015733,,,,,,,,,TARKISTA,"Metallirunkoinen lyömäsoitin, jonka viritystasoa voidaan muuttaa jopa soittamisen aikana. Sinfoniaorkesterissa on normaalisti useampia patarumpuja. Taidemusiikissa käytetään lyhenteitä Pk, tp ja timp.",
fmpo:00753,,,,,,kettledrum,en,,,,,,,,,,,,,,,,,,,,,,,,,,,,
fmpo:00753,,,,,,kettledrums,en,,,,,,,,,,,,,,,,,,,,,,,,,,,,
fmpo:00753,,,,,,Pauken,de,,,,,,,,,,,,,,,,,,,,,,,,,,,,
fmpo:00753,,,,,,paukku,fi,,,,,,,,,,,,,,,,,,,,,,,,,,,,
fmpo:00753,,,,,,Pk (patarumpu),fi,,,,,,,,,,,,,,,,,,,,,,,,,,,,
fmpo:00753,,,,,,puka,sv,,,,,,,,,,,,,,,,,,,,,,,,,,,,
fmpo:00753,,,,,,timbale,en,,,,,,,,,,,,,,,,,,,,,,,,,,,,
fmpo:00753,,,,,,timp,,,,,,,,,,,,,,,,,,,,,,,,,,,,,
fmpo:00753,,,,,,timpani,it,,,,,,,,,,,,,,,,,,,,,,,,,,,,
fmpo:00753,,,,,,timpano,it,,,,,,,,,,,,,,,,,,,,,,,,,,,,
fmpo:00753,,,,,,timpanum,,,,,,,,,,,,,,,,,,,,,,,,,,,,,
fmpo:00753,,,,,,tp (patarumpu),fi,,,,,,,,,,,,,,,,,,,,,,,,,,,,
fmpo:00753,,,,,,tympani,,,,,,,,,,,,,,,,,,,,,,,,,,,,,
fmpo:00754,http://urn.fi/urn:nbn:fi:au:seko:00754,,pat-talà,pat-talà,pattala,,,,,http://www.yso.fi/onto/yso/p105715,Myanmar,,fmpo:00552,ksylofoni,,,http://www.wikidata.org/entity/Q17068242,,,,,,,,,,,,,,,,TARKISTA,Burmalainen ksylofoni.,
fmpo:00754,,,,,,pat-tala,,,,,,,,,,,,,,,,,,,,,,,,,,,,,
fmpo:00754,,,,,,patkala,,,,,,,,,,,,,,,,,,,,,,,,,,,,,
fmpo:00754,,,,,,paw ku,,,,,,,,,,,,,,,,,,,,,,,,,,,,,
fmpo:00755,http://urn.fi/urn:nbn:fi:au:seko:00755,,pāva,pāva,pāva,,,,,http://www.yso.fi/onto/yso/p105336,Etelä-Aasia,,fmpo:01134,tulppakanavahuilu,,,http://www.wikidata.org/entity/Q116758727,,,,,,,,,,,,,,,,TARKISTA,Eteläaasialainen tulppakanavahuilu.,
fmpo:00755,,,,,,pava,,,,,,,,,,,,,,,,,,,,,,,,,,,,,
fmpo:00756,http://urn.fi/urn:nbn:fi:au:seko:00756,,pedaaliharppu,pedalharpa,pedal harp,,,,,,,,fmpo:00398,harppu,,,http://www.wikidata.org/entity/Q1231959,,,,,,skos:exactMatch,http://id.loc.gov/authorities/performanceMediums/mp2013015535,,,,,,,,,TARKISTA,"Moderni harppu, jossa osa sävelistä saadaan käyttöön pedaalien avulla. Nimitystä käytetään lähinnä silloin, kun halutaan korostaa, ettei kyseessä ole jokin historiallinen harppu tai kromaattinen harppu.",
fmpo:00756,,,,,,"concert harp",,,,,,,,,,,,,,,,,,,,,,,,,,,,,
fmpo:00757,http://urn.fi/urn:nbn:fi:au:seko:00757,,pedal steel -kitara,pedal steel guitar,pedal steel guitar,,,,,,,,fmpo:00985,steel-kitara,,http://www.yso.fi/onto/yso/p38245,https://www.wikidata.org/entity/Q587027,,,,,,skos:exactMatch,http://id.loc.gov/authorities/performanceMediums/mp2013015537,,,,,,,,,TARKISTA,Steel-kitaran pedaaleilla varustettu versio.,
fmpo:00757,,,,,,pedaalikitara,fi,,,,,,,,,,,,,,,,,,,,,,,,,,,,
fmpo:00758,http://urn.fi/urn:nbn:fi:au:seko:00758,,pēktis,pēktis,pēktis,,,,,http://www.yso.fi/onto/yso/p105081,Rooman valtakunta,,fmpo:00398,harppu,,,http://www.wikidata.org/entity/Q116758801,,,,,,,,,,,,,,,,TARKISTA,Antiikin Kreikassa ja Roomassa tunnettu harppusoitin.,
fmpo:00758,,,,,,pektis,fi,,,,,,,,,,,,,,,,,,,,,,,,,,,,
fmpo:00758,,,,,,piktis,,,,,,,,,,,,,,,,,,,,,,,,,,,,,
fmpo:00759,http://urn.fi/urn:nbn:fi:au:seko:00759,,pelti,plåt,bell plate,,,,,,,,fmpo:00627,lyömäsoitin,,http://www.yso.fi/onto/yso/p9548,http://www.wikidata.org/entity/Q1514705,,,,,,,,,,,,,,,,TARKISTA,Metallilevy soittimena.,
fmpo:00759,,,,,,Plattenglocken,de,,,,,,,,,,,,,,,,,,,,,,,,,,,,
fmpo:00760,http://urn.fi/urn:nbn:fi:au:seko:00760,,perhonjokilaaksonkantele,Perho-ådalens kantele,Perho River Valley kantele,,,,,http://www.yso.fi/onto/yso/p94426,Suomi,,fmpo:00470,kantele,,,http://www.wikidata.org/entity/Q116758991,,,,,,skos:broadMatch,http://id.loc.gov/authorities/performanceMediums/mp2013015373,,,,,,,,,TARKISTA,"Tietynmallinen, alueellisesti esiintyvä kantele.",
fmpo:00760,,,,,,Perhonjokilaakson kantele,fi,,,,,,,,,,,,,,,,,,,,,,,,,,,,
fmpo:00761,http://urn.fi/urn:nbn:fi:au:seko:00761,,pī,pī,pī,,,,,http://www.yso.fi/onto/yso/p132712,Indokiina,,fmpo:00715,oboesoitin,,,http://www.wikidata.org/entity/Q1760502,,,,,,skos:exactMatch,https://id.loc.gov/authorities/performanceMediums/mp2013015548,,,,,,,,,TARKISTA,Indokiinassa käytettävä nimitys oboetyyppisille puhallinsoittimille.,
fmpo:00761,,,,,,pi,fi,,,,,,,,,,,,,,,,,,,,,,,,,,,,
fmpo:00762,http://urn.fi/urn:nbn:fi:au:seko:00762,,pi-wang,pi-wang,piwang,,,,,http://www.yso.fi/onto/yso/p106176,Tiibet,,fmpo:00770,piikkiviulu,,,http://www.wikidata.org/entity/Q116759441,,,,,,,,,,,,,,,,TARKISTA,Tiibetiläinen piikkiviulu.,
fmpo:00763,http://urn.fi/urn:nbn:fi:au:seko:00763,,piano,piano,piano,,,,,,,,"fmpo:00500, fmpo:00543",kielisoitin|kosketinsoitin,,http://www.yso.fi/onto/yso/p11690,http://www.wikidata.org/entity/Q5994,,,,,,skos:closeMatch,http://id.loc.gov/authorities/performanceMediums/mp2013015550,,,,,,,,,TARKISTA,"1700-luvulla kehitetty kosketinsoitin, joka vakiintui 1800-luvulla länsimaisen taidemusiikin keskeiseksi soolosoittimeksi.",https://finto.fi/ic/fi/page/48C7333
fmpo:00763,,,,,,clavier (piano),fi,,,,,,,,,,,,,,,,,,,,,,,,,,,,
fmpo:00763,,,,,,cocked-hat piano,en,,,,,,,,,,,,,,,,,,,,,,,,,,,,
fmpo:00763,,,,,,kirahvipiano,fi,,,,,,,,,,,,,,,,,,,,,,,,,,,,
fmpo:00763,,,,,,Kl (piano),fi,,,,,,,,,,,,,,,,,,,,,,,,,,,,
fmpo:00763,,,,,,Klavier,de,,,,,,,,,,,,,,,,,,,,,,,,,,,,
fmpo:00763,,,,,,p (piano),fi,,,,,,,,,,,,,,,,,,,,,,,,,,,,
fmpo:00763,,,,,,pf (piano),fi,,,,,,,,,,,,,,,,,,,,,,,,,,,,
fmpo:00763,,,,,,pfte (piano),fi,,,,,,,,,,,,,,,,,,,,,,,,,,,,
fmpo:00763,,,,,,pianiino,fi,,,,,,,,,,,,,,,,,,,,,,,,,,,,
fmpo:00763,,,,,,pianino,,,,,,,,,,,,,,,,,,,,,,,,,,,,,
fmpo:00763,,,,,,pianoforte,en,,,,,,,,,,,,,,,,,,,,,,,,,,,,
fmpo:00763,,,,,,pn (piano),fi,,,,,,,,,,,,,,,,,,,,,,,,,,,,
fmpo:00763,,,,,,pno (piano),fi,,,,,,,,,,,,,,,,,,,,,,,,,,,,
fmpo:00763,,,,,,pyramidipiano,fi,,,,,,,,,,,,,,,,,,,,,,,,,,,,
fmpo:00763,,,,,,pystypiano,fi,,,,,,,,,,,,,,,,,,,,,,,,,,,,
fmpo:00763,,,,,,royalino,,,,,,,,,,,,,,,,,,,,,,,,,,,,,
fmpo:00764,http://urn.fi/urn:nbn:fi:au:seko:00764,,pianoharmonikka,pianodragspel,piano accordion,,,,,,,,fmpo:00395,harmonikka,,http://www.yso.fi/onto/yso/p11333,https://www.wikidata.org/entity/Q264376,,,,,,skos:closeMatch,http://id.loc.gov/authorities/performanceMediums/mp2013015001,,,,,,,,,TARKISTA,,
fmpo:00764,,,,,,accordéon-piano,en,,,,,,,,,,,,,,,,,,,,,,,,,,,,
fmpo:00764,,,,,,bogsa-piàna,,,,,,,,,,,,,,,,,,,,,,,,,,,,,
fmpo:00764,,,,,,klahvakordion,,,,,,,,,,,,,,,,,,,,,,,,,,,,,
fmpo:00764,,,,,,klavieraccordeon,,,,,,,,,,,,,,,,,,,,,,,,,,,,,
fmpo:00764,,,,,,klavirska harmonika,,,,,,,,,,,,,,,,,,,,,,,,,,,,,
fmpo:00764,,,,,,Pianoakkordeon,de,,,,,,,,,,,,,,,,,,,,,,,,,,,,
fmpo:00764,,,,,,pianohanuri,fi,,,,,,,,,,,,,,,,,,,,,,,,,,,,
fmpo:00764,,,,,,sanfona,,,,,,,,,,,,,,,,,,,,,,,,,,,,,
fmpo:00764,,,,,,,,accordeon-piano,,,,,,,,,,,,,,,,,,,,,,,,,,,
fmpo:00764,,,,,,,,bogsa-piana,,,,,,,,,,,,,,,,,,,,,,,,,,,
fmpo:00765,http://urn.fi/urn:nbn:fi:au:seko:00765,,pianola,pianola,pianola,,,,,,,,fmpo:00062,automaattipiano,https://github.com/NatLibFi/SEKO/issues/103,http://www.yso.fi/onto/yso/p30100,https://www.wikidata.org/entity/Q593995,"MERGE? In WIkidata this is the same as ""automaattipiano"" seko:00062",,,,,skos:closeMatch,http://id.loc.gov/authorities/performanceMediums/mp2013015560,,,seko:00062,,,issue created,,2026-07-02,KESKEN,"Automaattipiano, jossa koskettimia ohjataan reijitetyillä paperirullilla. Termiä on käytetty lähinnä Isossa-Britanniassa myös automaattipianojen yleisnimityksenä, vaikka Pianola on alun perin ollut vain tuotemerkki.",https://finto.fi/ic/fi/page/48C763
fmpo:00765,,,,,,självspelande piano,sv,,,,,,,,,,,,,,,,,,,,,,,,,,,,
fmpo:00765,,,,,,Phonola,de,,,,,,,,,,,,,,,,,,,,,,,,,,,,
fmpo:00765,,,,,,"piano mécanique, Pianola",fr,,,,,,,,,,,,,,,,,,,,,,,,,,,,
fmpo:00765,,,,,,player piano,en,,,,,,,,,,,,,,,,,,,,,,,,,,,,
fmpo:00765,,,,,,Pianola,de,,,,,,,,,,,,,,,,,,,,,,,,,,,,
fmpo:00766,http://urn.fi/urn:nbn:fi:au:seko:00766,,pibau,pibau,pibau,,,,,http://www.yso.fi/onto/yso/p111117,Wales,,fmpo:01024,säkkipilli,,,http://www.wikidata.org/entity/Q7982017,,,,,,skos:closeMatch,http://id.loc.gov/authorities/performanceMediums/mp2013015039,,,,,,,,,TARKISTA,Walesilainen säkkipilli.,
fmpo:00766,,,,,,pibau cymreig,,,,,,,,,,,,,,,,,,,,,,,,,,,,,
fmpo:00766,,,,,,pibau cyrn,,,,,,,,,,,,,,,,,,,,,,,,,,,,,
fmpo:00767,http://urn.fi/urn:nbn:fi:au:seko:00767,,piccolo,piccolaflöjt,piccolo,,,,,,,,fmpo:00417,huilu,,,http://www.wikidata.org/entity/Q83509,,,,,,skos:exactMatch,http://id.loc.gov/authorities/performanceMediums/mp2013015553,,,,,,,,,TARKISTA,Tavallista huilua oktaavia korkeammalta soiva pienikokoinen huilu. Termiä käytetään italian kielessä myös muiden soittimien nimissä ilmaisemassa pienikokoisuutta.,
fmpo:00767,,,,,,flauto piccolo,,,,,,,,,,,,,,,,,,,,,,,,,,,,,
fmpo:00767,,,,,,kleine Flöte,de,,,,,,,,,,,,,,,,,,,,,,,,,,,,
fmpo:00767,,,,,,ottavino (huilu),fi,,,,,,,,,,,,,,,,,,,,,,,,,,,,
fmpo:00767,,,,,,petite flûte,,,,,,,,,,,,,,,,,,,,,,,,,,,,,
fmpo:00767,,,,,,picc (piccolo),fi,,,,,,,,,,,,,,,,,,,,,,,,,,,,
fmpo:00767,,,,,,piccolohuilu,fi,,,,,,,,,,,,,,,,,,,,,,,,,,,,
fmpo:00767,,,,,,pikkolohuilu,fi,,,,,,,,,,,,,,,,,,,,,,,,,,,,
fmpo:00767,,,,,,,,kleine Flote,,,,,,,,,,,,,,,,,,,,,,,,,,,
fmpo:00767,,,,,,,,petite flute,,,,,,,,,,,,,,,,,,,,,,,,,,,
fmpo:00767,,,,,,,,piccolaflojt,,,,,,,,,,,,,,,,,,,,,,,,,,,
fmpo:00768,http://urn.fi/urn:nbn:fi:au:seko:00768,,pienoiskantele,miniatyrkantele,small-sized kantele,,,,,,,,fmpo:00470,kantele,,,http://www.wikidata.org/entity/Q116760079,,,,,,skos:broadMatch,http://id.loc.gov/authorities/performanceMediums/mp2013015373,,,,,,,,,TARKISTA,Poikkeuksellisen pienikokoinen kantelemalli.,
fmpo:00768,,,,,,piccolo kantele,fi,,,,,,,,,,,,,,,,,,,,,,,,,,,,
fmpo:00769,http://urn.fi/urn:nbn:fi:au:seko:00769,,piffero,piffero,piffero,,,,,http://www.yso.fi/onto/yso/p105111,Italia,,fmpo:00945,skalmeija,,,http://www.wikidata.org/entity/Q1818477,,,,,,,,,,,,,,,,TARKISTA,"Italialainen, kansanomainen skalmeija.",
fmpo:00769,,,,,,piffaro,,,,,,,,,,,,,,,,,,,,,,,,,,,,,
fmpo:00770,http://urn.fi/urn:nbn:fi:au:seko:00770,,piikkiviulu,rabab,spike fiddle,,,,,,,,fmpo:00446,jousisoitin,,,http://www.wikidata.org/entity/Q623509,,,,,,skos:exactMatch,http://id.loc.gov/authorities/performanceMediums/mp2013015587,,,,,,,,,TARKISTA,Jousella soitettava piikkiluuttu. Yleinen soitintyyppi eri kulttuuripiireissä.,
fmpo:00770,,,,,,Spiessgeige,de,,,,,,,,,,,,,,,,,,,,,,,,,,,,
fmpo:00770,,,,,,vièle à pique,,,,,,,,,,,,,,,,,,,,,,,,,,,,,
fmpo:00770,,,,,,,,viele a pique,,,,,,,,,,,,,,,,,,,,,,,,,,,
fmpo:00771,http://urn.fi/urn:nbn:fi:au:seko:00771,,piisku,piisku,piisku,,,,,http://www.yso.fi/onto/yso/p94426,Suomi,,fmpo:00513,klarinettisoitin,,,http://www.wikidata.org/entity/Q97341006,,,,,,,,,,,,,,,,TARKISTA,Suomalainen linnunsulasta tehty puhallinsoitin.,
fmpo:00771,,,,,,paimenhuilu,fi,,,,,,,,,,,,,,,,,,,,,,,,,,,,
fmpo:00771,,,,,,paimentorvi,fi,,,,,,,,,,,,,,,,,,,,,,,,,,,,
fmpo:00771,,,,,,piiskuklarinetti,fi,,,,,,,,,,,,,,,,,,,,,,,,,,,,
fmpo:00772,http://urn.fi/urn:nbn:fi:au:seko:00772,,pikkolobanjo,piccolobanjo,piccolo banjo,,,,,,,,fmpo:00096,banjo,,,http://www.wikidata.org/entity/Q116760641,,,,,,,,,,,,,,,,TARKISTA,Oktaavia normaalia korkeammalla viritetty banjo.,
fmpo:00772,,,,,,piccolobanjo,fi,,,,,,,,,,,,,,,,,,,,,,,,,,,,
fmpo:00773,http://urn.fi/urn:nbn:fi:au:seko:00773,,pikkolotrumpetti,piccolatrumpet,piccolo trumpet,,,,,,,,fmpo:01117,trumpetti,,,http://www.wikidata.org/entity/Q1569742,,,,,,,,,,,,,,,,TARKISTA,Erittäin korkeaääninen trumpetti.,
fmpo:00773,,,,,,Bach-trumpetti,fi,,,,,,,,,,,,,,,,,,,,,,,,,,,,
fmpo:00773,,,,,,piccoloturmpetti,fi,,,,,,,,,,,,,,,,,,,,,,,,,,,,
fmpo:00774,http://urn.fi/urn:nbn:fi:au:seko:00774,,pikkoloviulu,violino piccolo,violino piccolo,,,,,,,,fmpo:00446,jousisoitin,,,http://www.wikidata.org/entity/Q830863,,,,,,,,,,,,,,,,TARKISTA,,
fmpo:00774,,,,,,piccoloviulu,fi,,,,,,,,,,,,,,,,,,,,,,,,,,,,
fmpo:00775,http://urn.fi/urn:nbn:fi:au:seko:00775,,pikkurumpu,virveltrumma,snare drum,,,,,,,,fmpo:01015,sylinterirumpu,,,http://www.wikidata.org/entity/Q208421,,,,,,,,,,,,,,,,TARKISTA,"Kaksikalvoinen sylinterirumpu. Alemman kalvon päälle kiinnitetyt virvelikielet synnyttävät pikkurummulle ominaisen pärisevän äären, joka voidaan myös kytkeä pois.",
fmpo:00775,,,,,,caixa,,,,,,,,,,,,,,,,,,,,,,,,,,,,,
fmpo:00775,,,,,,caixeta clara,,,,,,,,,,,,,,,,,,,,,,,,,,,,,
fmpo:00775,,,,,,caja,,,,,,,,,,,,,,,,,,,,,,,,,,,,,
fmpo:00775,,,,,,kleine Trommel,de,,,,,,,,,,,,,,,,,,,,,,,,,,,,
fmpo:00775,,,,,,side drum,en,,,,,,,,,,,,,,,,,,,,,,,,,,,,
fmpo:00775,,,,,,tarol,,,,,,,,,,,,,,,,,,,,,,,,,,,,,
fmpo:00775,,,,,,tarola,,,,,,,,,,,,,,,,,,,,,,,,,,,,,
fmpo:00775,,,,,,tarole,,,,,,,,,,,,,,,,,,,,,,,,,,,,,
fmpo:00775,,,,,,virvelirumpu,fi,,,,,,,,,,,,,,,,,,,,,,,,,,,,
fmpo:00776,http://urn.fi/urn:nbn:fi:au:seko:00776,,pilli,visselpipa,whistle,,,,,,,,fmpo:01134,tulppakanavahuilu,,,http://www.wikidata.org/entity/Q204917,,,,,,skos:closeMatch,http://id.loc.gov/authorities/performanceMediums/mp2013015798,,,,,,,,,TARKISTA,"Nimitystä käytetään monentyyppisistä puhallinsoittimista. Tässä sanastossa sillä tarkoitetaan ""paimensoitinta"".",
fmpo:00776,,,,,,petäjäpilli,fi,,,,,,,,,,,,,,,,,,,,,,,,,,,,
fmpo:00776,,,,,,Pfeife,de,,,,,,,,,,,,,,,,,,,,,,,,,,,,
fmpo:00776,,,,,,pipe (pilli),fi,,,,,,,,,,,,,,,,,,,,,,,,,,,,
fmpo:00776,,,,,,vihellyspilli,fi,,,,,,,,,,,,,,,,,,,,,,,,,,,,
fmpo:00776,,,,,,,,petajapilli,,,,,,,,,,,,,,,,,,,,,,,,,,,
fmpo:00777,http://urn.fi/urn:nbn:fi:au:seko:00777,,pinpeat,pinpeat,pinpeat,,,,,http://www.yso.fi/onto/yso/p105705,Kambodža,,fmpo:01208,yhtye,,,http://www.wikidata.org/entity/Q6149344,,,,,,,,,,,,,,,,TARKISTA,Kambodžalaisen klassinen hovimusiikin esityskokoonpanoltaan vakiintunut yhtye.,
fmpo:00777,,,,,,bin bādy,,,,,,,,,,,,,,,,,,,,,,,,,,,,,
fmpo:00777,,,,,,pin peat,fi,,,,,,,,,,,,,,,,,,,,,,,,,,,,
fmpo:00777,,,,,,pinn peat,,,,,,,,,,,,,,,,,,,,,,,,,,,,,
fmpo:00777,,,,,,,,bin bady,,,,,,,,,,,,,,,,,,,,,,,,,,,
fmpo:00778,http://urn.fi/urn:nbn:fi:au:seko:00778,,pinquillo,pinquillo,pinkillu,,,,,http://www.yso.fi/onto/yso/p105005,Latinalainen Amerikka,,fmpo:01134,tulppakanavahuilu,https://github.com/NatLibFi/SEKO/issues/145,,http://www.wikidata.org/entity/Q2372035,,,,,,skos:exactMatch,http://id.loc.gov/authorities/performanceMediums/mp2013015554,,,,,,2026-07-16  included in issue 145,,2026-07-16,KESKEN,Latinalaisen Amerikan intiaanimusiikissa käytettävä tulppakanavahuilu.,
fmpo:00778,,,,,,pincullo,,,,,,,,,,,,,,,,,,,,,,,,,,,,,
fmpo:00778,,,,,,pingullo,,,,,,,,,,,,,,,,,,,,,,,,,,,,,
fmpo:00778,,,,,,pinkillo,,,,,,,,,,,,,,,,,,,,,,,,,,,,,
fmpo:00779,http://urn.fi/urn:nbn:fi:au:seko:00779,,pipa,pipa,pipa,,,,,"http://www.yso.fi/onto/yso/p104984,http://www.yso.fi/onto/yso/p109302",Kiina|Korea,,fmpo:00709,näppäilysoitin,,,http://www.wikidata.org/entity/Q6685124,,,,,,skos:exactMatch,http://id.loc.gov/authorities/performanceMediums/mp2013015549,,,,,,,,,TARKISTA,"Kiinassa ja Koreassa käytettävä päärynänmuotoinen, nelikielinen luuttusoitin.",
fmpo:00779,,,,,,p'i p'a,,,,,,,,,,,,,,,,,,,,,,,,,,,,,
fmpo:00779,,,,,,p'i-p'a,,,,,,,,,,,,,,,,,,,,,,,,,,,,,
fmpo:00779,,,,,,pallokitara,fi,,,,,,,,,,,,,,,,,,,,,,,,,,,,
fmpo:00779,,,,,,pip'a,fi,,,,,,,,,,,,,,,,,,,,,,,,,,,,
fmpo:00780,http://urn.fi/urn:nbn:fi:au:seko:00780,,pipe,pipe,three-hole pipe,,,,,,,,fmpo:01134,tulppakanavahuilu,,,http://www.wikidata.org/entity/Q13522655,,,,,,skos:closeMatch,http://id.loc.gov/authorities/performanceMediums/mp2013015555,,,,,,,,,TARKISTA,"Yhdellä kädellä soitettava kolmi- tai nelisormiaukkoinen tulppakanavahuilu, jollaista on käytetty ""pipe and tabor"" -yhdistelmässä (pilli ja pikkurumpu) vuosisatojen ajan.",
fmpo:00780,,,,,,flute à trois trous,fr,,,,,,,,,,,,,,,,,,,,,,,,,,,,
fmpo:00780,,,,,,Schwegel,de,,,,,,,,,,,,,,,,,,,,,,,,,,,,
fmpo:00780,,,,,,shepherd's pipe,en,,,,,,,,,,,,,,,,,,,,,,,,,,,,
fmpo:00780,,,,,,tabor pipe,en,,,,,,,,,,,,,,,,,,,,,,,,,,,,
fmpo:00780,,,,,,Tamerlinpfeife,de,,,,,,,,,,,,,,,,,,,,,,,,,,,,
fmpo:00780,,,,,,Tämmerinpfeife,de,,,,,,,,,,,,,,,,,,,,,,,,,,,,
fmpo:00780,,,,,,,,flute a trois trous,,,,,,,,,,,,,,,,,,,,,,,,,,,
fmpo:00780,,,,,,,,Tammerinpfeife,,,,,,,,,,,,,,,,,,,,,,,,,,,
fmpo:00781,http://urn.fi/urn:nbn:fi:au:seko:00781,,piszczałka,piszczałka,zhaleika,,,,,http://www.yso.fi/onto/yso/p105244,Puola,,fmpo:00418,huilusoitin,,,http://www.wikidata.org/entity/Q1437981,,,,,,,,,,,,,,,,TARKISTA,Puolalainen huilusoitin.,
fmpo:00781,,,,,,piszczalka,,,,,,,,,,,,,,,,,,,,,,,,,,,,,
fmpo:00781,,,,,,Schaleika,de,,,,,,,,,,,,,,,,,,,,,,,,,,,,
fmpo:00782,http://urn.fi/urn:nbn:fi:au:seko:00782,,pitkähuilu,långflöjt,folk pipe,,,,,"http://www.yso.fi/onto/yso/p94426, http://www.yso.fi/onto/yso/p94309",Suomi|Norja,,fmpo:00851,reunahuilu,https://github.com/NatLibFi/SEKO/issues/104,,https://www.wikidata.org/wiki/Q1685320,,,,,,,,,,,,,"merged wikidata concepts, changed wikidata mapping; 2026-07-03 merged seko:00911 here",,2026-07-03,KESKEN,"Suomalainen kansanomainen, pajunkuoresta tehty sormiaukoton huilu, jonka soittaminen perustuu putkesta saataviin yläsävelsarjoihin.",
fmpo:00782,,,,,,kävelykeppi,fi,,,,,,,,,,,,,,,,,,,,,,,,,,,,
fmpo:00782,,,,,,luonnonsävelhuilu,fi,,,,,,,,,,,,,,,,,,,,,,,,,,,,
fmpo:00782,,,,,,luonnonäänihuilu,fi,,,,,,,,,,,,,,,,,,,,,,,,,,,,
fmpo:00782,,,,,,lötkö (pitkähuilu),fi,,,,,,,,,,,,,,,,,,,,,,,,,,,,
fmpo:00782,,,,,,pajuhuilu,fi,,,,,,,,,,,,,,,,,,,,,,,,,,,,
fmpo:00782,,,,,,putkipilli,fi,,,,,,,,,,,,,,,,,,,,,,,,,,,,
fmpo:00782,,,,,,sormiaukoton huilu,fi,,,,,,,,,,,,,,,,,,,,,,,,,,,,
fmpo:00782,,,,,,yläsävelhuilu,fi,,,,,,,,,,,,,,,,,,,,,,,,,,,,
fmpo:00782,,,,,,seljefløyte,no,,,,,,,,,,,,,,,,,,,,,,,,,,,,
fmpo:00782,,,,,,seljefloyte,sv,,,,,,,,,,,,,,,,,,,,,,,,,,,,
fmpo:00782,,,,,,seljehuilu,fi,,,,,,,,,,,,,,,,,,,,,,,,,,,,
fmpo:00783,http://urn.fi/urn:nbn:fi:au:seko:00783,,platillos,platillos,platillos,,,,,"http://www.yso.fi/onto/yso/p105209,http://www.yso.fi/onto/yso/p105005",Espanja|Latinalainen Amerikka,,fmpo:00585,lautanen,"https://github.com/NatLibFi/SEKO/issues/105, ",,MISSING,"MERGE?  is this different from seko:00585 ""lautanen""?",,,,,skos:closeMatch,http://id.loc.gov/authorities/performanceMediums/mp2013015195,,,,,,issue created; results: MERGE,,2026-07-02,KESKEN,Espanjan ja Latinalaisen Amerikan musiikissa käytetyt lautaset.,
fmpo:00784,http://urn.fi/urn:nbn:fi:au:seko:00784,,player piano,player piano,player piano,,,,,,,,fmpo:00765,pianola,https://github.com/NatLibFi/SEKO/issues/103,,http://www.wikidata.org/entity/Q593995,"MERGE? In Wikidata  ""automaattipiano"", ""pianola"" and ""player piano"" are all in a single concept!",,,,,skos:closeMatch,http://id.loc.gov/authorities/performanceMediums/mp2013015560,,,,,,issue created,,2026-07-02,KESKEN,"Automaattipiano, jonka musiikki on etukäteen ""äänitetty"" paperirullalle reijittämällä. Esimerkiksi säveltäjä Conlon Nancarrow on käyttänyt tällaista soitinta monissa töissään.",
fmpo:00785,http://urn.fi/urn:nbn:fi:au:seko:00785,,plektrabanjo,plektrumbanjo,plectrum banjo,,,,,,,,fmpo:00096,banjo,,,http://www.wikidata.org/entity/Q2150094,,,,,,,,,,,,,,,,TARKISTA,"Tavallinen banjo, josta puuttuu viides kieli.",
fmpo:00786,http://urn.fi/urn:nbn:fi:au:seko:00786,,po,po,bo,,,,,http://www.yso.fi/onto/yso/p104984,Kiina,,fmpo:00585,lautanen,,,http://www.wikidata.org/entity/Q7206087,,,,,,skos:broadMatch,http://id.loc.gov/authorities/performanceMediums/mp2013015195,,,,,,,,,TARKISTA,Kiinalaiset lautaset.,
fmpo:00787,http://urn.fi/urn:nbn:fi:au:seko:00787,,poika-altto,gossalto,boy alto voice,,,,,,,,"fmpo:00033, fmpo:00580",altto|lapsilauluääni,,,http://www.wikidata.org/entity/Q116761098,,,,,,,,,,,,,,,,TARKISTA,,
fmpo:00788,http://urn.fi/urn:nbn:fi:au:seko:00788,,poikakuoro,gosskör,boys' choir,,,,,,,,fmpo:00560,kuoro,,http://www.yso.fi/onto/yso/p20230,http://www.wikidata.org/entity/Q1776834,,,,,,,,,,,,,,,,TARKISTA,,
fmpo:00788,,,,,,boy choir,en,,,,,,,,,,,,,,,,,,,,,,,,,,,,
fmpo:00788,,,,,,boy chorus,en,,,,,,,,,,,,,,,,,,,,,,,,,,,,
fmpo:00788,,,,,,boy's choir,en,,,,,,,,,,,,,,,,,,,,,,,,,,,,
fmpo:00788,,,,,,boychoir,en,,,,,,,,,,,,,,,,,,,,,,,,,,,,
fmpo:00788,,,,,,boys choir,en,,,,,,,,,,,,,,,,,,,,,,,,,,,,
fmpo:00788,,,,,,boys' chorus,en,,,,,,,,,,,,,,,,,,,,,,,,,,,,
fmpo:00788,,,,,,boyschoir,en,,,,,,,,,,,,,,,,,,,,,,,,,,,,
fmpo:00788,,,,,,Knabenchor,de,,,,,,,,,,,,,,,,,,,,,,,,,,,,
fmpo:00789,http://urn.fi/urn:nbn:fi:au:seko:00789,,poikasopraano,pojksopran ,treble,,,,,,,,"fmpo:00580, fmpo:00963",lapsilauluääni|sopraano,,,http://www.wikidata.org/entity/Q1376492,,,,,,skos:exactMatch,http://id.loc.gov/authorities/performanceMediums/mp2013015099,,,,,,,,,TARKISTA,,
fmpo:00789,,,,,,boy soprano voice,en,,,,,,,,,,,,,,,,,,,,,,,,,,,,
fmpo:00790,http://urn.fi/urn:nbn:fi:au:seko:00790,,polvitorvi,polvitorvi,polvitorvi,,,,,http://www.yso.fi/onto/yso/p94426,Suomi,,fmpo:00801,puhallinsoitin,,,http://www.wikidata.org/entity/Q19709070,,,,,,,,,,,,,,,,TARKISTA,"Suomalainen (karjalainen), kansanomainen, puuosista koottu trumpettisoitin.",
fmpo:00790,,,,,,puutrumpetti,fi,,,,,,,,,,,,,,,,,,,,,,,,,,,,
fmpo:00791,http://urn.fi/urn:nbn:fi:au:seko:00791,,pommeri,pommer,bombard,,,,,,,,fmpo:00945,skalmeija,,,http://www.wikidata.org/entity/Q1048934,,,,,,skos:closeMatch,http://id.loc.gov/authorities/performanceMediums/mp2013015635,,,,,,,,,TARKISTA,"Useina kokoina valmistettu skalmeijasoitin, jota on pidetty fagotin suoraputkisena edeltäjänä.",
fmpo:00791,,,,,,alttopommeri,fi,,,,,,,,,,,,,,,,,,,,,,,,,,,,
fmpo:00791,,,,,,alttoskalmeija,fi,,,,,,,,,,,,,,,,,,,,,,,,,,,,
fmpo:00791,,,,,,bassopommeri,fi,,,,,,,,,,,,,,,,,,,,,,,,,,,,
fmpo:00791,,,,,,bassoskalmeija,fi,,,,,,,,,,,,,,,,,,,,,,,,,,,,
fmpo:00791,,,,,,Bomhart,de,,,,,,,,,,,,,,,,,,,,,,,,,,,,
fmpo:00791,,,,,,kontrabassopommeri,fi,,,,,,,,,,,,,,,,,,,,,,,,,,,,
fmpo:00791,,,,,,kontrabassoskalmeija,fi,,,,,,,,,,,,,,,,,,,,,,,,,,,,
fmpo:00791,,,,,,Pumhart,de,,,,,,,,,,,,,,,,,,,,,,,,,,,,
fmpo:00791,,,,,,tenoripommeri,fi,,,,,,,,,,,,,,,,,,,,,,,,,,,,
fmpo:00791,,,,,,tenoriskalmeija,fi,,,,,,,,,,,,,,,,,,,,,,,,,,,,
fmpo:00792,http://urn.fi/urn:nbn:fi:au:seko:00792,,portatiiviurut,portativ,portative organ,,,,,,,,fmpo:01167,urut,,,http://www.wikidata.org/entity/Q1806700,,,,,,,,,,,,,,,,TARKISTA,"Mukana kannettavat pienikokoiset urut, jotka olivat yleisiä keskiajan lopulla ja renessanssin aikana.",https://finto.fi/ic/fi/page/48C762
fmpo:00792,,,,,,kantourut,fi,,,,,,,,,,,,,,,,,,,,,,,,,,,,
fmpo:00792,,,,,,katu-urut,fi,,,,,,,,,,,,,,,,,,,,,,,,,,,,
fmpo:00792,,,,,,organetto,it,,,,,,,,,,,,,,,,,,,,,,,,,,,,
fmpo:00792,,,,,,organino,,,,,,,,,,,,,,,,,,,,,,,,,,,,,
fmpo:00792,,,,,,Strassenorgel,de,,,,,,,,,,,,,,,,,,,,,,,,,,,,
fmpo:00792,,,,,,portatiivi,fi,,,,,,,,,,,,,,,,,,,,,,,,,,,,
fmpo:00792,,,,,,portative,en,,,,,,,,,,,,,,,,,,,,,,,,,,,,
fmpo:00792,,,,,,syliurut,fi,,,,,,,,,,,,,,,,,,,,,,,,,,,,
fmpo:00793,http://urn.fi/urn:nbn:fi:au:seko:00793,,portugalilainen kitara,portugisisk gitarr,guitarra portuguesa,,,,,http://www.yso.fi/onto/yso/p105409,Portugali,,fmpo:00940,sisteri,,,http://www.wikidata.org/entity/Q585289,,,,,,skos:exactMatch,http://id.loc.gov/authorities/performanceMediums/mp2013015309,,,,,,,,,TARKISTA,"Portugalilainen kuusikieliparinen sisteri, joka on keskeinen fadolaulun säestyssoitin.",
fmpo:00793,,,,,,chitarra portoghese,it,,,,,,,,,,,,,,,,,,,,,,,,,,,,
fmpo:00793,,,,,,Coimbra guitar,en,,,,,,,,,,,,,,,,,,,,,,,,,,,,
fmpo:00793,,,,,,guitare portugaise,fr,,,,,,,,,,,,,,,,,,,,,,,,,,,,
fmpo:00793,,,,,,Lisbon guitar,en,,,,,,,,,,,,,,,,,,,,,,,,,,,,
fmpo:00793,,,,,,portugalinkitara,fi,,,,,,,,,,,,,,,,,,,,,,,,,,,,
fmpo:00793,,,,,,Portuguese guitar,en,,,,,,,,,,,,,,,,,,,,,,,,,,,,
fmpo:00793,,,,,,Portuguese guitarra,de,,,,,,,,,,,,,,,,,,,,,,,,,,,,
fmpo:00793,,,,,,viola de fado,it,,,,,,,,,,,,,,,,,,,,,,,,,,,,
fmpo:00794,http://urn.fi/urn:nbn:fi:au:seko:00794,,porutu,porutu,porutu,,,,,http://www.yso.fi/onto/yso/p108839,Polynesia,,fmpo:00418,huilusoitin,,,http://www.wikidata.org/entity/Q116761454,,,,,,,,,,,,,,,,TARKISTA,Maorien pitkä huilusoitin.,
fmpo:00794,,,,,,pōrutu,,,,,,,,,,,,,,,,,,,,,,,,,,,,,
fmpo:00795,http://urn.fi/urn:nbn:fi:au:seko:00795,,posetiivi,vevpositiv,barrel organ,,,,,,,,"fmpo:01167, fmpo:00063",urut|automaattisoitin,,http://www.yso.fi/onto/yso/p29915,http://www.wikidata.org/entity/Q752638,,,,,,skos:exactMatch,http://id.loc.gov/authorities/performanceMediums/mp2013015060,,,,,,,,,TARKISTA,"Automaattiurut, joita yleensä käytetään käsin kahvasta pyörittämällä. Päätermi automaattiurut.",
fmpo:00795,,,,,,box organ (posetiivi),fi,,,,,,,,,,,,,,,,,,,,,,,,,,,,
fmpo:00795,,,,,,cylinder organ,en,,,,,,,,,,,,,,,,,,,,,,,,,,,,
fmpo:00795,,,,,,draaiorgel,,,,,,,,,,,,,,,,,,,,,,,,,,,,,
fmpo:00795,,,,,,Drehorgel,de,,,,,,,,,,,,,,,,,,,,,,,,,,,,
fmpo:00795,,,,,,grinder organ,en,,,,,,,,,,,,,,,,,,,,,,,,,,,,
fmpo:00795,,,,,,hand organ,en,,,,,,,,,,,,,,,,,,,,,,,,,,,,
fmpo:00795,,,,,,karuselliurut,fi,,,,,,,,,,,,,,,,,,,,,,,,,,,,
fmpo:00795,,,,,,Leierkasten,de,,,,,,,,,,,,,,,,,,,,,,,,,,,,
fmpo:00795,,,,,,lirekasse,no,,,,,,,,,,,,,,,,,,,,,,,,,,,,
fmpo:00795,,,,,,Low Countries organ,en,,,,,,,,,,,,,,,,,,,,,,,,,,,,
fmpo:00795,,,,,,organetto a manovella,it,,,,,,,,,,,,,,,,,,,,,,,,,,,,
fmpo:00795,,,,,,organo tedesco,it,,,,,,,,,,,,,,,,,,,,,,,,,,,,
fmpo:00795,,,,,,orgue à manivelle,sp,,,,,,,,,,,,,,,,,,,,,,,,,,,,
fmpo:00795,,,,,,orgue de Barbarie,sp,,,,,,,,,,,,,,,,,,,,,,,,,,,,
fmpo:00795,,,,,,positiv (posetiivi),fi,,,,,,,,,,,,,,,,,,,,,,,,,,,,
fmpo:00795,,,,,,roller organ,en,,,,,,,,,,,,,,,,,,,,,,,,,,,,
fmpo:00795,,,,,,street organ,en,,,,,,,,,,,,,,,,,,,,,,,,,,,,
fmpo:00795,,,,,,veiviposetiivi,fi,,,,,,,,,,,,,,,,,,,,,,,,,,,,
fmpo:00795,,,,,,vevpositiv,sv,,,,,,,,,,,,,,,,,,,,,,,,,,,,
fmpo:00795,,,,,,Walzenorgel,de,,,,,,,,,,,,,,,,,,,,,,,,,,,,
fmpo:00795,,,,,,,,orgue a manivelle,,,,,,,,,,,,,,,,,,,,,,,,,,,
fmpo:00796,http://urn.fi/urn:nbn:fi:au:seko:00796,,positiiviurut,positiv,positive organ,,,,,,,,fmpo:01167,urut,,,http://www.wikidata.org/entity/Q1930186,,,,,,skos:exactMatch,http://id.loc.gov/authorities/performanceMediums/mp2013015572,,,,,,,,,TARKISTA,"Pienikokoiset, yksisormioiset urut, jotka voidaan siirtää paikasta toiseen.",
fmpo:00796,,,,,,box organ (positiiviurut),fi,,,,,,,,,,,,,,,,,,,,,,,,,,,,
fmpo:00796,,,,,,chair (positiiviurut),fi,,,,,,,,,,,,,,,,,,,,,,,,,,,,
fmpo:00796,,,,,,chair organ,en,,,,,,,,,,,,,,,,,,,,,,,,,,,,
fmpo:00796,,,,,,Feldorgel,de,,,,,,,,,,,,,,,,,,,,,,,,,,,,
fmpo:00796,,,,,,kabinettiurut,fi,,,,,,,,,,,,,,,,,,,,,,,,,,,,
fmpo:00796,,,,,,kamariurut,fi,,,,,,,,,,,,,,,,,,,,,,,,,,,,
fmpo:00796,,,,,,kistorgel,sv,,,,,,,,,,,,,,,,,,,,,,,,,,,,
fmpo:00796,,,,,,kotiurut,fi,,,,,,,,,,,,,,,,,,,,,,,,,,,,
fmpo:00796,,,,,,organo da camera,it,,,,,,,,,,,,,,,,,,,,,,,,,,,,
fmpo:00796,,,,,,organo positivo,it,,,,,,,,,,,,,,,,,,,,,,,,,,,,
fmpo:00796,,,,,,órgano positivo,es,,,,,,,,,,,,,,,,,,,,,,,,,,,,
fmpo:00796,,,,,,orgue positif,fr,,,,,,,,,,,,,,,,,,,,,,,,,,,,
fmpo:00796,,,,,,portable organ,en,,,,,,,,,,,,,,,,,,,,,,,,,,,,
fmpo:00796,,,,,,positief,nl,,,,,,,,,,,,,,,,,,,,,,,,,,,,
fmpo:00796,,,,,,positif,fr,,,,,,,,,,,,,,,,,,,,,,,,,,,,
fmpo:00796,,,,,,positiiv,et,,,,,,,,,,,,,,,,,,,,,,,,,,,,
fmpo:00796,,,,,,positiivorel,et,,,,,,,,,,,,,,,,,,,,,,,,,,,,
fmpo:00796,,,,,,positiv (positiiviurut),fi,,,,,,,,,,,,,,,,,,,,,,,,,,,,
fmpo:00796,,,,,,positive,,,,,,,,,,,,,,,,,,,,,,,,,,,,,
fmpo:00796,,,,,,positive organ,en,,,,,,,,,,,,,,,,,,,,,,,,,,,,
fmpo:00796,,,,,,positivo,es,,,,,,,,,,,,,,,,,,,,,,,,,,,,
fmpo:00796,,,,,,table organ,en,,,,,,,,,,,,,,,,,,,,,,,,,,,,
fmpo:00796,,,,,,Tischpositiv,de,,,,,,,,,,,,,,,,,,,,,,,,,,,,
fmpo:00796,,,,,,Truhenorgel,de,,,,,,,,,,,,,,,,,,,,,,,,,,,,
fmpo:00796,,,,,,urkupositiivi,fi,,,,,,,,,,,,,,,,,,,,,,,,,,,,
fmpo:00797,http://urn.fi/urn:nbn:fi:au:seko:00797,,postitorvi,posthorn,post horn,,,,,,,,fmpo:01171,vaskipuhallin,,,http://www.wikidata.org/entity/Q996531,,,,,,,,,,,,,,,,TARKISTA,"Pienikokoinen vaskipuhallinsoitin, jolla voidaan soittaa vain luonnonsäveliä.",
fmpo:00797,,,,,,cornet de poste,fr,,,,,,,,,,,,,,,,,,,,,,,,,,,,
fmpo:00797,,,,,,cornetta di postiglione,it,,,,,,,,,,,,,,,,,,,,,,,,,,,,
fmpo:00797,,,,,,Posthorn,de,,,,,,,,,,,,,,,,,,,,,,,,,,,,
fmpo:00798,http://urn.fi/urn:nbn:fi:au:seko:00798,,preparoitu piano,preparerat piano,prepared piano,,,,,,,,fmpo:00763,piano,,,http://www.wikidata.org/entity/Q754186,,,,,,skos:exactMatch,http://id.loc.gov/authorities/performanceMediums/mp2013015575,,,,,,,,,TARKISTA,"Tavallinen piano, jonka ääntä on keinotekoisesti muutettu kieliin tai kielten ja vararoiden väliin kiinnitetyillä ylimääräisillä esineillä, paperiliuskoilla tms. Preparoidun pianon tunnetuin soveltaja on ollut John Cage.",
fmpo:00799,http://urn.fi/urn:nbn:fi:au:seko:00799,,psaltteri,psalterium,psaltery,,,,,,,,fmpo:00943,sitra,,,http://www.wikidata.org/entity/Q1044408,,,,,,skos:closeMatch,http://id.loc.gov/authorities/performanceMediums/mp2013015578,,,,,,,,,TARKISTA,"Yleisnimitys kaulattomille, näppäillen soitettaville sitrasoittimille.",https://finto.fi/ic/fi/page/48C7321
fmpo:00799,,,,,,psaltérion,fr,,,,,,,,,,,,,,,,,,,,,,,,,,,,
fmpo:00799,,,,,,salterio,it,,,,,,,,,,,,,,,,,,,,,,,,,,,,
fmpo:00799,,,,,,Psalterium,de,,,,,,,,,,,,,,,,,,,,,,,,,,,,
fmpo:00799,,,,,,sawtry,en,,,,,,,,,,,,,,,,,,,,,,,,,,,,
fmpo:00800,http://urn.fi/urn:nbn:fi:au:seko:00800,,puhallinorkesteri,blåsorkester,brass band,,,,,,,,fmpo:00728,orkesteri,,http://www.yso.fi/onto/yso/p16416,http://www.wikidata.org/entity/Q762048,,,,,,skos:exactMatch,http://id.loc.gov/authorities/performanceMediums/mp2013015048,,,,,,,,,TARKISTA,"Orkesteri, joka koostuu pääosin vaskipuhaltimista. Kokoonpanoon kuuluu yleensä myös puupuhaltimia sekä lyömäsoittimia.",https://finto.fi/ic/fi/page/48C7532
fmpo:00800,,,,,,,,blasorkestrar,,,,,,,,,,,,,,,,,,,,,,,,,,,
fmpo:00801,http://urn.fi/urn:nbn:fi:au:seko:00801,,puhallinsoitin,blåsinstrument,wind instrument,,,,,,,,fmpo:00953,soitin,,http://www.yso.fi/onto/yso/p1627,http://www.wikidata.org/entity/Q173453,"altLabel ""Rauschpfeife"" is a separate concept in Wikidata Rauschpfeife",,,,,skos:closeMatch,http://id.loc.gov/authorities/performanceMediums/mp2013015803,http://www.wikidata.org/entity/Q1753689,,,,,,,,TARKISTA,"Yleisnimitys tähän soitinryhmään kuuluvista soittimista. Termiä on suositeltavaa käyttää, kun soitinta ei voi tarkemmin määritellä tai jos soittimia on niin monia, ettei niiden erittely ole tarkoituksenmukaista.",https://finto.fi/ic/fi/page/48C735
fmpo:00801,,,,,,aerofoni,fi,,,,,,,,,,,,,,,,,,,,,,,,,,,,
fmpo:00801,,,,,,Blechinstrument,de,,,,,,,,,,,,,,,,,,,,,,,,,,,,
fmpo:00801,,,,,,Blasinstrument,de,,,,,,,,,,,,,,,,,,,,,,,,,,,,
fmpo:00801,,,,,,blåsinstrument,sv,,,,,,,,,,,,,,,,,,,,,,,,,,,,
fmpo:00801,,,,,,puhallin (puhallinsoitin),fi,,,,,,,,,,,,,,,,,,,,,,,,,,,,
fmpo:00801,,,,,,puhallussoitin,fi,,,,,,,,,,,,,,,,,,,,,,,,,,,,
fmpo:00801,,,,,,strument a fiato,it,,,,,,,,,,,,,,,,,,,,,,,,,,,,
fmpo:00801,,,,,,instrument à vent,fr,,,,,,,,,,,,,,,,,,,,,,,,,,,,
fmpo:00801,,,,,,russ pfeif,,,,,,,,,,,,,,,,,,,,,,,,,,,,,
fmpo:00801,,,,,,russ pfeife,,,,,,,,,,,,,,,,,,,,,,,,,,,,,
fmpo:00801,,,,,,ruuspip,,,,,,,,,,,,,,,,,,,,,,,,,,,,,
fmpo:00801,,,,,,ruyspyp,,,,,,,,,,,,,,,,,,,,,,,,,,,,,
fmpo:00801,,,,,,,,blasinstrument,sv,,,,,,,,,,,,,,,,,,,,,,,,,,
fmpo:00802,http://urn.fi/urn:nbn:fi:au:seko:00802,,puhallinsyntetisaattori,blåssynthesizer,wind controller,,,,,,,,"fmpo:00801, fmpo:01016",puhallinsoitin|syntetisaattori,,,http://www.wikidata.org/entity/Q882090,,,,,,skos:exactMatch,https://id.loc.gov/authorities/performanceMediums/mp2013015801,,,,,,,,,TARKISTA,Jollain puhallinsoittimella ohjattava syntetisaattori.,
fmpo:00802,,,,,,brass-synt,en,,,,,,,,,,,,,,,,,,,,,,,,,,,,
fmpo:00802,,,,,,"electronic wind instrument",en,,,,,,,,,,,,,,,,,,,,,,,,,,,,
fmpo:00802,,,,,,lyr,,,,,,,,,,,,,,,,,,,,,,,,,,,,,
fmpo:00802,,,,,,lyricon,,,,,,,,,,,,,,,,,,,,,,,,,,,,,
fmpo:00802,,,,,,ww-synt,,,,,,,,,,,,,,,,,,,,,,,,,,,,,
fmpo:00803,http://urn.fi/urn:nbn:fi:au:seko:00803,,puhallinyhtye,blåsarensemble,wind ensemble,,,,,,,,fmpo:00954,soitinyhtye,,,http://www.wikidata.org/entity/Q11288436,"""2026-07-11 changed the LMCPT mapping from  lcmpt:mp2013015048 band to lcmpt:mp2013015100 brass band as (MUUSA decision 2022-01)""",,,,,skos:exactMatch,http://id.loc.gov/authorities/performanceMediums/mp2013015100,,,,,,,,2027-07-11,valid,,
fmpo:00804,http://urn.fi/urn:nbn:fi:au:seko:00804,,puhelaulu,talsång,sprechgesang,,,,,,,,fmpo:00427,ihmisääni,,http://www.yso.fi/onto/yso/p2427,http://www.wikidata.org/entity/Q1500983,,,,,,skos:closeMatch,http://id.loc.gov/authorities/performanceMediums/mp2013015791,http://www.wikidata.org/entity/Q202534,,,,,,,,TARKISTA,"Resitatiivin ja puheen välimuoto. Termiä käytetään soitinsanastossa kuten ""lauluääntä"".",
fmpo:00804,,,,,,resitointi,fi,,,,,,,,,,,,,,,,,,,,,,,,,,,,
fmpo:00804,,,,,,spoken singing,en,,,,,,,,,,,,,,,,,,,,,,,,,,,,
fmpo:00804,,,,,,spoken voice,en,,,,,,,,,,,,,,,,,,,,,,,,,,,,
fmpo:00804,,,,,,Sprechgesang,de,,,,,,,,,,,,,,,,,,,,,,,,,,,,
fmpo:00804,,,,,,Sprechstimme ,de,,,,,,,,,,,,,,,,,,,,,,,,,,,,
fmpo:00805,http://urn.fi/urn:nbn:fi:au:seko:00805,,puheääni,talröst,speaker,,,,,,,,fmpo:00427,ihmisääni,,http://www.yso.fi/onto/yso/p27936,http://www.wikidata.org/entity/Q106875005,,,,,,skos:exactMatch,http://id.loc.gov/authorities/performanceMediums/mp2013015670,,,,,,,,,TARKISTA,,
fmpo:00805,,,,,,lukija,fi,,,,,,,,,,,,,,,,,,,,,,,,,,,,
fmpo:00805,,,,,,narrator,en,,,,,,,,,,,,,,,,,,,,,,,,,,,,
fmpo:00805,,,,,,orator,en,,,,,,,,,,,,,,,,,,,,,,,,,,,,
fmpo:00805,,,,,,orattori,fi,,,,,,,,,,,,,,,,,,,,,,,,,,,,
fmpo:00805,,,,,,puhe,fi,,,,,,,,,,,,,,,,,,,,,,,,,,,,
fmpo:00805,,,,,,puhuja,fi,,,,,,,,,,,,,,,,,,,,,,,,,,,,
fmpo:00805,,,,,,reader,en,,,,,,,,,,,,,,,,,,,,,,,,,,,,
fmpo:00805,,,,,,speaking role,en,,,,,,,,,,,,,,,,,,,,,,,,,,,,
fmpo:00805,,,,,,speaking voice,en,,,,,,,,,,,,,,,,,,,,,,,,,,,,
fmpo:00806,http://urn.fi/urn:nbn:fi:au:seko:00806,,pukinsarvi,bockhorn,buckhorn,,,,,http://www.yso.fi/onto/yso/p94426,Suomi,,fmpo:00899,sarvi (puhallinsoitin),https://github.com/NatLibFi/SEKO/issues/20,,http://www.wikidata.org/entity/Q4986985,,,,,,skos:broadMatch,http://id.loc.gov/authorities/performanceMediums/mp2013015496,,,,"""Suomalaisessa paimen- ja kansanmusiikkiperinteessä käytetty, vuohen tai pukin sarvesta valmistettu huuliviritteinen sarvitrumpetti (aerofoni), jonka runkoon on koverrettu yleensä 2–6 sormiaukkoa sävelkorkeuden muuntelemiseksi. Soitinta on käytetty Suomessa karjan paimentamiseen, paimensävelmien esittämiseen sekä yhteisöllisiin merkinantoihin ja hätäkutsuhin. (Source: AI-generated description by Gemini)""",,,,,KESKEN,Suomalainen pukin sarvesta valmistettu trumpettisoitin.,
fmpo:00806,,,,,,blåshorn,sv,,,,,,,,,,,,,,,,,,,,,,,,,,,,
fmpo:00806,,,,,,sokusarv,ee,,,,,,,,,,,,,,,,,,,,,,,,,,,,
fmpo:00807,http://urn.fi/urn:nbn:fi:au:seko:00807,,pullangkural,"""venu""?",PUUTTUU,,,,,http://www.yso.fi/onto/yso/p235077,Etelä-Intia,,fmpo:00082,bambuhuilu,https://github.com/NatLibFi/SEKO/issues/106,,MISSING,,,,,,,,https://doi.org/10.1093/gmo/9781561592630.article.L2291081,,,,,issue created,,2026-07-02,KESKEN,Aasialainen bambuhuilu.,
fmpo:00807,,,,,,pullankuzhal,ta,,,,,,,,,,,,,,,,,,,,,,,,,,,,
fmpo:00807,,,,,,Carnatic flute,en,,,,,,,,,,,,,,,,,,,,,,,,,,,,
fmpo:00807,,,,,,Indian bamboo flute,en,,,,,,,,,,,,,,,,,,,,,,,,,,,,
fmpo:00807,,,,,,sydindisk tvärflöjt,sv,,,,,,,,,,,,,,,,,,,,,,,,,,,,
fmpo:00807,,,,,,kural,fi,,,,,,,,,,,,,,,,,,,,,,,,,,,,
fmpo:00808,http://urn.fi/urn:nbn:fi:au:seko:00808,TRUE,pullotorvi,PUUTTUU,pullotorvi,,,,,http://www.yso.fi/onto/yso/p94426,Suomi,,fmpo:01171,vaskipuhallin,https://github.com/NatLibFi/SEKO/issues/156,,https://www.wikidata.org/entity/Q67202852,"""2026-07-04 MERGE  saattaa olla sama kuin \""turu\"" tai puutrumpetti?"", ""2026-07-16: liitetty turu-issueeseen"",""2026-07-17 DEPRECATE and MERGE redirect to seko:01145 turu""",,,,,,,,seko:01146,,"""Suomalainen (karjalainen), puusta tuohipäällystein valmistettu trumpettisoitin. Soittimen nimi tulee sen muodosta.""",,"""2026-07-17 DEPRECATED and MERGE to seko:01145 turu""",,2026-07-16,KESKEN,"Suomalainen (karjalainen), puusta tuohipäällystein valmistettu trumpettisoitin. Soittimen nimi tulee sen muodosta.",
fmpo:00809,http://urn.fi/urn:nbn:fi:au:seko:00809,,pūngī,pūngī,pungi,,,,,"http://www.yso.fi/onto/yso/p105027,http://www.yso.fi/onto/yso/p105336","Intia, Etelä-Aasia",,fmpo:00513,klarinettisoitin,"https://github.com/NatLibFi/SEKO/issues/192,https://github.com/NatLibFi/SEKO/issues/193",,http://www.wikidata.org/entity/Q545271,"""2026-07-30 added language codes to all altLabels (AI-generated with chatGPT)""@en, ""2026-08-01 removed preLabel and altLabel nāgasvaram which belongs to seko:00692 [seko-issues:193]""@en",422.22 ,,http://www.mimo-db.eu/InstrumentsKeywords/6778,https://dbpedia.org/page/Pungi,,,https://fi.wikipedia.org/wiki/P%C5%ABngi,,,,,"""2026-07-30 added language tags""@en,""2026-08-01 changed the en prefLabel to pungii""@en",,2026-08-01,valid,Eteläaasialainen kaksoisklarinettisoitin.,
fmpo:00809,,,,,,pungi,fi,,,,,,,,,,,,,,,,,,,,,,,,,,,,
fmpo:00809,,,,,,bīṇ,hi,,,,,,,,,,,,,,,,,,,,,,,,,,,,
fmpo:00809,,,,,,been,en,,,,,,,,,,,,,,,,,,,,,,,,,,,,
fmpo:00809,,,,,,magudi,ta,,,,,,,,,,,,,,,,,,,,,,,,,,,,
fmpo:00809,,,,,,mahudi,gu,,,,,,,,,,,,,,,,,,,,,,,,,,,,
fmpo:00809,,,,,,mahuvar,hi,,,,,,,,,,,,,,,,,,,,,,,,,,,,
fmpo:00809,,,,,,mākuṭi,ml,,,,,,,,,,,,,,,,,,,,,,,,,,,,
fmpo:00809,,,,,,nāgbīṇ,hi,,,,,,,,,,,,,,,,,,,,,,,,,,,,
fmpo:00809,,,,,,nāgeśvar,ta,,,,,,,,,,,,,,,,,,,,,,,,,,,,
fmpo:00809,,,,,,pambatti kulal,hi,,,,,,,,,,,,,,,,,,,,,,,,,,,,
fmpo:00809,,,,,,poṅgā,mr,,,,,,,,,,,,,,,,,,,,,,,,,,,,
fmpo:00809,,,,,,poṅgi,mr,,,,,,,,,,,,,,,,,,,,,,,,,,,,
fmpo:00809,,,,,,pugī,sa,,,,,,,,,,,,,,,,,,,,,,,,,,,,
fmpo:00809,,,,,,pūngī,en,,,,,,,,,,,,,,,,,,,,,,,,,,,,
fmpo:00809,,,,,,pūṅgī,hi,,,,,,,,,,,,,,,,,,,,,,,,,,,,
fmpo:00809,,,,,,sāpuṙer bā̃si,bn,,,,,,,,,,,,,,,,,,,,,,,,,,,,
fmpo:00809,,,,,,tomṛā,hi,,,,,,,,,,,,,,,,,,,,,,,,,,,,
fmpo:00809,,,,,,tumbā,pa,,,,,,,,,,,,,,,,,,,,,,,,,,,,
fmpo:00809,,,,,,tumbī,pa,,,,,,,,,,,,,,,,,,,,,,,,,,,,
fmpo:00809,,,,,,,,bin,hi,,,,,,,,,,,,,,,,,,,,,,,,,,
fmpo:00809,,,,,,,,makuti,ml,,,,,,,,,,,,,,,,,,,,,,,,,,
fmpo:00809,,,,,,,,nagbin,hi,,,,,,,,,,,,,,,,,,,,,,,,,,
fmpo:00809,,,,,,,,nagesvar,hi,,,,,,,,,,,,,,,,,,,,,,,,,,
fmpo:00809,,,,,,,,ponga,mr,,,,,,,,,,,,,,,,,,,,,,,,,,
fmpo:00809,,,,,,,,pongi,mr,,,,,,,,,,,,,,,,,,,,,,,,,,
fmpo:00809,,,,,,,,pugi,sa,,,,,,,,,,,,,,,,,,,,,,,,,,
fmpo:00809,,,,,,,,sapurer basi,bn,,,,,,,,,,,,,,,,,,,,,,,,,,
fmpo:00809,,,,,,,,tomra,hi,,,,,,,,,,,,,,,,,,,,,,,,,,
fmpo:00809,,,,,,,,tumba,pa,,,,,,,,,,,,,,,,,,,,,,,,,,
fmpo:00809,,,,,,,,tumbi,pa,,,,,,,,,,,,,,,,,,,,,,,,,,
fmpo:00810,http://urn.fi/urn:nbn:fi:au:seko:00810,,pūslé,pūslé,pūslinė,,,,,http://www.yso.fi/onto/yso/p94268,Liettua,,fmpo:00953,soitin,https://github.com/NatLibFi/SEKO/issues/107,,http://www.wikidata.org/entity/Q116761902,"LABEL?  What is ""bladder fiddle"" in Finnish?  ""rakkoviulu""?   In Wikidata this is separate as ""pirunviulu"" ",,,,,,,https://www.wikidata.org/wiki/Q2407046,,,,,"issue created - MAP, CREATE NEW",,2026-07-02,KESKEN,Liettualainen kalvosoitin.,
fmpo:00810,,,,,,oselis,lt,,,,,,,,,,,,,,,,,,,,,,,,,,,,
fmpo:00810,,,,,,lankelis,lt,,,,,,,,,,,,,,,,,,,,,,,,,,,,
fmpo:00810,,,,,,naminė basetlė,lt,,,,,,,,,,,,,,,,,,,,,,,,,,,,
fmpo:00810,,,,,,pusle,fi,,,,,,,,,,,,,,,,,,,,,,,,,,,,
fmpo:00810,,,,,,pusline,en,,,,,,,,,,,,,,,,,,,,,,,,,,,,
fmpo:00811,http://urn.fi/urn:nbn:fi:au:seko:00811,,putkikellot,rörklockor,tubular bells,,,,,,,,fmpo:00627,lyömäsoitin,,,http://www.wikidata.org/entity/Q178812,,,,,,skos:exactMatch,http://id.loc.gov/authorities/performanceMediums/mp2013015754,,,,,,,,,TARKISTA,"Lyömäsoitin, jossa on yleensä 18 tai 25 kromaattiseen sävelasteikkoon viritettyä metallista valmistettua halkaisijaltaan 3–7-senttistä putkea, joita lyödään nahkaisilla tai muovisilla vasaroilla.",
fmpo:00811,,,,,,buisklokken,nl,,,,,,,,,,,,,,,,,,,,,,,,,,,,
fmpo:00811,,,,,,campanas tubulares,es,,,,,,,,,,,,,,,,,,,,,,,,,,,,
fmpo:00811,,,,,,campane (putkikellot),fi,,,,,,,,,,,,,,,,,,,,,,,,,,,,
fmpo:00811,,,,,,campane tubolari,it,,,,,,,,,,,,,,,,,,,,,,,,,,,,
fmpo:00811,,,,,,campanelle (putkikellot),fi,,,,,,,,,,,,,,,,,,,,,,,,,,,,
fmpo:00811,,,,,,carillon tubulaire,fr,,,,,,,,,,,,,,,,,,,,,,,,,,,,
fmpo:00811,,,,,,carrilhão de orquestra,pt,,,,,,,,,,,,,,,,,,,,,,,,,,,,
fmpo:00811,,,,,,chimes (putkikellot),fi,,,,,,,,,,,,,,,,,,,,,,,,,,,,
fmpo:00811,,,,,,cloche tubulaire,fr,,,,,,,,,,,,,,,,,,,,,,,,,,,,
fmpo:00811,,,,,,cloches (putkikellot),fi,,,,,,,,,,,,,,,,,,,,,,,,,,,,
fmpo:00811,,,,,,cloches d'orchestre,fr,,,,,,,,,,,,,,,,,,,,,,,,,,,,
fmpo:00811,,,,,,clopote tubulare,,,,,,,,,,,,,,,,,,,,,,,,,,,,,
fmpo:00811,,,,,,dzwony rurowe,pl,,,,,,,,,,,,,,,,,,,,,,,,,,,,
fmpo:00811,,,,,,Glocken (putkikellot),fi,,,,,,,,,,,,,,,,,,,,,,,,,,,,
fmpo:00811,,,,,,glockenspiel (putkikellot),fi,,,,,,,,,,,,,,,,,,,,,,,,,,,,
fmpo:00811,,,,,,kolokola,,,,,,,,,,,,,,,,,,,,,,,,,,,,,
fmpo:00811,,,,,,orchestral chimes,en,,,,,,,,,,,,,,,,,,,,,,,,,,,,
fmpo:00811,,,,,,orkestrikellad,et,,,,,,,,,,,,,,,,,,,,,,,,,,,,
fmpo:00811,,,,,,putkikellopeli,fi,,,,,,,,,,,,,,,,,,,,,,,,,,,,
fmpo:00811,,,,,,Röhrenglocken,de,,,,,,,,,,,,,,,,,,,,,,,,,,,,
fmpo:00811,,,,,,rörklockor,sv,,,,,,,,,,,,,,,,,,,,,,,,,,,,
fmpo:00811,,,,,,rørklokker,no,,,,,,,,,,,,,,,,,,,,,,,,,,,,
fmpo:00811,,,,,,sinos tubulares,es,,,,,,,,,,,,,,,,,,,,,,,,,,,,
fmpo:00811,,,,,,torukellad,et,,,,,,,,,,,,,,,,,,,,,,,,,,,,
fmpo:00811,,,,,,,,carrilhao de orquestra,,,,,,,,,,,,,,,,,,,,,,,,,,,
fmpo:00811,,,,,,,,Rohrenglocken,de,,,,,,,,,,,,,,,,,,,,,,,,,,
fmpo:00811,,,,,,,,rorklockor,sv,,,,,,,,,,,,,,,,,,,,,,,,,,
fmpo:00811,,,,,,,,rorklokker,no,,,,,,,,,,,,,,,,,,,,,,,,,,
fmpo:00812,http://urn.fi/urn:nbn:fi:au:seko:00812,,pututo,pututu,pututu,,,,,http://www.yso.fi/onto/yso/p105005,Latinalainen Amerikka,,fmpo:00544,kotilotorvi,,,http://www.wikidata.org/entity/Q19826868,,,,,,,,,,,,,,,,TARKISTA,Latinalaisen Amerikan intiaanimusiikissa käytettävä kotilosta valmistettu trumpettisoitin.,
fmpo:00813,http://urn.fi/urn:nbn:fi:au:seko:00813,,penaali,träblock,woodblock,,,,,http://www.yso.fi/onto/yso/p94111,Eurooppa,,"fmpo:00140, fmpo:00837",puublokki|rakorumpu,https://github.com/NatLibFi/SEKO/issues/28,,http://www.wikidata.org/entity/Q957212,"Muusa:  prefLabel changed.  A ""jamblock"" is made of plastic!",,,,,skos:closeMatch,http://id.loc.gov/authorities/performanceMediums/mp2013015656,,,,,,,,,KESKEN,"Länsimainen kovapuinen kynäkotelon mallinen rakokumpu, jonka pituus on noin 15–30 cm, leveys 8–15 cm ja korkeus 7–10 cm.",
fmpo:00813,,,,,,cassa di legno,it,,,,,,,,,,,,,,,,,,,,,,,,,,,,
fmpo:00813,,,,,,clog box,en,,,,,,,,,,,,,,,,,,,,,,,,,,,,
fmpo:00813,,,,,,Holzblocktrommel,de,,,,,,,,,,,,,,,,,,,,,,,,,,,,
fmpo:00813,,,,,,jam block,en,,,,,,,,,,,,,,,,,,,,,,,,,,,,
fmpo:00813,,,,,,puupalkki,fi,,,,,,,,,,,,,,,,,,,,,,,,,,,,
fmpo:00813,,,,,,tambour de bois,fr,,,,,,,,,,,,,,,,,,,,,,,,,,,,
fmpo:00813,,,,,,tap box,en,,,,,,,,,,,,,,,,,,,,,,,,,,,,
fmpo:00813,,,,,,wood block,en,,,,,,,,,,,,,,,,,,,,,,,,,,,,
fmpo:00814,http://urn.fi/urn:nbn:fi:au:seko:00814,,petäjähuilu,petäjähuilu,petäjähuilu,,,,,http://www.yso.fi/onto/yso/p94426,Suomi,,fmpo:00418,huilusoitin,,,http://www.wikidata.org/entity/Q116762226,,,,,,,,,,,,,,,,TARKISTA,Suomalainen kansanomainen puhallinsoitin.,
fmpo:00814,,,,,,mäntyhuilu,fi,,,,,,,,,,,,,,,,,,,,,,,,,,,,
fmpo:00814,,,,,,pajukaza,fi,,,,,,,,,,,,,,,,,,,,,,,,,,,,
fmpo:00814,,,,,,puuhuilu,fi,,,,,,,,,,,,,,,,,,,,,,,,,,,,
fmpo:00814,,,,,,,,mantyhuilu,,,,,,,,,,,,,,,,,,,,,,,,,,,
fmpo:00814,,,,,,,,petajahuilu,,,,,,,,,,,,,,,,,,,,,,,,,,,
fmpo:00815,http://urn.fi/urn:nbn:fi:au:seko:00815,,puukaaea,puukaaea,puukaaea,,,,,http://www.yso.fi/onto/yso/p108839,Polynesia,,fmpo:00801,puhallinsoitin,,,http://www.wikidata.org/entity/Q116762338,,,,,,,,,,,,,,,,TARKISTA,Maorien puinen sotatrumpetti.,
fmpo:00815,,,,,,pūkāea,,,,,,,,,,,,,,,,,,,,,,,,,,,,,
fmpo:00816,http://urn.fi/urn:nbn:fi:au:seko:00816,,puukello,träklocka,wooden clapper,,,,,http://www.yso.fi/onto/yso/p94426,Suomi,,fmpo:00627,lyömäsoitin,https://github.com/NatLibFi/SEKO/issues/108,,http://www.wikidata.org/entity/Q97340984,"INFO?  No exact information available. Perhaps the same as ""lakutin""?",,111.12,,,,,,,,,,"Updated  Wikidata and mapping, added more labels",,2026-07-02,accepted,"Suomalainen, kansanomainen lyömäsoitin.",https://finto.fi/ic/fi/page/48C7342
fmpo:00816,,,,,,lakutin,fi,,,,,,,,,,,,,,,,,,,,,,,,,,,,
fmpo:00816,,,,,,kolistin,fi,,,,,,,,,,,,,,,,,,,,,,,,,,,,
fmpo:00816,,,,,,kalistin,fi,,,,,,,,,,,,,,,,,,,,,,,,,,,,
fmpo:00816,,,,,,herdeklapper,sv,,,,,,,,,,,,,,,,,,,,,,,,,,,,
fmpo:00816,,,,,,wooden cattle bell,en,,,,,,,,,,,,,,,,,,,,,,,,,,,,
fmpo:00817,http://urn.fi/urn:nbn:fi:au:seko:00817,,puupuhallin,träblåsinstrument,woodwinds,,,,,,,,fmpo:00801,puhallinsoitin,,http://www.yso.fi/onto/yso/p982,http://www.wikidata.org/entity/Q181247,,,,,,,,,,,,,,,,TARKISTA,"Puhallinsoitin, jossa ääni synnytetään muualla tavalla kuin puhaltamalla kuppimaiseen tai pikarimaiseen suukappaleeseen siten, että suukappaleeseen kiinni painetut ja jännitetyt huulet ilmavirran mukana väristessään saavat myös soittimen sisäisen ilmapatsaan värähtelyliikkeeseen.",
fmpo:00817,,,,,,Holzblasinstrument,de,,,,,,,,,,,,,,,,,,,,,,,,,,,,
fmpo:00817,,,,,,puupuhallinsoitin,fi,,,,,,,,,,,,,,,,,,,,,,,,,,,,
fmpo:00817,,,,,,träblåsinstrument,sv,,,,,,,,,,,,,,,,,,,,,,,,,,,,
fmpo:00817,,,,,,ww (puupuhallin),fi,,,,,,,,,,,,,,,,,,,,,,,,,,,,
fmpo:00817,,,,,,,,trablasinstrument,,,,,,,,,,,,,,,,,,,,,,,,,,,
fmpo:00818,http://urn.fi/urn:nbn:fi:au:seko:00818,,puutoorino,pūtōrino,pūtōrino,,,,,http://www.yso.fi/onto/yso/p108839,Polynesia,,fmpo:00801,puhallinsoitin,,,http://www.wikidata.org/entity/Q30034571,,,,,,,,,,,,,,,,TARKISTA,Maorien signaalitorvi.,
fmpo:00818,,,,,,putorino,,,,,,,,,,,,,,,,,,,,,,,,,,,,,
fmpo:00818,,,,,,pūtōrino,,,,,,,,,,,,,,,,,,,,,,,,,,,,,
fmpo:00819,http://urn.fi/urn:nbn:fi:au:seko:00819,,puutrumpetti,trätrumpet,wooden trumpet,,,,,,,,fmpo:01118,trumpettisoitin,https://github.com/NatLibFi/SEKO/issues/156,,http://www.wikidata.org/entity/Q1625761,,,,,,,,,,,,,issue created  MERGE with turu?,,2026-07-05,KESKEN,,
fmpo:00819,,,,,,Holztrompete,de,,,,,,,,,,,,,,,,,,,,,,,,,,,,
fmpo:00819,,,,,,turu,fi,,,,,,,,,,,,,,,,,,,,,,,,,,,,
fmpo:00820,http://urn.fi/urn:nbn:fi:au:seko:00820,,pykäläpilli,gräslåtå,pykäläpilli,,,,,http://www.yso.fi/onto/yso/p94426,Suomi,,fmpo:00587,lehdykkäpuhallinsoitin,,,http://www.wikidata.org/entity/Q116764644,,,,,,,,,,,,,,,,TARKISTA,"Suomalainen kansanomainen, tuohisella kielellä varustettu pilli.",
fmpo:00820,,,,,,pajupilli,fi,,,,,,,,,,,,,,,,,,,,,,,,,,,,
fmpo:00820,,,,,,pilli (pykäläpilli),fi,,,,,,,,,,,,,,,,,,,,,,,,,,,,
fmpo:00820,,,,,,pyypiisku,fi,,,,,,,,,,,,,,,,,,,,,,,,,,,,
fmpo:00820,,,,,,tuohipilli,fi,,,,,,,,,,,,,,,,,,,,,,,,,,,,
fmpo:00821,http://urn.fi/urn:nbn:fi:au:seko:00821,,pyngyr,pyngyr,pyngyr,,,,,http://www.yso.fi/onto/yso/p165180,Hanti-Mansia,,fmpo:00799,psaltteri,,,http://www.wikidata.org/entity/Q116765672,,,,,,,,,,,,,,,,TARKISTA,Hanti-kansan käyttämä kantelesoitin.,
fmpo:00822,http://urn.fi/urn:nbn:fi:au:seko:00822,,pyeongyeong,pyeongyeong,pyeongyeong,,,,,http://www.yso.fi/onto/yso/p109302,Korea,,fmpo:00605,litofoni,https://github.com/NatLibFi/SEKO/issues/58,,http://www.wikidata.org/entity/Q1744337,,111.222,,http://www.mimo-db.eu/InstrumentsKeywords/2955,,,,,,seko:x484,,,Changed preflable; Chinese bianqing was split into a new concept,,2026-06-26,accepted,Korealainen viritetyistä kivilaatoista valmistettu soitin (litofoni).,
fmpo:00822,,,,,,편경,ko,,,,,,,,,,,,,,,,,,,,,,,,,,,,
fmpo:00822,,,,,,p'yŏn'gyŏng,en,,,,,,,,,,,,,,,,,,,,,,,,,,,,
fmpo:00822,,,,,,p'yon'gyong,en,,,,,,,,,,,,,,,,,,,,,,,,,,,,
fmpo:00823,http://urn.fi/urn:nbn:fi:au:seko:00823,,pyeonjong,pyeonjong,pyeonjong,,,,,http://www.yso.fi/onto/yso/p109302,Korea,,fmpo:x477,bianzhong,https://github.com/NatLibFi/SEKO/issues/34,,http://www.wikidata.org/entity/Q133722,,,,http://www.mimo-db.eu/InstrumentsKeywords/2382,,skos:broadMatch,http://id.loc.gov/authorities/performanceMediums/mp2013015079,,,seko:x477|seko:00221|henshō," ""A set of round shaped equal-sized bronze bells., pitch is determined by the thickness of bells.""@en",,,,2026-06-26,valid,Korealaiset pronssiset kellot.,
fmpo:00823,,,,,,편종,ko,,,,,,,,,,,,,,,,,,,,,,,,,,,,
fmpo:00823,,,,,,p'yonjong,en,,,,,,,,,,,,,,,,,,,,,,,,,,,,
fmpo:00824,http://urn.fi/urn:nbn:fi:au:seko:00824,,pyykkilauta,tvättbräda,washboard,,,,,,,,fmpo:00832,raappa,,,http://www.wikidata.org/entity/Q21607265,,,,,,skos:exactMatch,http://id.loc.gov/authorities/performanceMediums/mp2013015792,,,,,,,,,TARKISTA,Lähinnä populaarimusiikissa rytmisoittimena käytetty perinteinen pyykinpesuväline.,
fmpo:00824,,,,,,frottoir,,,,,,,,,,,,,,,,,,,,,,,,,,,,,
fmpo:00824,,,,,,pesulauta,fi,,,,,,,,,,,,,,,,,,,,,,,,,,,,
fmpo:00824,,,,,,rubboard,en,,,,,,,,,,,,,,,,,,,,,,,,,,,,
fmpo:00824,,,,,,scrubbing board,en,,,,,,,,,,,,,,,,,,,,,,,,,,,,
fmpo:00824,,,,,,skalbimo lenta,,,,,,,,,,,,,,,,,,,,,,,,,,,,,
fmpo:00824,,,,,,washboard,en,,,,,,,,,,,,,,,,,,,,,,,,,,,,
fmpo:00824,,,,,,wbd (pyykkilauta),fi,,,,,,,,,,,,,,,,,,,,,,,,,,,,
fmpo:00825,http://urn.fi/urn:nbn:fi:au:seko:00825,,pyypilli,järppipa,hazel grouse call,,,,,http://www.yso.fi/onto/yso/p94426,Suomi,,fmpo:00776,pilli,,,http://www.wikidata.org/entity/Q116766447,,,,,,,,,,,,,,,,TARKISTA,Suomalainen kansanomainen tinapilli.,
fmpo:00825,,,,,,pyypiisku,fi,,,,,,,,,,,,,,,,,,,,,,,,,,,,
fmpo:00826,http://urn.fi/urn:nbn:fi:au:seko:00826,,qanbūs,qanbūs,qanbūs,,,,,http://www.yso.fi/onto/yso/p105528,Arabian niemimaa,,fmpo:00709,näppäilysoitin,https://github.com/NatLibFi/SEKO/issues/109,,http://www.wikidata.org/entity/Q120031,"SPLIT?  In Indonesia this is ""gambus""",,,,,,,,,seko:00355,,,created issue,,2026-07-02,valid,Eteläarabialainen lyhytkaulainen luuttusoitin.,
fmpo:00826,,,,,,qanbus,fi,,,,,,,,,,,,,,,,,,,,,,,,,,,,
fmpo:00827,http://urn.fi/urn:nbn:fi:au:seko:00827,,dozaleh,dozaleh,dozaleh,,,,,"http://www.yso.fi/onto/yso/p105280,http://www.yso.fi/onto/yso/p106260,http://www.yso.fi/onto/yso/p107668",Iran|Uzbekistan|Tadžikistan,,fmpo:00513,klarinettisoitin,,,http://www.wikidata.org/entity/Q5861061,,,,,,,,,,,,,,,,TARKISTA,Uzbekistanilainen kaksoislehdykällä varustettu ruokohuilu.,
fmpo:00827,,,,,,ghoshmeh,,,,,,,,,,,,,,,,,,,,,,,,,,,,,
fmpo:00827,,,,,,qoʻshnay,,,,,,,,,,,,,,,,,,,,,,,,,,,,,
fmpo:00827,,,,,,qooshnay,,,,,,,,,,,,,,,,,,,,,,,,,,,,,
fmpo:00828,http://urn.fi/urn:nbn:fi:au:seko:00828,,qraqeb,qraqeb,krakeb,,,,,http://www.yso.fi/onto/yso/p105840,Marokko,,fmpo:00404,helistin,,,http://www.wikidata.org/entity/Q1371129,,,,,,,,,,,,,,,,TARKISTA,Marokkolainen helistinsoitin.,
fmpo:00828,,,,,,qarqaba,,,,,,,,,,,,,,,,,,,,,,,,,,,,,
fmpo:00828,,,,,,qraqesh,,,,,,,,,,,,,,,,,,,,,,,,,,,,,
fmpo:00829,http://urn.fi/urn:nbn:fi:au:seko:00829,,quena,quena,quena,,,,,http://www.yso.fi/onto/yso/p105005,Latinalainen Amerikka,,fmpo:00611,lovihuilu,https://github.com/NatLibFi/SEKO/issues/145,,http://www.wikidata.org/entity/Q841005,,,,,,skos:exactMatch,http://id.loc.gov/authorities/performanceMediums/mp2013015584,,,,,,2026-07-16  included in issue 145,,2026-07-16,KESKEN,Latinalaisen Amerikan intiaanimusiikissa käytettävä päästäpuhallettava lovihuilu.,
fmpo:00829,,,,,,cuena,,,,,,,,,,,,,,,,,,,,,,,,,,,,,
fmpo:00829,,,,,,kena,,,,,,,,,,,,,,,,,,,,,,,,,,,,,
fmpo:00829,,,,,,kena-kena,,,,,,,,,,,,,,,,,,,,,,,,,,,,,
fmpo:00829,,,,,,quena-quena,,,,,,,,,,,,,,,,,,,,,,,,,,,,,
fmpo:00829,,,,,,quenacho,,,,,,,,,,,,,,,,,,,,,,,,,,,,,
fmpo:00830,http://urn.fi/urn:nbn:fi:au:seko:00830,,quinto (rumpu),quinto,quinto,,,,,http://www.yso.fi/onto/yso/p105269,Kuuba,,fmpo:00239,congarumpu,,,http://www.wikidata.org/entity/Q7379154,,,,,,skos:exactMatch,http://id.loc.gov/authorities/performanceMediums/mp2013015585,,,,,,,,,TARKISTA,"Kuubalainen pieni congarumpu, jota soitetaan yleensä yhdessä tumban ja congan kanssa.",
fmpo:00830,,,,,,quinto,,,,,,,,,,,,,,,,,,,,,,,,,,,,,
fmpo:00831,http://urn.fi/urn:nbn:fi:au:seko:00831,,quinton,quinton,quinton,,,,,http://www.yso.fi/onto/yso/p104968,Ranska,,fmpo:00446,jousisoitin,,,http://www.wikidata.org/entity/Q1243782,,,,,,skos:closeMatch,http://id.loc.gov/authorities/performanceMediums/mp2013015532,,,,,,,,,TARKISTA,"Ranskalainen viisikielinen yleensä viulun mallinen jousisoitin, jota soitetaan gamban tapaan ja jonka viritys on g-d'-a'-d''-g''.",
fmpo:00832,http://urn.fi/urn:nbn:fi:au:seko:00832,,raappa,raspa,scraper,,,,,,,,fmpo:00627,lyömäsoitin,,,http://www.wikidata.org/entity/Q1644824,,,,,,,,,,,,,,,,TARKISTA,"Lyömäsoitin, jonka ääni syntyy hammastettua tai lovettua pintaa raaputtamalla.",
fmpo:00832,,,,,,hammasidiofoni,fi,,,,,,,,,,,,,,,,,,,,,,,,,,,,
fmpo:00832,,,,,,racle,,,,,,,,,,,,,,,,,,,,,,,,,,,,,
fmpo:00832,,,,,,racleur,,,,,,,,,,,,,,,,,,,,,,,,,,,,,
fmpo:00832,,,,,,râpeur,,,,,,,,,,,,,,,,,,,,,,,,,,,,,
fmpo:00832,,,,,,raspador,,,,,,,,,,,,,,,,,,,,,,,,,,,,,
fmpo:00832,,,,,,Raspel,de,,,,,,,,,,,,,,,,,,,,,,,,,,,,
fmpo:00832,,,,,,Schrapidiophon,de,,,,,,,,,,,,,,,,,,,,,,,,,,,,
fmpo:00832,,,,,,,,rapeur,,,,,,,,,,,,,,,,,,,,,,,,,,,
fmpo:00833,http://urn.fi/urn:nbn:fi:au:seko:00833,,rabab,rabab,rabab,,,,,"http://www.yso.fi/onto/yso/p105025,http://www.yso.fi/onto/yso/p105335",Lähi-Itä|Pohjois-Afrikka,,fmpo:00770,piikkiviulu,,,http://www.wikidata.org/entity/Q623509,,,,,,,,,,,,,,,,TARKISTA,Lähi-idän ja Pohjois-Afrikan arabimaiden alueella käytettävä piikkiviulu. Termiä käytetään usein myös aasialaisesta pitkäkaulaluutusta. Siitä suositellaan kuitenkin käytettäväksi termiä rebab.,
fmpo:00833,,,,,,rabāba,,,,,,,,,,,,,,,,,,,,,,,,,,,,,
fmpo:00833,,,,,,rabābah (piikkiviulu),fi,,,,,,,,,,,,,,,,,,,,,,,,,,,,
fmpo:00833,,,,,,rabob (piikkiviulu),fi,,,,,,,,,,,,,,,,,,,,,,,,,,,,
fmpo:00833,,,,,,rbab (piikkiviulu),fi,,,,,,,,,,,,,,,,,,,,,,,,,,,,
fmpo:00833,,,,,,rebab (piikkuviulu),fi,,,,,,,,,,,,,,,,,,,,,,,,,,,,
fmpo:00833,,,,,,ribāb (piikkiviulu),fi,,,,,,,,,,,,,,,,,,,,,,,,,,,,
fmpo:00833,,,,,,robāb (piikkiviulu),fi,,,,,,,,,,,,,,,,,,,,,,,,,,,,
fmpo:00833,,,,,,rubab (piikkiviulu),fi,,,,,,,,,,,,,,,,,,,,,,,,,,,,
fmpo:00833,,,,,,rubob (piikkiviulu),fi,,,,,,,,,,,,,,,,,,,,,,,,,,,,
fmpo:00833,,,,,,,,rababa,,,,,,,,,,,,,,,,,,,,,,,,,,,
fmpo:00833,,,,,,,,rababah (piikkiviulu),,,,,,,,,,,,,,,,,,,,,,,,,,,
fmpo:00833,,,,,,,,ribab (piikkiviulu),,,,,,,,,,,,,,,,,,,,,,,,,,,
fmpo:00833,,,,,,,,robab (piikkiviulu),,,,,,,,,,,,,,,,,,,,,,,,,,,
fmpo:00834,http://urn.fi/urn:nbn:fi:au:seko:00834,,rabāba,rabāba,rabāba,,,,,"http://www.yso.fi/onto/yso/p105330,http://www.yso.fi/onto/yso/p109234,http://www.yso.fi/onto/yso/p108043",Etiopia|Eritrea|Sudan,,fmpo:00625,lyyra,https://github.com/NatLibFi/SEKO/issues/110,,http://www.wikidata.org/entity/Q116680638,MERGE? with masonquo seko:00653?  GMO:n says this is the same as masonquo.,,,,,,,https://doi.org/10.1093/gmo/9781561592630.article.52318,,,,,issue created,,2026-07-03,KESKEN,"Etiopiassa, Eritreassa ja Sudanissa käytettävä maljalyyra.",
fmpo:00834,,,,,,rababa,fi,,,,,,,,,,,,,,,,,,,,,,,,,,,,
fmpo:00834,,,,,,rababah,,,,,,,,,,,,,,,,,,,,,,,,,,,,,
fmpo:00834,,,,,,rapapa,,,,,,,,,,,,,,,,,,,,,,,,,,,,,
fmpo:00835,http://urn.fi/urn:nbn:fi:au:seko:00835,,ragas,ragas,ragas,,,,,http://www.yso.fi/onto/yso/p94268,Liettua,,fmpo:00819,puutrumpetti,,,http://www.wikidata.org/entity/Q116767008,,,,,,,,,,,,,,,,TARKISTA,Liettualainen puinen trumpettisoitin.,
fmpo:00836,http://urn.fi/urn:nbn:fi:au:seko:00836,,rags,rags,rags,,,,,http://www.yso.fi/onto/yso/p94259,Latvia,,fmpo:00899,sarvi (puhallinsoitin),,,http://www.wikidata.org/entity/Q116767066,,,,,,skos:broadMatch,http://id.loc.gov/authorities/performanceMediums/mp2013015496,,,,"""Latvialainen naudansarvesta tehty sormireiätön soitin.""@fi, ""A traditional Latvian lip-vibrated signalling horn made from a bovine horn without finger-holes.""@en",,,,2026-07-30,KESKEN,Latvialainen sarvesta tehty soitin.,
fmpo:00836,,,,,,ragi,lt,,,,,,,,,,,,,,,,,,,,,,,,,,,,
fmpo:00837,http://urn.fi/urn:nbn:fi:au:seko:00837,,rakorumpu,slit trumma,slit drum,,,,,,,,fmpo:00627,lyömäsoitin,,,http://www.wikidata.org/entity/Q628428,"Muusa: broader conept changed from ""rumpu"" to ""lyömäsoitin""",,,,,skos:closeMatch,http://id.loc.gov/authorities/performanceMediums/mp2013015656,,,,,,2026-07-05 Added the MUUSA decision to editorialNote,,2026-07-05 add editorialNote,KESKEN,Yleisnimitys yleensä puusta koverretuille lyömäsoittimille.,
fmpo:00838,http://urn.fi/urn:nbn:fi:au:seko:00838,,ramkie,ramkie,ramkie,,,,,http://www.yso.fi/onto/yso/p184559,Eteläinen Afrikka,,fmpo:00709,näppäilysoitin,,,http://www.wikidata.org/entity/Q2130181,,,,,,,,,,,,,,,,TARKISTA,Eteläafrikkalainen pitkäkaulainen kolme- tai nelikielinen otenauhaton luuttusoitin.,
fmpo:00838,http://urn.fi/urn:nbn:fi:au:seko:00838,,,,,Afri-can,,,,,,,,,,,,,,,,,,,,,,,,,,,,,
fmpo:00839,http://urn.fi/urn:nbn:fi:au:seko:00839,,rammanā,rebana,rebana,,,,,http://www.yso.fi/onto/yso/p105337,Kaakkois-Aasia,,fmpo:00484,kehärumpu,,,http://www.wikidata.org/entity/Q3181140,,,,,,,,,,,,,,,,TARKISTA,Kaakkoisaasialainen kehärumpu.,
fmpo:00839,,,,,,rammana,fi,,,,,,,,,,,,,,,,,,,,,,,,,,,,
fmpo:00839,,,,,,rebana,,,,,,,,,,,,,,,,,,,,,,,,,,,,,
fmpo:00840,http://urn.fi/urn:nbn:fi:au:seko:00840,,ranāt,ranāt,ranāt,,,,,"http://www.yso.fi/onto/yso/p105243,http://www.yso.fi/onto/yso/p105705",Thaimaa|Kambodža,,fmpo:00627,lyömäsoitin,,,http://www.wikidata.org/entity/Q4667250,,,,,,,,,,,,,,,,TARKISTA,Thaimaassa ja Kambodžassa käytettävien ksylofonien ja metallofonien nimitys.,
fmpo:00840,,,,,,ranat,,,,,,,,,,,,,,,,,,,,,,,,,,,,,
fmpo:00841,http://urn.fi/urn:nbn:fi:au:seko:00841,,ranketti,rankett,racket,,,,,,,,fmpo:00715,oboesoitin,,,http://www.wikidata.org/entity/Q1398629,,,,,,skos:exactMatch,http://id.loc.gov/authorities/performanceMediums/mp2013015589,,,,,,,,,TARKISTA,Renessanssin ja barokin aikainen fagottityyppinen puhallinsoitin.,
fmpo:00841,,,,,,Büchsenfagott,de,,,,,,,,,,,,,,,,,,,,,,,,,,,,
fmpo:00841,,,,,,cervelas,,,,,,,,,,,,,,,,,,,,,,,,,,,,,
fmpo:00841,,,,,,cervellato,,,,,,,,,,,,,,,,,,,,,,,,,,,,,
fmpo:00841,,,,,,makkarafagotti,fi,,,,,,,,,,,,,,,,,,,,,,,,,,,,
fmpo:00841,,,,,,rackett,en,,,,,,,,,,,,,,,,,,,,,,,,,,,,
fmpo:00841,,,,,,ranket,en,,,,,,,,,,,,,,,,,,,,,,,,,,,,
fmpo:00841,,,,,,Rankett,de,,,,,,,,,,,,,,,,,,,,,,,,,,,,
fmpo:00841,,,,,,sausage bassoon,en,,,,,,,,,,,,,,,,,,,,,,,,,,,,
fmpo:00841,,,,,,Wurstfagott,de,,,,,,,,,,,,,,,,,,,,,,,,,,,,
fmpo:00841,,,,,,,,Buchsenfagott,,,,,,,,,,,,,,,,,,,,,,,,,,,
fmpo:00842,http://urn.fi/urn:nbn:fi:au:seko:00842,,rapapalli,rapapalli,rapapalli,,,,,http://www.yso.fi/onto/yso/p94426,Suomi,,fmpo:00404,helistin,,,http://www.wikidata.org/entity/Q97341013,,,,,,,,,,,,,,,,TARKISTA,"Suomalainen, kansanomainen helistin. Yleensä tuohesta solmittu pallo, jonka sisällä on kiviä, kulkusia tai muita pieniä esineitä.",
fmpo:00843,http://urn.fi/urn:nbn:fi:au:seko:00843,,rāvanhattā,rāvanhattā,ravanahatha,,,,,"http://www.yso.fi/onto/yso/p234594, http://www.yso.fi/onto/yso/p234597",Gujarat|Rajashtan,,fmpo:00770,piikkiviulu,,,http://www.wikidata.org/entity/Q2724498,,,,,,,,,,,,,,,,TARKISTA,Luoteisintialainen piikkiviulu.,
fmpo:00843,,,,,,ravanhatta,fi,,,,,,,,,,,,,,,,,,,,,,,,,,,,
fmpo:00844,http://urn.fi/urn:nbn:fi:au:seko:00844,,rebab (näppäilysoitin),rubab,rubab,,,,,"http://www.yso.fi/onto/yso/p105280,http://www.yso.fi/onto/yso/p107650,http://www.yso.fi/onto/yso/p105027,http://www.yso.fi/onto/yso/p106202",Iran|Keski-Aasia|Intia|Afganistan,,fmpo:00709,näppäilysoitin,,,http://www.wikidata.org/entity/Q1640934,,,,,,skos:exactMatch,http://id.loc.gov/authorities/performanceMediums/mp2013015586,,,,,,,,,TARKISTA,"Aasialainen (Iran, Keski-Aasia, Intia, Afganistan) pitkäkaulainen luuttusoitin.",
fmpo:00844,,,,,,Afghan lute,en,,,,,,,,,,,,,,,,,,,,,,,,,,,,
fmpo:00844,,,,,,rabāb (näppäilysoitin),fi,,,,,,,,,,,,,,,,,,,,,,,,,,,,
fmpo:00844,,,,,,rabābah (näppäilysoitin),fi,,,,,,,,,,,,,,,,,,,,,,,,,,,,
fmpo:00844,,,,,,rabob (näppäilysoitin),fi,,,,,,,,,,,,,,,,,,,,,,,,,,,,
fmpo:00844,,,,,,rbab (näppäilysoitin),fi,,,,,,,,,,,,,,,,,,,,,,,,,,,,
fmpo:00844,,,,,,ribāb (näppäilysoitin),fi,,,,,,,,,,,,,,,,,,,,,,,,,,,,
fmpo:00844,,,,,,robāb,,,,,,,,,,,,,,,,,,,,,,,,,,,,,
fmpo:00844,,,,,,rohbab,,,,,,,,,,,,,,,,,,,,,,,,,,,,,
fmpo:00844,,,,,,rubab (näppäilysoitin),fi,,,,,,,,,,,,,,,,,,,,,,,,,,,,
fmpo:00844,,,,,,rubaub,en,,,,,,,,,,,,,,,,,,,,,,,,,,,,
fmpo:00844,,,,,,rubob (näppäilysoitin),fi,,,,,,,,,,,,,,,,,,,,,,,,,,,,
fmpo:00845,http://urn.fi/urn:nbn:fi:au:seko:00845,,rebec,rebec,rebec,,,,,http://www.yso.fi/onto/yso/p94111,Eurooppa,,fmpo:00446,jousisoitin,,,http://www.wikidata.org/entity/Q737520,,,,,,,,,,,,,,,,TARKISTA,Euroopassa varhaiskeskiajalta renessanssiaikaan käytetty jousisoitin (jousella soitettava luuttusoitin).,https://finto.fi/ic/fi/page/48C7313
fmpo:00845,,,,,,ribeca,it,,,,,,,,,,,,,,,,,,,,,,,,,,,,
fmpo:00845,,,,,,Rebec (Streichinstrument),de,,,,,,,,,,,,,,,,,,,,,,,,,,,,
fmpo:00845,,,,,,rebec (sorte de violon),fr,,,,,,,,,,,,,,,,,,,,,,,,,,,,
fmpo:00846,http://urn.fi/urn:nbn:fi:au:seko:00846,,reco-reco,reco-reco,reco-reco,,,,,http://www.yso.fi/onto/yso/p108126,Brasilia,,fmpo:00832,raappa,,,http://www.wikidata.org/entity/Q427782,,,,http://www.mimo-db.eu/InstrumentsKeywords/5332,,skos:exactMatch,http://id.loc.gov/authorities/performanceMediums/mp2013015596,,,,,,,,,TARKISTA,"Sambassa käytettävä metallinen hammasidiofoni, ""vieterigüiro"".",
fmpo:00846,,,,,,caracaxá,,,,,,,,,,,,,,,,,,,,,,,,,,,,,
fmpo:00846,,,,,,querequexé,,,,,,,,,,,,,,,,,,,,,,,,,,,,,
fmpo:00846,,,,,,raspador,,,,,,,,,,,,,,,,,,,,,,,,,,,,,
fmpo:00847,http://urn.fi/urn:nbn:fi:au:seko:00847,,regaaliurut,regal,regal,,,,,,,,fmpo:01167,urut,,,http://www.wikidata.org/entity/Q930827,,,,,,,,,,,,,,,,TARKISTA,,
fmpo:00847,,,,,,Bibelregal,de,,,,,,,,,,,,,,,,,,,,,,,,,,,,
fmpo:00847,,,,,,Bible regal,en,,,,,,,,,,,,,,,,,,,,,,,,,,,,
fmpo:00847,,,,,,biibeliregaali,fi,,,,,,,,,,,,,,,,,,,,,,,,,,,,
fmpo:00847,,,,,,casket regal,en,,,,,,,,,,,,,,,,,,,,,,,,,,,,
fmpo:00847,,,,,,órgano de lengüetería,,,,,,,,,,,,,,,,,,,,,,,,,,,,,
fmpo:00847,,,,,,órgano de regalía,,,,,,,,,,,,,,,,,,,,,,,,,,,,,
fmpo:00847,,,,,,órgano de regalías,,,,,,,,,,,,,,,,,,,,,,,,,,,,,
fmpo:00847,,,,,,raamatturegaali,fi,,,,,,,,,,,,,,,,,,,,,,,,,,,,
fmpo:00847,,,,,,regaal,,,,,,,,,,,,,,,,,,,,,,,,,,,,,
fmpo:00847,,,,,,regaali,fi,,,,,,,,,,,,,,,,,,,,,,,,,,,,
fmpo:00847,,,,,,regał,,,,,,,,,,,,,,,,,,,,,,,,,,,,,
fmpo:00847,,,,,,"regal organ",en,,,,,,,,,,,,,,,,,,,,,,,,,,,,
fmpo:00847,,,,,,regalas,,,,,,,,,,,,,,,,,,,,,,,,,,,,,
fmpo:00847,,,,,,regale,,,,,,,,,,,,,,,,,,,,,,,,,,,,,
fmpo:00847,,,,,,regales,,,,,,,,,,,,,,,,,,,,,,,,,,,,,
fmpo:00847,,,,,,Regalorgel,de,,,,,,,,,,,,,,,,,,,,,,,,,,,,
fmpo:00847,,,,,,regalos real,,,,,,,,,,,,,,,,,,,,,,,,,,,,,
fmpo:00847,,,,,,regals,,,,,,,,,,,,,,,,,,,,,,,,,,,,,
fmpo:00847,,,,,,,,organo de lengueteria,,,,,,,,,,,,,,,,,,,,,,,,,,,
fmpo:00847,,,,,,,,organo de regalia,,,,,,,,,,,,,,,,,,,,,,,,,,,
fmpo:00847,,,,,,,,organo de regalias,,,,,,,,,,,,,,,,,,,,,,,,,,,
fmpo:00847,,,,,,,,regal,,,,,,,,,,,,,,,,,,,,,,,,,,,
fmpo:00848,http://urn.fi/urn:nbn:fi:au:seko:00848,,renessanssikitara,renessansgitarr,renaissance guitar,,,,,,,,fmpo:00504,kitara,https://github.com/NatLibFi/SEKO/issues/70,,MISSING,"SPLIT?  gittern on seko:00373 - read Wikipedia: ""History of the classical guitar"",  ""Vihuela"",  and the interview of Jarmo Julkunen ",321.322-5,,,,,,https://en.wikipedia.org/wiki/History_of_the_classical_guitar#Renaissance_stringed_instruments|https://en.wikipedia.org/wiki/Vihuela|https://riffi.fi/artikkelit/haastattelut/tapaus-jarmo-julkunen-kitarasta-mandoliiniin-ja-mandoliinista-ukuleleen,,,,,"Keep renaissance guitar, add labels, add seeAlso references,  add skos:related to gittern and vihuela",,2026-06-28,KESKEN,"Nelikielinen kitara, joka oli käytössä ennen 1600-lukua.",
fmpo:00848,,,,,,renaissance four-course guitar,en,,,,,,,,,,,,,,,,,,,,,,,,,,,,
fmpo:00848,,,,,,chitarra da sette corde,it,,,,,,,,,,,,,,,,,,,,,,,,,,,,
fmpo:00848,,,,,,guitarra de cuatro órdenes,es,,,,,,,,,,,,,,,,,,,,,,,,,,,,
fmpo:00848,,,,,,four-course renaisasnce guitar,en,,,,,,,,,,,,,,,,,,,,,,,,,,,,
fmpo:00848,,,,,,gittern,en,,,,,,,,,,,,,,,,,,,,,,,,,,,,
fmpo:00848,,,,,,guiterre,en,,,,,,,,,,,,,,,,,,,,,,,,,,,,
fmpo:00849,http://urn.fi/urn:nbn:fi:au:seko:00849,,repinique,repinique,repinique,,,,,http://www.yso.fi/onto/yso/p108126,Brasilia,,fmpo:00864,rumpu,,,http://www.wikidata.org/entity/Q255273,,,,,,,,,,,,,,,,TARKISTA,Sambassa käytetty rumpu.,
fmpo:00849,,,,,,repique,,,,,,,,,,,,,,,,,,,,,,,,,,,,,
fmpo:00850,http://urn.fi/urn:nbn:fi:au:seko:00850,,requintó,requinto,requinto,,,,,http://www.yso.fi/onto/yso/p105005,Latinalainen Amerikka,,fmpo:00504,kitara,,,http://www.wikidata.org/entity/Q24196576,,,,,,,,,,,,,,,,TARKISTA,Latinalaisen Amerikan maissa käytettävä pieni kitara.,
fmpo:00850,,,,,,requinto,fi,,,,,,,,,,,,,,,,,,,,,,,,,,,,
fmpo:00851,http://urn.fi/urn:nbn:fi:au:seko:00851,,reunahuilu,ändblåst flöjt,ductless flute,,,,,,,,fmpo:00418,huilusoitin,,,http://www.wikidata.org/entity/Q1879241,,421.11,,http://www.mimo-db.eu/InstrumentsKeywords/3940,,skos:exactMatch,http://id.loc.gov/authorities/performanceMediums/mp2013015224,,,seko:01134,,"""Huilusoitinten toinen päätyyppi. Reunahuilujen ääni syntyy siten, että soittaja suuntaa ilmavirran huilun reunaan.""@fi|""A woodwind instrument whose sound is created by blowing across an edge. (LCMPTI""€en",changed LCMPT mapping to edge-blown instrument; changed labels,,2026-06-28,valid,,
fmpo:00851,,,,,,end-blown flute,en,,,,,,,,,,,,,,,,,,,,,,,,,,,,
fmpo:00851,,,,,,edge-blown flute,en,,,,,,,,,,,,,,,,,,,,,,,,,,,,
fmpo:00851,,,,,,rim-blown flute,en,,,,,,,,,,,,,,,,,,,,,,,,,,,,
fmpo:00852,http://urn.fi/urn:nbn:fi:au:seko:00852,,reyong,reyong,reyong,,,,,http://www.yso.fi/onto/yso/p112514,Bali,,fmpo:00376,gongi,,,http://www.wikidata.org/entity/Q6415141,,,,,,,,,,,,,,,,TARKISTA,Balilaisen gamelan-orkesterin gongisarja.,
fmpo:00852,,,,,,réong,,,,,,,,,,,,,,,,,,,,,,,,,,,,,
fmpo:00852,,,,,,,,reong,,,,,,,,,,,,,,,,,,,,,,,,,,,
fmpo:00853,http://urn.fi/urn:nbn:fi:au:seko:00853,,rgya-gling,rgya-gling,gyaling,,,,,http://www.yso.fi/onto/yso/p106176,Tiibet,,fmpo:00715,oboesoitin,,,http://www.wikidata.org/entity/Q1127899,,,,,,skos:exactMatch,http://id.loc.gov/authorities/performanceMediums/mp2013015602,,,,,,,,,TARKISTA,"Tiibetiläinen, buddhalaisissa rituaaleissa käytettävä oboesoitin.",
fmpo:00853,,,,,,rgya gliṅ,,,,,,,,,,,,,,,,,,,,,,,,,,,,,
fmpo:00853,,,,,,,,rgya glin,,,,,,,,,,,,,,,,,,,,,,,,,,,
fmpo:00854,http://urn.fi/urn:nbn:fi:au:seko:00854,,rgyud-mang,rgyud-mang,rgyud-mang,,,,,http://www.yso.fi/onto/yso/p106176,Tiibet,,fmpo:00303,dulcimer,https://github.com/NatLibFi/SEKO/issues/71,,https://www.wikidata.org/wiki/Q140373339,,314.122-4,,,,,,,,seko:01203|seko:01204|seko:00497," ""Tiibettiläinen dulcimer eli laatikkositra.""@fi",,"Corrected prefLabel, added Wikidata links and skos:related",,2026-06-28,valid,Tiibetiläinen dulcimer-soitin.,
fmpo:00854,,,,,,,,rgyd-mang,fi,,,,,,,,,,,,,,,,,,,,,,,,,,
fmpo:00855,http://urn.fi/urn:nbn:fi:au:seko:00855,,riqq,riqq,riq,,,,,http://www.yso.fi/onto/yso/p105528,Arabian niemimaa,,fmpo:00484,kehärumpu,,,http://www.wikidata.org/entity/Q17057067,,,,http://www.mimo-db.eu/InstrumentsKeywords/2714,,skos:exactMatch,https://id.loc.gov/authorities/performanceMediums/mp2017015008,,,,,,,,,TARKISTA,Arabimaissa käytettävä kehärumpu.,
fmpo:00855,,,,,,reqq,,,,,,,,,,,,,,,,,,,,,,,,,,,,,
fmpo:00856,http://urn.fi/urn:nbn:fi:au:seko:00856,,rkang-gling,rkang-gling,kangling,,,,,http://www.yso.fi/onto/yso/p106176,Tiibet,,fmpo:01171,vaskipuhallin,,,http://www.wikidata.org/entity/Q1432696,,,,,,,,,,,,,,,,TARKISTA,"Tiibetiläinen, luusta valmistettu trumpettisoitin.",
fmpo:00856,,,,,,femur trumpet,en,,,,,,,,,,,,,,,,,,,,,,,,,,,,
fmpo:00856,,,,,,"thighbone trumpet",en,,,,,,,,,,,,,,,,,,,,,,,,,,,,
fmpo:00857,http://urn.fi/urn:nbn:fi:au:seko:00857,,rnga,rnga,rnga,,,,,http://www.yso.fi/onto/yso/p106176,Tiibet,,fmpo:00864,rumpu,,,http://www.wikidata.org/entity/Q116773787,,,,,,,,,,,,,,,,TARKISTA,Tiibetiläinen suurikokoinen kaksikalvoinen rumpu.,
fmpo:00857,,,,,,nga,,,,,,,,,,,,,,,,,,,,,,,,,,,,,
fmpo:00858,http://urn.fi/urn:nbn:fi:au:seko:00858,,rommelpot,rummelpott,rommelpot,,,,,http://www.yso.fi/onto/yso/p105190,Alankomaat,,fmpo:00508,kitkarumpu,,,http://www.wikidata.org/entity/Q9097454,,,,,,,,,,,,,,,,TARKISTA,"Hollantilainen kitkarumpu, jota soitetaan kalvon läpi työnnetyllä puukepillä.",
fmpo:00859,http://urn.fi/urn:nbn:fi:au:seko:00859,,rondador,rondador,rondador,,,,,http://www.yso.fi/onto/yso/p105005,Latinalainen Amerikka,,fmpo:00749,panhuilu,,,http://www.wikidata.org/entity/Q6149665,,,,,,skos:broadMatch,http://id.loc.gov/authorities/performanceMediums/mp2013015528,,,,,,,,,TARKISTA,Latinalaisen Amerikan intiaanien panhuilu.,
fmpo:00860,http://urn.fi/urn:nbn:fi:au:seko:00860,,rotte,rotta,round lyre,,,,,,,,fmpo:00625,lyyra,,,http://www.wikidata.org/entity/Q115799612,,,,,,skos:closeMatch,http://id.loc.gov/authorities/performanceMediums/mp2013015437,,,,,,,,,TARKISTA,"Keskiaikainen näppäiltävä lyyrasoitin, jonka lähisukulaisia on mm. crwth.",
fmpo:00860,,,,,,chrotta,,,,,,,,,,,,,,,,,,,,,,,,,,,,,
fmpo:00860,,,,,,Germanic lyre,en,,,,,,,,,,,,,,,,,,,,,,,,,,,,
fmpo:00860,,,,,,rotta,,,,,,,,,,,,,,,,,,,,,,,,,,,,,
fmpo:00861,http://urn.fi/urn:nbn:fi:au:seko:00861,,rožok,rožok,rozhok,,,,,http://www.yso.fi/onto/yso/p94479,Venäjä,,fmpo:01171,vaskipuhallin,,,http://www.wikidata.org/entity/Q17054849,,,,,,,,,,,,,,,,TARKISTA,Venäläinen trumpettimainen paimentorvi.,
fmpo:00861,,,,,,rojok,,,,,,,,,,,,,,,,,,,,,,,,,,,,,
fmpo:00861,,,,,,rozok,fi,,,,,,,,,,,,,,,,,,,,,,,,,,,,
fmpo:00861,,,,,,Vladimirskiy rozhok,ru,,,,,,,,,,,,,,,,,,,,,,,,,,,,
fmpo:00862,http://urn.fi/urn:nbn:fi:au:seko:00862,,rudravina,rudra vina,rudra veena,,,,,http://www.yso.fi/onto/yso/p235078,Pohjois-Intia,,fmpo:01182,vina,,,http://www.wikidata.org/entity/Q5266546,,,,,,,,,,,,,,,,TARKISTA,Pohjoisintialainen sormitettava vina-soitin.,
fmpo:00862,,,,,,been,,,,,,,,,,,,,,,,,,,,,,,,,,,,,
fmpo:00862,,,,,,bīn,,,,,,,,,,,,,,,,,,,,,,,,,,,,,
fmpo:00862,,,,,,rudra vīṇā,,,,,,,,,,,,,,,,,,,,,,,,,,,,,
fmpo:00862,,,,,,,,bin,,,,,,,,,,,,,,,,,,,,,,,,,,,
fmpo:00862,,,,,,,,rudra vina,,,,,,,,,,,,,,,,,,,,,,,,,,,
fmpo:00863,http://urn.fi/urn:nbn:fi:au:seko:00863,,rummut,trummor,drums,,,,,,,,fmpo:00627,lyömäsoitin,,http://www.yso.fi/onto/yso/p19062,http://www.wikidata.org/entity/Q128309,,,,,,skos:exactMatch,http://id.loc.gov/authorities/performanceMediums/mp2013015222,,,,,,,,,TARKISTA,"Populaari- ja etnomusiikissa käytettävä nimitys useista rummuista, lautasista, high-hatista etc. koostuvalle kokonaisuudelle, jota yleensä soittaa yksi soittaja. Populaarimusiikissa fuktiomerkinnöissä käytetään lyhennettä dr.",https://finto.fi/ic/fi/page/48C7341
fmpo:00863,,,,,,batterie (rummut),fi,,,,,,,,,,,,,,,,,,,,,,,,,,,,
fmpo:00863,,,,,,dr (rummut),fi,,,,,,,,,,,,,,,,,,,,,,,,,,,,
fmpo:00863,,,,,,rumpusetti,fi,,,,,,,,,,,,,,,,,,,,,,,,,,,,
fmpo:00864,http://urn.fi/urn:nbn:fi:au:seko:00864,,rumpu,trumma,drum,,,,,,,,"fmpo:00627, fmpo:00458",lyömäsoitin|kalvosoitin,,http://www.yso.fi/onto/yso/p19062,http://www.wikidata.org/entity/Q11404,,,,,,skos:exactMatch,http://id.loc.gov/authorities/performanceMediums/mp2013015218,,,,,,,,,TARKISTA,"Yleisnimi lyömäsoittimille, joissa on kehyksen yli on pingotettu kalvo.",
fmpo:00864,,,,,,caisse,,,,,,,,,,,,,,,,,,,,,,,,,,,,,
fmpo:00864,,,,,,cassa,,,,,,,,,,,,,,,,,,,,,,,,,,,,,
fmpo:00864,,,,,,tambour,,,,,,,,,,,,,,,,,,,,,,,,,,,,,
fmpo:00864,,,,,,tamburo,,,,,,,,,,,,,,,,,,,,,,,,,,,,,
fmpo:00864,,,,,,Trommel,de,,,,,,,,,,,,,,,,,,,,,,,,,,,,
fmpo:00864,,,,,,wankara,,,,,,,,,,,,,,,,,,,,,,,,,,,,,
fmpo:00865,http://urn.fi/urn:nbn:fi:au:seko:00865,,rumpukone,trummaskin,drum machine,,,,,,,,"fmpo:00627, fmpo:01021",lyömäsoitin|sähkösoitin,,http://www.yso.fi/onto/yso/p29878,http://www.wikidata.org/entity/Q831698,,,,,,skos:exactMatch,http://id.loc.gov/authorities/performanceMediums/mp2013015221,,,,,,,,,TARKISTA,Lyömäsoittimin ohjattava syntetisaattori.,
fmpo:00865,,,,,,dr-synt (rumpukone),fi,,,,,,,,,,,,,,,,,,,,,,,,,,,,
fmpo:00866,http://urn.fi/urn:nbn:fi:au:seko:00866,,ruotsalainen luuttu,svensk luta,Swedish lute,,,,,http://www.yso.fi/onto/yso/p94383,Ruotsi,,fmpo:00940,sisteri,,,http://www.wikidata.org/entity/Q10684877,,,,,,skos:broadMatch,http://id.loc.gov/authorities/performanceMediums/mp2013015320,,,,,,,,,TARKISTA,"Matthias Petter Kraftin 1700-luvun lopulla kehittelemä sisteri, jossa on kuusi soittokieltä ja yleensä vähintään neljä bassokieltä.",
fmpo:00866,,,,,,luth suédois,fr,,,,,,,,,,,,,,,,,,,,,,,,,,,,
fmpo:00866,,,,,,schwedische Theorbe,de,,,,,,,,,,,,,,,,,,,,,,,,,,,,
fmpo:00866,,,,,,,,luth suedois,,,,,,,,,,,,,,,,,,,,,,,,,,,
fmpo:00867,http://urn.fi/urn:nbn:fi:au:seko:00867,,ruukku (lyömäsoitin),botija,botija,,,,,,,,fmpo:00627,lyömäsoitin,,,http://www.wikidata.org/entity/Q5732744,,,,,,,,,,,,,,,,TARKISTA,"Savesta tai muusta vastaavasta aineesta valmistettu astia, jota käytetään lyömäsoittimena.",
fmpo:00867,,,,,,botijá,,,,,,,,,,,,,,,,,,,,,,,,,,,,,
fmpo:00867,,,,,,botijuela,,,,,,,,,,,,,,,,,,,,,,,,,,,,,
fmpo:00867,,,,,,bunga,,,,,,,,,,,,,,,,,,,,,,,,,,,,,
fmpo:00867,,,,,,kukkaruukku,fi,,,,,,,,,,,,,,,,,,,,,,,,,,,,
fmpo:00868,http://urn.fi/urn:nbn:fi:au:seko:00868,,rytmikapulat,claves,claves,,,,,,,,fmpo:00627,lyömäsoitin,,,http://www.wikidata.org/entity/Q850118,,,,,,skos:exactMatch,http://id.loc.gov/authorities/performanceMediums/mp2013015156,,,,,,,,,TARKISTA,Varsinkin latinalaisamerikkalaisessa populaarimusiikissa rytmisoittimena käytettävät toisiaan vasten lyötävät kovapuiset palikat.,
fmpo:00868,,,,,,clavesit,,,,,,,,,,,,,,,,,,,,,,,,,,,,,
fmpo:00868,,,,,,cuban sticks,en,,,,,,,,,,,,,,,,,,,,,,,,,,,,
fmpo:00868,,,,,,Gegenschlagstäbe,de,,,,,,,,,,,,,,,,,,,,,,,,,,,,
fmpo:00868,,,,,,legnetti,fi,,,,,,,,,,,,,,,,,,,,,,,,,,,,
fmpo:00868,,,,,,palikat,fi,,,,,,,,,,,,,,,,,,,,,,,,,,,,
fmpo:00868,,,,,,,,Gegenschlagstabe,,,,,,,,,,,,,,,,,,,,,,,,,,,
fmpo:00869,http://urn.fi/urn:nbn:fi:au:seko:00869,,rytmimuna,äggskallra,egg shaker,,,,,,,,fmpo:00404,helistin,,,http://www.wikidata.org/entity/Q2553890,,,,,,,,,,,,,,,,TARKISTA,"Kananmunan mallinen helistin, jonka kuori on yleensä muovia ja jonka täytteenä on kuivattuja siemeniä tai muita pienikokoisia kappaleita, jotka soitinta ravistettaessa aiheuttavat kahisevan äänen.",
fmpo:00869,,,,,,ganza,,,,,,,,,,,,,,,,,,,,,,,,,,,,,
fmpo:00869,,,,,,munahelistin,fi,,,,,,,,,,,,,,,,,,,,,,,,,,,,
fmpo:00869,,,,,,percussie-ei,,,,,,,,,,,,,,,,,,,,,,,,,,,,,
fmpo:00869,,,,,,,,aggskallra,,,,,,,,,,,,,,,,,,,,,,,,,,,
fmpo:00870,http://urn.fi/urn:nbn:fi:au:seko:00870,,ryuteki,ryuteki,ryuteki,,,,,http://www.yso.fi/onto/yso/p105023,Japani,,fmpo:00082,bambuhuilu,,,http://www.wikidata.org/entity/Q1760249,,,,http://www.mimo-db.eu/InstrumentsKeywords/4042,,,,,,,,,,,,TARKISTA,Aasialainen (japanilainen) bambuhuilu.,
fmpo:00870,,,,,,ryūteki,,,,,,,,,,,,,,,,,,,,,,,,,,,,,
fmpo:00871,http://urn.fi/urn:nbn:fi:au:seko:00871,,räikkä,harskramla,ratchet,,,,,,,,fmpo:00832,raappa,,,http://www.wikidata.org/entity/Q954753,,,,,,,,,,,,,,,,TARKISTA,Kädessä pyöritettävä hälysoitin.,
fmpo:00871,,,,,,cog rattle,en,,,,,,,,,,,,,,,,,,,,,,,,,,,,
fmpo:00871,,,,,,crécelle,fr,,,,,,,,,,,,,,,,,,,,,,,,,,,,
fmpo:00871,,,,,,raganella,,,,,,,,,,,,,,,,,,,,,,,,,,,,,
fmpo:00871,,,,,,Raspel,de,,,,,,,,,,,,,,,,,,,,,,,,,,,,
fmpo:00871,,,,,,Ratsche,de,,,,,,,,,,,,,,,,,,,,,,,,,,,,
fmpo:00871,,,,,,rattle,en,,,,,,,,,,,,,,,,,,,,,,,,,,,,
fmpo:00872,http://urn.fi/urn:nbn:fi:au:seko:00872,,räty,räty,räty,,,,,http://www.yso.fi/onto/yso/p94426,Suomi,,fmpo:00627,lyömäsoitin,,,http://www.wikidata.org/entity/Q116774684,,,,,,,,,,,,,,,,TARKISTA,Suomalainen kansanomainen lyömäsoitin (putkilakutin).,
fmpo:00872,,,,,,putkilakutin,fi,,,,,,,,,,,,,,,,,,,,,,,,,,,,
fmpo:00873,http://urn.fi/urn:nbn:fi:au:seko:00873,,saarijärvenkantele,Saarijärvi kantele,Saarijärvi kantele,,,,,http://www.yso.fi/onto/yso/p94426,Suomi,,fmpo:00470,kantele,,,http://www.wikidata.org/entity/Q116774694,,,,,,skos:broadMatch,http://id.loc.gov/authorities/performanceMediums/mp2013015373,,,,,,,,,TARKISTA,Alueellisesti esiintyvä kantelemalli.,
fmpo:00873,,,,,,Saarijärven kantele,fi,,,,,,,,,,,,,,,,,,,,,,,,,,,,
fmpo:00873,,,,,,tikkukantele,fi,,,,,,,,,,,,,,,,,,,,,,,,,,,,
fmpo:00874,http://urn.fi/urn:nbn:fi:au:seko:00874,,sabar,sabar,sabar,,,,,"http://www.yso.fi/onto/yso/p94407,http://www.yso.fi/onto/yso/p109290",Senegal|Gambia,,fmpo:00864,rumpu,,,http://www.wikidata.org/entity/Q747604,,,,,,,,,,,,,,,,TARKISTA,"Senegalilainen ja gambialainen yksi- tai kaksikalvoinen rumpu, jonka tiimalaisin tai munan mallinen runko on veistetty yhdestä puukappaleesta.",
fmpo:00874,,,,,,sabaro,,,,,,,,,,,,,,,,,,,,,,,,,,,,,
fmpo:00874,,,,,,saoruba,,,,,,,,,,,,,,,,,,,,,,,,,,,,,
fmpo:00874,,,,,,serouba,,,,,,,,,,,,,,,,,,,,,,,,,,,,,
fmpo:00874,,,,,,shabar,,,,,,,,,,,,,,,,,,,,,,,,,,,,,
fmpo:00874,,,,,,tantan,,,,,,,,,,,,,,,,,,,,,,,,,,,,,
fmpo:00874,,,,,,tantango,,,,,,,,,,,,,,,,,,,,,,,,,,,,,
fmpo:00875,http://urn.fi/urn:nbn:fi:au:seko:00875,,sadekeppi,regnstav,rainstick,,,,,,,,fmpo:00404,helistin,,,http://www.wikidata.org/entity/Q930342,,,,,,skos:exactMatch,http://id.loc.gov/authorities/performanceMediums/mp2020015025,,,,,,,,,TARKISTA,,
fmpo:00875,,,,,,albero della pioggia,it,,,,,,,,,,,,,,,,,,,,,,,,,,,,
fmpo:00875,,,,,,bastone della pioggia,it,,,,,,,,,,,,,,,,,,,,,,,,,,,,
fmpo:00875,,,,,,bâton de pluie,fr,,,,,,,,,,,,,,,,,,,,,,,,,,,,
fmpo:00875,,,,,,dešťová hůl,,,,,,,,,,,,,,,,,,,,,,,,,,,,,
fmpo:00875,,,,,,doŝovicâ,,,,,,,,,,,,,,,,,,,,,,,,,,,,,
fmpo:00875,,,,,,esőbot,,,,,,,,,,,,,,,,,,,,,,,,,,,,,
fmpo:00875,,,,,,pal de pluja,,,,,,,,,,,,,,,,,,,,,,,,,,,,,
fmpo:00875,,,,,,palo de agua,,,,,,,,,,,,,,,,,,,,,,,,,,,,,
fmpo:00875,,,,,,palo de lluvía,,,,,,,,,,,,,,,,,,,,,,,,,,,,,
fmpo:00875,,,,,,palo della pioggia,it,,,,,,,,,,,,,,,,,,,,,,,,,,,,
fmpo:00875,,,,,,pau de chuva,,,,,,,,,,,,,,,,,,,,,,,,,,,,,
fmpo:00875,,,,,,pau-de-chuva,,,,,,,,,,,,,,,,,,,,,,,,,,,,,
fmpo:00875,,,,,,Regenmacher,de,,,,,,,,,,,,,,,,,,,,,,,,,,,,
fmpo:00875,,,,,,regnpinne,sv,,,,,,,,,,,,,,,,,,,,,,,,,,,,
fmpo:00875,,,,,,,,baton de pluie,,,,,,,,,,,,,,,,,,,,,,,,,,,
fmpo:00875,,,,,,,,destova hul,,,,,,,,,,,,,,,,,,,,,,,,,,,
fmpo:00875,,,,,,,,dosovica,,,,,,,,,,,,,,,,,,,,,,,,,,,
fmpo:00875,,,,,,,,esobot,,,,,,,,,,,,,,,,,,,,,,,,,,,
fmpo:00875,,,,,,,,palo de lluvia,,,,,,,,,,,,,,,,,,,,,,,,,,,
fmpo:00876,http://urn.fi/urn:nbn:fi:au:seko:00876,,saenghwang,saenghwang,saenghwang,,,,,http://www.yso.fi/onto/yso/p109302,Korea,,fmpo:01004,suu-urut,,,http://www.wikidata.org/entity/Q4217223,,,,,,,,,,,,,,,,TARKISTA,Korealaiset suu-urut.,
fmpo:00877,http://urn.fi/urn:nbn:fi:au:seko:00877,,saha (soitin),musikalisk såg,musical saw,,,,,,,,fmpo:00953,soitin,https://github.com/NatLibFi/SEKO/issues/111,,https://www.wikidata.org/wiki/Q1144761,"altLabel ""musical saw"" en in Wikdata ""saha""",,,,,skos:exactMatch,http://id.loc.gov/authorities/performanceMediums/mp2017015015,http://www.wikidata.org/entity/Q1144761,,,,,"issue created - change Broader, add mappings",,2026-07-03,KESKEN,"Erikoisvalmisteinen metallisaha, jota soitetaan yleensä viulun jousella.",
fmpo:00877,,,,,,musical saw,en,,,,,,,,,,,,,,,,,,,,,,,,,,,,
fmpo:00877,,,,,,singing saw,en,,,,,,,,,,,,,,,,,,,,,,,,,,,,
fmpo:00878,http://urn.fi/urn:nbn:fi:au:seko:00878,,śahnāī,shehnai,shehnai,,,,,http://www.yso.fi/onto/yso/p235078,Pohjois-Intia,,fmpo:00715,oboesoitin,,,http://www.wikidata.org/entity/Q847911,,,,,,skos:exactMatch,http://id.loc.gov/authorities/performanceMediums/mp2013015636,,,,,,,,,TARKISTA,Pohjoisintialainen oboetyyppinen puhallinsoitin.,
fmpo:00878,,,,,,sahnai,fi,,,,,,,,,,,,,,,,,,,,,,,,,,,,
fmpo:00878,,,,,,sanāī,,,,,,,,,,,,,,,,,,,,,,,,,,,,,
fmpo:00878,,,,,,sānāyī,,,,,,,,,,,,,,,,,,,,,,,,,,,,,
fmpo:00878,,,,,,shahnāī,,,,,,,,,,,,,,,,,,,,,,,,,,,,,
fmpo:00878,,,,,,shanai,,,,,,,,,,,,,,,,,,,,,,,,,,,,,
fmpo:00878,,,,,,shehnai,,,,,,,,,,,,,,,,,,,,,,,,,,,,,
fmpo:00878,,,,,,surnai,,,,,,,,,,,,,,,,,,,,,,,,,,,,,
fmpo:00878,,,,,,,,sanai,,,,,,,,,,,,,,,,,,,,,,,,,,,
fmpo:00878,,,,,,,,sanayi,,,,,,,,,,,,,,,,,,,,,,,,,,,
fmpo:00878,,,,,,,,shahnai,,,,,,,,,,,,,,,,,,,,,,,,,,,
fmpo:00879,http://urn.fi/urn:nbn:fi:au:seko:00879,,saksofoni,saxofon,saxophone,,,,,,,,fmpo:00513,klarinettisoitin,,http://www.yso.fi/onto/yso/p12017,http://www.wikidata.org/entity/Q9798,,,,,,skos:closeMatch,http://id.loc.gov/authorities/performanceMediums/mp2013015625,,,,,,,,,TARKISTA,"1800-luvulla keksitty lehdykkäpuhallinsoitin, jota on käytetty sekä taide- että populaarimusiikissa.",
fmpo:00879,,,,,,melodiasaksofoni,fi,,,,,,,,,,,,,,,,,,,,,,,,,,,,
fmpo:00879,,,,,,sax (saksofoni),fi,,,,,,,,,,,,,,,,,,,,,,,,,,,,
fmpo:00880,http://urn.fi/urn:nbn:fi:au:seko:00880,,salamuri,salamuri,salamuri,,,,,http://www.yso.fi/onto/yso/p106264,Georgia,,fmpo:01134,tulppakanavahuilu,https://github.com/NatLibFi/SEKO/issues/113,,http://www.wikidata.org/entity/Q3469620,"See also ""duduki"" seko:00299",,,,,,,,,,,,issue crieated - mappings,,2026-07-03,KESKEN,Georgialainen tulppakanavahuilu.,
fmpo:00881,http://urn.fi/urn:nbn:fi:au:seko:00881,,sampleri,sampler,sound sampler,,,,,,,,fmpo:01021,sähkösoitin,,http://www.yso.fi/onto/yso/p30101,http://www.wikidata.org/entity/Q320002,,,,,,skos:exactMatch,http://id.loc.gov/authorities/performanceMediums/mp2013015612,,,,,,,,,TARKISTA,,
fmpo:00881,,,,,,campionatore,,,,,,,,,,,,,,,,,,,,,,,,,,,,,
fmpo:00881,,,,,,échantilloneur,,,,,,,,,,,,,,,,,,,,,,,,,,,,,
fmpo:00881,,,,,,,,echantilloneur,,,,,,,,,,,,,,,,,,,,,,,,,,,
fmpo:00882,http://urn.fi/urn:nbn:fi:au:seko:00882,,san hsien,sanxian,sanxian,,,,,http://www.yso.fi/onto/yso/p104984,Kiina,,fmpo:00709,näppäilysoitin,,,http://www.wikidata.org/entity/Q1860805,,,,,,skos:exactMatch,http://id.loc.gov/authorities/performanceMediums/mp2013015613,,,,,,,,,TARKISTA,Kiinalainen pitkäkaulainen luuttusoitin.,
fmpo:00882,,,,,,hsien tse,,,,,,,,,,,,,,,,,,,,,,,,,,,,,
fmpo:00882,,,,,,sanxian,,,,,,,,,,,,,,,,,,,,,,,,,,,,,
fmpo:00882,,,,,,xian ze,,,,,,,,,,,,,,,,,,,,,,,,,,,,,
fmpo:00882,,,,,,xianzi,,,,,,,,,,,,,,,,,,,,,,,,,,,,,
fmpo:00883,http://urn.fi/urn:nbn:fi:au:seko:00883,,sanduri,PUUTTUU,PUUTTUU,,,,,http://www.yso.fi/onto/yso/p105037,Kreikka,,fmpo:00303,dulcimer,https://github.com/NatLibFi/SEKO/issues/114,,MISSING,"MERGE? Is this different from ""cimbalom"" or ""santur""",,,,,skos:closeMatch,http://id.loc.gov/authorities/performanceMediums/mp2013015228,,,,,,issue created,,2026-07-02,KESKEN,Kreikkalainen dulcimer.,
fmpo:00883,,,,,,sandouri,,,,,,,,,,,,,,,,,,,,,,,,,,,,,
fmpo:00884,http://urn.fi/urn:nbn:fi:au:seko:00884,,sanj,sanj,sanj,,,,,http://www.yso.fi/onto/yso/p105528,Arabian niemimaa,,fmpo:00585,lautanen,,,http://www.wikidata.org/entity/Q7418340,,,,,,,,,,,,,,,,TARKISTA,Arabialainen yleisnimitys lautasille.,
fmpo:00885,http://urn.fi/urn:nbn:fi:au:seko:00885,,śankh,sankh,shankha,,,,,"http://www.yso.fi/onto/yso/p105027,http://www.yso.fi/onto/yso/p105336",Intia|Etelä-Aasia,,fmpo:01171,vaskipuhallin,,,http://www.wikidata.org/entity/Q2479786,,,,,,,,,,,,,,,,TARKISTA,Intiassa ja Etelä-Aasiassa käytettävä simpukankuoresta valmistettu trumpettisoitin.,
fmpo:00885,,,,,,dung-dkar,,,,,,,,,,,,,,,,,,,,,,,,,,,,,
fmpo:00885,,,,,,sankh,,,,,,,,,,,,,,,,,,,,,,,,,,,,,
fmpo:00886,http://urn.fi/urn:nbn:fi:au:seko:00886,,santūr,santur,santur,,,,,"http://www.yso.fi/onto/yso/p105025,http://www.yso.fi/onto/yso/p109970,http://www.wikidata.org/entity/Q263686,http://www.yso.fi/onto/yso/p105336",Lähi-Itä|Kaukasus|Kaakkois-Eurooppa|Etelä-Aasia,,fmpo:00303,dulcimer,,,http://www.wikidata.org/entity/Q504847,,,,,,skos:exactMatch,http://id.loc.gov/authorities/performanceMediums/mp2013015615,,,,,,,,,TARKISTA,"Lähi-idässä, Kaukasuksella, Kaakkois-Euroopassa ja Etelä-Aasiassa tunnettu dulcimer.",
fmpo:00886,,,,,,sant'ur,,,,,,,,,,,,,,,,,,,,,,,,,,,,,
fmpo:00886,,,,,,santīr,,,,,,,,,,,,,,,,,,,,,,,,,,,,,
fmpo:00886,,,,,,santoor,,,,,,,,,,,,,,,,,,,,,,,,,,,,,
fmpo:00886,,,,,,santour,,,,,,,,,,,,,,,,,,,,,,,,,,,,,
fmpo:00886,,,,,,santouri,,,,,,,,,,,,,,,,,,,,,,,,,,,,,
fmpo:00886,,,,,,santur,,,,,,,,,,,,,,,,,,,,,,,,,,,,,
fmpo:00886,,,,,,sanṭūr,,,,,,,,,,,,,,,,,,,,,,,,,,,,,
fmpo:00886,,,,,,santuri,fi,,,,,,,,,,,,,,,,,,,,,,,,,,,,
fmpo:00886,,,,,,tsintila,,,,,,,,,,,,,,,,,,,,,,,,,,,,,
fmpo:00886,,,,,,,,santir,,,,,,,,,,,,,,,,,,,,,,,,,,,
fmpo:00887,http://urn.fi/urn:nbn:fi:au:seko:00887,,sanza,sanza,sanza,,,,,http://www.yso.fi/onto/yso/p105850,Zaire,,fmpo:00974,sormipiano,,,https://www.wikidata.org/wiki/Q116780219,,,,,,skos:broadMatch,http://id.loc.gov/authorities/performanceMediums/mp2013015455,,,,,,changed LCMPT mapping to broadMatcdh,,2026-07-03,KESKEN,Afrikkalainen sormipiano. Termillä tarkoitetaan sekä afrikkalaisia sormipianoja yleensä että erityisesti Zairen ja lähialueiden vastaavia soittimia.,
fmpo:00887,,,,,,sandsa,,,,,,,,,,,,,,,,,,,,,,,,,,,,,
fmpo:00887,,,,,,sansa,fi,,,,,,,,,,,,,,,,,,,,,,,,,,,,
fmpo:00888,http://urn.fi/urn:nbn:fi:au:seko:00888,,sarān,saran,saran,,,,,http://www.yso.fi/onto/yso/p146153,Kashmir,,fmpo:00446,jousisoitin,,,http://www.wikidata.org/entity/Q116780282,,,,,,,,,,,,,,,,TARKISTA,Kashmirin alueella käytettävä pienikokoinen jousisoitin.,
fmpo:00889,http://urn.fi/urn:nbn:fi:au:seko:00889,,sārangī,sarangi,sarangi,,,,,http://www.yso.fi/onto/yso/p235078,Pohjois-Intia,,fmpo:00446,jousisoitin,,,http://www.wikidata.org/entity/Q608650,,,,,,skos:exactMatch,http://id.loc.gov/authorities/performanceMediums/mp2013015618,,,,,,,,,TARKISTA,"Pohjoisintialainen, lyhytkaulainen jousisoitin, jota käytetään sekä taide- että kansanmusiikissa.",
fmpo:00889,,,,,,hārangī,,,,,,,,,,,,,,,,,,,,,,,,,,,,,
fmpo:00889,,,,,,sāran.gī,,,,,,,,,,,,,,,,,,,,,,,,,,,,,
fmpo:00889,,,,,,sāraṅg,,,,,,,,,,,,,,,,,,,,,,,,,,,,,
fmpo:00889,,,,,,sarangi,,,,,,,,,,,,,,,,,,,,,,,,,,,,,
fmpo:00889,,,,,,,,harangi,,,,,,,,,,,,,,,,,,,,,,,,,,,
fmpo:00889,,,,,,,,saran.gi,,,,,,,,,,,,,,,,,,,,,,,,,,,
fmpo:00889,,,,,,,,sarang,,,,,,,,,,,,,,,,,,,,,,,,,,,
fmpo:00890,http://urn.fi/urn:nbn:fi:au:seko:00890,,sarasvatī vīṇā,saraswati vina,saraswati veena,,,,,http://www.yso.fi/onto/yso/p235077,Etelä-Intia,,fmpo:01182,vina,,,http://www.wikidata.org/entity/Q16155191,,,,,,,,,,,,,,,,TARKISTA,Eteläintialainen sormitettava vina-soitin.,
fmpo:00890,,,,,,raghunatha veena,,,,,,,,,,,,,,,,,,,,,,,,,,,,,
fmpo:00890,,,,,,raghunatha vina,,,,,,,,,,,,,,,,,,,,,,,,,,,,,
fmpo:00890,,,,,,sarasvati vina,fi,,,,,,,,,,,,,,,,,,,,,,,,,,,,
fmpo:00890,,,,,,saraswati guitar,en,,,,,,,,,,,,,,,,,,,,,,,,,,,,
fmpo:00890,,,,,,saraswati veena,,,,,,,,,,,,,,,,,,,,,,,,,,,,,
fmpo:00890,,,,,,saraswati vīṇā,,,,,,,,,,,,,,,,,,,,,,,,,,,,,
fmpo:00890,,,,,,,,saraswati vina,,,,,,,,,,,,,,,,,,,,,,,,,,,
fmpo:00891,http://urn.fi/urn:nbn:fi:au:seko:00891,,saratovskaja garmon,saratovskaja garmon,Saratovskaja garmonika,,,,,http://www.yso.fi/onto/yso/p94479,Venäjä,,fmpo:00001,1-rivinen harmonikka,,,http://www.wikidata.org/entity/Q4408428,,,,,,,,,,,,,,,,TARKISTA,Venäläinen yksirivinen harmonikka.,
fmpo:00891,,,,,,Saratov garmon,fi,,,,,,,,,,,,,,,,,,,,,,,,,,,,
fmpo:00891,,,,,,saratovskaâ garmon',ru,,,,,,,,,,,,,,,,,,,,,,,,,,,,
fmpo:00891,,,,,,,,saratovskaa garmon',,,,,,,,,,,,,,,,,,,,,,,,,,,
fmpo:00892,http://urn.fi/urn:nbn:fi:au:seko:00892,,sarewa,sarewa,sarewa,,,,,http://www.yso.fi/onto/yso/p118210,Länsi-Afrikka,,fmpo:00418,huilusoitin,,,http://www.wikidata.org/entity/Q116780355,,,,,,,,,,,,,,,,TARKISTA,Länsiafrikkalainen päästäpuhallettava huilu.,
fmpo:00892,,,,,,sarehoua,,,,,,,,,,,,,,,,,,,,,,,,,,,,,
fmpo:00892,,,,,,tasansagh,,,,,,,,,,,,,,,,,,,,,,,,,,,,,
fmpo:00892,,,,,,taẓammart,,,,,,,,,,,,,,,,,,,,,,,,,,,,,
fmpo:00893,http://urn.fi/urn:nbn:fi:au:seko:00893,,šargija,šargija,šargija,,,,,http://www.yso.fi/onto/yso/p105026,Balkanin niemimaa,,fmpo:00709,näppäilysoitin,,,http://www.wikidata.org/entity/Q2451473,,,,,,,,,,,,,,,,TARKISTA,Balkanilainen pitkäkaulainen luuttusoitin.,
fmpo:00893,,,,,,sargija,fi,,,,,,,,,,,,,,,,,,,,,,,,,,,,
fmpo:00893,,,,,,šarkija,,,,,,,,,,,,,,,,,,,,,,,,,,,,,
fmpo:00893,,,,,,,,sarkija,,,,,,,,,,,,,,,,,,,,,,,,,,,
fmpo:00894,http://urn.fi/urn:nbn:fi:au:seko:00894,,sārindā,sarinda,sarinda,,,,,"http://www.yso.fi/onto/yso/p106202,",Afganistan|Etelä-Aasia,,fmpo:00446,jousisoitin,,,http://www.wikidata.org/entity/Q348878,,,,,,skos:exactMatch,http://id.loc.gov/authorities/performanceMediums/mp2013015619,,,,,,,,,TARKISTA,Afganistanissa ja Etelä-Aasiassa käytettävä jousisoitin.,
fmpo:00894,,,,,,qeychak,,,,,,,,,,,,,,,,,,,,,,,,,,,,,
fmpo:00894,,,,,,saranda,,,,,,,,,,,,,,,,,,,,,,,,,,,,,
fmpo:00894,,,,,,sarang,,,,,,,,,,,,,,,,,,,,,,,,,,,,,
fmpo:00894,,,,,,sorud,,,,,,,,,,,,,,,,,,,,,,,,,,,,,
fmpo:00894,,,,,,soruz,,,,,,,,,,,,,,,,,,,,,,,,,,,,,
fmpo:00895,http://urn.fi/urn:nbn:fi:au:seko:00895,,sarod,sarod,sarod,,,,,http://www.yso.fi/onto/yso/p235078,Pohjois-Intia,,fmpo:00709,näppäilysoitin,,,http://www.wikidata.org/entity/Q687406,,,,,,skos:exactMatch,http://id.loc.gov/authorities/performanceMediums/mp2013015620,,,,,,,,,TARKISTA,Pohjoisintialainen otenauhaton luuttusoitin.,
fmpo:00895,,,,,,sarodā,,,,,,,,,,,,,,,,,,,,,,,,,,,,,
fmpo:00895,,,,,,sarody,,,,,,,,,,,,,,,,,,,,,,,,,,,,,
fmpo:00895,,,,,,,,saroda,,,,,,,,,,,,,,,,,,,,,,,,,,,
fmpo:00896,http://urn.fi/urn:nbn:fi:au:seko:00896,,saron,saron,saron,,,,,http://www.yso.fi/onto/yso/p159783,Jaava,,fmpo:00487,kellopeli,,,http://www.wikidata.org/entity/Q2640100,,,,,,,,,,,,,,,,TARKISTA,Jaavalaisen gamelan-orkesterin metallofoni.,
fmpo:00897,http://urn.fi/urn:nbn:fi:au:seko:00897,,sarrusofoni,sarrusofon,sarrusophone,,,,,,,,fmpo:00715,oboesoitin,,,http://www.wikidata.org/entity/Q901239,,,,,,skos:exactMatch,http://id.loc.gov/authorities/performanceMediums/mp2013015621,,,,,,,,,TARKISTA,1800-luvulla rakennettu saksofonin ja fagotin yhdistelmä.,
fmpo:00898,http://urn.fi/urn:nbn:fi:au:seko:00898,,sarunai,sarunai,serunai,,,,,"http://www.yso.fi/onto/yso/p105242,http://www.yso.fi/onto/yso/p105717",Indonesia|Malesia,,fmpo:00715,oboesoitin,,,http://www.wikidata.org/entity/Q97216159,,,,,,,,,,,,,,,,TARKISTA,Indonesiassa ja Malesiassa käytettävä oboesoitin.,
fmpo:00898,,,,,,sarinai,,,,,,,,,,,,,,,,,,,,,,,,,,,,,
fmpo:00898,,,,,,sarune,,,,,,,,,,,,,,,,,,,,,,,,,,,,,
fmpo:00898,,,,,,sarunei,,,,,,,,,,,,,,,,,,,,,,,,,,,,,
fmpo:00898,,,,,,serunai,,,,,,,,,,,,,,,,,,,,,,,,,,,,,
fmpo:00898,,,,,,serune,,,,,,,,,,,,,,,,,,,,,,,,,,,,,
fmpo:00899,http://urn.fi/urn:nbn:fi:au:seko:00899,,sarvi (puhallinsoitin),blåshorn,animal horn instrument,,,,,,,,fmpo:01171,vaskipuhallin,"https://github.com/NatLibFi/SEKO/issues/118, https://github.com/NatLibFi/SEKO/issues/2",,http://www.wikidata.org/entity/Q2665724,"""2026-08-04 Possibly same as seko:00440 [seko-issues:2].""@en",423.121.2,,,,,,,,seko:00440,"""Eläimen sarvesta (joskus myös puusta) valmistettu trumpettisoitin.""@fi, ""Blåsinstrument tillverkat av djurhorn, ibland även av trä som efterliknar ett djurhorn, där ljudet alstras genom läpparnas vibration mot instrumentets blåsöppning. (AI-generated definition)""@sv",,"""2026-07-30 Added the Swedish defintion and English altLabels""@en",,2026-08-04,KESKEN,Eläimen sarvesta (joskus myös puusta) valmistettu trumpettisoitin.,
fmpo:00899,,,,,,animal horn,en,,,,,,,,,,,,,,,,,,,,,,,,,,,,
fmpo:00899,,,,,,lip-blown animal horn,en,,,,,,,,,,,,,,,,,,,,,,,,,,,,
fmpo:00899,,,,,,horn trumpet,en,,,,,,,,,,,,,,,,,,,,,,,,,,,,
fmpo:00899,,,,,,blowing horn,en,,,,,,,,,,,,,,,,,,,,,,,,,,,,
fmpo:00899,,,,,,winding horn,en,,,,,,,,,,,,,,,,,,,,,,,,,,,,
fmpo:00899,,,,,,jiao,en,,,,,,,,,,,,,,,,,,,,,,,,,,,,
fmpo:00900,http://urn.fi/urn:nbn:fi:au:seko:00900,,satārā,satara,satara,,,,,"http://www.yso.fi/onto/yso/p235078,http://www.yso.fi/onto/yso/p105965",Pohjois-Intia|Pakistan,,fmpo:01134,tulppakanavahuilu,,,http://www.wikidata.org/entity/Q3474092,,,,,,,,https://doi.org/10.1093/gmo/9781561592630.article.L2291349,,,,,,,,TARKISTA,Pohjois-Intiassa ja Pakistanissa käytettävä kaksoishuilu.,
fmpo:00900,,,,,,satara,fi,,,,,,,,,,,,,,,,,,,,,,,,,,,,
fmpo:00901,http://urn.fi/urn:nbn:fi:au:seko:00901,,satsumabiwa,satsumabiwa,satsuma-biwa,,,,,http://www.yso.fi/onto/yso/p105023,Japani,,fmpo:00139,biwa,,,http://www.wikidata.org/entity/Q116786712,,,,,,skos:broadMatch,http://id.loc.gov/authorities/performanceMediums/mp2013015086,,,,,,,,,TARKISTA,Japanilainen nelikielinen luuttusoitin.,
fmpo:00902,http://urn.fi/urn:nbn:fi:au:seko:00902,,saùng-gauk,saung,saung,,,,,http://www.yso.fi/onto/yso/p105715,Myanmar,,fmpo:00398,harppu,,,http://www.wikidata.org/entity/Q339306,,,,,,skos:exactMatch,http://id.loc.gov/authorities/performanceMediums/mp2013015622,,,,,,,,,TARKISTA,Burmalainen harppusoitin.,
fmpo:00902,,,,,,Burmese harp,en,,,,,,,,,,,,,,,,,,,,,,,,,,,,
fmpo:00902,,,,,,saung,fi,,,,,,,,,,,,,,,,,,,,,,,,,,,,
fmpo:00902,,,,,,saung-gauk,fi,,,,,,,,,,,,,,,,,,,,,,,,,,,,
fmpo:00903,http://urn.fi/urn:nbn:fi:au:seko:00903,,saxello,saxello,saxello,,,,,,,,fmpo:00967,sopraanosaksofoni,,,http://www.wikidata.org/entity/Q25094015,,,,,,,,,,,,,,,,TARKISTA,"Sopraanosaksofonin kaltainen puhallinsoitin, jota on käyttänyt mm. Sakari Kukko.",
fmpo:00904,http://urn.fi/urn:nbn:fi:au:seko:00904,,saxhorn,saxhorn,sax horn,,,,,,,,fmpo:01171,vaskipuhallin,,,http://www.wikidata.org/entity/Q787557,,,,,,skos:exactMatch,http://id.loc.gov/authorities/performanceMediums/mp2013015623,,,,,,,,,TARKISTA,1800-luvulla kehitetty vaskipuhaltimien ryhmä.,
fmpo:00904,,,,,,sankatorvi,fi,,,,,,,,,,,,,,,,,,,,,,,,,,,,
fmpo:00904,,,,,,saxtorvi,fi,,,,,,,,,,,,,,,,,,,,,,,,,,,,
fmpo:00905,http://urn.fi/urn:nbn:fi:au:seko:00905,,saz,saz,saz,,,,,"http://www.yso.fi/onto/yso/p105026,http://www.yso.fi/onto/yso/p105573,http://www.yso.fi/onto/yso/p105280,http://www.yso.fi/onto/yso/p109970",Balkanin niemimaa|Turkki|Iran|Kaukasia,,fmpo:00709,näppäilysoitin,https://github.com/NatLibFi/SEKO/issues/10,,MISSING,"MERGE? In Wikidatassa this is the same as ""bağlama"" seko:00070",,,,,skos:closeMatch,http://id.loc.gov/authorities/performanceMediums/mp2013015626,,,,,,check hierarchy and mappings,,2026-07-03,KESKEN,"Balkanilla, Turkissa, Iranissa ja Kaukasuksella käytettävä pitkäkaulainen luuttusoitin.",
fmpo:00905,,,,,,sāz,,,,,,,,,,,,,,,,,,,,,,,,,,,,,
fmpo:00905,,,,,,sazi,,,,,,,,,,,,,,,,,,,,,,,,,,,,,
fmpo:00906,http://urn.fi/urn:nbn:fi:au:seko:00906,,schreyerpfeife,schreyerpfeife,schryari,,,,,,,,fmpo:01149,tuulikapselisoitin,,,http://www.wikidata.org/entity/Q2250252,,,,,,,,,,,,,,,,TARKISTA,Renessanssiajan skalmeijatyyppinen puhallinsoitin.,
fmpo:00906,,,,,,Schreierpfeife,de,,,,,,,,,,,,,,,,,,,,,,,,,,,,
fmpo:00906,,,,,,Schryari,de,,,,,,,,,,,,,,,,,,,,,,,,,,,,
fmpo:00906,,,,,,Srayffaiff,de,,,,,,,,,,,,,,,,,,,,,,,,,,,,
fmpo:00907,http://urn.fi/urn:nbn:fi:au:seko:00907,,se,se,se,,,,,http://www.yso.fi/onto/yso/p104984,Kiina,,fmpo:00943,sitra,,,http://www.wikidata.org/entity/Q1155980,,,,,,,,,,,,,,,,TARKISTA,Suurikokoinen kiinalainen sitrasoitin.,
fmpo:00907,,,,,,sul,,,,,,,,,,,,,,,,,,,,,,,,,,,,,
fmpo:00908,http://urn.fi/urn:nbn:fi:au:seko:00908,,seis,seis,seis,,,,,http://www.yso.fi/onto/yso/p105269,Kuuba,,fmpo:00504,kitara,https://github.com/NatLibFi/SEKO/issues/115,,MISSING,,,,,,,,https://en.wikipedia.org/wiki/List_of_Caribbean_chordophones#cite_note-Cuba-5,,,,,issue created,,2026-07-03,KESKEN,Kuubalaisessa musiikissa käytetty kuusikielinen kitara.,
fmpo:00909,http://urn.fi/urn:nbn:fi:au:seko:00909,,sekakuoro,blandad kör,mixed choir,,,,,,,,fmpo:00560,kuoro,,http://www.yso.fi/onto/yso/p16198,http://www.wikidata.org/entity/Q3276909,,,,,,skos:exactMatch,https://id.loc.gov/authorities/performanceMediums/mp2013015146,,,,,,,,,TARKISTA,,
fmpo:00909,,,,,,,,blandade korer,,,,,,,,,,,,,,,,,,,,,,,,,,,
fmpo:00910,http://urn.fi/urn:nbn:fi:au:seko:00910,,sekvensseri,sequencer,sequencer,,,,,,,,fmpo:01021,sähkösoitin,,,http://www.wikidata.org/entity/Q646683,,,,,,skos:exactMatch,http://id.loc.gov/authorities/performanceMediums/mp2013015630,,,,,,,,,TARKISTA,"Sähkösoittimiin, useimmiten syntetisaattoriin liittyvä laite tai tietokoneohjelma, jonka avulla käsitellään MIDI-muotoista musiikki-informaatiota.",
fmpo:00910,,,,,,,,sekvensseri (sahkosoittimet),,,,,,,,,,,,,,,,,,,,,,,,,,,
fmpo:00911,http://urn.fi/urn:nbn:fi:au:seko:00911,TRUE,seljefløyte,seljefløyte,seljefløyte,,,,,http://www.yso.fi/onto/yso/p94309,Norja,,fmpo:01134,tulppakanavahuilu,https://github.com/NatLibFi/SEKO/issues/104,,DEPRECATED,SPLIT?  Two concepts in Wikidata?,,,,,,,http://www.wikidata.org/entity/Q1685320|http://www.wikidata.org/entity/Q19708717,seko:00782,,,,deprecated and redirected to pitkähuilu seko:00782,,2026-07-03,substituted,Norjalainen sormiaukoton huilu.,
fmpo:00912,http://urn.fi/urn:nbn:fi:au:seko:00912,,sello,cello,cello,,,,,,,,fmpo:00446,jousisoitin,,http://www.yso.fi/onto/yso/p18070,http://www.wikidata.org/entity/Q8371,,,,,,skos:closeMatch,http://id.loc.gov/authorities/performanceMediums/mp2013015120,,,,,,,,,TARKISTA,Viuluperheen toiseksi matalaäänisin soitin.,https://finto.fi/ic/fi/page/48C7312
fmpo:00912,,,,,,barokkisello,fi,,,,,,,,,,,,,,,,,,,,,,,,,,,,
fmpo:00912,,,,,,violoncello,en,,,,,,,,,,,,,,,,,,,,,,,,,,,,
fmpo:00912,,,,,,baroque cello,en,,,,,,,,,,,,,,,,,,,,,,,,,,,,
fmpo:00912,,,,,,vc (sello),fi,,,,,,,,,,,,,,,,,,,,,,,,,,,,
fmpo:00912,,,,,,vcl (sello),fi,,,,,,,,,,,,,,,,,,,,,,,,,,,,
fmpo:00912,,,,,,violoncelle,fr,,,,,,,,,,,,,,,,,,,,,,,,,,,,
fmpo:00912,,,,,,violoncell,sv,,,,,,,,,,,,,,,,,,,,,,,,,,,,
fmpo:00912,,,,,,Violoncello,de,,,,,,,,,,,,,,,,,,,,,,,,,,,,
fmpo:00912,,,,,,vlc (sello),fi,,,,,,,,,,,,,,,,,,,,,,,,,,,,
fmpo:00913,http://urn.fi/urn:nbn:fi:au:seko:00913,,sēmantron,sēmantron,sēmantron,,,,,,,,fmpo:00627,lyömäsoitin,,,http://www.wikidata.org/entity/Q1195473,,,,,,skos:exactMatch,http://id.loc.gov/authorities/performanceMediums/mp2013015629,,,,,,,,,TARKISTA,Puisilla vasaroilla soitettava paksusta puusta tai metallista valmistettu palkki tai useammasta puu- tai metallilevystä valmistettu sarja. Kyseistä soitinta on käytetty varsinkin ortodoksisissa luostareissa rukouskutsun tai kulkueen aloittamisen ilmaisemi,
fmpo:00913,,,,,,bilo,,,,,,,,,,,,,,,,,,,,,,,,,,,,,
fmpo:00913,,,,,,klepalo,,,,,,,,,,,,,,,,,,,,,,,,,,,,,
fmpo:00913,,,,,,sēmandron,,,,,,,,,,,,,,,,,,,,,,,,,,,,,
fmpo:00913,,,,,,sēmantēr,,,,,,,,,,,,,,,,,,,,,,,,,,,,,
fmpo:00913,,,,,,sēmantērion,,,,,,,,,,,,,,,,,,,,,,,,,,,,,
fmpo:00913,,,,,,sēmanthron,,,,,,,,,,,,,,,,,,,,,,,,,,,,,
fmpo:00913,,,,,,semantron,fi,,,,,,,,,,,,,,,,,,,,,,,,,,,,
fmpo:00913,,,,,,simandron,,,,,,,,,,,,,,,,,,,,,,,,,,,,,
fmpo:00913,,,,,,simantra,,,,,,,,,,,,,,,,,,,,,,,,,,,,,
fmpo:00913,,,,,,simantra metalliques,fr,,,,,,,,,,,,,,,,,,,,,,,,,,,,
fmpo:00913,,,,,,simatra bois,fr,,,,,,,,,,,,,,,,,,,,,,,,,,,,
fmpo:00913,,,,,,toacă,,,,,,,,,,,,,,,,,,,,,,,,,,,,,
fmpo:00913,,,,,,xylon,,,,,,,,,,,,,,,,,,,,,,,,,,,,,
fmpo:00913,,,,,,,,semandron,,,,,,,,,,,,,,,,,,,,,,,,,,,
fmpo:00913,,,,,,,,semanter,,,,,,,,,,,,,,,,,,,,,,,,,,,
fmpo:00913,,,,,,,,semanterion,,,,,,,,,,,,,,,,,,,,,,,,,,,
fmpo:00913,,,,,,,,semanthron,,,,,,,,,,,,,,,,,,,,,,,,,,,
fmpo:00913,,,,,,,,toaca,,,,,,,,,,,,,,,,,,,,,,,,,,,
fmpo:00914,http://urn.fi/urn:nbn:fi:au:seko:00914,,seprewa,seprewa,seprewa,,,,,http://www.yso.fi/onto/yso/p106015,Ghana,,fmpo:00398,harppu,,,http://www.wikidata.org/entity/Q16911842,,,,http://www.mimo-db.eu/InstrumentsKeywords/5350,,,,,,,,,,,,TARKISTA,"Ghanalainen 6–10-kielinen harppusoitin, koran sukulainen.",
fmpo:00914,,,,,,sanku,,,,,,,,,,,,,,,,,,,,,,,,,,,,,
fmpo:00914,,,,,,seperewa,,,,,,,,,,,,,,,,,,,,,,,,,,,,,
fmpo:00915,http://urn.fi/urn:nbn:fi:au:seko:00915,,serpentti,serpent,serpent,,,,,,,,fmpo:01171,vaskipuhallin,,,http://www.wikidata.org/entity/Q742168,,,,,,skos:closeMatch,http://id.loc.gov/authorities/performanceMediums/mp2013015631,,,,,,,,,TARKISTA,"Yleensä mustalla nahalla päällystetty bassokokoinen vaskipuhallin, joka korvasi aiemmin käytössä olleen bassosinkin ja jonka syrjäytti ofikleidi.",
fmpo:00915,,,,,,Schlangenrohr,de,,,,,,,,,,,,,,,,,,,,,,,,,,,,
fmpo:00915,,,,,,serpentone,en,,,,,,,,,,,,,,,,,,,,,,,,,,,,
fmpo:00916,http://urn.fi/urn:nbn:fi:au:seko:00916,,setār,setār,setār,,,,,http://www.yso.fi/onto/yso/p105280,Iran,,fmpo:00709,näppäilysoitin,,,http://www.wikidata.org/entity/Q1544746,,,,,,skos:exactMatch,http://id.loc.gov/authorities/performanceMediums/mp2013015632,,,,,,,,,TARKISTA,Iranilainen pitkäkaulainen luuttusoitin.,
fmpo:00916,,,,,,saitār,,,,,,,,,,,,,,,,,,,,,,,,,,,,,
fmpo:00916,,,,,,sehtār,,,,,,,,,,,,,,,,,,,,,,,,,,,,,
fmpo:00916,,,,,,setā,,,,,,,,,,,,,,,,,,,,,,,,,,,,,
fmpo:00916,,,,,,setar,fi,,,,,,,,,,,,,,,,,,,,,,,,,,,,
fmpo:00916,,,,,,setór,,,,,,,,,,,,,,,,,,,,,,,,,,,,,
fmpo:00916,,,,,,sihtār,,,,,,,,,,,,,,,,,,,,,,,,,,,,,
fmpo:00916,,,,,,,,saitar,,,,,,,,,,,,,,,,,,,,,,,,,,,
fmpo:00916,,,,,,,,sehtar,,,,,,,,,,,,,,,,,,,,,,,,,,,
fmpo:00916,,,,,,,,seta,,,,,,,,,,,,,,,,,,,,,,,,,,,
fmpo:00916,,,,,,,,setor,,,,,,,,,,,,,,,,,,,,,,,,,,,
fmpo:00916,,,,,,,,sihtar,,,,,,,,,,,,,,,,,,,,,,,,,,,
fmpo:00917,http://urn.fi/urn:nbn:fi:au:seko:00917,,setinkane,PUUTTUU,PUUTTUU,,,,,"http://www.yso.fi/onto/yso/p105092,http://www.yso.fi/onto/yso/p106268",Namibia|Botswana,,fmpo:00974,sormipiano,https://github.com/NatLibFi/SEKO/issues/86,,MISSING,,,,,,skos:closeMatch,http://id.loc.gov/authorities/performanceMediums/mp2013015455,,,,,,,,,KESKEN,Sanit-kansan (bushmannit) sormipiano.,
fmpo:00918,http://urn.fi/urn:nbn:fi:au:seko:00918,,sgra-snyan,dramyin,dramyin,,,,,http://www.yso.fi/onto/yso/p106176,Tiibet,,fmpo:00709,näppäilysoitin,,,http://www.wikidata.org/entity/Q1255766,,,,,,,,,,,,,,,,TARKISTA,Tiibetiläinen pitkäkaulainen luuttusoitin.,
fmpo:00918,,,,,,damyen,,,,,,,,,,,,,,,,,,,,,,,,,,,,,
fmpo:00918,,,,,  ,damyin,,,,,,,,,,,,,,,,,,,,,,,,,,,,,
fmpo:00918,,,,,,dramnyen,,,,,,,,,,,,,,,,,,,,,,,,,,,,,
fmpo:00918,,,,,,dran-nye,,,,,,,,,,,,,,,,,,,,,,,,,,,,,
fmpo:00918,,,,,,dranyen,,,,,,,,,,,,,,,,,,,,,,,,,,,,,
fmpo:00919,http://urn.fi/urn:nbn:fi:au:seko:00919,,shakubyōshi,shakubyoshi,shakubyoshi,,,,,http://www.yso.fi/onto/yso/p105023,Japani,,fmpo:00627,lyömäsoitin,,,http://www.wikidata.org/entity/Q20983120§,,,,,,,,,,,,,,,,TARKISTA,Japanilaiset puiset kalistimet.,
fmpo:00919,,,,,,shakubyoshi,fi,,,,,,,,,,,,,,,,,,,,,,,,,,,,
fmpo:00920,http://urn.fi/urn:nbn:fi:au:seko:00920,,shakuhachi,shakuhachi,shakuhachi,,,,,http://www.yso.fi/onto/yso/p105023,Japani,,fmpo:00611,lovihuilu,,http://www.yso.fi/onto/yso/p29680,http://www.wikidata.org/entity/Q524526,,,,,,skos:exactMatch,http://id.loc.gov/authorities/performanceMediums/mp2013015633,,,,,,,,,TARKISTA,"Japanilainen päästäpuhallettava, bambusta valmistettu lovihuilu.",
fmpo:00921,http://urn.fi/urn:nbn:fi:au:seko:00921,,shamisen,shamisen,shamisen,,,,,http://www.yso.fi/onto/yso/p105023,Japani,,fmpo:00709,näppäilysoitin,,,http://www.wikidata.org/entity/Q241337,,,,,,skos:exactMatch,http://id.loc.gov/authorities/performanceMediums/mp2013015634,,,,,,,,,TARKISTA,Japanilainen kolmikielinen piikkiluuttu.,
fmpo:00921,,,,,,samisen,fi,,,,,,,,,,,,,,,,,,,,,,,,,,,,
fmpo:00922,http://urn.fi/urn:nbn:fi:au:seko:00922,,sheng,šeng,sheng,,,,,http://www.yso.fi/onto/yso/p104984,Kiina,,fmpo:01004,suu-urut,https://github.com/NatLibFi/SEKO/issues/85,,http://www.wikidata.org/entity/Q849052,,,,,,skos:exactMatch,http://id.loc.gov/authorities/performanceMediums/mp2013015637,,,,,,check altLabel values and mappings,,2026-06-30,KESKEn,"Kiinalaiset suu-urut. Soittimesta käytetään myös nimitystä cheng, mutta tässä luettelossa termi on varattu näppäiltävälle kiinalaiselle sitralle.",
fmpo:00922,,,,,,cheng (suu-urut),fi,,,,,,,,,,,,,,,,,,,,,,,,,,,,
fmpo:00922,,,,,,lu sheng,,,,,,,fmpo:01004,suu-urut,,,,,,,,,,,,,,,,,,,,,
fmpo:00922,,,,,,,,seng,,,,,,,,,,,,,,,,,,,,,,,,,,,
fmpo:00923,http://urn.fi/urn:nbn:fi:au:seko:00923,,shinobue,shinobue,shinobue,,,,,http://www.yso.fi/onto/yso/p105023,Japani,,fmpo:00082,bambuhuilu,,,http://www.wikidata.org/entity/Q3100072,,,,,,skos:exactMatch,http://id.loc.gov/authorities/performanceMediums/mp2013015638,,,,,,,,,TARKISTA,Aasialainen (japanilainen) bambuhuilu.,
fmpo:00924,http://urn.fi/urn:nbn:fi:au:seko:00924,,shō,shō,shō,,,,,http://www.yso.fi/onto/yso/p105023,Japani,,fmpo:01004,suu-urut,,,http://www.wikidata.org/entity/Q1975355,,,,,,skos:exactMatch,http://id.loc.gov/authorities/performanceMediums/mp2013015639,,,,,,,,,TARKISTA,Japanilaiset suu-urut.,
fmpo:00924,,,,,,sho,,,,,,,,,,,,,,,,,,,,,,,,,,,,,
fmpo:00925,http://urn.fi/urn:nbn:fi:au:seko:00925,,shōko,shōko,shōko,,,,,http://www.yso.fi/onto/yso/p105023,Japani,,fmpo:00376,gongi,,,http://www.wikidata.org/entity/Q3482784,,,,,,,,,,,,,,,,TARKISTA,Japanilainen gagaku-musiikissa käytetty gongi.,
fmpo:00925,,,,,,shoko,,,,,,,,,,,,,,,,,,,,,,,,,,,,,
fmpo:00926,http://urn.fi/urn:nbn:fi:au:seko:00926,TRUE,shruti petti,sruti-box,electronic shruti box,,,,,http://www.yso.fi/onto/yso/p105027,Intia,,fmpo:01021,sähkösoitin,https://github.com/NatLibFi/SEKO/issues/47,,http://www.wikidata.org/entity/Q5358437,,,,,,,,,,,,,Duplicate deprecated and redirected to seko:00320 tambura (sähkösoitin),,2026-06-26,retired,Bordunaäänen soittamisessa käytetyn akustisen srutiboxin korvaava sähkösoitin.,
fmpo:00927,http://urn.fi/urn:nbn:fi:au:seko:00927,,shudraga,shudraga,shudraga,,,,,http://www.yso.fi/onto/yso/p105251,Mongolia,,fmpo:00709,näppäilysoitin,,,http://www.wikidata.org/entity/Q116831321,,,,,,skos:exactMatch,http://id.loc.gov/authorities/performanceMediums/mp2013015641,,,,,,,,,TARKISTA,Mongolialainen luuttusoitin.,
fmpo:00927,,,,,,śanja,,,,,,,,,,,,,,,,,,,,,,,,,,,,,
fmpo:00927,,,,,,shandz,,,,,,,,,,,,,,,,,,,,,,,,,,,,,
fmpo:00927,,,,,,shandze,,,,,,,,,,,,,,,,,,,,,,,,,,,,,
fmpo:00927,,,,,,shanz,,,,,,,,,,,,,,,,,,,,,,,,,,,,,
fmpo:00927,,,,,,shidurgu,,,,,,,,,,,,,,,,,,,,,,,,,,,,,
fmpo:00927,,,,,,śhuduġu,,,,,,,,,,,,,,,,,,,,,,,,,,,,,
fmpo:00927,,,,,,,,sanja,,,,,,,,,,,,,,,,,,,,,,,,,,,
fmpo:00927,,,,,,,,shudugu,,,,,,,,,,,,,,,,,,,,,,,,,,,
fmpo:00928,http://urn.fi/urn:nbn:fi:au:seko:00928,,shugu,shugu,shugu,,,,,http://www.yso.fi/onto/yso/p104984,Kiina,,fmpo:00484,kehärumpu,,,http://www.wikidata.org/entity/Q116831922,,,,,,,,,,,,,,,,TARKISTA,Kiinalainen kehärumpu.,
fmpo:00929,http://urn.fi/urn:nbn:fi:au:seko:00929,,sibizgi,sibizgi,sibizgi,,,,,http://www.yso.fi/onto/yso/p107665,Kazakstan,,fmpo:00851,reunahuilu,,,http://www.wikidata.org/entity/Q116832730,,,,,,,,,,,,,,,,TARKISTA,Kazakstanilainen reunahuilu.,
fmpo:00929,,,,,,sıbızğı,,,,,,,,,,,,,,,,,,,,,,,,,,,,,
fmpo:00930,http://urn.fi/urn:nbn:fi:au:seko:00930,,signaalitorvi,signalhorn,bugle,,,,,,,,fmpo:01171,vaskipuhallin,,http://www.yso.fi/onto/yso/p29835,http://www.wikidata.org/entity/Q1628293,,,,,,skos:exactMatch,http://id.loc.gov/authorities/performanceMediums/mp2013015104,,,,,,,,,TARKISTA,"Yksinkertainen trumpettisoitin, jolla voidaan soittaa vain luonnonsäveliä.",
fmpo:00930,,,,,,bugle (signaalitorvi),fi,,,,,,,,,,,,,,,,,,,,,,,,,,,,
fmpo:00930,,,,,,clairon,,,,,,,,,,,,,,,,,,,,,,,,,,,,,
fmpo:00931,http://urn.fi/urn:nbn:fi:au:seko:00931,,sihu,sihu,sihu,,,,,http://www.wikidata.org/entity/Q115902448,Pohjois-Kiina,,fmpo:00446,jousisoitin,,,http://www.wikidata.org/entity/Q1067399,,,,,,,,,,,,,,,,TARKISTA,Pohjoiskiinalainen jousisoitin.,
fmpo:00931,,,,,,khuuchir,,,,,,,,,,,,,,,,,,,,,,,,,,,,,
fmpo:00931,,,,,,sìhú,,,,,,,,,,,,,,,,,,,,,,,,,,,,,
fmpo:00932,http://urn.fi/urn:nbn:fi:au:seko:00932,,siku,siku,siku,,,,,http://www.yso.fi/onto/yso/p105005,Latinalainen Amerikka,,fmpo:00749,panhuilu,https://github.com/NatLibFi/SEKO/issues/87,,http://www.wikidata.org/entity/Q905244,,421.112.2,262,http://www.mimo-db.eu/InstrumentsKeywords/4611,,skos:closeMatch,http://id.loc.gov/authorities/performanceMediums/mp2013015644,https://en.wikipedia.org/wiki/Siku_(instrument)),,,,,add mappings and labels; add mention of sikuri music where siku is played,,2026-06-30,KESKEN,Latinalaisen Amerikan vuoristoalueiden intiaanien panhuilu.,
fmpo:00932,,,,,,sico,,,,,,,,,,,,,,,,,,,,,,,,,,,,,
fmpo:00932,,,,,,sicu,,,,,,,,,,,,,,,,,,,,,,,,,,,,,
fmpo:00933,http://urn.fi/urn:nbn:fi:au:seko:00933,,sikuri,sikuri,sikuri,,,,,http://www.yso.fi/onto/yso/p108647,Bolivia,,fmpo:00749,panhuilu,https://github.com/NatLibFi/SEKO/issues/87,,http://www.wikidata.org/entity/Q140603312,"""2026-07-18 Checked and sikuri is kept in the vocabulary. Update description to include the two meanings; the wikidata mapping was changed from the sikuri genre to the new item for the sikuri instrument""",421.112,,http://www.mimo-db.eu/InstrumentsKeywords/5352,,,,https://es.wikipedia.org/wiki/Sicuri,,,"- New: ""Bolivialainen intiaanien orkesterikäynttöön muunneltu voimakasääninen siku-panhuilu.""@fi","""Samaa sikuri-termiä käytetään myös sikun soittajasta sekä musiikkityylistä.""@fi","""2026-07-18  Changed broader from \""panhuilu\"" to \""siku\""; Changed the Wikidata mapping;  Updated the Description; Created a new Scope Note""",,2026-06-30,KESKEN,Bolivialainen intiaanien panhuilu.,
fmpo:00934,http://urn.fi/urn:nbn:fi:au:seko:00934,,silbato,silbato,silbato,,,,,http://www.yso.fi/onto/yso/p105005,Latinalainen Amerikka,,fmpo:00776,pilli,https://github.com/NatLibFi/SEKO/issues/88,,MISSING,MERGE? In Wikidata this is the same as seko:00776  pilli ??,421.12,https://vocabulary.mimo-international.com/HornbostelAndSachs/en/page/278,http://www.mimo-db.eu/InstrumentsKeywords/4613,,,,,,,,,,,,KESKEN,Latinalaisen Amerikan intiaanimusiikissa käytettävä puhallinsoitin (pilli).,
fmpo:00935,http://urn.fi/urn:nbn:fi:au:seko:00935,,simsimīyya,simsimiyya,simsimiyya,,,,,"http://www.yso.fi/onto/yso/p105335,http://www.yso.fi/onto/yso/p105528",Pohjois-Afrikka|Arabian niemimaa,,fmpo:00625,lyyra,,,http://www.wikidata.org/entity/Q1165850,,,,,,skos:exactMatch,http://id.loc.gov/authorities/performanceMediums/mp2013015645,,,,,,,,,TARKISTA,Pohjois-Afrikassa ja Arabian niemimaalla käytettävä maljalyyra.,
fmpo:00935,,,,,,semsemiya,,,,,,,,,,,,,,,,,,,,,,,,,,,,,
fmpo:00935,,,,,,semsemiyya,,,,,,,,,,,,,,,,,,,,,,,,,,,,,
fmpo:00935,,,,,,simsimijah,,,,,,,,,,,,,,,,,,,,,,,,,,,,,
fmpo:00935,,,,,,simsimīyah,,,,,,,,,,,,,,,,,,,,,,,,,,,,,
fmpo:00935,,,,,,simsimiyya,fi,,,,,,,,,,,,,,,,,,,,,,,,,,,,
fmpo:00935,,,,,,sumsumīyya,,,,,,,,,,,,,,,,,,,,,,,,,,,,,
fmpo:00935,,,,,,,,simsimiyah,,,,,,,,,,,,,,,,,,,,,,,,,,,
fmpo:00935,,,,,,,,sumsumiyya,,,,,,,,,,,,,,,,,,,,,,,,,,,
fmpo:00936,http://urn.fi/urn:nbn:fi:au:seko:00936,,sinfoniaorkesteri,symfoniorkester,symphony orchestra,,,,,,,,fmpo:00728,orkesteri,,http://www.yso.fi/onto/yso/p19581,http://www.wikidata.org/entity/Q239582,,,,,,,https://id.loc.gov/authorities/performanceMediums/mp2013015516,,,,,,,,,TARKISTA,,
fmpo:00936,,,,,,orchestre symphonique,fr,,,,,,,,,,,,,,,,,,,,,,,,,,,,
fmpo:00937,http://urn.fi/urn:nbn:fi:au:seko:00937,,sinkki,sinka,cornett,,,,,,,,fmpo:01171,vaskipuhallin,,,http://www.wikidata.org/entity/Q204638,,,,,,skos:closeMatch,http://id.loc.gov/authorities/performanceMediums/mp2013015185,,,,,,,,,TARKISTA,"Keskiajalta peräisin oleva vaskipuhallin, joka oli käytössä 1700-luvun alkuun saakka.",
fmpo:00937,,,,,,cornet (sinkki),fi,,,,,,,,,,,,,,,,,,,,,,,,,,,,
fmpo:00937,,,,,,cornetto,,,,,,,,,,,,,,,,,,,,,,,,,,,,,
fmpo:00937,,,,,,Zink,de,,,,,,,,,,,,,,,,,,,,,,,,,,,,
fmpo:00937,,,,,,zinka,,,,,,,,,,,,,,,,,,,,,,,,,,,,,
fmpo:00938,http://urn.fi/urn:nbn:fi:au:seko:00938,,sintir,sintir,gumbri,,,,,http://www.yso.fi/onto/yso/p105840,Marokko,,fmpo:00709,näppäilysoitin,https://github.com/NatLibFi/SEKO/issues/116,,http://www.wikidata.org/entity/Q1431454,"MERGE? In Wikidata this is the same as seko:00385 ""gumbri""?",,,,,skos:closeMatch,http://id.loc.gov/authorities/performanceMediums/mp2013015311,,,,,,,,,KESKEN,Marokkolainen pitkäkaulainen luuttusoitin.,
fmpo:00938,,,,,,hajhuj,,,,,,,,,,,,,,,,,,,,,,,,,,,,,
fmpo:00939,http://urn.fi/urn:nbn:fi:au:seko:00939,,sireeni (soitin),siren (instrument),siren (aerophone),,,,,,,,fmpo:00953,soitin,https://github.com/NatLibFi/SEKO/issues/112,,http://www.wikidata.org/entity/Q4674409,,,,,,,,,,,,,"issue created: change broader to ""kitkaidiofoni""",,2026-07-03,KESKEN,"Hälytysväline, jota voidaan käyttää myös hälysoittimena.",
fmpo:00940,http://urn.fi/urn:nbn:fi:au:seko:00940,,sisteri,cister,cittern,,,,,http://www.yso.fi/onto/yso/p94111,Eurooppa,,fmpo:00709,näppäilysoitin,,,http://www.wikidata.org/entity/Q1093290,"""2026-08-09 added ICONCLASS and altlabels""@en",,,,,skos:closeMatch,http://id.loc.gov/authorities/performanceMediums/mp2013015152,,,,,,,,2026-08-09,KESKEN,"Eurooppalainen metallikielinen näppäilysoitin, joka oli suosittu 1500-luvulta 1700-luvulle.",https://finto.fi/ic/fi/page/48C7324
fmpo:00940,,,,,,bellmansluta (sisteri),fi,,,,,,,,,,,,,,,,,,,,,,,,,,,,
fmpo:00940,,,,,,cedra (sisteri),fi,,,,,,,,,,,,,,,,,,,,,,,,,,,,
fmpo:00940,,,,,,cetara,,,,,,,,,,,,,,,,,,,,,,,,,,,,,
fmpo:00940,,,,,,cetera (sisteri),fi,,,,,,,,,,,,,,,,,,,,,,,,,,,,
fmpo:00940,,,,,,cetra (sisteri),fi,,,,,,,,,,,,,,,,,,,,,,,,,,,,
fmpo:00940,,,,,,cetra,it,,,,,,,,,,,,,,,,,,,,,,,,,,,,
fmpo:00940,,,,,,cistre,fr,,,,,,,,,,,,,,,,,,,,,,,,,,,,
fmpo:00940,,,,,,cistro,,,,,,,,,,,,,,,,,,,,,,,,,,,,,
fmpo:00940,,,,,,citara,,,,,,,,,,,,,,,,,,,,,,,,,,,,,
fmpo:00940,,,,,,cithara,,,,,,,,,,,,,,,,,,,,,,,,,,,,,
fmpo:00940,,,,,,citharen,,,,,,,,,,,,,,,,,,,,,,,,,,,,,
fmpo:00940,,,,,,Cither,de,,,,,,,,,,,,,,,,,,,,,,,,,,,,
fmpo:00940,,,,,,cithern,en,,,,,,,,,,,,,,,,,,,,,,,,,,,,
fmpo:00940,,,,,,citola,,,,,,,,,,,,,,,,,,,,,,,,,,,,,
fmpo:00940,,,,,,cítola (sisteri),fi,,,,,,,,,,,,,,,,,,,,,,,,,,,,
fmpo:00940,,,,,,cittern,,,,,,,,,,,,,,,,,,,,,,,,,,,,,
fmpo:00940,,,,,,cittharn,,,,,,,,,,,,,,,,,,,,,,,,,,,,,
fmpo:00940,,,,,,cittra,,,,,,,,,,,,,,,,,,,,,,,,,,,,,
fmpo:00940,,,,,,Cythar,de,,,,,,,,,,,,,,,,,,,,,,,,,,,,
fmpo:00940,,,,,,Kithara,de,,,,,,,,,,,,,,,,,,,,,,,,,,,,
fmpo:00940,,,,,,gytolle,,,,,,,,,,,,,,,,,,,,,,,,,,,,,
fmpo:00940,,,,,,sisterni,fi,,,,,,,,,,,,,,,,,,,,,,,,,,,,
fmpo:00940,,,,,,Zister,de,,,,,,,,,,,,,,,,,,,,,,,,,,,,
fmpo:00940,,,,,,Zither (sisteri),fi,,,,,,,,,,,,,,,,,,,,,,,,,,,,
fmpo:00940,,,,,,Zitter,de,,,,,,,,,,,,,,,,,,,,,,,,,,,,
fmpo:00940,,,,,,,,citola (sisteri),,,,,,,,,,,,,,,,,,,,,,,,,,,
fmpo:00941,http://urn.fi/urn:nbn:fi:au:seko:00941,,sistrum,sistrum,sistrum,,,,,http://www.yso.fi/onto/yso/p105841,Egypti,,fmpo:00404,helistin,,,http://www.wikidata.org/entity/Q426948,,,,,,skos:exactMatch,http://id.loc.gov/authorities/performanceMediums/mp2013015650,,,,,,,,,TARKISTA,Muinaisegyptiläinen ravistussoitin.,
fmpo:00941,,,,,,sistr,,,,,,,,,,,,,,,,,,,,,,,,,,,,,
fmpo:00941,,,,,,sistro,,,,,,,,,,,,,,,,,,,,,,,,,,,,,
fmpo:00941,,,,,,sistrumi,fi,,,,,,,,,,,,,,,,,,,,,,,,,,,,
fmpo:00942,http://urn.fi/urn:nbn:fi:au:seko:00942,,sitar,sitar,sitar,,,,,http://www.yso.fi/onto/yso/p105027,Intia,,fmpo:00709,näppäilysoitin,,http://www.yso.fi/onto/yso/p29906,http://www.wikidata.org/entity/Q229205,,,,,,skos:exactMatch,http://id.loc.gov/authorities/performanceMediums/mp2013015651,,,,,,,,,TARKISTA,"Intialainen pitkäkaulainen luuttusoitin, klassisen musiikin keskeinen soolosoitin.",
fmpo:00942,,,,,,sit,,,,,,,,,,,,,,,,,,,,,,,,,,,,,
fmpo:00942,,,,,,sitār,fi,,,,,,,,,,,,,,,,,,,,,,,,,,,,
fmpo:00943,http://urn.fi/urn:nbn:fi:au:seko:00943,,sitra,cittra,zither,,,,,,,,fmpo:00500,kielisoitin,,http://www.yso.fi/onto/yso/p9332,http://www.wikidata.org/entity/Q76239,,,,,,skos:closeMatch,http://id.loc.gov/authorities/performanceMediums/mp2013015824,,,,,,,,,TARKISTA,Yleisnimitys erilaisille koteloihin rakennetuille kielisoittimille.,https://finto.fi/ic/fi/page/48C7325
fmpo:00943,,,,,,alppisitra,fi,,,,,,,,,,,,,,,,,,,,,,,,,,,,
fmpo:00943,,,,,,cister,,,,,,,,,,,,,,,,,,,,,,,,,,,,,
fmpo:00943,,,,,,cithtare,fr,,,,,,,,,,,,,,,,,,,,,,,,,,,,
fmpo:00943,,,,,,Zither,de,,,,,,,,,,,,,,,,,,,,,,,,,,,,
fmpo:00943,,,,,,konserttisitra,fi,,,,,,,,,,,,,,,,,,,,,,,,,,,,
fmpo:00943,,,,,,vuorisitra,fi,,,,,,,,,,,,,,,,,,,,,,,,,,,,
fmpo:00943,,,,,,Zither (sitra),fi,,,,,,,,,,,,,,,,,,,,,,,,,,,,
fmpo:00944,http://urn.fi/urn:nbn:fi:au:seko:00944,,sitrabanjo,cittrabanjo,zither banjo,,,,,,,,fmpo:00096,banjo,,,http://www.wikidata.org/entity/Q116843602,,,,,,,,,,,,,,,,TARKISTA,"Erityisvalmisteinen banjo, jonka kielistä osa on metallisia, osa suonta ja jossa on suljettu kaikukoppa.",
fmpo:00945,http://urn.fi/urn:nbn:fi:au:seko:00945,,skalmeija,skalmeja,shawm,,,,,,,,fmpo:00715,oboesoitin,,,http://www.wikidata.org/entity/Q677921,,,,,,skos:exactMatch,http://id.loc.gov/authorities/performanceMediums/mp2013015635,,,,,,,,,TARKISTA,Keskiajalta varhaisbarokkiin asti yleinen kaksoislehdykkäsoitin.,https://finto.fi/ic/fi/page/48C73512
fmpo:00945,,,,,,chalmey,,,,,,,,,,,,,,,,,,,,,,,,,,,,,
fmpo:00945,,,,,,ciaramella,,,,,,,,,,,,,,,,,,,,,,,,,,,,,
fmpo:00945,,,,,,cennamella,it,,,,,,,,,,,,,,,,,,,,,,,,,,,,
fmpo:00945,,,,,,chalumeau,fr,,,,,,,,,,,,,,,,,,,,,,,,,,,,
fmpo:00945,,,,,,Schalmei,de,,,,,,,,,,,,,,,,,,,,,,,,,,,,
fmpo:00946,http://urn.fi/urn:nbn:fi:au:seko:00946,,skudučiai,skudučiai,skudučiai,,,,,http://www.yso.fi/onto/yso/p94268,Liettua,,fmpo:00749,panhuilu,,,http://www.wikidata.org/entity/Q116843667,,,,,,,,,,,,,,,,TARKISTA,Liettualainen panhuilu.,
fmpo:00946,,,,,,skuduciai,,,,,,,,,,,,,,,,,,,,,,,,,,,,,
fmpo:00947,http://urn.fi/urn:nbn:fi:au:seko:00947,,so,so,so,,,,,http://www.yso.fi/onto/yso/p109302,Korea,,fmpo:00749,panhuilu,,,http://www.wikidata.org/entity/Q116858586,,,,,,skos:closeMatch,http://id.loc.gov/authorities/performanceMediums/mp2013015528,,,,,,,,,TARKISTA,"Korealainen panhuilu. Termiä käytetään myös Thaimaassa, mutta siellä erilaisista jousisoittimista. Tätä merkitystä ei ole otettu sanastoon.",
fmpo:00947,,,,,,소,ko,,,,,,,,,,,,,,,,,,,,,,,,,,,,
fmpo:00948,http://urn.fi/urn:nbn:fi:au:seko:00948,,sō̜ sām sāi,so sam sai,so sam sai,,,,,http://www.yso.fi/onto/yso/p105243,Thaimaa,,fmpo:00770,piikkiviulu,,,http://www.wikidata.org/entity/Q6577044,,,,,,,,,,,,,,,,TARKISTA,Thaimaalainen kolmikielinen piikkiviulu.,
fmpo:00948,,,,,,saw-sǎ-m sǎi,,,,,,,,,,,,,,,,,,,,,,,,,,,,,
fmpo:00948,,,,,,so sam sai,,,,,,,,,,,,,,,,,,,,,,,,,,,,,
fmpo:00948,,,,,,,,saw-sa-m sai,,,,,,,,,,,,,,,,,,,,,,,,,,,
fmpo:00949,http://urn.fi/urn:nbn:fi:au:seko:00949,,soalheira,soalheira,chocalho,,,,,http://www.yso.fi/onto/yso/p108126,Brasilia,,fmpo:00404,helistin,https://github.com/NatLibFi/SEKO/issues/119,,http://www.wikidata.org/entity/Q1075560,,,,,,,,,,,,,issue created; compare with sonajero seko:00960,,2026-07-04,KESKEN,"Helistin, jossa on kehikkoon kiinnitettynä useita rivejä pieniä lautasia. Soitinta käytetään varsinkin sambassa.",
fmpo:00949,,,,,,chapinhas,,,,,,,,,,,,,,,,,,,,,,,,,,,,,
fmpo:00949,,,,,,chocalho (soalheira),fi,,,,,,,,,,,,,,,,,,,,,,,,,,,,
fmpo:00949,,,,,,chocolo,,,,,,,,,,,,,,,,,,,,,,,,,,,,,
fmpo:00950,http://urn.fi/urn:nbn:fi:au:seko:00950,,šofar,shofar,schofar,,,,,http://www.yso.fi/onto/yso/p105162,Israel,,fmpo:00899,sarvi (puhallinsoitin),,,http://www.wikidata.org/entity/Q48298,,,,,,skos:exactMatch,http://id.loc.gov/authorities/performanceMediums/mp2013015640,,,,,,,,,TARKISTA,Juutalaisessa kulttuurissa käytetty pässinsarvitorvi.,
fmpo:00950,,,,,,shofar,,,,,,,,,,,,,,,,,,,,,,,,,,,,,
fmpo:00950,,,,,,sofar,fi,,,,,,,,,,,,,,,,,,,,,,,,,,,,
fmpo:00951,http://urn.fi/urn:nbn:fi:au:seko:00951,,sogŭm (bambuhuilu),sogeum,sogeum,,,,,http://www.yso.fi/onto/yso/p109302,Korea,,fmpo:00082,bambuhuilu,,,http://www.wikidata.org/entity/Q704687,,,,,,,,,,,,,,,,TARKISTA,Korealainen bambuhuilu.,
fmpo:00951,,,,,,sogum (bambuhuilu),fi,,,,,,,,,,,,,,,,,,,,,,,,,,,,
fmpo:00952,http://urn.fi/urn:nbn:fi:au:seko:00952,,sointusitra,autoharpa,autoharp,,,,,http://www.yso.fi/onto/yso/p105078,Yhdysvallat,,fmpo:00943,sitra,,,http://www.wikidata.org/entity/Q370915,,,,,,skos:exactMatch,http://id.loc.gov/authorities/performanceMediums/mp2013015035,,,,,,,,,TARKISTA,"Erityisesti Yhdysvalloissa populaarimusiikissa käytetty sitra, jota käytetään säestyssoittimena.",
fmpo:00952,,,,,,autoharppu,fi,,,,,,,,,,,,,,,,,,,,,,,,,,,,
fmpo:00953,http://urn.fi/urn:nbn:fi:au:seko:00953,,soitin,musikinstrument,musical instrument,,,,,,,,fmpo:MediumOfPerformance,Esiintymiskokoonpano,,http://www.yso.fi/onto/yso/p7110,http://www.wikidata.org/entity/Q34379,"suggested for Top Concept (previously under ""ääni"")",,,,,skos:exactMatch,http://id.loc.gov/authorities/performanceMediums/mp2013015354,,,,,,"""2026-07-07 Changed this to topOconcept"",!""2026-07-26 changed skos:broader to a new top Concept skos:MediumOfPerformance""",,2026-06-28,KESKEN,"Yleiskäsite, jota suositellaan käytettäväksi, kun soitinta ei voi tarkemmin määritellä.",
fmpo:00953,,,,,,soittokone,fi,,,,,,,,,,,,,,,,,,,,,,,,,,,,
fmpo:00954,http://urn.fi/urn:nbn:fi:au:seko:00954,,soitinyhtye,instrumentalensemble,instrumental ensemble,,,,,,,,fmpo:01208,yhtye,,http://www.yso.fi/onto/yso/p27211,http://www.wikidata.org/entity/Q11072804,,,,,,skos:exactMatch,http://id.loc.gov/authorities/performanceMediums/mp2013015812,,,,,,,,,TARKISTA,Nimitys 2-9 hengen suuruisille soitinkokoonpanoille.,https://finto.fi/ic/fi/page/48C7532
fmpo:00954,,,,,,kamariyhtye,fi,,,,,,,,,,,,,,,,,,,,,,,,,,,,
fmpo:00955,http://urn.fi/urn:nbn:fi:au:seko:00955,,soittokaari,musikbåge,musical bow,,,,,,,,fmpo:00500,kielisoitin,https://github.com/NatLibFi/SEKO/issues/69,,http://www.wikidata.org/entity/Q1630744,,,,http://www.mimo-db.eu/InstrumentsKeywords/3521,,skos:exactMatch,http://id.loc.gov/authorities/performanceMediums/mp2013015489,,,,,,"kif knokwane seko:00517 is deprecated, it is redirected here",,2026-06-27,KESKEN,"Yksinkertainen, yksikielinen näppäilysoitin.",
fmpo:00955,,,,,,arc musical,en,,,,,,,,,,,,,,,,,,,,,,,,,,,,
fmpo:00955,,,,,,Musikbogen,de,,,,,,,,,,,,,,,,,,,,,,,,,,,,
fmpo:00955,,,,,,soittojousi,fi,,,,,,,,,,,,,,,,,,,,,,,,,,,,
fmpo:00956,http://urn.fi/urn:nbn:fi:au:seko:00956,,soittorasia,speldosa,musical box,,,,,,,,"fmpo:00627, fmpo:00063",lyömäsoitin|automaattisoitin,,http://www.yso.fi/onto/yso/p30044,http://www.wikidata.org/entity/Q1365218,,,,,,skos:exactMatch,http://id.loc.gov/authorities/performanceMediums/mp2013015488,,,,,,,,,TARKISTA,"Mekaaninen soitin, jossa on ohjelmoitu soivat sävellykset jousivoimalla pyöriviin, metallipiikein varustettuihin lieriöihin.",https://finto.fi/ic/fi/page/48C761
fmpo:00956,,,,,,scatola armonica,it,,,,,,,,,,,,,,,,,,,,,,,,,,,,
fmpo:00956,,,,,,Spieldose,de,,,,,,,,,,,,,,,,,,,,,,,,,,,,
fmpo:00956,,,,,,boîte à musique,fr,,,,,,,,,,,,,,,,,,,,,,,,,,,,
fmpo:00957,http://urn.fi/urn:nbn:fi:au:seko:00957,,äänimalja,skålklocka,singing bowl,,,,,,,,fmpo:00485,kello,,,http://www.wikidata.org/entity/Q1413983,,,,http://www.mimo-db.eu/InstrumentsKeywords/6318,,skos:exactMatch,http://id.loc.gov/authorities/performanceMediums/mp2013015647,,,,,,,,,TARKISTA,Yleisnimi eri puolilla maailma tunnetuille lyömäsoittimille.,
fmpo:00957,,,,,,Himalayan bowls,en,,,,,,,,,,,,,,,,,,,,,,,,,,,,
fmpo:00957,,,,,,laulava kulho,fi,,,,,,,,,,,,,,,,,,,,,,,,,,,,
fmpo:00957,,,,,,rin gong,,,,,,,,,,,,,,,,,,,,,,,,,,,,,
fmpo:00957,,,,,,singing bowl,en,,,,,,,,,,,,,,,,,,,,,,,,,,,,
fmpo:00957,,,,,,soiva kello,fi,,,,,,,,,,,,,,,,,,,,,,,,,,,,
fmpo:00957,,,,,,soiva kulho,fi,,,,,,,,,,,,,,,,,,,,,,,,,,,,
fmpo:00957,,,,,,soiva malja,fi,,,,,,,,,,,,,,,,,,,,,,,,,,,,
fmpo:00957,,,,,,suzu gong,,,,,,,,,,,,,,,,,,,,,,,,,,,,,
fmpo:00957,,,,,,Tibetan bowl,en,,,,,,,,,,,,,,,,,,,,,,,,,,,,
fmpo:00957,,,,,,Tibetan singing bowl,en,,,,,,,,,,,,,,,,,,,,,,,,,,,,
fmpo:00957,,,,,,,,aanimalja,,,,,,,,,,,,,,,,,,,,,,,,,,,
fmpo:00958,http://urn.fi/urn:nbn:fi:au:seko:00958,,sokusarv,sokusarv,sokusarv,,,,,http://www.yso.fi/onto/yso/p104987,Viro,,fmpo:00899,sarvi (puhallinsoitin),https://github.com/NatLibFi/SEKO/issues/118,,MISSING,MERGE? seko:00806 pukinsarvi  seems to be the same instrument?,,,,,,,,,seko:00806,"""Virolaisessa kansanmusiikki- ja paimenperinteessä käytetty, vuohensarvesta valmistettu sormiaukollinen paimensoitin (huuliviritteinen sarviaerofoni, viroksi myös lutusarv tai luik), jossa on tyypillisesti 2–5 koverrettua sormiaukkoa. Soitinta on käytetty Virossa erityisesti paimenten merkinantoon, työmatkojen ilmoittamiseen sekä paimen- ja tanssisävelmien esittämiseen. (AI-generated definition by Gemini)""",,issue created - MERGE?,,2026-07-04,KESKEN,Virolainen pukinsarvesta tehty puhallin.,
fmpo:00958,,,,,,sikusarv,et,,,,,,,,,,,,,,,,,,,,,,,,,,,,
fmpo:00958,,,,,,lutusarv,et,,,,,,,,,,,,,,,,,,,,,,,,,,,,
fmpo:00958,,,,,,luik,et,,,,,,,,,,,,,,,,,,,,,,,,,,,,
fmpo:00959,http://urn.fi/urn:nbn:fi:au:seko:00959,,sona,suona,suona,,,,,http://www.yso.fi/onto/yso/p104984,Kiina,,fmpo:00715,oboesoitin,,,http://www.wikidata.org/entity/Q2096912,,,,,,,,,,,,,,,,TARKISTA,Kiinalainen oboetyyppinen puhallinsoitin.,
fmpo:00959,,,,,,chi na,,,,,,,,,,,,,,,,,,,,,,,,,,,,,
fmpo:00959,,,,,,hiang te,,,,,,,,,,,,,,,,,,,,,,,,,,,,,
fmpo:00959,,,,,,la pa,,,,,,,,,,,,,,,,,,,,,,,,,,,,,
fmpo:00959,,,,,,so la,,,,,,,,,,,,,,,,,,,,,,,,,,,,,
fmpo:00959,,,,,,su-na,,,,,,,,,,,,,,,,,,,,,,,,,,,,,
fmpo:00959,,,,,,suo na,,,,,,,,,,,,,,,,,,,,,,,,,,,,,
fmpo:00959,,,,,,suona,,,,,,,,,,,,,,,,,,,,,,,,,,,,,
fmpo:00959,,,,,,ta ti,,,,,,,,,,,,,,,,,,,,,,,,,,,,,
fmpo:00959,,,,,,wa wa erh,,,,,,,,,,,,,,,,,,,,,,,,,,,,,
fmpo:00959,,,,,,wu li wa,,,,,,,,,,,,,,,,,,,,,,,,,,,,,
fmpo:00960,http://urn.fi/urn:nbn:fi:au:seko:00960,,sonajero,PUUTTUU,PUUTTUU,,,,,http://www.yso.fi/onto/yso/p105005,Latinalainen Amerikka,,fmpo:00404,helistin,https://github.com/NatLibFi/SEKO/issues/119,,MISSING,"See also ""soalheira""",,,,,,,,,,,,issue created; compare with soalheira seko:00949,,2026-07-04,KESKEN,Latinalaisen Amerikan intiaanimusiikissa käytettävä helistin.,
fmpo:00961,http://urn.fi/urn:nbn:fi:au:seko:00961,,sopila,sopila,sopila,,,,,http://www.yso.fi/onto/yso/p107595,Kroatia,,fmpo:00715,oboesoitin,,,http://www.wikidata.org/entity/Q3964959,,,,,,,,,,,,,,,,TARKISTA,Lähinnä Kroatian rannikolla olevalla Krk-saarella käytettävä oboesoitin.,
fmpo:00961,,,,,,roženica,,,,,,,,,,,,,,,,,,,,,,,,,,,,,
fmpo:00962,http://urn.fi/urn:nbn:fi:au:seko:00962,,sopìlka,sopìlka,sopìlka,,,,,"http://www.yso.fi/onto/yso/p107664,http://www.yso.fi/onto/yso/p94479",Ukraina|Venäjä,,fmpo:01134,tulppakanavahuilu,,,http://www.wikidata.org/entity/Q3491104,,,,,,skos:closeMatch,http://id.loc.gov/authorities/performanceMediums/mp2013015223,,,,,,,,,TARKISTA,Ukrainalainen ja venäläinen kansanomainen tulppakanavahuilu.,
fmpo:00962,,,,,,sopel,,,,,,,,,,,,,,,,,,,,,,,,,,,,,
fmpo:00962,,,,,,sopilka,fi,,,,,,,,,,,,,,,,,,,,,,,,,,,,
fmpo:00963,http://urn.fi/urn:nbn:fi:au:seko:00963,,sopraano,sopran,soprano,,,,,,,,fmpo:00539,korkea lauluääni,,,http://www.wikidata.org/entity/Q30903,,,,,,skos:exactMatch,http://id.loc.gov/authorities/performanceMediums/mp2013015666,,,,,,,,,TARKISTA,Korkean naisäänen äänialan nimitys. Termi esiintyy myös monien soittimien nimen yhteydessä ilmaisemassa korkeaa äänialaa (esimerkiksi sopraanosaksofoni).,
fmpo:00963,,,,,,S (sopraano),fi,,,,,,,,,,,,,,,,,,,,,,,,,,,,
fmpo:00963,,,,,,,,sopraano (aanialat),,,,,,,,,,,,,,,,,,,,,,,,,,,
fmpo:00964,http://urn.fi/urn:nbn:fi:au:seko:00964,,sopraanochalumeau,sopranchalumeau,soprano chalumeau,,,,,,,,fmpo:00198,chalumeau,,,http://www.wikidata.org/entity/Q116847165,,,,,,skos:broadMatch,http://id.loc.gov/authorities/performanceMediums/mp2013015125,,,,,,,,,TARKISTA,"Sopraanokokoinen chalumeau, jonka ääniala on f'–h'' tai f'–c'''.",
fmpo:00964,,,,,,premier chalimou,fr,,,,,,,,,,,,,,,,,,,,,,,,,,,,
fmpo:00965,http://urn.fi/urn:nbn:fi:au:seko:00965,,sopraanonokkahuilu,sopranblockflöjt,soprano recorder,,,,,,,,fmpo:00704,nokkahuilu,,,http://www.wikidata.org/entity/Q1823258,,,,,,skos:exactMatch,http://id.loc.gov/authorities/performanceMediums/mp2013015664,,,,,,,,,TARKISTA,Sopraanoäänialainen nokkahuilu.,
fmpo:00965,,,,,,descant recorder,en,,,,,,,,,,,,,,,,,,,,,,,,,,,,
fmpo:00965,,,,,,diskanttinokkahuilu,fi,,,,,,,,,,,,,,,,,,,,,,,,,,,,
fmpo:00965,,,,,,Sopranblockflöte,de,,,,,,,,,,,,,,,,,,,,,,,,,,,,
fmpo:00965,,,,,,,,Sopranblockflote,,,,,,,,,,,,,,,,,,,,,,,,,,,
fmpo:00966,http://urn.fi/urn:nbn:fi:au:seko:00966,,sopraanopasuuna,sopprantrombon,soprano trombone,,,,,,,,fmpo:00752,pasuuna,,,http://www.wikidata.org/entity/Q111824539,,,,,,,,,,,,,,,,TARKISTA,,
fmpo:00966,,,,,,diskanttipasuuna,fi,,,,,,,,,,,,,,,,,,,,,,,,,,,,
fmpo:00966,,,,,,soprano sackbut,en,,,,,,,,,,,,,,,,,,,,,,,,,,,,
fmpo:00966,,,,,,Sopranposaune,de,,,,,,,,,,,,,,,,,,,,,,,,,,,,
fmpo:00967,http://urn.fi/urn:nbn:fi:au:seko:00967,,sopraanosaksofoni,sopransaxofon,soprano saxophone,,,,,,,,fmpo:00879,saksofoni,,,http://www.wikidata.org/entity/Q1463985,,,,,,skos:exactMatch,http://id.loc.gov/authorities/performanceMediums/mp2013015665,,,,,,,,,TARKISTA,Termiä suositellaan käytettäväksi lähinnä populaarimusiikin yhteydessä.,
fmpo:00967,,,,,,ss (sopraanosaksofoni),fi,,,,,,,,,,,,,,,,,,,,,,,,,,,,
fmpo:00968,http://urn.fi/urn:nbn:fi:au:seko:00968,,sopraanosinkki,sopransinka,soprano cornett,,,,,,,,fmpo:00571,käyrä sinkki,,,http://www.wikidata.org/entity/Q5171699,,,,http://www.mimo-db.eu/InstrumentsKeywords/3869,,skos:broadMatch,http://id.loc.gov/authorities/performanceMediums/mp2013015185,,,,,,,,,TARKISTA,"Sopraanokokoinen käyrä sinkki, jonka ääniala alkaa kvarttia tai kvinttiä korkeammalta kuin alttosinkin.",
fmpo:00968,,,,,,Cornettin,de,,,,,,,,,,,,,,,,,,,,,,,,,,,,
fmpo:00968,,,,,,cornettino,,,,,,,,,,,,,,,,,,,,,,,,,,,,,
fmpo:00968,,,,,,kleiner Zink,de,,,,,,,,,,,,,,,,,,,,,,,,,,,,
fmpo:00968,,,,,,Quartzink,de,,,,,,,,,,,,,,,,,,,,,,,,,,,,
fmpo:00969,http://urn.fi/urn:nbn:fi:au:seko:00969,,sopraniinoklarinetti,sopraninoklarinett,sopranino clarinet,,,,,,,,fmpo:00512,klarinetti,,,http://www.wikidata.org/entity/Q8343,,,,,,skos:exactMatch,http://id.loc.gov/authorities/performanceMediums/mp2014015002,,,,,,,,,TARKISTA,,
fmpo:00970,http://urn.fi/urn:nbn:fi:au:seko:00970,,sopraniinonokkahuilu,sopraninoblockflöjt,sopranino recorder,,,,,,,,fmpo:00704,nokkahuilu,,,http://www.wikidata.org/entity/Q2625622,,,,,,skos:exactMatch,http://id.loc.gov/authorities/performanceMediums/mp2013015664,,,,,,,,,TARKISTA,"Pienikokoinen nokkahuilu. Soittimesta käytetään joskus myös nimeä ""sopranino"". Aikaisemmin suositeltu muoto oli piccolonokkahuilu.",
fmpo:00970,,,,,,flautino,fi,,,,,,,,,,,,,,,,,,,,,,,,,,,,
fmpo:00970,,,,,,piccolonokkahuilu,fi,,,,,,,,,,,,,,,,,,,,,,,,,,,,
fmpo:00970,,,,,,pikkolonokkahuilu,fi,,,,,,,,,,,,,,,,,,,,,,,,,,,,
fmpo:00970,,,,,,sopranino (sopraniinonokkahuilu),fi,,,,,,,,,,,,,,,,,,,,,,,,,,,,
fmpo:00971,http://urn.fi/urn:nbn:fi:au:seko:00971,,sopraniinosaksofoni,sopraninosaxofon,sopranino saxophone,,,,,,,,fmpo:00879,saxophone,,,http://www.wikidata.org/entity/Q656922,,,,,,skos:exactMatch,http://id.loc.gov/authorities/performanceMediums/mp2013015663,,,,,,,,,TARKISTA,Korkeaäänialainen saksofoni. Termiä suositellaan käytettäväksi lähinnä populaarimusiikin yhteydessä.,
fmpo:00972,http://urn.fi/urn:nbn:fi:au:seko:00972,,sorduuna,sordun,sordun,,,,,,,,fmpo:00715,oboesoitin,,,http://www.wikidata.org/entity/Q17082043,,,,,,,,,,,,,,,,TARKISTA,"Renessanssiajan kaksoislehdykkäsoitin, joka muistuttaa lähinnä kortholt-soitinta.",
fmpo:00973,http://urn.fi/urn:nbn:fi:au:seko:00973,,sormien napsutus,knäpping,finger snapping,,,,,,,,fmpo:00483,kehorytmiikka,,,http://www.wikidata.org/entity/Q3269139,,,,,,skos:exactMatch,http://id.loc.gov/authorities/performanceMediums/mp2013015264,,,,,,,,,TARKISTA,"Yleensä peukolalla ja joko etusormella, keskisormella tai nimettömällä aikaansaatu napsaus.",
fmpo:00973,,,,,,clicking,en,,,,,,,,,,,,,,,,,,,,,,,,,,,,
fmpo:00973,,,,,,Fingerschnippen,en,,,,,,,,,,,,,,,,,,,,,,,,,,,,
fmpo:00973,,,,,,knäppa med fingrarna,sv,,,,,,,,,,,,,,,,,,,,,,,,,,,,
fmpo:00973,,,,,,snapping,en,,,,,,,,,,,,,,,,,,,,,,,,,,,,
fmpo:00974,http://urn.fi/urn:nbn:fi:au:seko:00974,,sormipiano,tumpiano,lamellophone,,,,,http://www.yso.fi/onto/yso/p94080,Afrikka,,fmpo:00627,lyömäsoitin,,http://www.yso.fi/onto/yso/p30050,http://www.wikidata.org/entity/Q936762,,,,,,,,,,,,,,,,TARKISTA,Yleisnimitys lähinnä Afrikassa yleisille lamellofoneille.,
fmpo:00974,,,,,,fingerpiano,fi,,,,,,,,,,,,,,,,,,,,,,,,,,,,
fmpo:00974,,,,,,lamellofoni,,,,,,,,,,,,,,,,,,,,,,,,,,,,,
fmpo:00975,http://urn.fi/urn:nbn:fi:au:seko:00975,,soropilli,soropilli,soropilli,,,,,http://www.yso.fi/onto/yso/p94192,Karjala,,fmpo:00513,klarinettisoitin,,,http://www.wikidata.org/entity/Q116819315,,,,,,,,,,,,,,,,TARKISTA,Karjalainen ruo'osta tai oljesta valmistettu kansanomainen puhallinsoitin.,
fmpo:00975,,,,,,kaza (klarinettisoitin),fi,,,,,,,,,,,,,,,,,,,,,,,,,,,,
fmpo:00975,,,,,,korsipilli,fi,,,,,,,,,,,,,,,,,,,,,,,,,,,,
fmpo:00975,,,,,,olkipilli,fi,,,,,,,,,,,,,,,,,,,,,,,,,,,,
fmpo:00975,,,,,,ruokopilli,fi,,,,,,,,,,,,,,,,,,,,,,,,,,,,
fmpo:00975,,,,,,sorapilli,fi,,,,,,,,,,,,,,,,,,,,,,,,,,,,
fmpo:00976,http://urn.fi/urn:nbn:fi:au:seko:00976,,sousafoni,sousafon,sousaphone,,,,,,,,fmpo:01147,tuuba,,,http://www.wikidata.org/entity/Q499387,,,,,,skos:exactMatch,http://id.loc.gov/authorities/performanceMediums/mp2013015669,,,,,,,,,TARKISTA,"Tuubaperheen matalaääninen jäsen, joka on nimetty säveltäjä John Philip Sousan mukaan ja tarkoitettu marssisoittimeksi.",
fmpo:00977,http://urn.fi/urn:nbn:fi:au:seko:00977,,spilåpipa,spilåpipa,spilåpipa,,,,,http://www.yso.fi/onto/yso/p94383,Ruotsi,,fmpo:01134,tulppakanavahuilu,,,http://www.wikidata.org/entity/Q7577345,,,,,,,,,,,,,,,,TARKISTA,Ruotsalainen tulppakanavahuilu.,
fmpo:00977,,,,,,låtapipa,sv,,,,,,,,,,,,,,,,,,,,,,,,,,,,
fmpo:00977,,,,,,spelpipa,sv,,,,,,,,,,,,,,,,,,,,,,,,,,,,
fmpo:00977,,,,,,spilapipa,sv,,,,,,,,,,,,,,,,,,,,,,,,,,,,
fmpo:00977,,,,,,spälapipa,sv,,,,,,,,,,,,,,,,,,,,,,,,,,,,
fmpo:00977,,,,,,,,latapipa,,,,,,,,,,,,,,,,,,,,,,,,,,,
fmpo:00977,,,,,,,,spalapipa,,,,,,,,,,,,,,,,,,,,,,,,,,,
fmpo:00978,http://urn.fi/urn:nbn:fi:au:seko:00978,,spinetti,spinett,spinet,,,,,,,,"fmpo:00943, fmpo:00543",sitra|kosketinsoitin,,,http://www.wikidata.org/entity/Q623941,,,,,,,http://id.loc.gov/authorities/performanceMediums/mp2013015671,,,,,,,,,TARKISTA,"Pienikokoinen cembalosoitin, jossa on yleensä yksi äänikerta yhdellä sormiolla ja jonka koskettimisto on viistossa soittimen kieliin ja pitkään sivuun nähden",https://finto.fi/ic/fi/page/48C7331
fmpo:00978,,,,,,cembalo traverso,it,,,,,,,,,,,,,,,,,,,,,,,,,,,,
fmpo:00978,,,,,,épinette,fr,,,,,,,,,,,,,,,,,,,,,,,,,,,,
fmpo:00978,,,,,,Querflügel,de,,,,,,,,,,,,,,,,,,,,,,,,,,,,
fmpo:00978,,,,,,sp (spinetti),fi,,,,,,,,,,,,,,,,,,,,,,,,,,,,
fmpo:00978,,,,,,Spinett,de,,,,,,,,,,,,,,,,,,,,,,,,,,,,
fmpo:00978,,,,,,spinetta,it,,,,,,,,,,,,,,,,,,,,,,,,,,,,
fmpo:00978,,,,,,spinettina,it,,,,,,,,,,,,,,,,,,,,,,,,,,,,
fmpo:00978,,,,,,spinettone,it,,,,,,,,,,,,,,,,,,,,,,,,,,,,
fmpo:00978,,,,,,,,epinette,fr,,,,,,,,,,,,,,,,,,,,,,,,,,
fmpo:00978,,,,,,,,Querflugel,de,,,,,,,,,,,,,,,,,,,,,,,,,,
fmpo:00979,http://urn.fi/urn:nbn:fi:au:seko:00979,,sring,sring,sring,,,,,http://www.yso.fi/onto/yso/p107662,Armenia,,fmpo:00418,huilusoitin,https://github.com/NatLibFi/SEKO/issues/121,,http://www.wikidata.org/entity/Q290736,"This is different from ""blul""",,,,,,,https://en.wikipedia.org/wiki/Sring?wprov=srpw1_0,,,,,Issue created: compare with blul seko:00141,,2026-07-04,KESKEN,"Armenialainen, päästä puhallettava huilu.",
fmpo:00979,,,,,,srink,,,,,,,,,,,,,,,,,,,,,,,,,,,,,
fmpo:00980,http://urn.fi/urn:nbn:fi:au:seko:00980,,srutibox,srutibox,srutibox,,,,,http://www.yso.fi/onto/yso/p105027,Intia,,fmpo:00394,harmoni,https://github.com/NatLibFi/SEKO/issues/56,,http://www.wikidata.org/entity/Q487818,,412.132,,http://www.mimo-db.eu/InstrumentsKeywords/4316,Shrut_box,skos:exactMatch,http://id.loc.gov/authorities/performanceMediums/mp2021015007 ,,,,"""Bordunaäänen soittamiseen käytetty intialainen koskettimistoton harmoni.""@fi",,Updated altLabels,,2026-06-26,valid,Bordunaäänen soittamiseen käytetty intialainen koskettimistoton harmoni.,
fmpo:00980,,,,,,śruti box,en,,,,,,,,,,,,,,,,,,,,,,,,,,,,
fmpo:00980,,,,,,caixa sruti,pt,,,,,,,,,,,,,,,,,,,,,,,,,,,,
fmpo:00980,,,,,,shruti box,en,,,,,,,,,,,,,,,,,,,,,,,,,,,,
fmpo:00980,,,,,,shrutibox,en,,,,,,,,,,,,,,,,,,,,,,,,,,,,
fmpo:00980,,,,,,sruti-box,en,,,,,,,,,,,,,,,,,,,,,,,,,,,,
fmpo:00980,,,,,,sruti box,en,,,,,,,,,,,,,,,,,,,,,,,,,,,,
fmpo:00980,,,,,,surpeti (harmoni),fi,,,,,,,,,,,,,,,,,,,,,,,,,,,,
fmpo:00980,,,,,,surudippeṭṭi,fi,,,,,,,,,,,,,,,,,,,,,,,,,,,,
fmpo:00980,,,,,,,,surudippetti,fi,,,,,,,,,,,,,,,,,,,,,,,,,,
fmpo:00981,http://urn.fi/urn:nbn:fi:au:seko:00981,,stabule,stabule,stabule,,,,,http://www.yso.fi/onto/yso/p94259,Latvia,,fmpo:01134,tulppakanavahuilu,,,http://www.wikidata.org/entity/Q17099062,,,,,,,,,,,,,,,,TARKISTA,Latvialainen tulppakanavahuilu (paimenhuilu).,
fmpo:00981,,,,,,stabuļa,,,,,,,,,,,,,,,,,,,,,,,,,,,,,
fmpo:00981,,,,,,stebule,,,,,,,,,,,,,,,,,,,,,,,,,,,,,
fmpo:00981,,,,,,,,stabula,,,,,,,,,,,,,,,,,,,,,,,,,,,
fmpo:00982,http://urn.fi/urn:nbn:fi:au:seko:00982,,stalo boselis,stalo boselis,stalo boselis,,,,,http://www.yso.fi/onto/yso/p94268,Liettua,,fmpo:00709,näppäilysoitin,,,http://www.wikidata.org/entity/Q116819489,,,,,,,,,,,,,,,,TARKISTA,Liettualainen näppäiltävä kielisoitin.,
fmpo:00982,,,,,,stãlo bosẽlis,,,,,,,,,,,,,,,,,,,,,,,,,,,,,
fmpo:00983,http://urn.fi/urn:nbn:fi:au:seko:00983,,steel band,steel band,steelband,,,,,http://www.yso.fi/onto/yso/p109214,Trinidad ja Tobago,,fmpo:00628,lyömäsoitinyhtye,,http://www.yso.fi/onto/yso/p29880,http://www.wikidata.org/entity/Q920737,,,,,,skos:exactMatch,http://id.loc.gov/authorities/performanceMediums/mp2013015674,,,,,,,,,TARKISTA,"Trinidadin saarella 1930-luvulla kehittynyt esityskokoonpano, jonka soittimisto koostuu steel-rummuista (alunperin valmistettu tyhjistä öljytynnyreistä) ja joskus myös muista rytmisoittimista.",https://finto.fi/ic/fi/page/48C7532
fmpo:00983,,,,,,steel orchestra,en,,,,,,,,,,,,,,,,,,,,,,,,,,,,
fmpo:00983,,,,,,tinpanny,en,,,,,,,,,,,,,,,,,,,,,,,,,,,,
fmpo:00984,http://urn.fi/urn:nbn:fi:au:seko:00984,,steel pan,steel pan,steel drum,,,,,http://www.yso.fi/onto/yso/p109214,Trinidad ja Tobago,,fmpo:00864,rumpu,https://github.com/NatLibFi/SEKO/issues/120,http://www.yso.fi/onto/yso/p29959,http://www.wikidata.org/entity/Q6610630,"SPLIT? See ""hand pan"" seko:01226",,,,,skos:exactMatch,http://id.loc.gov/authorities/performanceMediums/mp2013015675,,,,,,Check mappings,,2026-07-04,KESKEN,"Trinidadilainen öljytynnyreistä viritetty rumpu, joita normaalissa soittotilanteessa on useampia eri sävelkorkeudelle viritettyinä ""steel band"" -yhtyeen soitettavana. Steel pan -soittimista koostuvasta yhtyeestä käytetään asiasanaa steel bandit.",
fmpo:00984,,,,,,steel-rumpu,fi,,,,,,,,,,,,,,,,,,,,,,,,,,,,
fmpo:00984,,,,,,steelrumpu,fi,,,,,,,,,,,,,,,,,,,,,,,,,,,,
fmpo:00985,http://urn.fi/urn:nbn:fi:au:seko:00985,,steel-kitara,steel guitar,steel guitar,,,,,http://www.yso.fi/onto/yso/p105078,Yhdysvallat,,fmpo:00504,kitara,,http://www.yso.fi/onto/yso/p30117,http://www.wikidata.org/entity/Q2617520,,,,,,skos:closeMatch,http://id.loc.gov/authorities/performanceMediums/mp2013015335,,,,,,,,,TARKISTA,Yhdysvalloissa 1930-luvulla havaijinkitarasta kehitetty magneettisia mikrofoneja käyttävä versio.,
fmpo:00985,,,,,,kissalauta,fi,,,,,,,,,,,,,,,,,,,,,,,,,,,,
fmpo:00985,,,,,,lap steel,en,,,,,,,,,,,,,,,,,,,,,,,,,,,,
fmpo:00985,,,,,,st-g (steel-kitara),fi,,,,,,,,,,,,,,,,,,,,,,,,,,,,
fmpo:00986,http://urn.fi/urn:nbn:fi:au:seko:00986,,steppaaja,steppdansare,tap dancer,,,,,,,,fmpo:01060,tanssija,,,http://www.wikidata.org/entity/Q66047463,,,,,,skos:exactMatch,http://id.loc.gov/authorities/performanceMediums/mp2013015713,,,,,,,,,TARKISTA,,
fmpo:00987,http://urn.fi/urn:nbn:fi:au:seko:00987,,stick,Chapman stick,Chapman stick,,,,,,,,fmpo:01019,sähkökitara,,,http://www.wikidata.org/entity/Q754518,,,,,,,,,,,,,,,,TARKISTA,"Emmett Chapmanin 1970-luvulla kehittelemä 8-, 10- tai 12-kielinen sähkökitara, jossa on sekä bassokitaran että kitaran kielet.",
fmpo:00987,,,,,,Chapmpanstick,en,,,,,,,,,,,,,,,,,,,,,,,,,,,,
fmpo:00988,http://urn.fi/urn:nbn:fi:au:seko:00988,,stritch,stritch,stritch,,,,,,,,fmpo:00879,saksofoni,,,http://www.wikidata.org/entity/Q116820059,,,,,,,,,,,,,,,,TARKISTA,Roland Kirkin kehittämä saksofonisoitin.,
fmpo:00989,http://urn.fi/urn:nbn:fi:au:seko:00989,,stroh-viulu,stroh-violin,stroh-violin,,,,,,,,fmpo:00446,jousisoitin,,,http://www.wikidata.org/entity/Q615941,,,,,,skos:exactMatch,http://id.loc.gov/authorities/performanceMediums/mp2013015547,,,,,,,,,TARKISTA,"Charles Strohin vuonna 1901 kehittämä viulu, jossa on kaikukopan sijaan alumiinisuppilo äänen vahvistamiseksi.",
fmpo:00989,,,,,,Cornet-Violine,de,,,,,,,,,,,,,,,,,,,,,,,,,,,,
fmpo:00989,,,,,,horn-violin,sv,,,,,,,,,,,,,,,,,,,,,,,,,,,,
fmpo:00989,,,,,,one-string fiddle,en,,,,,,,,,,,,,,,,,,,,,,,,,,,,
fmpo:00989,,,,,,phonofiddle,en,,,,,,,,,,,,,,,,,,,,,,,,,,,,
fmpo:00989,,,,,,Phonofiedel,de,,,,,,,,,,,,,,,,,,,,,,,,,,,,
fmpo:00989,,,,,,Stroh violin,de,,,,,,,,,,,,,,,,,,,,,,,,,,,,
fmpo:00989,,,,,,Strohgeige,de,,,,,,,,,,,,,,,,,,,,,,,,,,,,
fmpo:00989,,,,,,Strohviol,de,,,,,,,,,,,,,,,,,,,,,,,,,,,,
fmpo:00989,,,,,,Stroviols,de,,,,,,,,,,,,,,,,,,,,,,,,,,,,
fmpo:00989,,,,,,trattfiol,sv,,,,,,,,,,,,,,,,,,,,,,,,,,,,
fmpo:00989,,,,,,vioara cu goarnă,,,,,,,,,,,,,,,,,,,,,,,,,,,,,
fmpo:00989,,,,,,violinophon,,,,,,,,,,,,,,,,,,,,,,,,,,,,,
fmpo:00989,,,,,,violinophone,en,,,,,,,,,,,,,,,,,,,,,,,,,,,,
fmpo:00989,,,,,,violon à pavillon,,,,,,,,,,,,,,,,,,,,,,,,,,,,,
fmpo:00989,,,,,,,,vioara cu goarna,,,,,,,,,,,,,,,,,,,,,,,,,,,
fmpo:00989,,,,,,,,violon a pavillon,,,,,,,,,,,,,,,,,,,,,,,,,,,
fmpo:00990,http://urn.fi/urn:nbn:fi:au:seko:00990,,sudrofoni,sudrofon,sudrophone,,,,,,,,"fmpo:00671, fmpo:01171",mirlitoni|vaskipuhallin,,,http://www.wikidata.org/entity/Q3976676,,,,,,,,,,,,,,,,TARKISTA,"François Sudren keksimä ja vuonna 1892 patentoima vaskipuhallinsoitin. Soittimessa on värähtelevä kalvo, jonka avulla sillä voidaan matkia mm. puupuhaltimia.",
fmpo:00991,http://urn.fi/urn:nbn:fi:au:seko:00991,,suhistuspuu,brumsnurra,bullroarer,,,,,,,,fmpo:00953,soitin,https://github.com/NatLibFi/SEKO/issues/112,,http://www.wikidata.org/entity/Q666971,,,,,,skos:exactMatch,http://id.loc.gov/authorities/performanceMediums/mp2013015106,,,,,,"issue created: change broader to ""kitkaidiofoni""",,2026-07-03,KESKEN,"Yleisnimi vanhakantaisille kieputusaerofoneille, joita esiintyy maailman kaikilla mantereilla.",
fmpo:00991,,,,,,bull-roarer,en,,,,,,,,,,,,,,,,,,,,,,,,,,,,
fmpo:00991,,,,,,rhombus,en,,,,,,,,,,,,,,,,,,,,,,,,,,,,
fmpo:00991,,,,,,Schwirrholz,de,,,,,,,,,,,,,,,,,,,,,,,,,,,,
fmpo:00991,,,,,,turndun,en,,,,,,,,,,,,,,,,,,,,,,,,,,,,
fmpo:00991,,,,,,whizzer,en,,,,,,,,,,,,,,,,,,,,,,,,,,,,
fmpo:00992,http://urn.fi/urn:nbn:fi:au:seko:00992,,suling,suling,suling,,,,,"http://www.yso.fi/onto/yso/p105242,http://www.yso.fi/onto/yso/p105717,http://www.yso.fi/onto/yso/p105189",Indonesia|Malesia|Filippiinit,,fmpo:00082,bambuhuilu,,,http://www.wikidata.org/entity/Q2997443,,,,,,skos:exactMatch,http://id.loc.gov/authorities/performanceMediums/mp2013015685,,,,,,,,,TARKISTA,"Indonesiassa, Malesiassa ja Etelä-Filippiineillä käytettävä bambuhuilu.",
fmpo:00992,,,,,,seruling,,,,,,,,,,,,,,,,,,,,,,,,,,,,,
fmpo:00993,http://urn.fi/urn:nbn:fi:au:seko:00993,,sumpotan,sumpotan,sumpotan,,,,,http://www.yso.fi/onto/yso/p105717,Malesia,,fmpo:01004,suu-urut,,,http://www.wikidata.org/entity/Q15849628,,,,,,,,,,,,,,,,TARKISTA,Malesialaiset suu-urut.,
fmpo:00994,http://urn.fi/urn:nbn:fi:au:seko:00994,,suora sinkki,rät sinka,straight cornett,,,,,,,,fmpo:00937,sinkki,,,http://www.wikidata.org/entity/Q116142825,,,,,,skos:closeMatch,http://id.loc.gov/authorities/performanceMediums/mp2013015185,,,,,,,,,TARKISTA,,
fmpo:00994,,,,,,cornetto diritto,,,,,,,,,,,,,,,,,,,,,,,,,,,,,
fmpo:00994,,,,,,gerader Zink,de,,,,,,,,,,,,,,,,,,,,,,,,,,,,
fmpo:00994,,,,,,straight treble cornett,en,,,,,,,,,,,,,,,,,,,,,,,,,,,,
fmpo:00994,,,,,,suora diskanttisinkki,fi,,,,,,,,,,,,,,,,,,,,,,,,,,,,
fmpo:00995,http://urn.fi/urn:nbn:fi:au:seko:00995,,suravli,souravli,souravli,,,,,http://www.yso.fi/onto/yso/p105037,Kreikka,,fmpo:01134,tulppakanavahuilu,,,http://www.wikidata.org/entity/Q7565100,,,,,,,,,,,,,,,,TARKISTA,Kreikkalainen tulppakanavahuilu.,
fmpo:00996,http://urn.fi/urn:nbn:fi:au:seko:00996,,sūrbahār,surbahar,surbahar,,,,,http://www.yso.fi/onto/yso/p235078,Pohjois-Intia,,fmpo:00942,sitar,,,http://www.wikidata.org/entity/Q980383,,,,,,skos:exactMatch,http://id.loc.gov/authorities/performanceMediums/mp2013015689,,,,,,,,,TARKISTA,"Pohjoisintialainen näppäiltävä luuttusoitin, sitarin bassomuoto.",
fmpo:00996,,,,,,bassositar,,,,,,,,,,,,,,,,,,,,,,,,,,,,,
fmpo:00997,http://urn.fi/urn:nbn:fi:au:seko:00997,,surdāo,PUUTTUU,PUUTTUU,,,,,http://www.yso.fi/onto/yso/p108126,Brasilia,,fmpo:00864,rumpu,https://github.com/NatLibFi/SEKO/issues/122,,MISSING,"MERGE? Is this the same as ""surdo""",,,,,,,,,,,,issue created; MERGE?,,2026-07-04,KESKEN,Sambassa perusrytmiä soittava bassoääninen rumpu.,
fmpo:00997,,,,,,surdao,fi,,,,,,,,,,,,,,,,,,,,,,,,,,,,
fmpo:00998,http://urn.fi/urn:nbn:fi:au:seko:00998,,surdo,surdo,surdo,,,,,http://www.yso.fi/onto/yso/p108126,Brasilia,,fmpo:00864,rumpu,https://github.com/NatLibFi/SEKO/issues/122,,http://www.wikidata.org/entity/Q940274,,,,,,skos:exactMatch,http://id.loc.gov/authorities/performanceMediums/mp2013015690,,,,,,issue created; MERGE?,,2026-07-04,KESKEN,"Sambassa käytettävä perusrytmiä soittava bassorumpu, joka on kuitenkin pienempi kuin surdāo.",
fmpo:00998,,,,,,caixa-surda,,,,,,,,,,,,,,,,,,,,,,,,,,,,,
fmpo:00999,http://urn.fi/urn:nbn:fi:au:seko:00999,,surle,surle,surle,,,,,http://www.yso.fi/onto/yso/p109229,Albania,,fmpo:00715,oboesoitin,https://github.com/NatLibFi/SEKO/issues/123,,http://www.wikidata.org/entity/Q230471,"MERGE? Is this the same as ""zūrnā""?",,,,,skos:closeMatch,http://id.loc.gov/authorities/performanceMediums/mp2013015829,,,,,,"issue created -merge, mappings?",,2026-07-04,KESKEN,Albanialainen kansanomainen oboesoitin.,
fmpo:01000,http://urn.fi/urn:nbn:fi:au:seko:01000,,surmandal,surmandal,swarmandal,,,,,http://www.yso.fi/onto/yso/p105336,Etelä-Aasia,,fmpo:00943,sitra,,,http://www.wikidata.org/entity/Q627110,,,,,,,,,,,,,,,,TARKISTA,Eteläaasialainen pöytäsitra.,
fmpo:01000,,,,,,Indian harp,en,,,,,,,,,,,,,,,,,,,,,,,,,,,,
fmpo:01000,,,,,,swaramandal,,,,,,,,,,,,,,,,,,,,,,,,,,,,,
fmpo:01001,http://urn.fi/urn:nbn:fi:au:seko:01001,,surśrngār,sursingar,sursingar,,,,,http://www.yso.fi/onto/yso/p235078,Pohjois-Intia,,fmpo:00709,näppäilysoitin,,,http://www.wikidata.org/entity/Q2372387,,,,,,,,,,,,,,,,TARKISTA,Pohjoisintialaisella klassisessa musiikissa käytettävä näppäiltävä luuttusoitin.,
fmpo:01001,,,,,,sursiṅgār,,,,,,,,,,,,,,,,,,,,,,,,,,,,,
fmpo:01001,,,,,,sursrngar,fi,,,,,,,,,,,,,,,,,,,,,,,,,,,,
fmpo:01002,http://urn.fi/urn:nbn:fi:au:seko:01002,,suujousi,munbågen,mouth bow,,,,,,,,fmpo:00955,soittokaari,,,http://www.wikidata.org/entity/Q1955103,,,,,,skos:exactMatch,http://id.loc.gov/authorities/performanceMediums/mp2013015482,,,,,,,,,TARKISTA,"Yleisnimitys soittimille, joissa soittajan oma suu on soivan jousen resonaattorina.",
fmpo:01003,http://urn.fi/urn:nbn:fi:au:seko:01003,,suurkantele,stor kantele,large kantele,,,,,,,,fmpo:00470,kantele,,,http://www.wikidata.org/entity/Q116854546,,,,,,skos:closeMatch,http://id.loc.gov/authorities/performanceMediums/mp2013015373,,,,,,,,,TARKISTA,Suurikokoinen kantele.,
fmpo:01003,,,,,,laatikkokantele,fi,,,,,,,,,,,,,,,,,,,,,,,,,,,,
fmpo:01004,http://urn.fi/urn:nbn:fi:au:seko:01004,,suu-urut,munorgel,mouth organ,,,,,http://www.yso.fi/onto/yso/p105179,Itä-Aasia,,fmpo:01170,vapaalehdykkäsoitin,https://github.com/NatLibFi/SEKO/issues/85,,https://www.wikidata.org/wiki/Q6926344,"MERGE? Is this the same as seko:00922 ""sheng""?",412.132,,http://www.mimo-db.eu/InstrumentsKeywords/4143,,,,,,,,,issue created,,2026-06-30,KESKEN,Yleisnimi Itä-Aasiassa yleisille pienille urkuja muistuttaville puhallinsoittimille.,
fmpo:01005,http://urn.fi/urn:nbn:fi:au:seko:01005,,swanee whistle,swanee whistle,swannee whistle,,,,,,,,fmpo:01134,tulppakanavahuilu,https://github.com/NatLibFi/SEKO/issues/84,,http://www.wikidata.org/entity/Q656696,,,,,,skos:exactMatch,http://id.loc.gov/authorities/performanceMediums/mp2015015012,,,,,,"Issue created.  Merge to ""liukuhuilu""?",,2026-06-30,KESKEN,"Sormiaukoton tulppakanavahuilu, jonka äänen korkeutta muutellaan siirrettävällä männällä. Soitinta käytettiin paljon 1920-luvun jazzissa; taidemusiikissa sen käyttäjiä ovat olleet mm. Ravel, Henze ja Berio.",
fmpo:01005,,,,,,bird warble,en,,,,,,,,,,,,,,,,,,,,,,,,,,,,
fmpo:01005,,,,,,flûte à coulisse,fr,,,,,,,,,,,,,,,,,,,,,,,,,,,,
fmpo:01005,,,,,,jazz flute,en,,,,,,,,,,,,,,,,,,,,,,,,,,,,
fmpo:01005,,,,,,jazzo flûte,,,,,,,,,,,,,,,,,,,,,,,,,,,,,
fmpo:01005,,,,,,lauto a culisse,,,,,,,,,,,,,,,,,,,,,,,,,,,,,
fmpo:01005,,,,,,Lotosflöte,de,,,,,,,,,,,,,,,,,,,,,,,,,,,,
fmpo:01005,,,,,,lotus flute,en,,,,,,,,,,,,,,,,,,,,,,,,,,,,
fmpo:01005,,,,,,piston flute,en,,,,,,,,,,,,,,,,,,,,,,,,,,,,
fmpo:01005,,,,,,piston pipe,en,,,,,,,,,,,,,,,,,,,,,,,,,,,,
fmpo:01005,,,,,,sifflet à coulisse,fr,,,,,,,,,,,,,,,,,,,,,,,,,,,,
fmpo:01005,,,,,,slide whistle,en,,,,,,,,,,,,,,,,,,,,,,,,,,,,
fmpo:01005,,,,,,song whistle,en,,,,,,,,,,,,,,,,,,,,,,,,,,,,
fmpo:01005,,,,,,Stempelflöte,de,,,,,,,,,,,,,,,,,,,,,,,,,,,,
fmpo:01005,,,,,,,,flute a coulisse,,,,,,,,,,,,,,,,,,,,,,,,,,,
fmpo:01005,,,,,,,,jazzo flute,,,,,,,,,,,,,,,,,,,,,,,,,,,
fmpo:01005,,,,,,,,Lotosflote,,,,,,,,,,,,,,,,,,,,,,,,,,,
fmpo:01005,,,,,,,,sifflet a coulisse,,,,,,,,,,,,,,,,,,,,,,,,,,,
fmpo:01005,,,,,,,,Stempelflote,,,,,,,,,,,,,,,,,,,,,,,,,,,
fmpo:01006,http://urn.fi/urn:nbn:fi:au:seko:01006,,švi,švi,shvi,,,,,http://www.yso.fi/onto/yso/p107662,Armenia,,fmpo:00418,huilusoitin,,,http://www.wikidata.org/entity/Q1986655,,,,,,,,,,,,,,,,TARKISTA,Armenialainen huilusoitin.,
fmpo:01006,,,,,,svi,fi,,,,,,,,,,,,,,,,,,,,,,,,,,,,
fmpo:01007,http://urn.fi/urn:nbn:fi:au:seko:01007,,švilpa,švilpa,švilpa,,,,,http://www.yso.fi/onto/yso/p94268,Liettua,,fmpo:00776,pilli,https://github.com/NatLibFi/SEKO/issues/124,,http://www.wikidata.org/entity/Q7652693,,,,,,,,,,,,,issue created;,,2026-07-04,KESKEN,Liettualainen kansanomainen pilli.,
fmpo:01007,,,,,,svilpa,fi,,,,,,,,,,,,,,,,,,,,,,,,,,,,
fmpo:01008,http://urn.fi/urn:nbn:fi:au:seko:01008,,svilpe,PUUTTUU,PUUTTUU,,,,,http://www.yso.fi/onto/yso/p94259,Latvia,,fmpo:00776,pilli,https://github.com/NatLibFi/SEKO/issues/124,,MISSING,"MERGE?  This is a ""whistle"" in the Latvian lanuage, so this is probably not a specific Latvian instrument?",,,,,,,,,,,,issue created;,,2026-07-04,KESKEN,Latvialainen kansanomainen pilli.,
fmpo:01009,http://urn.fi/urn:nbn:fi:au:seko:01009,,svirala,svirala,frula,,,,,http://www.yso.fi/onto/yso/p105026,Balkanin niemimaa,,fmpo:01134,tulppakanavahuilu,,,http://www.wikidata.org/entity/Q3716790,,,,,,skos:exactMatch,http://id.loc.gov/authorities/performanceMediums/mp2013015691,,,,,,,,,TARKISTA,Balkanilainen tulppakanavahuilu.,
fmpo:01009,,,,,,jedinka,,,,,,,,,,,,,,,,,,,,,,,,,,,,,
fmpo:01010,http://urn.fi/urn:nbn:fi:au:seko:01010,,svirjel,svirel,svirel,,,,,http://www.yso.fi/onto/yso/p94479,Venäjä,,fmpo:01134,tulppakanavahuilu,,,http://www.wikidata.org/entity/Q4410796,,,,,,,,,,,,,,,,TARKISTA,Venäläinen tulppakanavahuilu.,
fmpo:01010,,,,,,svirel',,,,,,,,,,,,,,,,,,,,,,,,,,,,,
fmpo:01011,http://urn.fi/urn:nbn:fi:au:seko:01011,,svirka,svirka,swirka,,,,,http://www.yso.fi/onto/yso/p106673,Bulgaria,,fmpo:01134,tulppakanavahuilu,,,http://www.wikidata.org/entity/Q27926481,,,,,,,,https://americanhistory.si.edu/collections/search/object/nmah_1160956,,,,,,,,TARKISTA,Bulgarialainen tulppakanavahuilu.,
fmpo:01011,,,,,,pistjalka,,,,,,,,,,,,,,,,,,,,,,,,,,,,,
fmpo:01012,http://urn.fi/urn:nbn:fi:au:seko:01012,,svistulka,svistulka,svistulka,,,,,http://www.yso.fi/onto/yso/p94479,Venäjä,,fmpo:00719,okariina,https://github.com/NatLibFi/SEKO/issues/125,,http://www.wikidata.org/entity/Q4410905,,,,,,skos:broadMatch,http://id.loc.gov/authorities/performanceMediums/mp2013015511,,,,,,issue created -info and mappings?,,2026-07-04,KESKEN,Venäläinen okariina.,
fmpo:01013,http://urn.fi/urn:nbn:fi:au:seko:01013,,svistun,PUUTTUU,PUUTTUU,,,,,http://www.yso.fi/onto/yso/p107664,Ukraina,,fmpo:00719,okariina,https://github.com/NatLibFi/SEKO/issues/125,,MISSING,MERGE? DELETE? Information not found,,,,,skos:closeMatch,http://id.loc.gov/authorities/performanceMediums/mp2013015511,,,,,,issue created -info and mappings?,,2026-07-04,KESKEN,Ukrainalainen okariina.,
fmpo:01014,http://urn.fi/urn:nbn:fi:au:seko:01014,,sybyzgy,sybyzgy,sybyzgy,,,,,http://www.yso.fi/onto/yso/p107665,Kazakstan,,fmpo:00851,reunahuilu,,,http://www.wikidata.org/entity/Q4447851,,,,,,skos:exactMatch,https://id.loc.gov/authorities/performanceMediums/mp2018015002,,,,,,,,,TARKISTA,Kazahstanissa käytettävä reunahuilu.,
fmpo:01014,,,,,,sybyzǵy,,,,,,,,,,,,,,,,,,,,,,,,,,,,,
fmpo:01015,http://urn.fi/urn:nbn:fi:au:seko:01015,,sylinterirumpu,cylindertrumma,cylindrical drum,,,,,,,,fmpo:00864,rumpu,,,http://www.wikidata.org/entity/Q5199281,,,,,,skos:broadMatch,http://id.loc.gov/authorities/performanceMediums/mp2013015218,,,,,,,,,TARKISTA,,
fmpo:01016,http://urn.fi/urn:nbn:fi:au:seko:01016,,syntetisaattori,synthesizer,synthesizer,,,,,,,,fmpo:01021,sähkösoitin,,http://www.yso.fi/onto/yso/p617,http://www.wikidata.org/entity/Q163829,,,,,,skos:exactMatch,http://id.loc.gov/authorities/performanceMediums/mp2013015692,,,,,,,,,TARKISTA,"Yleisnimitys elektronisille, nykyisin tietokoneiden ohjaamille laitteille, joiden avulla tuotetaan synteettisesti haluttuja ääniä. Syntetisaattori ei tarkasti ottaen ole varsinainen soitin, vaan sitä ohjataan jonkin koskettimiston tai soittimen avulla.",
fmpo:01016,,,,,,syna,,,,,,,,,,,,,,,,,,,,,,,,,,,,,
fmpo:01016,,,,,,synt (syntetisaattori),fi,,,,,,,,,,,,,,,,,,,,,,,,,,,,
fmpo:01016,,,,,,syntetisoija,fi,,,,,,,,,,,,,,,,,,,,,,,,,,,,
fmpo:01016,,,,,,syntetoija,fi,,,,,,,,,,,,,,,,,,,,,,,,,,,,
fmpo:01016,,,,,,syntikka,fi,,,,,,,,,,,,,,,,,,,,,,,,,,,,
fmpo:01016,,,,,,moog,fi,,,,,,,,,,,,,,,,,,,,,,,,,,,,
fmpo:01016,,,,,,syntsa,,,,,,,,,,,,,,,,,,,,,,,,,,,,,
fmpo:01017,http://urn.fi/urn:nbn:fi:au:seko:01017,,sähköbasso,elbas,electric bass,,,,,,,,"fmpo:00119, fmpo:01019",bassokitara|sähkökitara,,http://www.yso.fi/onto/yso/p38013,http://www.wikidata.org/entity/Q64166304,"""2026-08-04 checked YSO, Wikdiata, MIMO, LCMPT mappings and labels - missing definitions in sv, en""@en",513,,http://www.mimo-db.eu/InstrumentsKeywords/3235,,skos:exactMatch,http://id.loc.gov/authorities/performanceMediums/mp2013015067,,,,"""Mikrofonein varustettu ja sähköisesti vahvistettu bassokitara. Termillä voidaan tarkoittaa myös sähköisesti vahvistettua kaikupohjatonta kontrabassoa.""@fi",,,,2026-08-04,KESKEN,Mikrofonein varustettu ja sähköisesti vahvistettu bassokitara. Termillä voidaan tarkoittaa myös sähköisesti vahvistettua kaikupohjatonta kontrabassoa.,
fmpo:01017,,,,,,b (sähköbasso),fi,,,,,,,,,,,,,,,,,,,,,,,,,,,,
fmpo:01017,,,,,,basso (kitara),fi,,,,,,,,,,,,,,,,,,,,,,,,,,,,
fmpo:01017,,,,,,sähköbassokitara,fi,,,,,,,,,,,,,,,,,,,,,,,,,,,,
fmpo:01017,,,,,,el-b (sähköbasso),fi,,,,,,,,,,,,,,,,,,,,,,,,,,,,
fmpo:01017,,,,,,electric bass guitar,en,,,,,,,,,,,,,,,,,,,,,,,,,,,,
fmpo:01018,http://urn.fi/urn:nbn:fi:au:seko:01018,,sähkökantele,elkantele,electric kantele,,,,,,,,"fmpo:01021, fmpo:00470",sähkösoitin|kantele,,,http://www.wikidata.org/entity/Q116858720,,,,,,,,,,,,,,,,TARKISTA,"Kantele, jonka ääntä on sähköisesti vahvistettu.",
fmpo:01019,http://urn.fi/urn:nbn:fi:au:seko:01019,,sähkökitara,elgitarr,electric guitar,,,,,,,,"fmpo:00504, fmpo:01021",kitara|sähkösoitin,,http://www.yso.fi/onto/yso/p10953,http://www.wikidata.org/entity/Q78987,,,,,,skos:exactMatch,http://id.loc.gov/authorities/performanceMediums/mp2013015239,,,,,,,,,TARKISTA,"Kitara, jossa ääni syntyy mekaanis-sähköisesti. Osa sähkökitaroista on ns. puoliakustisia, jolloin syntyvä ääni on osittain akustinen.",
fmpo:01019,,,,,,el-g (sähkökitara),fi,,,,,,,,,,,,,,,,,,,,,,,,,,,,
fmpo:01020,http://urn.fi/urn:nbn:fi:au:seko:01020,,sähköpiano,elpiano,electric piano,,,,,,,,"fmpo:01021, fmpo:00543",sähkösoitin|kosketinsoitin,,,http://www.wikidata.org/entity/Q1136507,,,,,,skos:exactMatch,http://id.loc.gov/authorities/performanceMediums/mp2013015247,,,,,,,,,TARKISTA,"Elektro-mekaaninen kosketinsoitin, jossa kieliä on sähköisesti vahvistettu (tunnettuja tuotenimiä mm. Fender-Rhodes ja Wurlitzer). Termiä käytetään myös elektronisista soittimista (sähköuruista ja syntetisaattoreista), joiden avulla imitoidaan joko pianon",
fmpo:01021,http://urn.fi/urn:nbn:fi:au:seko:01021,,sähkösoitin,elektriska musikinstrument,electronic musical instrument,,,,,,,,fmpo:00953,soitin,,http://www.yso.fi/onto/yso/p618,http://www.wikidata.org/entity/Q1327500,,,,,,skos:exactMatch,http://id.loc.gov/authorities/performanceMediums/mp2013015244,,,,,,,,,TARKISTA,"Yleisnimitys tähän soitinryhmään kuuluvista soittimista. Termiä on suositeltavaa käyttää aina, kun soitinta ei voi tarkemmin määritellä tai jos soittimia on niin monia, ettei niiden erittely ole tarkoituksenmukaista.",
fmpo:01021,,,,,,elektrofoni,fi,,,,,,,,,,,,,,,,,,,,,,,,,,,,
fmpo:01022,http://urn.fi/urn:nbn:fi:au:seko:01022,,sähköurut,elorgel,electronic organ,,,,,,,,"fmpo:01021, fmpo:00543",sähkösoitin|kosketinsoitin,,http://www.yso.fi/onto/yso/p17139,http://www.wikidata.org/entity/Q1327327,,,,,,skos:exactMatch,http://id.loc.gov/authorities/performanceMediums/mp2013015245,,,,,,,,,TARKISTA,"Elektroninen kosketinsoitin, jolla tuotetaan mm. urkuja matkivia ääniä. Kehittyneimmät sähköurut ovat lähellä syntetisaattoreita.",
fmpo:01022,,,,,,el-org (sähköurut),fi,,,,,,,,,,,,,,,,,,,,,,,,,,,,
fmpo:01022,,,,,,org (sähköurut),fi,,,,,,,,,,,,,,,,,,,,,,,,,,,,
fmpo:01023,http://urn.fi/urn:nbn:fi:au:seko:01023,,sähköviulu,elfiol,electric violin,,,,,,,,"fmpo:01021, fmpo:01193",sähkösoitin|viulu,,,http://www.wikidata.org/entity/Q685663,,,,,,skos:exactMatch,http://id.loc.gov/authorities/performanceMediums/mp2013015240,,,,,,,,,TARKISTA,Kiinteällä mikrofonilla varustettu ja sähköisesti vahvistettu viulu.,
fmpo:01024,http://urn.fi/urn:nbn:fi:au:seko:01024,,säkkipilli,säckpipa,bagpipe,,,,,,,,fmpo:00715,oboesoitin,https://github.com/NatLibFi/SEKO/issues/78,http://www.yso.fi/onto/yso/p1626,http://www.wikidata.org/entity/Q8347,,,,,,skos:closeMatch,http://id.loc.gov/authorities/performanceMediums/mp2013015039,,,,,,> add altLabels,,2026-06-29,KESKEN,"Skalmeijatyyppinen puhallinsoitin, jota puhalletaan yleensä nahkaisen ilmasäiliön kautta.",https://finto.fi/ic/fi/page/48C7354
fmpo:01024,,,,,,dūdas (säkkipilli),fi,,,,,,,,,,,,,,,,,,,,,,,,,,,,
fmpo:01024,,,,,,Dudelsack,de,,,,,,,,,,,,,,,,,,,,,,,,,,,,
fmpo:01024,,,,,,dūdmaišis,,,,,,,,,,,,,,,,,,,,,,,,,,,,,
fmpo:01024,,,,,,Great Highland bagpipe,en,,,,,,,,,,,,,,,,,,,,,,,,,,,,
fmpo:01024,,,,,,Highland pipes,en,,,,,,,,,,,,,,,,,,,,,,,,,,,,
fmpo:01024,,,,,,Sackpfeife,de,,,,,,,,,,,,,,,,,,,,,,,,,,,,
fmpo:01024,,,,,,cornamusa,it,,,,,,,,,,,,,,,,,,,,,,,,,,,,
fmpo:01024,,,,,,cornemuse,fr,,,,,,,,,,,,,,,,,,,,,,,,,,,,
fmpo:01024,,,,,,sækkepibe,,,,,,,,,,,,,,,,,,,,,,,,,,,,,
fmpo:01024,,,,,,volynka,,,,,,,,,,,,,,,,,,,,,,,,,,,,,
fmpo:01025,http://urn.fi/urn:nbn:fi:au:seko:01025,,taepyeongso,taepyeongso,taepyeongso,,,,,http://www.yso.fi/onto/yso/p109302,Korea,,fmpo:00715,oboesoitin,https://github.com/NatLibFi/SEKO/issues/51,,http://www.wikidata.org/entity/Q842190,,,,,,skos:exactMatch,http://id.loc.gov/authorities/performanceMediums/mp2013015693,https://rateyourmusic.com/list/rotkappchen/the_taepyeongso__or_hojok___koreans_double_reed_wind_instrument/#google_vignette,,,,,2026: MUUSA decsion - appruved suggestions in issue #51,,2026-06-25,valid,Korealainen skalmeijatyyppinen puhallinsoitin.,
fmpo:01025,,,,,,hojok,fi,,,,,,,,,,,,,,,,,,,,,,,,,,,,
fmpo:01025,,,,,,hojeok,en,,,,,,,,,,,,,,,,,,,,,,,,,,,,
fmpo:01025,,,,,,nallar,en,,,,,,,,,,,,,,,,,,,,,,,,,,,,
fmpo:01025,,,,,,hojŏk,en,,,,,,,,,,,,,,,,,,,,,,,,,,,,
fmpo:01025,,,,,,t'aep'yŏng,en,,,,,,,,,,,,,,,,,,,,,,,,,,,,
fmpo:01025,,,,,,t'aep'yŏngso,en,,,,,,,,,,,,,,,,,,,,,,,,,,,,
fmpo:01025,,,,,,tʻaepʻyŏngso,en,,,,,,,,,,,,,,,,,,,,,,,,,,,,
fmpo:01025,,,,,,nallari,en,,,,,,,,,,,,,,,,,,,,,,,,,,,,
fmpo:01025,,,,,,saenap,en,,,,,,,,,,,,,,,,,,,,,,,,,,,,
fmpo:01025,,,,,,swaenap,en,,,,,,,,,,,,,,,,,,,,,,,,,,,,
fmpo:01025,,,,,,태평소,ko,,,,,,,,,,,,,,,,,,,,,,,,,,,,
fmpo:01025,,,,,,호적,ko,,,,,,,,,,,,,,,,,,,,,,,,,,,,
fmpo:01026,http://urn.fi/urn:nbn:fi:au:seko:01026,,tanggu,tanggu,tanggu,,,,,http://www.yso.fi/onto/yso/p104984,Kiina,,fmpo:00864,rumpu,,,http://www.wikidata.org/entity/Q7682928,,,,,,,,,,,,,,,,TARKISTA,Kiinalainen sylinterin muotoinen rumpu.,
fmpo:01026,,,,,,t'ang ku,,,,,,,,,,,,,,,,,,,,,,,,,,,,,
fmpo:01026,,,,,,tánggǔ,,,,,,,,,,,,,,,,,,,,,,,,,,,,,
fmpo:01026,,,,,,tonggu,,,,,,,,,,,,,,,,,,,,,,,,,,,,,
fmpo:01026,,,,,,zhanggu,,,,,,,,,,,,,,,,,,,,,,,,,,,,,
fmpo:01027,http://urn.fi/urn:nbn:fi:au:seko:01027,,tar,tar,tar,,,,,"http://www.yso.fi/onto/yso/p109970,http://www.yso.fi/onto/yso/p105280",Kaukasia|Iran,,fmpo:00709,näppäilysoitin,,,http://www.wikidata.org/entity/Q546936,,,,,,skos:exactMatch,http://id.loc.gov/authorities/performanceMediums/mp2013015715,,,,,,,,,TARKISTA,"Kaukasuksen ja Iranin alueilla käytettävä pitkäkaulainen luuttusoitin. Nimi kirjoitetaan joskus myös muodossa ""tar"". Tämä muoto on luettelossa varattu arabikulttuurissa käytetylle tamburiinille.",
fmpo:01027,,,,,,t'ar,fi,,,,,,,,,,,,,,,,,,,,,,,,,,,,
fmpo:01027,,,,,,t'ār,,,,,,,,,,,,,,,,,,,,,,,,,,,,,
fmpo:01027,,,,,,tar (näppäilysoitin),fi,,,,,,,,,,,,,,,,,,,,,,,,,,,,
fmpo:01027,,,,,,,,tar (nappailysoitin),,,,,,,,,,,,,,,,,,,,,,,,,,,
fmpo:01028,http://urn.fi/urn:nbn:fi:au:seko:01028,,daluo,daluo,daluo,,,,,http://www.yso.fi/onto/yso/p104984,Kiina,,fmpo:00376,gongi,,,http://www.wikidata.org/entity/Q116864879,,,,,,,,,,,,,,,,TARKISTA,Kiinalainen gongi.,
fmpo:01028,,,,,,da luo,,,,,,,,,,,,,,,,,,,,,,,,,,,,,
fmpo:01028,,,,,,ta lo,,,,,,,,,,,,,,,,,,,,,,,,,,,,,
fmpo:01029,http://urn.fi/urn:nbn:fi:au:seko:01029,,tabalas,tabalas,tabalas,,,,,http://www.yso.fi/onto/yso/p94268,Liettua,,fmpo:00627,lyömäsoitin,,,http://www.wikidata.org/entity/Q116865086,,,,,,,,,,,,,,,,TARKISTA,Liettualainen lyömäsoitin (puulaatta).,
fmpo:01029,,,,,,lentos,,,,,,,,,,,,,,,,,,,,,,,,,,,,,
fmpo:01029,,,,,,tabalai,,,,,,,,,,,,,,,,,,,,,,,,,,,,,
fmpo:01030,http://urn.fi/urn:nbn:fi:au:seko:01030,,tabil,PUUTTUU,PUUTTUU,,,,,http://www.yso.fi/onto/yso/p105573,Turkki,,fmpo:00864,rumpu,https://github.com/NatLibFi/SEKO/issues/126,,MISSING,DELETE? Information not found,,,,,,,,,,,,issue created - merge?,,2026-07-04,KESKEN,Turkkilaisen sotilasorkesterin rumpu.,
fmpo:01031,http://urn.fi/urn:nbn:fi:au:seko:01031,,tabl,PUUTTUU,PUUTTUU,,,,,http://www.yso.fi/onto/yso/p105528,Arabian niemimaa,,fmpo:00864,rumpu,https://github.com/NatLibFi/SEKO/issues/126,,MISSING,MERGE?  This is a generic term for drums in the Arabic language. ,,,,,,,,,,,,issue created - merge?,,2026-07-04,KESKEN,"Arabikulttuurin alueen kaksikalvoinen rumpu, joskus myös rumpujen yleisnimitys.",
fmpo:01031,,,,,,tbel,,,,,,,,,,,,,,,,,,,,,,,,,,,,,
fmpo:01032,http://urn.fi/urn:nbn:fi:au:seko:01032,,tabla,tabla,tabla,,,,,http://www.yso.fi/onto/yso/p235078,Pohjois-Intia,,fmpo:00864,rumpu,,http://www.yso.fi/onto/yso/p38288,http://www.wikidata.org/entity/Q213100,,,,,,skos:exactMatch,http://id.loc.gov/authorities/performanceMediums/mp2013015694,,,,,,,,,TARKISTA,"Pohjoisintialainen rumpupari, klassisen intialaisen musiikin keskeinen säestyssoitin.",
fmpo:01032,,,,,,tablā,fi,,,,,,,,,,,,,,,,,,,,,,,,,,,,
fmpo:01032,,,,,,tbl (tablā),fi,,,,,,,,,,,,,,,,,,,,,,,,,,,,
fmpo:01032,,,,,,,,tbl (tabla),,,,,,,,,,,,,,,,,,,,,,,,,,,
fmpo:01033,http://urn.fi/urn:nbn:fi:au:seko:01033,,tabor,tabor,tabor,,,,,"http://www.yso.fi/onto/yso/p104968,http://www.yso.fi/onto/yso/p106027",Ranska|Provence,,fmpo:01050,tamburiini,,,http://www.wikidata.org/entity/Q3083684,,,,,,,,,,,,,,,,TARKISTA,Provencelainen tamburiini.,
fmpo:01033,,,,,,tabouret,,,,,,,,,,,,,,,,,,,,,,,,,,,,,
fmpo:01034,http://urn.fi/urn:nbn:fi:au:seko:01034,,daegeum,daegeum,daegeum,,,,,http://www.yso.fi/onto/yso/p109302,Korea,,fmpo:00851,reunahuilu,,,http://www.wikidata.org/entity/Q706424,,,,,,skos:exactMatch,https://id.loc.gov/authorities/performanceMediums/mp2020015024,,,,,,,,,TARKISTA,Korealainen bambuhuilu.,
fmpo:01034,,,,,,daegum,,,,,,,,,,,,,,,,,,,,,,,,,,,,,
fmpo:01034,,,,,,taegum,,,,,,,,,,,,,,,,,,,,,,,,,,,,,
fmpo:01034,,,,,,taegŭm,fi,,,,,,,,,,,,,,,,,,,,,,,,,,,,
fmpo:01035,http://urn.fi/urn:nbn:fi:au:seko:01035,,taffelipiano,taffel,square piano,,,,,,,,fmpo:00763,piano,,,http://www.wikidata.org/entity/Q2141273,,,,,,skos:exactMatch,http://id.loc.gov/authorities/performanceMediums/mp2013015673,,,,,,,,,TARKISTA,"Suorakulmion muotoinen piano, jossa on vaakasuorat, koskettimiin nähden poikkisuuntaiset kielet.",
fmpo:01035,,,,,,spinetti (taffelipiano),fi,,,,,,,,,,,,,,,,,,,,,,,,,,,,
fmpo:01035,,,,,,taffeli,fi,,,,,,,,,,,,,,,,,,,,,,,,,,,,
fmpo:01036,http://urn.fi/urn:nbn:fi:au:seko:01036,,taiko,taiko,taiko,,,,,http://www.yso.fi/onto/yso/p105023,Japani,,fmpo:00864,rumpu,,,http://www.wikidata.org/entity/Q221769,,,,,,skos:exactMatch,http://id.loc.gov/authorities/performanceMediums/mp2013015696,,,,,,,,,TARKISTA,Japanilaisten rumpujen yleisnimitys.,
fmpo:01036,,,,,,wadaiko,,,,,,,,,,,,,,,,,,,,,,,,,,,,,
fmpo:01037,http://urn.fi/urn:nbn:fi:au:seko:01037,,tal,PUUTTUU,PUUTTUU,,,,,http://www.yso.fi/onto/yso/p105336,Etelä-Aasia,,fmpo:00585,lautanen,https://github.com/NatLibFi/SEKO/issues/127,,MISSING,"MERGE? This is the general South Asian term for cymbals, and sometimes also for other types of concussion idiophone. ",,,,,skos:closeMatch,http://id.loc.gov/authorities/performanceMediums/mp2013015195,https://doi.org/10.1093/gmo/9781561592630.article.51771,,,,,issue created,,2026-07-04,KESKEN,Yleisnimi eteläaasialaisille lautasille.,
fmpo:01038,http://urn.fi/urn:nbn:fi:au:seko:01038,,tāḷam,PUUTTUU,PUUTTUU,,,,,http://www.yso.fi/onto/yso/p105027,Intia,,fmpo:00585,lautanen,https://github.com/NatLibFi/SEKO/issues/127,,MISSING,"SPLIT? See also ""tal"".",,,,,skos:closeMatch,http://id.loc.gov/authorities/performanceMediums/mp2013015195,,,,,,issue created,,2026-07-04,KESKEN,Intialaiset lautaset.,
fmpo:01038,,,,,,talam,fi,,,,,,,,,,,,,,,,,,,,,,,,,,,,
fmpo:01039,http://urn.fi/urn:nbn:fi:au:seko:01039,,talharpa,talharpa,talharpa,,,,,"http://www.yso.fi/onto/yso/p94383,http://www.yso.fi/onto/yso/p104987",Ruotsi|Viro,,fmpo:00446,jousisoitin,https://github.com/NatLibFi/SEKO/issues/128,,http://www.wikidata.org/entity/Q16938294,"SPLIT? ""hiiukannel"" is probable separate from ""talharpa""? See wikipedia",,,,,skos:exactMatch,http://id.loc.gov/authorities/performanceMediums/mp2013015698,,,,,,issue created - merge | split?,,2026-07-04,KESKEN,"Ruotsissa ja Viron länsirannikon ruotsalaisseuduilla käytetty jousella soitettava lyyra, jonka läheisin sukulaissoitin on jouhikko.",
fmpo:01039,,,,,,hiiu kannel,et,,,,,,,,,,,,,,,,,,,,,,,,,,,,
fmpo:01039,,,,,,hiiukannel,et,,,,,,,,,,,,,,,,,,,,,,,,,,,,
fmpo:01039,,,,,,kiigekannel,et,,,,,,,,,,,,,,,,,,,,,,,,,,,,
fmpo:01039,,,,,,Rootsi kannel,et,,,,,,,,,,,,,,,,,,,,,,,,,,,,
fmpo:01039,,,,,,rootsikannel,et,,,,,,,,,,,,,,,,,,,,,,,,,,,,
fmpo:01039,,,,,,stråkharpa (talharpa),sv,,,,,,,,,,,,,,,,,,,,,,,,,,,,
fmpo:01039,,,,,,vibukannel,et,,,,,,,,,,,,,,,,,,,,,,,,,,,,
fmpo:01039,,,,,,wibukannel,et,,,,,,,,,,,,,,,,,,,,,,,,,,,,
fmpo:01039,,,,,,,,strakharpa (talharpa),,,,,,,,,,,,,,,,,,,,,,,,,,,
fmpo:01040,http://urn.fi/urn:nbn:fi:au:seko:01040,,talking drum,talking drum,talking drum,,,,,http://www.yso.fi/onto/yso/p94080,Afrikka,,fmpo:00864,rumpu,https://github.com/NatLibFi/SEKO/issues/8,,http://www.wikidata.org/entity/Q1321104,"MERGE? In Wikdatassa same as ""tama"".  A general term that covers many different types of drums.  In LCMPT:ssä same as ""dundun""",,,,,skos:exactMatch,http://id.loc.gov/authorities/performanceMediums/mp2014015028,,,,,,,,,KESKEN,Yleisnimitys afrikkalaisille viestejä välittäville rummuille.,
fmpo:01040,,,,,,dùndún,en,,,,,,,,,,,,,,,,,,,,,,,,,,,,
fmpo:01040,,,,,,gángán,en,,,,,,,,,,,,,,,,,,,,,,,,,,,,
fmpo:01040,,,,,,puhuva rumpu,fi,,,,,,,,,,,,,,,,,,,,,,,,,,,,
fmpo:01040,,,,,,tama,fr,,,,,,,,,,,,,,,,,,,,,,,,,,,,
fmpo:01041,http://urn.fi/urn:nbn:fi:au:seko:01041,,tama,tama,tama,,,,,http://www.yso.fi/onto/yso/p118210,Länsi-Afrikka,,fmpo:01092,tiimalasirumpu,https://github.com/NatLibFi/SEKO/issues/8,,http://www.wikidata.org/entity/Q1321104,"MERGE? In Wikidata same as ""talking drum""?",,,,,,,,,,,,added issue - talking drums,,2026-07-04,KESKEN,"Länsiafrikkalainen kaksikalvoinen, tiimalasin muotoinen rumpu.",
fmpo:01041,,,,,,puhuva rumpu,fi,,,,,,,,,,,,,,,,,,,,,,,,,,,,
fmpo:01042,http://urn.fi/urn:nbn:fi:au:seko:01042,,tambari,tambari,tambari,,,,,http://www.yso.fi/onto/yso/p118210,Länsi-Afrikka,,fmpo:00753,patarumpu,https://github.com/NatLibFi/SEKO/issues/129,,MISSING,"MERGE?  ""Tambari (pl. tambura)"" Anthony King, revised by K.A. Gourlay and Roger Blench:  A common name for the ""Kettledrum"" used in sets as part of the regalia of many traditional savanna states of West Africa. ",,,,,,,https://doi.org/10.1093/gmo/9781561592630.article.27430  ,,,,,issue created ,,2026-07-04,KESKEN,Länsiafrikkalainen patarumpu.,
fmpo:01043,http://urn.fi/urn:nbn:fi:au:seko:01043,,tambe,PUUTTUU,PUUTTUU,,,,,http://www.yso.fi/onto/yso/p105078,Yhdysvallat,,fmpo:00864,rumpu,https://github.com/NatLibFi/SEKO/issues/130,,MISSING,"""Tambe [taàbè, tembe, tombe]"" by Mary Riemer-Weller, revised by J. Richard Haefer ",,,,,,,https://doi.org/10.1093/gmo/9781561592630.article.L2294867,,,,,"issue created - labels, mappings",,2026-07-04,KESKEN,Arizonassa ja Uudessa Meksikossa asuvien pueblo-intiaanien puunrungosta valmistama rumpu.,
fmpo:01044,http://urn.fi/urn:nbn:fi:au:seko:01044,,tambora,PUUTTUU,PUUTTUU,,,,,http://www.yso.fi/onto/yso/p105005,Latinalainen Amerikka,,fmpo:00864,rumpu,https://github.com/NatLibFi/SEKO/issues/130,,MISSING,"""Norteña music"" by  Cathy Ragland",,,,,,,https://doi.org/10.1093/gmo/9781561592630.article.A2262987,,,,,"issue created - labels, mappings",,2026-07-04,KESKEN,Latinalaisen Amerikan musiikissa käytettävä kaksikalvoinen rumpu.,
fmpo:01045,http://urn.fi/urn:nbn:fi:au:seko:01045,,tamboril,PUUTTUU,PUUTTUU,,,,,"http://www.yso.fi/onto/yso/p105209,http://www.yso.fi/onto/yso/p105005",Espanja|Latinalainen Amerikka,,fmpo:00864,rumpu,https://github.com/NatLibFi/SEKO/issues/130,,MISSING,"""Tamboril"" by John M. Schechter, revised by Henry Stobart  ",,,,,,,https://doi.org/10.1093/gmo/9781561592630.article.47560,,,,,"issue created - labels, mappings",,2026-07-04,KESKEN,"Espanjassa ja Latinalaisessa Amerikassa rumpujen yleisnimitys. Termiä käytetään myös baskien alueella yhdestä määrätystä rumputyypistä, jota soitetaan yhdessä txistu-huilun kanssa.",
fmpo:01045,,,,,,ttunttun,,,,,,,,,,,,,,,,,,,,,,,,,,,,,
fmpo:01046,http://urn.fi/urn:nbn:fi:au:seko:01046,,tamborim,PUUTTUU,PUUTTUU,,,,,http://www.yso.fi/onto/yso/p108126,Brasilia,,fmpo:01050,tamburiini,https://github.com/NatLibFi/SEKO/issues/131,,MISSING,"""Brazil (Port. República Federativa do Brasil)"" by Gerard Béhague ",,,,,,,https://doi.org/10.1093/gmo/9781561592630.article.03894,,,,,issue created - find labels and identifiers,,2026-07-04,KESKEN,"Sambassa käytettävä pieni, korkeasointinen tamburiini.",
fmpo:01047,http://urn.fi/urn:nbn:fi:au:seko:01047,,tambourin de Béarn,PUUTTUU,PUUTTUU,,,,,http://www.yso.fi/onto/yso/p104968,Ranska,,fmpo:00303,dulcimer,https://github.com/NatLibFi/SEKO/issues/132,,MISSING,"Tambourin de Béarn [tambourin de Gascogne, tambourin à cordes] (Fr.) https://doi-org.libproxy.helsinki.fi/10.1093/gmo/9781561592630.article.27441",,,,,,,,,,,,issue created - find labels and  mappings,,2026-07-04,KESKEN,Renessanssiajan ranskalainen laatikkositra.,
fmpo:01047,,,,,,bertz,,,,,,,,,,,,,,,,,,,,,,,,,,,,,
fmpo:01047,,,,,,chicotén,,,,,,,,,,,,,,,,,,,,,,,,,,,,,
fmpo:01047,,,,,,salmo,,,,,,,,,,,,,,,,,,,,,,,,,,,,,
fmpo:01047,,,,,,salterio (tambourin de Béarn),fi,,,,,,,,,,,,,,,,,,,,,,,,,,,,
fmpo:01047,,,,,,soinu,,,,,,,,,,,,,,,,,,,,,,,,,,,,,
fmpo:01047,,,,,,tambourin à cordes,,,,,,,,,,,,,,,,,,,,,,,,,,,,,
fmpo:01047,,,,,,tambourin de Bearn,fr,,,,,,,,,,,,,,,,,,,,,,,,,,,,
fmpo:01047,,,,,,tambourin de Gascogne,fr,,,,,,,,,,,,,,,,,,,,,,,,,,,,
fmpo:01047,,,,,,toutouna,,,,,,,,,,,,,,,,,,,,,,,,,,,,,
fmpo:01047,,,,,,tuntun,,,,,,,,,,,,,,,,,,,,,,,,,,,,,
fmpo:01047,,,,,,,,chicoten,,,,,,,,,,,,,,,,,,,,,,,,,,,
fmpo:01047,,,,,,,,salterio (tambourin de Bearn),,,,,,,,,,,,,,,,,,,,,,,,,,,
fmpo:01047,,,,,,,,tambourin a cordes,,,,,,,,,,,,,,,,,,,,,,,,,,,
fmpo:01048,http://urn.fi/urn:nbn:fi:au:seko:01048,,tambūra,PUUTTUU,PUUTTUU,,,,,"http://www.yso.fi/onto/yso/p105841,http://www.yso.fi/onto/yso/p108043,http://www.yso.fi/onto/yso/p109231,http://www.yso.fi/onto/yso/p108091,http://www.yso.fi/onto/yso/p106277,http://www.yso.fi/onto/yso/p203585",Egypti|Sudan|Djibouti|Pohjois-Jemen|Etelä-Irak|Persianlahti,,fmpo:00625,lyyra,https://github.com/NatLibFi/SEKO/issues/133,,MISSING,"Tambūrā [tambūrī, tampūrī, tānpūrā] ",,,,,,,https://doi.org/10.1093/gmo/9781561592630.article.27446,,,,,issue created,,2026-07-04,KESKEN,"Islamilaisen alueen (Egypti, Sudan, Djibouti, Pohjois-Jemen, Etelä-Irak ja Persianlahden maat) maljalyyra.",
fmpo:01048,,,,,,tambura,fi,,,,,,,,,,,,,,,,,,,,,,,,,,,,
fmpo:01049,http://urn.fi/urn:nbn:fi:au:seko:01049,,tamburica,PUUTTUU,PUUTTUU,,,,,"http://www.yso.fi/onto/yso/p107595,http://www.yso.fi/onto/yso/p210737",Kroatia|Vojvodina,,fmpo:00709,näppäilysoitin,https://github.com/NatLibFi/SEKO/issues/134,,MISSING,Tamburitza ,,,,,,,https://doi.org/10.1093/gmo/9781561592630.article.A2225664,,,,,"issue created - labels, mappings",,2026-07-04,KESKEN,Kroatian ja Vojvodinan alueilla käytettävä näppäiltävä luuttusoitin.,
fmpo:01050,http://urn.fi/urn:nbn:fi:au:seko:01050,,tamburiini,tamburin,tambourine,,,,,,,,fmpo:00627,lyömäsoitin,,http://www.yso.fi/onto/yso/p25894,http://www.wikidata.org/entity/Q193666,,,,,,,,,,,,,,,,TARKISTA,"Yleisnimi yksikalvoisille kehysrummuille, joita esiintyy useimmissa musiikkikulttuureissa. Tamburiineja käytetään joskus myös ilman jännitettyä kalvoa pelkkänä helistinsoittimena.",https://finto.fi/ic/fi/page/48C73411
fmpo:01050,,,,,,pandero,,,,,,,,,,,,,,,,,,,,,,,,,,,,,
fmpo:01050,,,,,,Schellentrommel,de,,,,,,,,,,,,,,,,,,,,,,,,,,,,
fmpo:01050,,,,,,tambourin,sv,,,,,,,,,,,,,,,,,,,,,,,,,,,,
fmpo:01050,,,,,,Tamburin,de,,,,,,,,,,,,,,,,,,,,,,,,,,,,
fmpo:01050,,,,,,tār,,,,,,,,,,,,,,,,,,,,,,,,,,,,,
fmpo:01050,,,,,,,,tar,,,,,,,,,,,,,,,,,,,,,,,,,,,
fmpo:01051,http://urn.fi/urn:nbn:fi:au:seko:01051,,tambutsa,PUUTTUU,PUUTTUU,,,,,http://www.yso.fi/onto/yso/p106039,Kypros,,fmpo:01050,tamburiini,https://github.com/NatLibFi/SEKO/issues/135,,MISSING,DELETE?    UNKNOWN,,,,,,,,,,,,issue createe - any information available / DEPRECATE?,,2026-07-04,KESKEN,Kyproslainen tamburiini.,
fmpo:01052,http://urn.fi/urn:nbn:fi:au:seko:01052,,tamdūrā,PUUTTUU,PUUTTUU,,,,,http://www.yso.fi/onto/yso/p235078,Pohjois-Intia,,fmpo:00709,näppäilysoitin,https://github.com/NatLibFi/SEKO/issues/136,,MISSING,DELETE?   UNKNOWN,,,,,,,,,,,,issue createe - any information available / DEPRECATE?,,2026-07-04,KESKEN,Pohjoisintialainen pitkäkaulainen luuttusoitin.,
fmpo:01052,,,,,,tamdura,fi,,,,,,,,,,,,,,,,,,,,,,,,,,,,
fmpo:01053,http://urn.fi/urn:nbn:fi:au:seko:01053,,tammatta,PUUTTUU,PUUTTUU,,,,,http://www.yso.fi/onto/yso/p105196,Sri Lanka,,fmpo:00864,rumpu,https://github.com/NatLibFi/SEKO/issues/137,,MISSING,,,,,,,,https://collectionsdumusee.philharmoniedeparis.fr/doc/MUSEE/0158537/timbales-tammatta|https://www.marsdlanka.com/products/sri-lankan-traditional-drum-thammattama,,,,,issue createe - any information available / DEPRECATE?,,2026-07-04,KESKEN,Sri Lankassa käytetyt puiset patarummut.,
fmpo:01053,,,,,,thammattama,,,,,,,,,,,,,,,,,,,,,,,,,,,,,
fmpo:01054,http://urn.fi/urn:nbn:fi:au:seko:01054,,tamtam,tamtam,tamtam,,,,,,,,fmpo:00376,gongi,,,http://www.wikidata.org/entity/Q3216262,,,,,,skos:exactMatch,http://id.loc.gov/authorities/performanceMediums/mp2013015699,,,,,,,,,TARKISTA,"Asemansa osana sinfoniaorkesterin lyömäsoittimistoa vakiinnuttanut gongi, jota ei ole viritetty tietylle sävelkorkeudelle.",
fmpo:01054,,,,,,bullseye gong,en,,,,,,,,,,,,,,,,,,,,,,,,,,,,
fmpo:01054,,,,,,chau gong,en,,,,,,,,,,,,,,,,,,,,,,,,,,,,
fmpo:01054,,,,,,orkesterigongi,fi,,,,,,,,,,,,,,,,,,,,,,,,,,,,
fmpo:01054,,,,,,tam-tam,fi,,,,,,,,,,,,,,,,,,,,,,,,,,,,
fmpo:01054,,,,,,tantã,,,,,,,,,,,,,,,,,,,,,,,,,,,,,
fmpo:01054,,,,,,,,tanta,,,,,,,,,,,,,,,,,,,,,,,,,,,
fmpo:01055,http://urn.fi/urn:nbn:fi:au:seko:01055,,tangenttipiano,tangentpiano,tangent piano,,,,,,,,"fmpo:00500, fmpo:00543",kielisoitin|kosketinsoitin,,,http://www.wikidata.org/entity/Q454862,,,,,,skos:exactMatch,http://id.loc.gov/authorities/performanceMediums/mp2013015711,,,,,,,,,TARKISTA,"1700-luvulla kehitetty kosketinsoitin, jossa ääni syntyy nahalla päällystettyjen puupuikkojen osuessa kieliin.",
fmpo:01055,,,,,,cembalo angelico,,,,,,,,,,,,,,,,,,,,,,,,,,,,,
fmpo:01055,,,,,,clavecin harmonieux et celeste,fr,,,,,,,,,,,,,,,,,,,,,,,,,,,,
fmpo:01055,,,,,,Tangentenflügel,de,,,,,,,,,,,,,,,,,,,,,,,,,,,,
fmpo:01055,,,,,,Tangentenklavier,de,,,,,,,,,,,,,,,,,,,,,,,,,,,,
fmpo:01055,,,,,,tangenttiflyygeli,fi,,,,,,,,,,,,,,,,,,,,,,,,,,,,
fmpo:01055,,,,,,,,Tangentenflugel,,,,,,,,,,,,,,,,,,,,,,,,,,,
fmpo:01056,http://urn.fi/urn:nbn:fi:au:seko:01056,,tangjok,tangjok,dangjeok,,,,,http://www.yso.fi/onto/yso/p109302,Korea,,fmpo:00082,bambuhuilu,,,http://www.wikidata.org/entity/Q5216174,,,,,,,,,,,,,,,,TARKISTA,Korealainen bambuhuilu.,
fmpo:01056,,,,,,tang-jok,,,,,,,,,,,,,,,,,,,,,,,,,,,,,
fmpo:01056,,,,,,tangjŏk,,,,,,,,,,,,,,,,,,,,,,,,,,,,,
fmpo:01057,http://urn.fi/urn:nbn:fi:au:seko:01057,,tan-pi-ku,PUUTTUU,PUUTTUU,,,,,http://www.yso.fi/onto/yso/p104984,Kiina,,fmpo:00864,rumpu,https://github.com/NatLibFi/SEKO/issues/138,,MISSING,1.Tan-pi-ku – kettle drum; used to create the tempo of the performance Idiophone Chinese Theater }gongs; signify the beginning of the performance. Pictures of Peking Opera Performers.,,,,,,,,,,,,"issue created - find labels, mappings",,2026-07-04,KESKEN,Kiinalainen rumpu.,
fmpo:01057,,,,,,pan ku,,,,,,,,,,,,,,,,,,,,,,,,,,,,,
fmpo:01057,,,,,,pan-ku,,,,,,,,,,,,,,,,,,,,,,,,,,,,,
fmpo:01058,http://urn.fi/urn:nbn:fi:au:seko:01058,,tānpūrā,tanpura,tanpura,,,,,http://www.yso.fi/onto/yso/p105027,Intia,,fmpo:00709,näppäilysoitin,,,http://www.wikidata.org/entity/Q1164636,,,,,,skos:exactMatch,http://id.loc.gov/authorities/performanceMediums/mp2013015706,,,,,,,,,TARKISTA,Intialainen bordunasoittimena klassisessa musiikissa käytettävä pitkäkaulainen luuttusoitin.,
fmpo:01058,,,,,,tamboura,,,,,,,,,,,,,,,,,,,,,,,,,,,,,
fmpo:01058,,,,,,tambūrā,,,,,,,,,,,,,,,,,,,,,,,,,,,,,
fmpo:01058,,,,,,tambūrī,,,,,,,,,,,,,,,,,,,,,,,,,,,,,
fmpo:01058,,,,,,tampura,,,,,,,,,,,,,,,,,,,,,,,,,,,,,
fmpo:01058,,,,,,tampūrī,,,,,,,,,,,,,,,,,,,,,,,,,,,,,
fmpo:01058,,,,,,tanpura,fi,,,,,,,,,,,,,,,,,,,,,,,,,,,,
fmpo:01058,,,,,,,,tambura,,,,,,,,,,,,,,,,,,,,,,,,,,,
fmpo:01058,,,,,,,,tamburi,,,,,,,,,,,,,,,,,,,,,,,,,,,
fmpo:01058,,,,,,,,tampuri,,,,,,,,,,,,,,,,,,,,,,,,,,,
fmpo:01059,http://urn.fi/urn:nbn:fi:au:seko:01059,,tanso,tanso,danso,,,,,http://www.yso.fi/onto/yso/p109302,Korea,,fmpo:00082,bambuhuilu,,,http://www.wikidata.org/entity/Q846109,,,,,,,,,,,,,,,,TARKISTA,Korealainen bambuhuilu.,
fmpo:01060,http://urn.fi/urn:nbn:fi:au:seko:01060,,tanssija,dansare,dancer,,,,,,,,fmpo:01225,esittäjä,,http://www.yso.fi/onto/yso/p1812,http://www.wikidata.org/entity/Q5716684,,,,,,skos:exactMatch,http://id.loc.gov/authorities/performanceMediums/mp2013015202,,,,,,,,,TARKISTA,,
fmpo:01061,http://urn.fi/urn:nbn:fi:au:seko:01061,,tapan,tapan,tapan,,,,,http://www.yso.fi/onto/yso/p105026,Balkanin niemimaa,,fmpo:00864,rumpu,https://github.com/NatLibFi/SEKO/issues/155,,MISSING,"MERGE?  See also ""tupan"". In Wikidata ""tapan"" is the same as ""davul"" ",,,,,,,https://www.wikidata.org/wiki/Q1178361|https://doi.org/10.1093/gmo/9781561592630.article.L2215001,,,,,issue created - see also #38,,2026-07-05,KESKEN,Balkanin alueella käytettävä kaksikalvoinen rumpu.,
fmpo:01062,http://urn.fi/urn:nbn:fi:au:seko:01062,,taputus,handklapp,hand clapping,,,,,,,,fmpo:00483,kehorytmiikka,,,http://www.wikidata.org/entity/Q1322478,,,,,,skos:exactMatch,http://id.loc.gov/authorities/performanceMediums/mp2013015316,,,,,,,,,TARKISTA,Kämmeniä yhteen lyömällä tuotettu ääni.,
fmpo:01063,http://urn.fi/urn:nbn:fi:au:seko:01063,,tār,tār,tār,,,,,http://www.yso.fi/onto/yso/p105528,Arabian niemimaa,,fmpo:00484,kehärumpu,,,http://www.wikidata.org/entity/Q203861,,,,,,skos:exactMatch,http://id.loc.gov/authorities/performanceMediums/mp2013015714,,,,,,,,,TARKISTA,"Arabikulttuurin piirissä käytettävä tamburiini. Nimitystä käytetään myös Kaukasuksella ja Iranissa tunnetusta pitkäkaulaluutusta, mutta sille on sanastossa varattu termi t'ār.",
fmpo:01063,,,,,,tar,fi,,,,,,,,,,,,,,,,,,,,,,,,,,,,
fmpo:01063,,,,,,tar (kehärumpu),fi,,,,,,,,,,,,,,,,,,,,,,,,,,,,
fmpo:01063,,,,,,,,tar (keharumpu),,,,,,,,,,,,,,,,,,,,,,,,,,,
fmpo:01064,http://urn.fi/urn:nbn:fi:au:seko:01064,,tarawangsa,tarawangsa,tarawangsa,,,,,http://www.yso.fi/onto/yso/p105242,Indonesia,,fmpo:00446,jousisoitin,,,http://www.wikidata.org/entity/Q10970280,,,,,,,,,,,,,,,,TARKISTA,Indonesialainen jousisoitin.,
fmpo:01065,http://urn.fi/urn:nbn:fi:au:seko:01065,,tarka,tarka,tarka,,,,,http://www.yso.fi/onto/yso/p105005,Latinalainen Amerikka,,fmpo:01134,tulppakanavahuilu,,,http://www.wikidata.org/entity/Q1123270,,,,,,skos:exactMatch,http://id.loc.gov/authorities/performanceMediums/mp2013015716,,,,,,,,,TARKISTA,Latinalaisen Amerikan intiaanimusiikissa käytettävä päästäpuhallettava tulppakanavahuilu.,
fmpo:01065,,,,,,tarca,,,,,,,,,,,,,,,,,,,,,,,,,,,,,
fmpo:01065,,,,,,tharka,,,,,,,,,,,,,,,,,,,,,,,,,,,,,
fmpo:01065,,,,,,tharqa,,,,,,,,,,,,,,,,,,,,,,,,,,,,,
fmpo:01066,http://urn.fi/urn:nbn:fi:au:seko:01066,,tárogató,tárogató,tárogató,,,,,http://www.yso.fi/onto/yso/p105029,Unkari,,fmpo:00715,oboesoitin,,,http://www.wikidata.org/entity/Q736874,,,,,,skos:exactMatch,https://id.loc.gov/authorities/performanceMediums/mp2013015717,,,,,,,,,TARKISTA,"Unkarilainen oboetyyppinen puhallinsoitin, joka tunnetaan myös romanialaisessa musiikissa.",
fmpo:01066,,,,,,taragot,,,,,,,,,,,,,,,,,,,,,,,,,,,,,
fmpo:01066,,,,,,tarogato,fi,,,,,,,,,,,,,,,,,,,,,,,,,,,,
fmpo:01067,http://urn.fi/urn:nbn:fi:au:seko:01067,,tasha 'ge,PUUTTUU,PUUTTUU,,,,,http://www.yso.fi/onto/yso/p105078,Yhdysvallat,,fmpo:00627,lyömäsoitin,https://github.com/NatLibFi/SEKO/issues/139,,MISSING,Tasha’ge (Omaha: ‘deer hoofs’) ,,,,,,,https://doi.org/10.1093/gmo/9781561592630.article.L2294883,,,,, issue created,,2026-07-04,KESKEN,Pohjois-Amerikan omaha-intiaanien kalistin.,
fmpo:01068,http://urn.fi/urn:nbn:fi:au:seko:01068,,taskuviulu,pochette,pocket violin,,,,,,,,fmpo:01193,viulu,,,http://www.wikidata.org/entity/Q1094813,,,,,,skos:exactMatch,http://id.loc.gov/authorities/performanceMediums/mp2013015568,,,,,,,,,TARKISTA,"Pienikokoinen jousisoitin, jollaisia valmistettiin 1500-luvulta lähtien.",
fmpo:01068,,,,,,dancing master's kit,en,,,,,,,,,,,,,,,,,,,,,,,,,,,,
fmpo:01068,,,,,,kit,en,,,,,,,,,,,,,,,,,,,,,,,,,,,,
fmpo:01068,,,,,,kit violin,en,,,,,,,,,,,,,,,,,,,,,,,,,,,,
fmpo:01068,,,,,,kytte,,,,,,,,,,,,,,,,,,,,,,,,,,,,,
fmpo:01068,,,,,,mazanki,,,,,,,,,,,,,,,,,,,,,,,,,,,,,
fmpo:01068,,,,,,sourdine,,,,,,,,,,,,,,,,,,,,,,,,,,,,,
fmpo:01068,,,,,,tanssimestarinviulu,fi,,,,,,,,,,,,,,,,,,,,,,,,,,,,
fmpo:01068,,,,,,Tanzmeistergeige,de,,,,,,,,,,,,,,,,,,,,,,,,,,,,
fmpo:01068,,,,,,Taschengeige,de,,,,,,,,,,,,,,,,,,,,,,,,,,,,
fmpo:01068,,,,,,violino piccolo alla francese,it,,,,,,,,,,,,,,,,,,,,,,,,,,,,
fmpo:01069,http://urn.fi/urn:nbn:fi:au:seko:01069,,taure,taure,taure,,,,,http://www.yso.fi/onto/yso/p94259,Latvia,,fmpo:00801,puhallinsoitin,https://github.com/NatLibFi/SEKO/issues/140,,https://www.wikidata.org/wiki/Q1662735,"""MERGE?  Same source as \""torvi\""? In Latvian, a ""horn"" or ""trumpet"" made of wood or bark is called a \""taure\"",  ""2026-07-17 muutettu skos:broader vaskipuhallin > puhallinsoitin;  updated definition"", ""2026-07-17   Tasks: CHECK SPATIAL""",,,,,,,https://latviansonline.com/a-primer-on-latvian-folk-instruments/,,,"skos:note ""Latvialainen trumpetti- tai torvityyppi. Voi viitata materiaalista riippuen sekä vaski- että puupuhaltimiin. (AI-assisted description)""@fi ,  ""General Latvian term for horn or trumpet, encompassing both brass and bark/wooden variants. (AI-assisted description)""@en , ""Lettisk typ av naturtrumpet, kan avse instrument tillverkade av såväl metall som trä eller näver. (AI-assisted description)""@sv .",,"""2026-07-17 Changed hierarchy and definition [seko-issues:140]""",,2026-07-04,KESKEN,Latvialainen pitkä trumpettisoitin.,
fmpo:01070,http://urn.fi/urn:nbn:fi:au:seko:01070,,tautirut,tautirut,tautirut,,,,,"http://www.yso.fi/onto/yso/p105377,http://www.yso.fi/onto/yso/p105866",Kanada|Alaska,,"fmpo:00446, fmpo:00943",jousisoitin|sitra,,,http://www.wikidata.org/entity/Q2405825,,,,,,,,,,,,,,,,TARKISTA,Eskimoiden (inuitien) jousella soitettava laatikkositra.,
fmpo:01070,,,,,,tautiik,,,,,,,,,,,,,,,,,,,,,,,,,,,,,
fmpo:01070,,,,,,tautiik,,,,,,,,,,,,,,,,,,,,,,,,,,,,,
fmpo:01071,http://urn.fi/urn:nbn:fi:au:seko:01071,,tavil,tavil,tavil,,,,,http://www.yso.fi/onto/yso/p235077,Etelä-Intia,,fmpo:00864,rumpu,,,http://www.wikidata.org/entity/Q1355394,,,,,,skos:exactMatch,http://id.loc.gov/authorities/performanceMediums/mp2013015719,,,,,,,,,TARKISTA,Eteläintialainen tynnyrinmuotoinen rumpu.,
fmpo:01071,,,,,,thavil,,,,,,,,,,,,,,,,,,,,,,,,,,,,,
fmpo:01072,http://urn.fi/urn:nbn:fi:au:seko:01072,,tbal,tbal,t'bol,,,,,http://www.yso.fi/onto/yso/p109169,Mauritania,,fmpo:00864,rumpu,,,http://www.wikidata.org/entity/Q2382928,,,,,,,,,,,,,,,,TARKISTA,Mauritanialaisen griot-yhteisön perinteinen rumpu.,
fmpo:01073,http://urn.fi/urn:nbn:fi:au:seko:01073,,telharmonium,teleharmonium,telharmonium,,,,,,,,"fmpo:01021, fmpo:00543",sähkösoitin|kosketinsoitin,,,http://www.wikidata.org/entity/Q133506,,,,,,skos:exactMatch,http://id.loc.gov/authorities/performanceMediums/mp2013015721,,,,,,,,,TARKISTA,"1920-luvulla rakennettu monofoninen elektronisoitin, jota on käytetty mm. Arthur Honeggerin teoksessa Roses de Métal (1928).",
fmpo:01073,,,,,,dynamophone,,,,,,,,,,,,,,,,,,,,,,,,,,,,,
fmpo:01074,http://urn.fi/urn:nbn:fi:au:seko:01074,,temppeliblokki,tempelblock,temple block,,,,,http://www.yso.fi/onto/yso/p105024,Aasia,,fmpo:00813,puublokki,https://github.com/NatLibFi/SEKO/issues/141,,http://www.wikidata.org/entity/Q604538,"Muusa: changed the broader to ""puublokki""  The altLabel ""wooden fish"" -- see ""puukala""",,,http://www.mimo-db.eu/InstrumentsKeywords/2768,,skos:closeMatch,http://id.loc.gov/authorities/performanceMediums/mp2013015656,http://www.wikidata.org/entity/Q1474569,,,,,issue created,,2026-07-04,KESKEN,"Itämainen pyöreämuotoinen rakorumpu, ulkomuodoltaan usein kalaa muistuttava.",
fmpo:01074,,,,,,moktʼak,,,,,,,,,,,,,,,,,,,,,,,,,,,,,
fmpo:01074,,,,,,mokugyo,,,,,,,,,,,,,,,,,,,,,,,,,,,,,
fmpo:01074,,,,,,muyu,,,,,,,,,,,,,,,,,,,,,,,,,,,,,
fmpo:01074,,,,,,Chinese wood block,en,,,,,,,,,,,"MOVED here from ""puublokki"" (Muusa)",,,,,,,,,,,,,,,,,
fmpo:01074,,,,,,Tempelblöcke,de,,,,,,,,,,,,,,,,,,,,,,,,,,,,
fmpo:01074,,,,,,temple blocks,en,,,,,,,,,,,,,,,,,,,,,,,,,,,,
fmpo:01074,,,,,,temple-blocks,en,,,,,,,,,,,,,,,,,,,,,,,,,,,,
fmpo:01074,,,,,,temppelipalkki,fi,,,,,,,,,,,,,,,,,,,,,,,,,,,,
fmpo:01074,,,,,,wooden fish,en,,,,,,,,,,,,,,,,,,,,,,,,,,,,
fmpo:01074,,,,,,,,mokt'ak,,,,,,,,,,,,,,,,,,,,,,,,,,,
fmpo:01074,,,,,,,,Tempelblocke,,,,,,,,,,,,,,,,,,,,,,,,,,,
fmpo:01075,http://urn.fi/urn:nbn:fi:au:seko:01075,,tenori,tenor,tenor,,,,,,,,"fmpo:00668, fmpo:00539",mieslauluääni|korkea lauluääni,,,http://www.wikidata.org/entity/Q27914,,,,,,skos:exactMatch,http://id.loc.gov/authorities/performanceMediums/mp2013015725,,,,,,,,,TARKISTA,Miesäänen ääniala.,
fmpo:01075,,,,,,T (tenori),fi,,,,,,,,,,,,,,,,,,,,,,,,,,,,
fmpo:01075,,,,,,tenor voice,en,,,,,,,,,,,,,,,,,,,,,,,,,,,,
fmpo:01075,,,,,,,,tenori (aanialat),,,,,,,,,,,,,,,,,,,,,,,,,,,
fmpo:01076,http://urn.fi/urn:nbn:fi:au:seko:01076,,tenoribanjo,tenorbanjo,tenor banjo,,,,,,,,fmpo:00096,banjo,,,http://www.wikidata.org/entity/Q2755228,,,,,,,,,,,,,,,,TARKISTA,"Lyhytkaulainen banjo, jossa on neljä kieltä.",
fmpo:01077,http://urn.fi/urn:nbn:fi:au:seko:01077,,tenorichalumeau,tenorchalumeau,tenor chalumeau,,,,,,,,fmpo:00198,chalumeau,,,http://www.wikidata.org/entity/Q116871539,,,,,,skos:closeMatch,http://id.loc.gov/authorities/performanceMediums/mp2013015125,,,,,,,,,TARKISTA,"Tenorikokoinen chalumeau, jonka ääniala on f–b' tai f–h'.",
fmpo:01078,http://urn.fi/urn:nbn:fi:au:seko:01078,,tenorigamba,tenorgamba,PUUTTUU,,,,,,,,fmpo:01185,viola da gamba,https://github.com/NatLibFi/SEKO/issues/142,,MISSING,"SPLIT?   ""Tenor Viola"" is separate from ""basse de viole""",,,,,skos:exactMatch,http://id.loc.gov/authorities/performanceMediums/mp2013015776,https://de.wikipedia.org/wiki/Viola_da_gamba#Die_Alt-_und_Tenorviola,,,,,issue created,,2026-07-04,KESKEN,Tenoriäänialainen viola da gamba.,
fmpo:01078,,,,,,bass viol,en,,,,,,,,,,,,,,,,,,,,,,,,,,,,
fmpo:01078,,,,,,basse de viole,fr,,,,,,,,,,,,,,,,,,,,,,,,,,,,
fmpo:01078,,,,,,consort bass,en,,,,,,,,,,,,,,,,,,,,,,,,,,,,
fmpo:01079,http://urn.fi/urn:nbn:fi:au:seko:01079,,tenorikitara,tenorgitarr,tenor guitar,,,,,,,,fmpo:00504,kitara,,,http://www.wikidata.org/entity/Q963150,,,,,,,,,,,,,,,,TARKISTA,,
fmpo:01080,http://urn.fi/urn:nbn:fi:au:seko:01080,,tenorinokkahuilu,tenorblockflöjt,tenor recorder,,,,,,,,fmpo:00704,nokkahuilu,,,http://www.wikidata.org/entity/Q2037451,,,,,,skos:closeMatch,http://id.loc.gov/authorities/performanceMediums/mp2013015722,,,,,,,,,TARKISTA,Tenoriäänialainen nokkahuilu.,
fmpo:01081,http://urn.fi/urn:nbn:fi:au:seko:01081,,tenoripasuuna,tenortrombon,tenor trombone,,,,,,,,fmpo:00752,pasuuna,,,http://www.wikidata.org/entity/Q2290259,,,,,,,,,,,,,,,,TARKISTA,,
fmpo:01081,,,,,,tenor sackbut,en,,,,,,,,,,,,,,,,,,,,,,,,,,,,
fmpo:01081,,,,,,Tenorposaune,de,,,,,,,,,,,,,,,,,,,,,,,,,,,,
fmpo:01082,http://urn.fi/urn:nbn:fi:au:seko:01082,,tenorisaksofoni,tenorsaxofon,tenor saxophone,,,,,,,,fmpo:00879,saksofoni,,,http://www.wikidata.org/entity/Q1414932,,,,,,skos:exactMatch,http://id.loc.gov/authorities/performanceMediums/mp2013015723,,,,,,,,,TARKISTA,Tenoriäänialainen saksofoni.,
fmpo:01082,,,,,,ts (tenorisaksofoni),fi,,,,,,,,,,,,,,,,,,,,,,,,,,,,
fmpo:01083,http://urn.fi/urn:nbn:fi:au:seko:01083,,tenorisinkki,tenorsinka,tenor cornett,,,,,,,,fmpo:00571,käyrä sinkki,,,http://www.wikidata.org/entity/Q7700564,,,,,,,,,,,,,,,,TARKISTA,"Noin 75–105 cm pitkä tenorikokoinen käyrä sinkki, jonka ääniala alkaa kvinttiä alempaa kuin alttosinkin.",
fmpo:01083,,,,,,cornet à bouquin tenor,fr,,,,,,,,,,,,,,,,,,,,,,,,,,,,
fmpo:01083,,,,,,corno torto,,,,,,,,,,,,,,,,,,,,,,,,,,,,,
fmpo:01083,,,,,,cornone,,,,,,,,,,,,,,,,,,,,,,,,,,,,,
fmpo:01083,,,,,,groß Tenorcornet,de,,,,,,,,,,,,,,,,,,,,,,,,,,,,
fmpo:01083,,,,,,grosser Zink,de,,,,,,,,,,,,,,,,,,,,,,,,,,,,
fmpo:01083,,,,,,lizard (tenoroisinkki),fi,,,,,,,,,,,,,,,,,,,,,,,,,,,,
fmpo:01083,,,,,,lysarden (tenorisinkki),fi,,,,,,,,,,,,,,,,,,,,,,,,,,,,
fmpo:01083,,,,,,taille des cornets,fr,,,,,,,,,,,,,,,,,,,,,,,,,,,,
fmpo:01083,,,,,,,,cornet a bouquin tenor,,,,,,,,,,,,,,,,,,,,,,,,,,,
fmpo:01083,,,,,,,,gross Tenorcornet,,,,,,,,,,,,,,,,,,,,,,,,,,,
fmpo:01084,http://urn.fi/urn:nbn:fi:au:seko:01084,,tenoritorvi,tenorhorn,tenor horn,,,,,,,,fmpo:00904,saxhorn,,,http://www.wikidata.org/entity/Q745478,,,,,,skos:closeMatch,http://id.loc.gov/authorities/performanceMediums/mp2013015013,,,,,,,,,TARKISTA,"Sotilassoittokunnissa ja mm. vaskiseptetissä käytettävä sankatorvi, jonka ääniala on alttotorven ja baritonitorven välillä. Isossa-Britanniassa termiä tenor horn käytetään alttotorvesta.",
fmpo:01084,,,,,,Tenorhorn,de,,,,,,,,,,,,,,,,,,,,,,,,,,,,
fmpo:01085,http://urn.fi/urn:nbn:fi:au:seko:01085,,tenoriviulu,tenorviolin,tenor violin,,,,,,,,fmpo:00446,jousisoitin,,,http://www.wikidata.org/entity/Q7700567,,,,,,skos:exactMatch,http://id.loc.gov/authorities/performanceMediums/mp2013015724,,,,,,,,,TARKISTA,Viuluperheen alttoviulua suurempi jäsen.,
fmpo:01085,,,,,,taille (tenoriviulu),fi,,,,,,,,,,,,,,,,,,,,,,,,,,,,
fmpo:01086,http://urn.fi/urn:nbn:fi:au:seko:01086,,teorbi,teorb,theorbo,,,,,,,,fmpo:00622,luuttu,https://github.com/NatLibFi/SEKO/issues/143,,http://www.wikidata.org/entity/Q840920,"""2026-08-09 added skos:related to chitarrone""@en",,,,,skos:exactMatch,http://id.loc.gov/authorities/performanceMediums/mp2013015729,http://www.wikidata.org/entity/Q2216381,,seko:x476,,"""En större variant av teorben kallades chitarrone. (Wikipedia)""@sv",issue created,,2026-07-04,KESKEN,"1500–1700-luvuilla varsinkin continuosoittimena käytetty bassoluuttu, jonka vartalo on arkkiluuttua suurempi.",https://finto.fi/ic/fi/page/48C7323
fmpo:01086,,,,,,chitarrone,sv,,,,,,,,,,,,,,,,,,,,,,,,,,,,
fmpo:01086,,,,,,Theorbe,de,,,,,,,,,,,,,,,,,,,,,,,,,,,,
fmpo:01086,,,,,,théorbe,fr,,,,,,,,,,,,,,,,,,,,,,,,,,,,
fmpo:01086,,,,,,tiorba,it,,,,,,,,,,,,,,,,,,,,,,,,,,,,
fmpo:01087,http://urn.fi/urn:nbn:fi:au:seko:01087,,teponaztli,teponaztli,teponaztli,,,,,http://www.yso.fi/onto/yso/p105032,Meksiko,,fmpo:00837,rakorumpu,,,http://www.wikidata.org/entity/Q2574301,,,,,,skos:exactMatch,http://id.loc.gov/authorities/performanceMediums/mp2013015727,,,,,,,,,TARKISTA,"Asteekkien käyttämä rakorumpu, joka on edelleen käytössä Meksikossa.",
fmpo:01087,,,,,,teponastle,es,,,,,,,,,,,,,,,,,,,,,,,,,,,,
fmpo:01087,,,,,,teponaxtle,es,,,,,,,,,,,,,,,,,,,,,,,,,,,,
fmpo:01087,,,,,,teponaztle,es,,,,,,,,,,,,,,,,,,,,,,,,,,,,
fmpo:01088,http://urn.fi/urn:nbn:fi:au:seko:01088,,theremin,theremin,theremin,,,,,,,,fmpo:01021,sähkösoitin,,,http://www.wikidata.org/entity/Q207691,,,,,,skos:exactMatch,http://id.loc.gov/authorities/performanceMediums/mp2013015730,,,,,,,,,TARKISTA,"1920-luvulla kehitetty varhainen sähkösoitin, jonka ääni syntyy samalla tavalla kuin ondes martenot -soittimessa, mutta joka poikkeaa siitä soittotavaltaan. Taidemusiikkisäveltäjistä mm. Martin ja Varèse ovat käyttäneet thereminiä.",
fmpo:01088,,,,,,eterofoni,fi,,,,,,,,,,,,,,,,,,,,,,,,,,,,
fmpo:01089,http://urn.fi/urn:nbn:fi:au:seko:01089,,tibia,tibia,tibia,,,,,http://www.yso.fi/onto/yso/p105081,Rooman valtakunta,,fmpo:00715,oboesoitin,,,http://www.wikidata.org/entity/Q116879099,"MERGE? In Wikidatassa same as ""aulos"" seko:00061",,,,,skos:exactMatch,http://id.loc.gov/authorities/performanceMediums/mp2013015731,,,,,,,,,TARKISTA,Antiikin Rooman aikainen puhallinsoitin.,
fmpo:01089,,,,,,fistula,,,,,,,,,,,,,,,,,,,,,,,,,,,,,
fmpo:01090,http://urn.fi/urn:nbn:fi:au:seko:01090,,tidinit,tidinit,tidinit,,,,,http://www.yso.fi/onto/yso/p109169,Mauritania,,fmpo:00709,näppäilysoitin,,,http://www.wikidata.org/entity/Q116879119,,,,,,,,,,,,,,,,TARKISTA,Mauritanialaisen griot-yhteisön luuttusoitin.,
fmpo:01091,http://urn.fi/urn:nbn:fi:au:seko:01091,,tietokone,datamaskin,computer,,,,,,,,fmpo:01021,sähkösoitin,,http://www.yso.fi/onto/yso/p6787,http://www.wikidata.org/entity/Q68,,,,,,,,,,,,,,,,TARKISTA,,
fmpo:01092,http://urn.fi/urn:nbn:fi:au:seko:01092,,tiimalasirumpu,timglastrumma,hourglass drum,,,,,,,,fmpo:00864,rumpu,,,http://www.wikidata.org/entity/Q5913432,,,,,,skos:exactMatch,http://id.loc.gov/authorities/performanceMediums/mp2013015343,,,,,,,,,TARKISTA,"Yksi- tai kaksikalvoinen rumpu, jonka vartalo on tiimalasin mallinen.",
fmpo:01093,http://urn.fi/urn:nbn:fi:au:seko:01093,,tilinkă,telenka,telenka,,,,,"http://www.yso.fi/onto/yso/p105030,http://www.yso.fi/onto/yso/p107667",Romania|Moldova,,fmpo:01134,tulppakanavahuilu,,,http://www.wikidata.org/entity/Q1999077,,,,,,,,,,,,,,,,TARKISTA,Romaniassa ja Moldovassa käytettävä sormiaukoton huilu.,
fmpo:01093,,,,,,tilinc,,,,,,,,,,,,,,,,,,,,,,,,,,,,,
fmpo:01093,,,,,,tilinka,fi,,,,,,,,,,,,,,,,,,,,,,,,,,,,
fmpo:01094,http://urn.fi/urn:nbn:fi:au:seko:01094,,timbales,timbales,timbales,,,,,"http://www.yso.fi/onto/yso/p105269,http://www.yso.fi/onto/yso/p105005",Kuuba|Latinalainen Amerikka,,fmpo:00864,rumpu,,,http://www.wikidata.org/entity/Q379248,,,,,,skos:closeMatch,http://id.loc.gov/authorities/performanceMediums/mp2013015732,,,,,,,,,TARKISTA,Afrokuubalaisessa ja latinalaisamerikkalaisessa musiikissa käytettävän rumpuparin nimitys.,
fmpo:01094,,,,,,timbaalit,fi,,,,,,,,,,,,,,,,,,,,,,,,,,,,
fmpo:01094,,,,,,tymbales,,,,,,,,,,,,,,,,,,,,,,,,,,,,,
fmpo:01095,http://urn.fi/urn:nbn:fi:au:seko:01095,,tinapilli,tin whistle,tin whistle,,,,,http://www.yso.fi/onto/yso/p105195,Irlanti,,fmpo:01134,tulppakanavahuilu,,,http://www.wikidata.org/entity/Q615403,,,,,,skos:exactMatch,http://id.loc.gov/authorities/performanceMediums/mp2013015539,,,,,,,,,TARKISTA,Irlantilaisessa perinnemusiikissa käytettävä metallinen tulppakanavahuilu.,
fmpo:01095,,,,,,Clarke London Flageolet,en,,,,,,,,,,,,,,,,,,,,,,,,,,,,
fmpo:01095,,,,,,English flageolet,en,,,,,,,,,,,,,,,,,,,,,,,,,,,,
fmpo:01095,,,,,,feadog,en,,,,,,,,,,,,,,,,,,,,,,,,,,,,
fmpo:01095,,,,,,feadóg,en,,,,,,,,,,,,,,,,,,,,,,,,,,,,
fmpo:01095,,,,,,feadog stain,en,,,,,,,,,,,,,,,,,,,,,,,,,,,,
fmpo:01095,,,,,,feadóg stáin,en,,,,,,,,,,,,,,,,,,,,,,,,,,,,
fmpo:01095,,,,,,feadóg stáin,en,,,,,,,,,,,,,,,,,,,,,,,,,,,,
fmpo:01095,,,,,,Irish whistle,en,,,,,,,,,,,,,,,,,,,,,,,,,,,,
fmpo:01095,,,,,,penny whistle,en,,,,,,,,,,,,,,,,,,,,,,,,,,,,
fmpo:01095,,,,,,Scottish penny whistle,en,,,,,,,,,,,,,,,,,,,,,,,,,,,,
fmpo:01095,,,,,,tin flageolet,en,,,,,,,,,,,,,,,,,,,,,,,,,,,,
fmpo:01095,,,,,,,,feadog stain,,,,,,,,,,,,,,,,,,,,,,,,,,,
fmpo:01096,http://urn.fi/urn:nbn:fi:au:seko:01096,,tingotalango,tingotalango,tingotalango,,,,,"http://www.yso.fi/onto/yso/p105269, http://www.yso.fi/onto/yso/p109845",Kuuba|Karibianmeren alue,,fmpo:01233,ground bow,https://github.com/NatLibFi/SEKO/issues/57,,http://www.wikidata.org/entity/Q118114247,"Changed the broader from ""harp"" to ""ground bow"" Added altLabels",,,,,,,https://doi.org/10.1093/gmo/9781561592630.article.L2255644|https://en.wikipedia.org/wiki/Musical_bow#Ground_bow,,," ""Afrokuubalainen ja karibialainen maajousi, joka koostuu maahan kaivetusta, usein peltilevyllä peitetystä kuopasta (resonaattorista) sekä joustavasta puunoksasta, jonka väliin pingotettua metallilankaa tai kieltä näppäilemällä tai lyömällä tuotetaan bassoääniä. Äänenkorkeutta muutetaan muuttamalla oksan tai kielen kireyttä kädellä. (määritelmä tuotettu tekoälyllä/Gemin)""@fi| ""En afrokubansk och karibisk variant av markbåge (jordbåge). Instrumentet består av en grop i marken som täcks med en plåt- eller skinnskiva som fungerar som resonator, samt en böjlig gren. En spänd metalltråd eller sträng löper från grenen till resonatorn, och basljud alstras genom att knäppa eller slå på strängen samtidigt som tonhöjden regleras genom att böja grenen.""@sv| ""An Afro-Cuban and Caribbean variant of the ground bow (earth bow). It consists of a resonant pit dug into the ground, typically covered by a sheet of metal or bark, and a flexible tree branch. A single wire or string is stretched between the branch and the ground cover; bass notes are produced by plucking or striking the string while modulating the pitch by altering the tension of the branch. (Definition created with AI-assistant(Gemin)""@en",,"MERGE includes ""kimbumba"" and ""tumbandera"".",,2025-06-25,submitted,Trinidadilainen harppusoitin.,
fmpo:01096,,,,,,tingo talango,en,,,,,,,,,,,,,,,,,,,,,,,,,,,,
fmpo:01096,,,,,,tumbandera,en,,,,,,,,,,,,,,,,,,,,,,,,,,,,
fmpo:01096,,,,,,kimbumba,en,,,,,,,,,,,,,,,,,,,,,,,,,,,,
fmpo:01096,,,,,,kuubalainen maajousi,fi,,,,,,,,,,,,,,,,,,,,,,,,,,,,
fmpo:01096,,,,,,kubansk markbåge,sv,,,,,,,,,,,,,,,,,,,,,,,,,,,,
fmpo:01096,,,,,,Afro-Cuban ground bow,en,,,,,,,,,,,,,,,,,,,,,,,,,,,,
fmpo:01097,http://urn.fi/urn:nbn:fi:au:seko:01097,,tinya,tinya,tinya,,,,,"http://www.yso.fi/onto/yso/p107390, http://www.yso.fi/onto/yso/p105378",Andit|Peru,,fmpo:00864,rumpu,https://github.com/NatLibFi/SEKO/issues/3,,http://www.wikidata.org/entity/Q9087780,,,,,,,,https://en.wikipedia.org/wiki/Huaconada|https://wmic.net/peru-tinya-drum/,,,"""Pieni, kaksikalvoinen kehärumpu, jota käytetään Andien alueen alkuperäiskansojen (kuten wanka- ja quechua-intiaanien) musiikissa, kuten Huaconada-rituaalitanssissa. ""@fi",,,,2026-06-25,valid,Latinalaisen Amerikan intiaanien musiikissa käytetty kaksikalvoinen rumpu.,
fmpo:01097,,,,,,kirki,en,,,,,,,,,,,,,,,,,,,,,,,,,,,,
fmpo:01098,http://urn.fi/urn:nbn:fi:au:seko:01098,,tiple,tiple,tiple,,,,,http://www.yso.fi/onto/yso/p105005,Latinalainen Amerikka,,fmpo:00504,kitara,,,http://www.wikidata.org/entity/Q2300910,,,,,,skos:exactMatch,https://id.loc.gov/authorities/performanceMediums/mp2013015736,,,,,,,,,TARKISTA,Latinalaisen Amerikan musiikissa käytettävä pienikokoinen kitara.,
fmpo:01099,http://urn.fi/urn:nbn:fi:au:seko:01099,,tizi,dizi,dizi,,,,,http://www.yso.fi/onto/yso/p104984,Kiina,,fmpo:00082,bambuhuilu,,,http://www.wikidata.org/entity/Q1146067,,,,,,skos:exactMatch,http://id.loc.gov/authorities/performanceMediums/mp2013015207,,,,,,,,,TARKISTA,Kiinalainen bambuhuilu.,
fmpo:01099,,,,,,di,,,,,,,,,,,,,,,,,,,,,,,,,,,,,
fmpo:01099,,,,,,di-zi,,,,,,,,,,,,,,,,,,,,,,,,,,,,,
fmpo:01099,,,,,,ti,,,,,,,,,,,,,,,,,,,,,,,,,,,,,
fmpo:01099,,,,,,ti-tse,,,,,,,,,,,,,,,,,,,,,,,,,,,,,
fmpo:01099,,,,,,ti-tzu,,,,,,,,,,,,,,,,,,,,,,,,,,,,,
fmpo:01099,,,,,,ti'tzu,,,,,,,,,,,,,,,,,,,,,,,,,,,,,
fmpo:01099,,,,,,tize,,,,,,,,,,,,,,,,,,,,,,,,,,,,,
fmpo:01100,http://urn.fi/urn:nbn:fi:au:seko:01100,,tlalpanhuehuétl,PUUTTUU,PUUTTUU,,,,,http://www.yso.fi/onto/yso/p105032,Meksiko,,fmpo:00864,rumpu,https://github.com/NatLibFi/SEKO/issues/59,,MISSING,"large drum - See ""Huehuetl""",,,,,,,https://en.wikipedia.org/wiki/Huehuetl|https://doi.org/10.1093/gmo/9781561592630.article.L2294275,,,,,"issue created - labels, MERGE?",,2026-07-04,KESKEN,Asteekkien käyttämä isokokoinen rumpu.,
fmpo:01100,,,,,,tlalpanhuehuetl,,,,,,,,,,,,,,,,,,,,,,,,,,,,,
fmpo:01101,http://urn.fi/urn:nbn:fi:au:seko:01101,,tlapitzalli,tlapitzalli,tlapitzalli,,,,,http://www.yso.fi/onto/yso/p105032,Meksiko,,fmpo:00801,puhallinsoitin,,,http://www.wikidata.org/entity/Q3992030,,,,,,skos:exactMatch,http://id.loc.gov/authorities/performanceMediums/mp2018015013,,,,,,,,,TARKISTA,Asteekkien käyttämä puhallinsoitin (huilu tai trumpetti).,
fmpo:01102,http://urn.fi/urn:nbn:fi:au:seko:01102,,toba,PUUTTUU,PUUTTUU,,,,,"http://www.yso.fi/onto/yso/p106673,http://www.yso.fi/onto/yso/p105030",Bulgaria|Romania,,fmpo:00864,rumpu,https://github.com/NatLibFi/SEKO/issues/144,,MISSING,"MERGE? Perhaps same ase ""daul""  ",,,,,,,https://doi.org/10.1093/gmo/9781561592630.article.L2215001,,,,,issue created,,2026-07-04,KESKEN,Bulgariassa ja Romaniassa käytettävä kaksikalvoinen rumpu.,
fmpo:01102,,,,,,topan,,,,,,,,,,,,,,,,,,,,,,,,,,,,,
fmpo:01103,http://urn.fi/urn:nbn:fi:au:seko:01103,,tobshuur,tobshuur,tovshuur,,,,,http://www.yso.fi/onto/yso/p105251,Mongolia,,fmpo:00709,näppäilysoitin,,,http://www.wikidata.org/entity/Q4460933,,,,,,,,,,,,,,,,TARKISTA,Mongolialainen luuttusoitin.,
fmpo:01103,,,,,,tovsjuur,,,,,,,,,,,,,,,,,,,,,,,,,,,,,
fmpo:01104,http://urn.fi/urn:nbn:fi:au:seko:01104,,tokoro,PUUTTUU,PUUTTUU,,,,,http://www.yso.fi/onto/yso/p105005,Latinalainen Amerikka,,fmpo:01134,tulppakanavahuilu,https://github.com/NatLibFi/SEKO/issues/145,,MISSING," ""2026-07-04 issue created - MERGE? In GMO ""tokoro"" is a reed type (tokoro reed) "",""2026-07-16 AI assisted search. Three more Andean bamboo flutes were added to the issue""",,,,,,,https://www.kaypacha.com.ar/en/instruments/moxeno.htm|https://www.alamy.com/a-bolivian-indigenous-man-plays-a-native-instrument-named-tokoro-during-the-anata-andina-andean-carnival-in-oruro-february-7-2013-hundreds-of-ethnic-groups-from-oruro-province-participated-in-the-carnival-reutersdavid-mercado-bolivia-tags-society-image378531640.html,,,,,"""2026-07-04 issue created - MERGE?"",""2026-07-16 three more Andean bamboo flutes were added to the issue""",,2026-07-04,KESKEN,Latinalaisen Amerikan intiaanimusiikissa käytettävä sormiaukoton huilu.,
fmpo:01105,http://urn.fi/urn:nbn:fi:au:seko:01105,,tom-tom,puka,tom-tom,,,,,,,,fmpo:00864,rumpu,,,http://www.wikidata.org/entity/Q849349,,,,,,skos:exactMatch,http://id.loc.gov/authorities/performanceMediums/mp2013015737,,,,,,,,,TARKISTA,"Sylinterinmuotoinen yksi- tai kaksikalvoinen rumpu, jota käytetään tavallisimmin pareittain.",
fmpo:01106,http://urn.fi/urn:nbn:fi:au:seko:01106,,tonkori,tonkori,tonkori,,,,,"http://www.yso.fi/onto/yso/p105023,http://www.yso.fi/onto/yso/p172721",Japani|Hokkaido,,fmpo:00943,sitra,,,http://www.wikidata.org/entity/Q1328494,,,,,,,,,,,,,,,,TARKISTA,Japanin ainu-kansan viisikielinen näppäiltävä sitrasoitin.,
fmpo:01107,http://urn.fi/urn:nbn:fi:au:seko:01107,,toropilli,toropilli,toropilli,,,,,http://www.yso.fi/onto/yso/p94426,Suomi,,fmpo:00513,klarinettisoitin,https://github.com/NatLibFi/SEKO/issues/149,,http://www.wikidata.org/entity/Q116881397,,,,,,,,,,,,,item created,,2026-07-05,KESKEN,"Suomalainen kansanomainen, ruo'osta tai oljesta tehty klarinettisoitin, jossa on tuohinen kaikusuppilo.",
fmpo:01107,,,,,,soropilli,fi,,,,,,,,,,,,,,,,,,,,,,,,,,,,
fmpo:01107,,,,,,tuohipilli,fi,,,,,,,,,,,,,,,,,,,,,,,,,,,,
fmpo:01107,,,,,,tuohitorvi,fi,,,,,,,,,,,,,,,,,,,,,,,,,,,,
fmpo:01108,http://urn.fi/urn:nbn:fi:au:seko:01108,,torupill,torupill,torupill,,,,,http://www.yso.fi/onto/yso/p104987,Viro,,fmpo:01024,säkkipilli,,,http://www.wikidata.org/entity/Q3331831,,,,,,skos:broadMatch,http://id.loc.gov/authorities/performanceMediums/mp2013015039,,,,,,,,,TARKISTA,Virolainen säkkipilli.,
fmpo:01108,,,,,,kitsepill,et,,,,,,,,,,,,,,,,,,,,,,,,,,,,
fmpo:01108,,,,,,kotepill,et,,,,,,,,,,,,,,,,,,,,,,,,,,,,
fmpo:01108,,,,,,lootspill,et,,,,,,,,,,,,,,,,,,,,,,,,,,,,
fmpo:01109,http://urn.fi/urn:nbn:fi:au:seko:01109,,trautonium,trautonium,trautonium,,,,,,,,fmpo:01021,sähkösoitin,,,http://www.wikidata.org/entity/Q639717,,,,,,skos:exactMatch,http://id.loc.gov/authorities/performanceMediums/mp2013015742,,,,,,,,,TARKISTA,"Varhainen monofoninen sähkösoitin, jota soitetaan koskettimistolta. Trautoniumille ovat säveltäneet mm. Hindemith, Richard Strauss, Egk ja erityisesti Oskar Sala.",
fmpo:01109,,,,,,Mixtur-Trautonium,de,,,,,,,,,,,,,,,,,,,,,,,,,,,,
fmpo:01110,http://urn.fi/urn:nbn:fi:au:seko:01110,,tres,tres,tres,,,,,http://www.yso.fi/onto/yso/p105005,Latinalainen Amerikka,,fmpo:00504,kitara,,,http://www.wikidata.org/entity/Q139727,,,,,,skos:exactMatch,http://id.loc.gov/authorities/performanceMediums/mp2013015745,,,,,,,,,TARKISTA,Latinalaisen Amerikan musiikissa käytettävä kitara.,
fmpo:01111,http://urn.fi/urn:nbn:fi:au:seko:01111,,triangeli,triangel,triangel,,,,,,,,fmpo:00627,lyömäsoitin,,http://www.yso.fi/onto/yso/p30114,http://www.wikidata.org/entity/Q201735,,,,,,skos:exactMatch,http://id.loc.gov/authorities/performanceMediums/mp2013015746,,,,,,,,,TARKISTA,"Metallinen lyömäsoitin (taivutettu metallitanko), joka on eri nimillä käytössä monissa musiikkikulttuureissa.",
fmpo:01111,,,,,,triangolo,,,,,,,,,,,,,,,,,,,,,,,,,,,,,
fmpo:01111,,,,,,triángulo,,,,,,,,,,,,,,,,,,,,,,,,,,,,,
fmpo:01111,,,,,,,,triangulo,,,,,,,,,,,,,,,,,,,,,,,,,,,
fmpo:01112,http://urn.fi/urn:nbn:fi:au:seko:01112,,trişkă,trişcă,trişcă,,,,,http://www.yso.fi/onto/yso/p105030,Romania,,fmpo:01134,tulppakanavahuilu,https://github.com/NatLibFi/SEKO/issues/146,,MISSING,"""Sandu""?  ""The ""Moldavian pipe"" (trişcă, fluier, fluieraş, etc.) is an aerophone musical instrument spread in north-eastern Moldavia, Transylvania, and in Bucovina. It belongs to the category of stopless flutes, built as an openended sound pipe. The playing technique is similar to that of ""tilincă"": blowing with slightly cuspidal lips in the thinner edge of the pipe.""",,,,,,,https://ijcs.ro/public/IJCS-21-39_Sandu.pdf|https://cultura-postdoc.acad.ro/cursanti/sinteze/lupascu_marian.pdf,,,,,issue created,,2026-07-04,KESKEN,Romanialainen tulppakanavahuilu.,
fmpo:01112,,,,,,Moldavian pipe,en,,,,,,,,,,,,,,,,,,,,,,,,,,,,
fmpo:01112,,,,,,trişcă,,,,,,,,,,,,,,,,,,,,,,,,,,,,,
fmpo:01112,,,,,,triska,,,,,,,,,,,,,,,,,,,,,,,,,,,,,
fmpo:01112,,,,,,,,trisca,,,,,,,,,,,,,,,,,,,,,,,,,,,
fmpo:01113,http://urn.fi/urn:nbn:fi:au:seko:01113,,trompong,PUUTTUU,PUUTTUU,,,,,http://www.yso.fi/onto/yso/p112514,Bali,,fmpo:00376,gongi,https://github.com/NatLibFi/SEKO/issues/147,,MISSING,,,,http://www.mimo-db.eu/InstrumentsKeywords/5383,,skos:closeMatch,http://id.loc.gov/authorities/performanceMediums/mp2013015297,https://en.wikipedia.org/wiki/Gamelan_gong_kebyar#Trompong,,,,,issue created,,2026-07-04,KESKEN,Balilaisen gamelan-orkesterin gongisarja.,
fmpo:01114,http://urn.fi/urn:nbn:fi:au:seko:01114,,tróng,PUUTTUU,PUUTTUU,,,,,http://www.yso.fi/onto/yso/p104988,Vietnam,,fmpo:00864,rumpu,https://github.com/NatLibFi/SEKO/issues/148,,MISSING,"A general term for ""a drum"" in the Vietnamese language?   ",,,,,,,https://en.wikipedia.org/wiki/Traditional_Vietnamese_musical_instruments#Drums,,,,,item created,,2026-07-05,KESKEN,Yleisnimitys vietnamilaisille rummuille.,
fmpo:01114,,,,,,trong,fi,,,,,,,,,,,,,,,,,,,,,,,,,,,,
fmpo:01115,http://urn.fi/urn:nbn:fi:au:seko:01115,,tronopilli,PUUTTUU,tronopilli,,,,,http://www.yso.fi/onto/yso/p94426,Suomi,,fmpo:00513,klarinettisoitin,https://github.com/NatLibFi/SEKO/issues/149,,MISSING,,,,,,,,https://minnahokka.com/soittimet/varsinaiset-aerofonit/glottofonit-eli-lehdykkavarahtelijat/klarinetit/tronopilli-2.html|https://www.finna.fi/Record/museovirasto.E5754C363A349E2515AD8D31A5E60EC4,,,,,item created ,,2026-07-05,KESKEN,"Suomalainen kansanomainen, pajun rungosta tehty klarinettisoitin.",
fmpo:01116,http://urn.fi/urn:nbn:fi:au:seko:01116,,truba,truba,truba,,,,,"http://www.yso.fi/onto/yso/p122768,http://www.yso.fi/onto/yso/p105146",Valko-Venäjä|Inkerinmaa,,fmpo:01143,tuohitorvi,,,http://www.wikidata.org/entity/Q116884453,,,,,,,,,,,,,,,,TARKISTA,Valko-Venäjällä ja Inkerissä käytettävä sormiaukollinen tuohitorvi.,
fmpo:01116,,,,,,berestjanka,,,,,,,,,,,,,,,,,,,,,,,,,,,,,
fmpo:01117,http://urn.fi/urn:nbn:fi:au:seko:01117,,trumpetti,trumpet,trumpet,,,,,,,,fmpo:01118,trumpettisoitin,,http://www.yso.fi/onto/yso/p10292,http://www.wikidata.org/entity/Q8338,,,,,,skos:closeMatch,http://id.loc.gov/authorities/performanceMediums/mp2013015748,,,,,,,,,TARKISTA,"Vaskipuhallinsoitin, jossa ääni muodostetaan erityisen suukappaleen avulla.",https://finto.fi/ic/fi/page/48C7352
fmpo:01117,,,,,,bassotrumpetti,fi,,,,,,,,,,,,,,,,,,,,,,,,,,,,
fmpo:01117,,,,,,tp (trumpetti),fi,,,,,,,,,,,,,,,,,,,,,,,,,,,,
fmpo:01117,,,,,,tpt (trumpetti),fi,,,,,,,,,,,,,,,,,,,,,,,,,,,,
fmpo:01117,,,,,,tr (trumpetti),fi,,,,,,,,,,,,,,,,,,,,,,,,,,,,
fmpo:01117,,,,,,trb (trumpetti),fi,,,,,,,,,,,,,,,,,,,,,,,,,,,,
fmpo:01117,,,,,,tromba,,,,,,,,,,,,,,,,,,,,,,,,,,,,,
fmpo:01117,,,,,,Trompete,,,,,,,,,,,,,,,,,,,,,,,,,,,,,
fmpo:01117,,,,,,trompette,,,,,,,,,,,,,,,,,,,,,,,,,,,,,
fmpo:01117,,,,,,Trp (trumpetti),fi,,,,,,,,,,,,,,,,,,,,,,,,,,,,
fmpo:01118,http://urn.fi/urn:nbn:fi:au:seko:01118,,trumpettisoitin,trumpetinstrument,trumpet-like instrument,,,,,,,,fmpo:01171,vaskipuhallin,,,http://www.wikidata.org/entity/Q116884523,,,,,,,,,,,,,,,,TARKISTA,,https://finto.fi/ic/fi/page/48C7352
fmpo:01119,http://urn.fi/urn:nbn:fi:au:seko:01119,,trutruka,trutruka,trutruka,,,,,"http://www.yso.fi/onto/yso/p108111,http://www.yso.fi/onto/yso/p108007",Chile|Argentiina,,fmpo:01171,vaskipuhallin,,,http://www.wikidata.org/entity/Q1082843,,,,http://www.mimo-db.eu/InstrumentsKeywords/4635,,,,,,,,,,,,TARKISTA,"Eteläisen Chilen ja Argentiinan intiaanien trumpettisoitin, joka voi olla jopa 6 metrin pituinen.",
fmpo:01120,http://urn.fi/urn:nbn:fi:au:seko:01120,,puukenkäviulu,träskofiol,clog fiddle,,,,,http://www.yso.fi/onto/yso/p94383,Ruotsi,,fmpo:00446,jousisoitin,,,http://www.wikidata.org/entity/Q18449477,,,,http://www.mimo-db.eu/InstrumentsKeywords/6700,,,,,,,,,,,,TARKISTA,"Ruotsalainen (skånelainen) viulu, jonka kaikukoppana on puukenkä.",
fmpo:01120,,,,,,clog violin,en,,,,,,,,,,,,,,,,,,,,,,,,,,,,
fmpo:01121,http://urn.fi/urn:nbn:fi:au:seko:01121,,tsambuna,tsambouna,tsampouna,,,,,http://www.yso.fi/onto/yso/p105037,Kreikka,,fmpo:01024,säkkipilli,,,http://www.wikidata.org/entity/Q1128612,,,,,,,,,,,,,,,,TARKISTA,Kreikkalainen säkkipilli.,
fmpo:01122,http://urn.fi/urn:nbn:fi:au:seko:01122,,tshisaji,sanza,sanza,,,,,http://www.yso.fi/onto/yso/p184560,Keskinen Afrikka,,fmpo:00974,sormipiano,https://github.com/NatLibFi/SEKO/issues/53,,MISSING,,,,http://www.mimo-db.eu/InstrumentsKeywords/2942,,,,https://www.steveweissmusic.com/product/23216/marimba-solo,,,,,,,,KESKEN,Keskiafrikkalainen sormipiano.,
fmpo:01122,,,,,,chisanzi,,,,,,,,,,,,,,,,,,,,,,,,,,,,,
fmpo:01122,,,,,,sansa,,,,,,,,,,,,,,,,,,,,,,,,,,,,,
fmpo:01122,,,,,,sanza,,,,,,,,,,,,,,,,,,,,,,,,,,,,,
fmpo:01122,,,,,,sanzi,,,,,,,,,,,,,,,,,,,,,,,,,,,,,
fmpo:01122,,,,,,tshisanji,,,,,,,,,,,,,,,,,,,,,,,,,,,,,
fmpo:01123,http://urn.fi/urn:nbn:fi:au:seko:01123,,tsin kun,PUUTTUU,PUUTTUU,,,,,http://www.yso.fi/onto/yso/p104984,Kiina,,fmpo:01050,tamburiini,https://github.com/NatLibFi/SEKO/issues/151,,MISSING,DELETE?  no information,,,,,,,,,,,,ISSUE created,,2026-07-05,KESKEN,Kiinalainen tamburiini.,
fmpo:01124,http://urn.fi/urn:nbn:fi:au:seko:01124,,tsindza,PUUTTUU,PUUTTUU,,,,,http://www.yso.fi/onto/yso/p104989,Nigeria,,fmpo:00552,ksylofoni,https://github.com/NatLibFi/SEKO/issues/152,,MISSING,DELETE?  no information,,,,,skos:closeMatch,http://id.loc.gov/authorities/performanceMediums/mp2013015810,,,,,,ISSUE created,,2026-07-05,KESKEN,Nigerialainen kannettava ksylofoni.,
fmpo:01125,http://urn.fi/urn:nbn:fi:au:seko:01125,,tšogur,chogur,choghur,,,,,"http://www.yso.fi/onto/yso/p105280,http://www.yso.fi/onto/yso/p107663,http://www.yso.fi/onto/yso/p109970",Iran|Azerbaidzan|Kaukasia,,fmpo:00709,näppäilysoitin,,,http://www.wikidata.org/entity/Q171253,,,,http://www.mimo-db.eu/InstrumentsKeywords/3333,,,,,,,,,,,,TARKISTA,"Iranin, Azerbaidzanin ja Kaukasuksen alueen pitkäkaulainen luuttusoitin.",
fmpo:01125,,,,,,chaghyr,,,,,,,,,,,,,,,,,,,,,,,,,,,,,
fmpo:01125,,,,,,chagur,,,,,,,,,,,,,,,,,,,,,,,,,,,,,
fmpo:01125,,,,,,chogur,,,,,,,,,,,,,,,,,,,,,,,,,,,,,
fmpo:01125,,,,,,chonguri,,,,,,,,,,,,,,,,,,,,,,,,,,,,,
fmpo:01125,,,,,,chugur,,,,,,,,,,,,,,,,,,,,,,,,,,,,,
fmpo:01125,,,,,,chungur,,,,,,,,,,,,,,,,,,,,,,,,,,,,,
fmpo:01125,,,,,,chungur,,,,,,,,,,,,,,,,,,,,,,,,,,,,,
fmpo:01125,,,,,,chunguri,,,,,,,,,,,,,,,,,,,,,,,,,,,,,
fmpo:01125,,,,,,tsogur,,,,,,,,,,,,,,,,,,,,,,,,,,,,,
fmpo:01126,http://urn.fi/urn:nbn:fi:au:seko:01126,,tšonguri,chonguri,chonguri,,,,,http://www.yso.fi/onto/yso/p106264,Georgia,,fmpo:00709,näppäilysoitin,,,http://www.wikidata.org/entity/Q4517166,,,,,,,,,,,,,,,,TARKISTA,Georgialainen nelikielinen luuttusoitin.,
fmpo:01126,,,,,,tsonguri,fi,,,,,,,,,,,,,,,,,,,,,,,,,,,,
fmpo:01127,http://urn.fi/urn:nbn:fi:au:seko:01127,,tšuniri,chuniri,chuniri,,,,,http://www.yso.fi/onto/yso/p106264,Georgia,,fmpo:00770,piikkiviulu,,,http://www.wikidata.org/entity/Q4518086,,,,,,,,,,,,,,,,TARKISTA,Georgialainen piikkiviulu.,
fmpo:01127,,,,,,chianuri,,,,,,,,,,,,,,,,,,,,,,,,,,,,,
fmpo:01127,,,,,,tschuniri,,,,,,,,,,,,,,,,,,,,,,,,,,,,,
fmpo:01127,,,,,,tsuniri,,,,,,,,,,,,,,,,,,,,,,,,,,,,,
fmpo:01128,http://urn.fi/urn:nbn:fi:au:seko:01128,,tsurás,tzouras,tzouras,,,,,http://www.yso.fi/onto/yso/p105037,Kreikka,,fmpo:00709,näppäilysoitin,,,http://www.wikidata.org/entity/Q7861991,,,,,,,,,,,,,,,,TARKISTA,"Kreikkalainen luuttusoitin, kooltaan buzukin ja baglamasin välimuoto. Nimi kirjoitetaan kreikaksi τζουράς.",
fmpo:01128,,,,,,dzuras,,,,,,,,,,,,,,,,,,,,,,,,,,,,,
fmpo:01128,,,,,,tsuras,fi,,,,,,,,,,,,,,,,,,,,,,,,,,,,
fmpo:01128,,,,,,tzournas,,,,,,,,,,,,,,,,,,,,,,,,,,,,,
fmpo:01128,,,,,,tzurnas,,,,,,,,,,,,,,,,,,,,,,,,,,,,,
fmpo:01129,http://urn.fi/urn:nbn:fi:au:seko:01129,,tsuridaiko,tsuridaiko,tsuri-daiko,,,,,http://www.yso.fi/onto/yso/p105023,Korea,,fmpo:01036,taiko,https://github.com/NatLibFi/SEKO/issues/166,,http://www.wikidata.org/entity/Q25230390,"""2026-07-05 ISSUE created - wikidata mappings"",""2026-07-13 recored updated according to issue""",,,http://www.mimo-db.eu/InstrumentsKeywords/2782,,skos:broadMatch,http://id.loc.gov/authorities/performanceMediums/mp2013015696,,,https://github.com/NatLibFi/SEKO/issues/166,,"""Used primarliy in bugaku orchestra (Wikipedia)""","""2026-07-13 broader concept was changed""",,2026-07-05,valid,"Korealainen iso, tynnyrinmuotoinen rumpu.",
fmpo:01129,,,,,,tsuri-daiko,fi,,,,,,,,,,,,,,,,,,,,,,,,,,,,
fmpo:01129,,,,,,tsuridaiko,en,,,,,,,,,,,,,,,,,,,,,,,,,,,,
fmpo:01129,,,,,,釣太鼓,jp,,,,,,,,,,,,,,,,,,,,,,,,,,,,
fmpo:01130,http://urn.fi/urn:nbn:fi:au:seko:01130,,tsuzumi,tsuzumi,tsuzumi,,,,,http://www.yso.fi/onto/yso/p105023,Japani,,fmpo:01092,tiimalasirumpu,,,http://www.wikidata.org/entity/Q120585,,,,MIMO-> kotsutsumi,,skos:exactMatch,https://id.loc.gov/authorities/performanceMediums/mp2013015408,,,,,,,,,TARKISTA,Yleisnimitys japanilaisille tiimalasin muotoisille rummuille.,
fmpo:01130,,,,,,kotsuzumi,,,,,,,,,,,,,,,,,,,,,,,,,,,,,
fmpo:01131,http://urn.fi/urn:nbn:fi:au:seko:01131,,tubafoni,tubafon,tubaphone,,,,,,,,fmpo:00627,lyömäsoitin,,,http://www.wikidata.org/entity/Q7850717,,,,http://www.mimo-db.eu/InstrumentsKeywords/2984,,,http://id.loc.gov/authorities/performanceMediums/mp2013015752,,,,,,,,,TARKISTA,"Kellopeli, jossa on metalliputkia soivina osina. Aram Hatšaturjan käytti soitinta baletissaan Gajane.",
fmpo:01131,,,,,,tubufoni,fi,,,,,,,,,,,,,,,,,,,,,,,,,,,,
fmpo:01132,http://urn.fi/urn:nbn:fi:au:seko:01132,,tubi,PUUTTUU,PUUTTUU,,,,,http://www.yso.fi/onto/yso/p105037,Kreikka,,fmpo:00864,rumpu,https://github.com/NatLibFi/SEKO/issues/153,,MISSING,DELETE?  No information,,,,,,,,,,,,issue created,,2026-07-05,KESKEN,Kreikkalainen sylinterinmuotoinen rumpu.,
fmpo:01132,,,,,,doubi,,,,,,,,,,,,,,,,,,,,,,,,,,,,,
fmpo:01132,,,,,,toubi,,,,,,,,,,,,,,,,,,,,,,,,,,,,,
fmpo:01133,http://urn.fi/urn:nbn:fi:au:seko:01133,,tuila,tuila,tuila,,,,,http://www.wikidata.org/entity/Q29024970,Keski-Intia,,fmpo:00709,näppäilysoitin,,,http://www.wikidata.org/entity/Q15851679,,,,http://www.mimo-db.eu/InstrumentsKeywords/4893,,,,,,,,,,,,TARKISTA,"Keski-intialainen, yksikielinen näppäiltävä sitrasoitin.",
fmpo:01134,http://urn.fi/urn:nbn:fi:au:seko:01134,,tulppakanavahuilu,spaltflöjt,duct flute,,,,,,,,fmpo:00418,huilusoitin,,,http://www.wikidata.org/entity/Q478634,,,,http://www.mimo-db.eu/InstrumentsKeywords/3932,,skos:exactMatch,http://id.loc.gov/authorities/performanceMediums/mp2013015223,,,seko:00851,,,,,,TARKISTA,,
fmpo:01134,,,,,,kanavahuilu,fi,,,,,,,,,,,,,,,,,,,,,,,,,,,,
fmpo:01134,,,,,,māsūl,,,,,,,,,,,,,,,,,,,,,,,,,,,,,
fmpo:01134,,,,,,tulppahuilu,fi,,,,,,,,,,,,,,,,,,,,,,,,,,,,
fmpo:01134,,,,,,,,masul,,,,,,,,,,,,,,,,,,,,,,,,,,,
fmpo:01135,http://urn.fi/urn:nbn:fi:au:seko:01135,,tulum,tulum,tulum,,,,,"http://www.yso.fi/onto/yso/p105573,http://www.yso.fi/onto/yso/p107663",Turkki|Azerbaidzan,,fmpo:01024,säkkipilli,,,http://www.wikidata.org/entity/Q2305258,,,,http://www.mimo-db.eu/InstrumentsKeywords/3775,,skos:closeMatch,http://id.loc.gov/authorities/performanceMediums/mp2013015133,,,,,,,,,TARKISTA,Turkissa ja Azerbaidzanissa käytettävä säkkipilli.,
fmpo:01135,,,,,,tulum (bagpipe),en,,,,,,,,,,,,,,,,,,,,,,,,,,,,
fmpo:01136,http://urn.fi/urn:nbn:fi:au:seko:01136,,tumba,tumba,tumba,,,,,http://www.yso.fi/onto/yso/p105269,Kuuba,,fmpo:00239,congarumpu,,,http://www.wikidata.org/entity/Q7852515,,,,http://www.mimo-db.eu/InstrumentsKeywords/2784,,skos:exactMatch,http://id.loc.gov/authorities/performanceMediums/mp2013015755,,,,,,,,,TARKISTA,"Kuubalainen suurikokoinen congarumpu, jota soitetaan yleensä quinton ja congan.",
fmpo:01136,,,,,,tumbadora,,,,,,,,,,,,,,,,,,,,,,,,,,,,,
fmpo:01137,http://urn.fi/urn:nbn:fi:au:seko:01137,TRUE,tumbandera,tumbandera,tumbandera,,,,,http://www.yso.fi/onto/yso/p105269,Kuuba,,fmpo:00398,maajousi,https://github.com/NatLibFi/SEKO/issues/57,,DEPRECATED,MERGED to tingotalango,,,http://www.mimo-db.eu/InstrumentsKeywords/3283,,,,http://www.wikidata.org/entity/Q25226698,seko:01233,,,,Removed as duplicate.,,2026-06-25,substituted,Kuubalainen harppusoitin.,
fmpo:01137,,,,,,kimbumba,,,,,,,,,,,,,,,,,,,,,,,,,,,,,
fmpo:01137,,,,,,tingotalango,,,,,,,,,,,,,,,,,,,,,,,,,,,,,
fmpo:01138,http://urn.fi/urn:nbn:fi:au:seko:01138,,tun,tun,tunkul,,,,,"http://www.yso.fi/onto/yso/p105490,http://www.yso.fi/onto/yso/p105510",Guatemala|El Salvador,,fmpo:00837,rakorumpu,,,http://www.wikidata.org/entity/Q116919313,,,,http://www.mimo-db.eu/InstrumentsKeywords/6331,,skos:closeMatch,http://id.loc.gov/authorities/performanceMediums/mp2013015656,,,,,,,,,TARKISTA,Guatemalassa ja Salvadorissa käytettävä rakorumpu.,
fmpo:01138,,,,,,c'unc'un,,,,,,,,,,,,,,,,,,,,,,,,,,,,,
fmpo:01138,,,,,,tunkul,,,,,,,,,,,,,,,,,,,,,,,,,,,,,
fmpo:01139,http://urn.fi/urn:nbn:fi:au:seko:01139,,tunbūr,tembûr,tanbur,,,,,"http://www.yso.fi/onto/yso/p105026,http://www.yso.fi/onto/yso/p105025,http://www.yso.fi/onto/yso/p109970",Balkanin niemimaa|Lähi-itä|Kaukasia,,fmpo:00709,näppäilysoitin,,,http://www.wikidata.org/entity/Q3424319,,,,tanbur http://www.mimo-db.eu/InstrumentsKeywords/3466,,skos:exactMatch,http://id.loc.gov/authorities/performanceMediums/mp2013015710,,,,,,,,,TARKISTA,"Näppäiltävä pitkäkaulaluuttu, joka tunnetaan erilaisina muunnoksina Balkanilla, Lähi-idässä ja Kaukasuksella.",
fmpo:01139,,,,,,tambūr,,,,,,,,,,,,,,,,,,,,,,,,,,,,,
fmpo:01139,,,,,,tanbūr,,,,,,,,,,,,,,,,,,,,,,,,,,,,,
fmpo:01139,,,,,,tunbur,fi,,,,,,,,,,,,,,,,,,,,,,,,,,,,
fmpo:01139,,,,,,,,tambur,,,,,,,,,,,,,,,,,,,,,,,,,,,
fmpo:01139,,,,,,,,tanbur,,,,,,,,,,,,,,,,,,,,,,,,,,,
fmpo:01139,,,,,,,,tembur,,,,,,,,,,,,,,,,,,,,,,,,,,,
fmpo:01140,http://urn.fi/urn:nbn:fi:au:seko:01140,,tuohi,tuohi,tuohi,,,,,http://www.yso.fi/onto/yso/p94426,Suomi,,fmpo:00513,klarinettisoitin,https://github.com/NatLibFi/SEKO/issues/154,http://www.yso.fi/onto/yso/p21624,http://www.wikidata.org/entity/Q116919720,"MERGE?  Same as ""tuohipilli"". See  Minna Hokka",,,,,,,,,,,,issue created,,2026-07-05,KESKEN,Suomalainen kansansoitin.,
fmpo:01140,,,,,,lehti,fi,,,,,,,,,,,,,,,,,,,,,,,,,,,,
fmpo:01140,,,,,,pärrä,fi,,,,,,,,,,,,,,,,,,,,,,,,,,,,
fmpo:01140,,,,,,tuohenpala,fi,,,,,,,,,,,,,,,,,,,,,,,,,,,,
fmpo:01140,,,,,,tuohikieli,fi,,,,,,,,,,,,,,,,,,,,,,,,,,,,
fmpo:01140,,,,,,tuohipilli,fi,,,,,,,,,,,,,,,,,,,,,,,,,,,,
fmpo:01140,,,,,,,,parra,,,,,,,,,,,,,,,,,,,,,,,,,,,
fmpo:01141,http://urn.fi/urn:nbn:fi:au:seko:01141,,tuohihuilu,näverflöjt,birch bark flute,,,,,http://www.yso.fi/onto/yso/p94426,Suomi,,fmpo:01134,tulppakanavahuilu,,,http://www.wikidata.org/entity/Q116920004,,,,,,,,,,,,,,,,TARKISTA,Suomalainen tuohesta valmistettu huilusoitin.,
fmpo:01141,,,,,,birchbark shepherds' flute,en,,,,,,,,,,,,,,,,,,,,,,,,,,,,
fmpo:01142,http://urn.fi/urn:nbn:fi:au:seko:01142,,tuohipilli,näverpipa,PUUTTUU,,,,,http://www.yso.fi/onto/yso/p94426,Suomi,,fmpo:00801,puhallinsoitin,https://github.com/NatLibFi/SEKO/issues/154,,MISSING,"same as ""birch bark""",,,,,,,https://minnahokka.com/soittimet/vapaat-aerofonit/katkoaerofonit/yksikkolehdykat/tuohipilli.html,,,,,issue created,,2026-07-05,KESKEN,Suomalainen sormiaukoton tuohesta tehty puhallinsoitin.,
fmpo:01143,http://urn.fi/urn:nbn:fi:au:seko:01143,,tuohitorvi,näverlur,birch trumpet,,,,,http://www.yso.fi/onto/yso/p94426,Suomi,,fmpo:00819,puutrumpetti,,,http://www.wikidata.org/entity/Q12339842,"""2026-07-17 changed broader from puhallinsoitin to puutrumpetti; added latvian altlabel"", ""2026-07-17   Tasks: CHECK SPATIAL""",,,,,,,,,,,,"""2026-07-17 added entry termi in Latvian; changed broader from ""puhallinsoitin to puutrumpetti.""",,2026-07-17,KESKEN,Suomalainen tuohesta tehty puhallinsoitin.,
fmpo:01143,,,,,,tanotorvi,fi,,,,,,,,,,,,,,,,,,,,,,,,,,,,
fmpo:01143,,,,,,tāšu taure,lv,,,,,,,,,,,,,,,,,,,,,,,,,,,,
fmpo:01144,http://urn.fi/urn:nbn:fi:au:seko:01144,,tupan,tupan,tupan,,,,,"http://www.yso.fi/onto/yso/p106673,http://www.yso.fi/onto/yso/p107592",Bulgaria|Serbia,,fmpo:00864,rumpu,https://github.com/NatLibFi/SEKO/issues/155,,MISSING,"MERGE? see also ""tapan"".  According to GMO it is the same!",,,,,,,,,,,,issue created - tupan vs tapan MERGE?,,2026-07-05,KESKEN,Bulgariassa ja Serbiassa käytettävä kaksikalvoinen rumpu.,
fmpo:01144,,,,,,tapan,,,,,,,,,,,,,,,,,,,,,,,,,,,,,
fmpo:01145,http://urn.fi/urn:nbn:fi:au:seko:01145,,turu,turu,turu,,,,,"http://www.yso.fi/onto/yso/p94192, ttp://www.yso.fi/onto/yso/p94426",Karjala|Suomi,,fmpo:01171,vaskipuhallin,https://github.com/NatLibFi/SEKO/issues/156,,http://www.wikidata.org/entity/Q67202852,"""MERGE? IS this the same as ""puutrumpetti""  or is it a separate instrument under ""puutrumpetti""?"".""2026-07-17  MERGE  dct:replaces seko:00808 ; pullotorvi  added as altLabel; changed LCMPT mapping from exactMatch to closeMatch.""",,,,,skos:closeMatch,http://id.loc.gov/authorities/performanceMediums/mp2013015757,,,,,,"""2026-07-17  pullotorvi merged with turu. Entry term added, Finland added to dct:spatial Finland; modified skos:description; added Wikidata mapping t; changed LCMPT mapping to closeMatch""",,2026-07-17,KESKEN,Karjalainen kansanomainen puutrumpettisoitin.,
fmpo:01145,,,,,,pullotorvi,fi,,,,,,,,,,,,,,,,,,,,,,,,,,,,
fmpo:01146,http://urn.fi/urn:nbn:fi:au:seko:01146,,tutek,tutek,dilli kaval,,,,,http://www.yso.fi/onto/yso/p107663,Azerbaidzan,,fmpo:01134,tulppakanavahuilu,,,http://www.wikidata.org/entity/Q4812665,,,,http://www.mimo-db.eu/InstrumentsKeywords/5461,,,,,,,,,,,,TARKISTA,Azerbaidzanilainen tulppakanavahuilu.,
fmpo:01146,,,,,,tütak,,,,,,,,,,,,,,,,,,,,,,,,,,,,,
fmpo:01146,,,,,,tütək,,,,,,,,,,,,,,,,,,,,,,,,,,,,,
fmpo:01147,http://urn.fi/urn:nbn:fi:au:seko:01147,,tuuba,tuba,tuba,,,,,,,,fmpo:01171,vaskipuhallin,,http://www.yso.fi/onto/yso/p13372,http://www.wikidata.org/entity/Q131168,,,,http://www.mimo-db.eu/InstrumentsKeywords/4467,,skos:closeMatch,http://id.loc.gov/authorities/performanceMediums/mp2013015750,,,,,,,,,TARKISTA,Matalaääninen vaskipuhallin.,https://finto.fi/ic/fi/page/48C7352
fmpo:01147,,,,,,bassotuuba,fi,,,,,,,,,,,,,,,,,,,,,,,,,,,,
fmpo:01147,,,,,,bombardon,,,,,,,,,,,,,,,,,,,,,,,,,,,,,
fmpo:01147,,,,,,cimbasso (tuuba),fi,,,,,,,,,,,,,,,,,,,,,,,,,,,,
fmpo:01147,,,,,,Tuba,de,,,,,,,,,,,,,,,,,,,,,,,,,,,,
fmpo:01147,,,,,,helikon,,,,,,,,,,,,,,,,,,,,,,,,,,,,,
fmpo:01147,,,,,,Tb (tuuba),fi,,,,,,,,,,,,,,,,,,,,,,,,,,,,
fmpo:01147,,,,,,tb (tuuba),fi,,,,,,,,,,,,,,,,,,,,,,,,,,,,
fmpo:01147,,,,,,tba (tuuba),fi,,,,,,,,,,,,,,,,,,,,,,,,,,,,
fmpo:01147,,,,,,tu (tuuba),fi,,,,,,,,,,,,,,,,,,,,,,,,,,,,
fmpo:01148,http://urn.fi/urn:nbn:fi:au:seko:01148,,tuulikannel,eolsharpa,aeolian harp,,,,,,,,fmpo:00943,sitra,,,http://www.wikidata.org/entity/Q255358,,,,http://www.mimo-db.eu/InstrumentsKeywords/3612,,skos:exactMatch,http://id.loc.gov/authorities/performanceMediums/mp2013015005,,,,,,,,,TARKISTA,"Laatikkositra, jonka kaikukopan päälle jännitetyt kielet tuulen vaikutuksesta soivat. On myös muunnelmia, joissa kieliä lyövät narun varassa riippuvat puupallot tms.",
fmpo:01148,,,,,,Aioloksen harppu,fi,,,,,,,,,,,,,,,,,,,,,,,,,,,,
fmpo:01148,,,,,,aiolosharppu,fi,,,,,,,,,,,,,,,,,,,,,,,,,,,,
fmpo:01149,http://urn.fi/urn:nbn:fi:au:seko:01149,,tuulikapselisoitin,vidnkapselinstrument,wind-cap instrument,,,,,http://www.yso.fi/onto/yso/p94111,Eurooppa,,fmpo:00587,lehdykkäpuhallinsoitin,https://github.com/NatLibFi/SEKO/issues/157,,http://www.wikidata.org/entity/Q140578440,"""2026-07-05 Perhaps Rauschpfeife?"",""2026-07-16  lisätty ja mapattu wikidata tunniste  Aiemmin linkattu kohde ""Rauschpfeife"" on yksi tuulikapselisoittimista ja puuttuu Sekosta ja pitäisi ehkä luoda?"",""2026-07-17 Added entry term in French, two misspelling altlables were moved to hiddenlabel; eventually rauschpfeife -related labels were moved to the new concept seko:x494""",,,,,,,,,,,,"""2026-07-16 Wikidata item created and mapped""",,2026-07-17,valid,,
fmpo:01149,,,,,,Mundkapselinstrument,de,,,,,,,,,,,,,,,,,,,,,,,,,,,,
fmpo:01149,,,,,,capped reed instrument,en,,,,,,,,,,,,,,,,,,,,,,,,,,,,
fmpo:01149,,,,,,hautbois à capsule,fr,,,,,,,,,,,,,,,,,,,,,,,,,,,,
fmpo:01149,,,,,,reep-cap instrument,en,,,,,,,,,,,,,,,,,,,,,,,,,,,,
fmpo:01149,,,,,,Windkapselinstrument,de,,,,,,,,,,,,,,,,,,,,,,,,,,,,
fmpo:01150,http://urn.fi/urn:nbn:fi:au:seko:01150,,tuulikone,vindmaskin,wind machine,,,,,,,,fmpo:00627,lyömäsoitin,,,http://www.wikidata.org/entity/Q290688,,,,http://www.mimo-db.eu/InstrumentsKeywords/3007,,skos:closeMatch,http://id.loc.gov/authorities/performanceMediums/mp2013015804,,,,,,,,,TARKISTA,"Mekaaninen laite tai materiaali, jonka avulla matkitaan tuulen ääntä.",
fmpo:01150,,,,,,aeoliphone,en,,,,,,,,,,,,,,,,,,,,,,,,,,,,
fmpo:01151,http://urn.fi/urn:nbn:fi:au:seko:01151,,txistu,txistu,txistu,,,,,http://www.yso.fi/onto/yso/p138291,Baskimaa,,fmpo:00780,pipe,,,http://www.wikidata.org/entity/Q6321200,,,,http://www.mimo-db.eu/InstrumentsKeywords/3777,,,http://id.loc.gov/authorities/performanceMediums/mp2013015278,,,,,,,,,TARKISTA,"Baskialueella käytettävä puuhuilu, jota soitetaan yhdessä tamboril-rummun kanssa.",
fmpo:01151,,,,,,chistua,,,,,,,,,,,,,,,,,,,,,,,,,,,,,
fmpo:01152,http://urn.fi/urn:nbn:fi:au:seko:01152,,tüidük,tüidük,tüidük,,,,,http://www.yso.fi/onto/yso/p107669,Turkmenistan,,fmpo:00851,reunahuilu,,,http://www.wikidata.org/entity/Q20164852,,,,,,,,,,,,,,,,TARKISTA,Turkmenistanilainen reunahuilu.,
fmpo:01152,,,,,,tuiduk,,,,,,,,,,,,,,,,,,,,,,,,,,,,,
fmpo:01153,http://urn.fi/urn:nbn:fi:au:seko:01153,,tümïr,tümïr,tümïr,,,,,http://www.yso.fi/onto/yso/p113116,Marin tasavalta,,fmpo:00864,rumpu,,,http://www.wikidata.org/entity/Q116927469,,,,http://www.mimo-db.eu/InstrumentsKeywords/4695,,,,,,,,,,,,TARKISTA,Marien kaksikalvoinen rumpu.,
fmpo:01153,,,,,,tumir,,,,,,,,,,,,,,,,,,,,,,,,,,,,,
fmpo:01154,http://urn.fi/urn:nbn:fi:au:seko:01154,,tyttökuoro,flickkör,girls' choir,,,,,,,,fmpo:00579,lapsikuoro,,http://www.yso.fi/onto/yso/p26954,http://www.wikidata.org/entity/Q53869202,,,,,,,,,,,,,,,,TARKISTA,,
fmpo:01154,,,,,,girl choir,en,,,,,,,,,,,,,,,,,,,,,,,,,,,,
fmpo:01154,,,,,,girl chorus,en,,,,,,,,,,,,,,,,,,,,,,,,,,,,
fmpo:01154,,,,,,girls chorus,en,,,,,,,,,,,,,,,,,,,,,,,,,,,,
fmpo:01154,,,,,,girls' chorus,en,,,,,,,,,,,,,,,,,,,,,,,,,,,,
fmpo:01155,http://urn.fi/urn:nbn:fi:au:seko:01155,,ūd,oud,oud,,,,,http://www.yso.fi/onto/yso/p105528,Arabian niemimaa,,fmpo:00709,näppäilysoitin,,,http://www.wikidata.org/entity/Q191000,,,,http://www.mimo-db.eu/InstrumentsKeywords/3476,,skos:exactMatch,http://id.loc.gov/authorities/performanceMediums/mp2013015525,,,,,,,,,TARKISTA,"Kaikkialla arabikulttuurin maissa käytettävä luuttu, jolla on keskeinen asema perinteisessä musiikissa.",
fmpo:01155,,,,,,al-'ūd,,,,,,,,,,,,,,,,,,,,,,,,,,,,,
fmpo:01155,,,,,,outi,,,,,,,,,,,,,,,,,,,,,,,,,,,,,
fmpo:01155,,,,,,ud,fi,,,,,,,,,,,,,,,,,,,,,,,,,,,,
fmpo:01155,,,,,,udi,,,,,,,,,,,,,,,,,,,,,,,,,,,,,
fmpo:01155,,,,,,ut,,,,,,,,,,,,,,,,,,,,,,,,,,,,,
fmpo:01155,,,,,,uti,,,,,,,,,,,,,,,,,,,,,,,,,,,,,
fmpo:01155,,,,,,,,al-'ud,,,,,,,,,,,,,,,,,,,,,,,,,,,
fmpo:01156,http://urn.fi/urn:nbn:fi:au:seko:01156,,udu,udu,udu,,,,,http://www.yso.fi/onto/yso/p104989,Nigeria,,fmpo:00864,rumpu,,,http://www.wikidata.org/entity/Q1500255,,,,,,,,,,,,,,,,TARKISTA,"Afrikkalainen (nigerialainen) rumpu-soitin, jota on käytetty igbo- ja hausa-kansojen musiikissa.",
fmpo:01156,,,,,,udu-rumpu,fi,,,,,,,,,,,,,,,,,,,,,,,,,,,,
fmpo:01157,http://urn.fi/urn:nbn:fi:au:seko:01157,,uilleann pipes,Uilleann pipe,union pipe,,,,,http://www.yso.fi/onto/yso/p105195,Irlanti,,fmpo:01024,säkkipilli,,,http://www.wikidata.org/entity/Q543833,,,,http://www.mimo-db.eu/InstrumentsKeywords/3779,,skos:exactMatch,http://id.loc.gov/authorities/performanceMediums/mp2013015760,,,,,,,,,TARKISTA,Irlantilaisten kansallissäkkipilli.,
fmpo:01157,,,,,,Irish organ,en,,,,,,,,,,,,,,,,,,,,,,,,,,,,
fmpo:01157,,,,,,uilean pipe,en,,,,,,,,,,,,,,,,,,,,,,,,,,,,
fmpo:01157,,,,,,uileann pipe,en,,,,,,,,,,,,,,,,,,,,,,,,,,,,
fmpo:01158,http://urn.fi/urn:nbn:fi:au:seko:01158,,ukulele,ukulele,ukulele,,,,,http://www.yso.fi/onto/yso/p108840,Havaiji,,fmpo:00709,näppäilysoitin,,http://www.yso.fi/onto/yso/p37988,http://www.wikidata.org/entity/Q61285,,,,http://www.mimo-db.eu/InstrumentsKeywords/3250,,skos:exactMatch,http://id.loc.gov/authorities/performanceMediums/mp2013015761,,,,,,,,,TARKISTA,"Pieni nelikielinen kitarasoitin, joka kehittyi Havaijilla Euroopasta tulleiden esikuvien pohjalta.",
fmpo:01158,,,,,,uk (ukulele),fi,,,,,,,,,,,,,,,,,,,,,,,,,,,,
fmpo:01159,http://urn.fi/urn:nbn:fi:au:seko:01159,,ukulelebanjo,banjolele,banjo ukulele,,,,,,,,"fmpo:00096, fmpo:01158",banjo|kulele,https://github.com/NatLibFi/SEKO/issues/170,,http://www.wikidata.org/entity/Q1889346,2025-07-05 issue created - documenting MUUSA decision in 2022,,,http://www.mimo-db.eu/InstrumentsKeywords/3229,,skos:exactMatch,http://id.loc.gov/authorities/performanceMediums/mp2013015054,,,,Ukulelen virityksellä varustettu banjo.,,,,2026-07-05,KESKEN,Ukulelen virityksellä varustettu banjo.,
fmpo:01159,,,,,,banjouke,fi,,,,,,,,,,,,,,,,,,,,,,,,,,,,
fmpo:01159,,,,,,banjouke,en,,,,,,,,,,,,,,,,,,,,,,,,,,,,
fmpo:01159,,,,,,banjo uke,en,,,,,,,,,,,,,,,,,,,,,,,,,,,,
fmpo:01159,,,,,,banjoukulele,en,,,,,,,,,,,,,,,,,,,,,,,,,,,,
fmpo:01159,,,,,,banjolele,en,,,,,,,,,,,,,,,,,,,,,,,,,,,,
fmpo:01159,,,,,,banjulele,en,,,,,,,,,,,,,,,,,,,,,,,,,,,,
fmpo:01159,,,,,,ukulele banjo,en,,,,,,,,,,,,,,,,,,,,,,,,,,,,
fmpo:01160,http://urn.fi/urn:nbn:fi:au:seko:01160,,umakhweyana,umakhweyana,umakhweyana,,,,,,,,fmpo:00955,soittokaari,,,http://www.wikidata.org/entity/Q116927523,,,,http://www.mimo-db.eu/InstrumentsKeywords/3551,,,,,,,,,,,,TARKISTA,Etelä-Afrikan zulujen soittokaari.,
fmpo:01161,http://urn.fi/urn:nbn:fi:au:seko:01161,,umpihuilu,umpihuilu,umpihuilu,,,,,,,,fmpo:00776,pilli,,,http://www.wikidata.org/entity/Q116927570,,,,,,skos:closeMatch,http://id.loc.gov/authorities/performanceMediums/mp2013015555,,,,,,,,,TARKISTA,"Suomalainen kansanomainen, yleensä pajun, raidan tai lepän kuoresta tehty puhallinsoitin.",
fmpo:01161,,,,,,pihlajapilli,fi,,,,,,,,,,,,,,,,,,,,,,,,,,,,
fmpo:01161,,,,,,soropilli,fi,,,,,,,,,,,,,,,,,,,,,,,,,,,,
fmpo:01162,http://urn.fi/urn:nbn:fi:au:seko:01162,,umqangala,umqangala,umqangala,,,,,http://www.yso.fi/onto/yso/p184559,Eteläinen Afrikka,,fmpo:00955,soittokaari,,,http://www.wikidata.org/entity/Q56294243,,,,,,,,,,,,,,,,TARKISTA,Eteläisen Afrikan alueella käytettävä suujousi.,
fmpo:01163,http://urn.fi/urn:nbn:fi:au:seko:01163,,urkukampiliira,lira organizzata,lira organizzata,,,,,,,,"fmpo:01167, fmpo:00462",urut|kampiliira,,,http://www.wikidata.org/entity/Q2030249,,,,http://www.mimo-db.eu/InstrumentsKeywords/3308,,,,,,,,,,,,TARKISTA,,
fmpo:01163,,,,,,lira organizzata,it,,,,,,,,,,,,,,,,,,,,,,,,,,,,
fmpo:01163,,,,,,lyra organizzata,it,,,,,,,,,,,,,,,,,,,,,,,,,,,,
fmpo:01163,,,,,,Orgelleier,de,,,,,,,,,,,,,,,,,,,,,,,,,,,,
fmpo:01163,,,,,,vielle organisée,fr,,,,,,,,,,,,,,,,,,,,,,,,,,,,
fmpo:01163,,,,,,,,vielle organisee,,,,,,,,,,,,,,,,,,,,,,,,,,,
fmpo:01164,http://urn.fi/urn:nbn:fi:au:seko:01164,,urkuklaveri,klaviorganum,claviorgan,,,,,,,,"fmpo:01167, fmpo:00194",urut|cembalo,,,http://www.wikidata.org/entity/Q1099112,,,,http://www.mimo-db.eu/InstrumentsKeywords/2246,,skos:exactMatch,http://id.loc.gov/authorities/performanceMediums/mp2013015162,,,,,,,,,TARKISTA,"Yleensä kaksisormioinen kosketinsoitin, joka koostuu cembalosta ja uruista.",
fmpo:01164,,,,,,claviorganum,,,,,,,,,,,,,,,,,,,,,,,,,,,,,
fmpo:01164,,,,,,klaviorganum,,,,,,,,,,,,,,,,,,,,,,,,,,,,,
fmpo:01164,,,,,,urkucembalo,fi,,,,,,,,,,,,,,,,,,,,,,,,,,,,
fmpo:01164,,,,,,urkuklaveeri,fi,,,,,,,,,,,,,,,,,,,,,,,,,,,,
fmpo:01165,http://urn.fi/urn:nbn:fi:au:seko:01165,,urkuklavikordi,orgelklavikord,organized clavichord,,,,,,,,"fmpo:00514, fmpo:01167",klavikordi|urut,,,http://www.wikidata.org/entity/Q116930806,,,,http://www.mimo-db.eu/InstrumentsKeywords/6147,,,,,,,,,,,,TARKISTA,"Kosketinsoitin, joka koostuu klavikordista ja uruista.",
fmpo:01166,http://urn.fi/urn:nbn:fi:au:seko:01166,,urkupiano,orgelpiano,organised piano,,,,,,,,"fmpo:01167, fmpo:00763",urut|piano,,,http://www.wikidata.org/entity/Q116932697,,,,http://www.mimo-db.eu/InstrumentsKeywords/2289,,,,,,,,,,,,TARKISTA,,
fmpo:01166,,,,,,forté-piano organisé,fr,,,,,,,,,,,,,,,,,,,,,,,,,,,,
fmpo:01166,,,,,,organo-piano,en,,,,,,,,,,,,,,,,,,,,,,,,,,,,
fmpo:01166,,,,,,Orgelklavier,de,,,,,,,,,,,,,,,,,,,,,,,,,,,,
fmpo:01166,,,,,,piano carré organisé,fr,,,,,,,,,,,,,,,,,,,,,,,,,,,,
fmpo:01166,,,,,,,,forte-piano organise,,,,,,,,,,,,,,,,,,,,,,,,,,,
fmpo:01166,,,,,,,,piano carre organise,,,,,,,,,,,,,,,,,,,,,,,,,,,
fmpo:01167,http://urn.fi/urn:nbn:fi:au:seko:01167,,urut,orgel,organ,,,,,,,,"fmpo:00801, fmpo:00543",puhallinsoitin|kosketinsoitin,,http://www.yso.fi/onto/yso/p16092,http://www.wikidata.org/entity/Q281460,,,,http://www.mimo-db.eu/InstrumentsKeywords/2266,,,,,,,,,,,,TARKISTA,"Yleisnimi koskettimistolla ohjattaville puhallinsoittimille, joiden koko ja tekniikkakin vaihtelee suuresti.",https://finto.fi/ic/fi/page/48C7334
fmpo:01167,,,,,,kirkkourut,fi,,,,,,,,,,,,,,,,,,,,,,,,,,,,
fmpo:01167,,,,,,konserttisaliurut,fi,,,,,,,,,,,,,,,,,,,,,,,,,,,,
fmpo:01167,,,,,,org (urut),fi,,,,,,,,,,,,,,,,,,,,,,,,,,,,
fmpo:01167,,,,,,organo,,,,,,,,,,,,,,,,,,,,,,,,,,,,,
fmpo:01167,,,,,,organum,,,,,,,,,,,,,,,,,,,,,,,,,,,,,
fmpo:01167,,,,,,Orgel,de,,,,,,,,,,,,,,,,,,,,,,,,,,,,
fmpo:01167,,,,,,orgue,fr,,,,,,,,,,,,,,,,,,,,,,,,,,,,
fmpo:01167,,,,,,orkesteriurut,fi,,,,,,,,,,,,,,,,,,,,,,,,,,,,
fmpo:01167,,,,,,pilliurut,fi,,,,,,,,,,,,,,,,,,,,,,,,,,,,
fmpo:01167,,,,,,pipe organ,en,,,,,,,,,,,,,,,,,,,,,,,,,,,,
fmpo:01167,,,,,,pneumaattiset urut,fi,,,,,,,,,,,,,,,,,,,,,,,,,,,,
fmpo:01167,,,,,,sähköpneumaattiset urut,fi,,,,,,,,,,,,,,,,,,,,,,,,,,,,
fmpo:01167,,,,,,,,sahkopneumaattiset urut,,,,,,,,,,,,,,,,,,,,,,,,,,,
fmpo:01168,http://urn.fi/urn:nbn:fi:au:seko:01168,,valiha,valiha,valiha,,,,,http://www.yso.fi/onto/yso/p109166,Madagaskar,,"fmpo:00943, fmpo:00709",sitra|näppäilysoitin,,,http://www.wikidata.org/entity/Q733370,,,,http://www.mimo-db.eu/InstrumentsKeywords/3706,,skos:exactMatch,http://id.loc.gov/authorities/performanceMediums/mp2013015762,,,,,,,,,TARKISTA,Madagaskarilainen sitra.,
fmpo:01168,,,,,,baliha,,,,,,,,,,,,,,,,,,,,,,,,,,,,,
fmpo:01168,,,,,,marovany (putkisitra),fi,,,,,,,,,,,,,,,,,,,,,,,,,,,,
fmpo:01168,,,,,,salegy,,,,,,,,,,,,,,,,,,,,,,,,,,,,,
fmpo:01168,,,,,,valeha,,,,,,,,,,,,,,,,,,,,,,,,,,,,,
fmpo:01168,,,,,,valiha-volo,,,,,,,,,,,,,,,,,,,,,,,,,,,,,
fmpo:01168,,,,,,volo,,,,,,,,,,,,,,,,,,,,,,,,,,,,,
fmpo:01169,http://urn.fi/urn:nbn:fi:au:seko:01169,,valimba,valimba,valimba,,,,,http://www.yso.fi/onto/yso/p184559,Eteläinen Afrikka,,fmpo:00552,ksylofoni,,,http://www.wikidata.org/entity/Q15852398,,,,http://www.mimo-db.eu/InstrumentsKeywords/3092,,skos:closeMatch,http://id.loc.gov/authorities/performanceMediums/mp2013015810,,,,,,,,,TARKISTA,Eteläisen Afrikan alueella käytettävä ksylofoni.,
fmpo:01169,,,,,,bachi,,,,,,,,,,,,,,,,,,,,,,,,,,,,,
fmpo:01169,,,,,,madudu,,,,,,,,,,,,,,,,,,,,,,,,,,,,,
fmpo:01169,,,,,,mambira,,,,,,,,,,,,,,,,,,,,,,,,,,,,,
fmpo:01169,,,,,,marimba (valimba),fi,,,,,,,,,,,,,,,,,,,,,,,,,,,,
fmpo:01169,,,,,,ngambi,,,,,,,,,,,,,,,,,,,,,,,,,,,,,
fmpo:01169,,,,,,ulimba,,,,,,,,,,,,,,,,,,,,,,,,,,,,,
fmpo:01169,,,,,,varimba,,,,,,,,,,,,,,,,,,,,,,,,,,,,,
fmpo:01170,http://urn.fi/urn:nbn:fi:au:seko:01170,,vapaalehdykkäsoitin,fritungeinstrument,free reed aerophone,,,,,,,,fmpo:00817,puupuhallin,,,https://www.wikidata.org/entity/Q399597,,,,http://www.mimo-db.eu/InstrumentsKeywords/6648,,,,,,,,,,,,TARKISTA,,
fmpo:01170,,,,,,Free reed instrument,en,,,,,,,,,,,,,,,,,,,,,,,,,,,,
fmpo:01170,,,,,,genomslående tunga,sv,,,,,,,,,,,,,,,,,,,,,,,,,,,,
fmpo:01170,,,,,,instrument à anche libre,fr,,,,,,,,,,,,,,,,,,,,,,,,,,,,
fmpo:01171,http://urn.fi/urn:nbn:fi:au:seko:01171,,vaskipuhallin,bleckblåsinstrument,brass,,,,,,,,fmpo:00801,puhallinsoitin,,http://www.yso.fi/onto/yso/p8070,http://www.wikidata.org/entity/Q180744,,,,,,,,,,,,,,,,TARKISTA,"Yleisnimitys puhallinsoittimille, jotka on perinteisesti valmistettu messingistä tai muusta vastaavasta metallista.",https://finto.fi/ic/fi/page/48C7352
fmpo:01171,,,,,,torvisoitin,fi,,,,,,,,,,,,,,,,,,,,,,,,,,,,
fmpo:01171,,,,,,,,bleckblasinstrument,,,,,,,,,,,,,,,,,,,,,,,,,,,
fmpo:01172,http://urn.fi/urn:nbn:fi:au:seko:01172,,venttiilipasuuna,ventilbasun,valve trombone,,,,,,,,fmpo:00752,pasuuna,,,http://www.wikidata.org/entity/Q3444092,,,,http://www.mimo-db.eu/InstrumentsKeywords/6337,,,,,,,,,,,,TARKISTA,"Perinteisen vetopasuunan 1820-luvulla kehitetty versio, jossa on samankaltainen venttiilikoneisto kuin trumpetissa.",
fmpo:01173,http://urn.fi/urn:nbn:fi:au:seko:01173,,venäjäntorvi,ryskhorn,Russian horn,,,,,http://www.yso.fi/onto/yso/p94479,Venäjä,,fmpo:01171,vaskipuhallin,,,http://www.wikidata.org/entity/Q4395534,,,,http://www.mimo-db.eu/InstrumentsKeywords/6534,,skos:exactMatch,http://id.loc.gov/authorities/performanceMediums/mp2013015605,,,,,,,,,TARKISTA,,
fmpo:01173,,,,,,Russisches Horn,de,,,,,,,,,,,,,,,,,,,,,,,,,,,,
fmpo:01174,http://urn.fi/urn:nbn:fi:au:seko:01174,,vesirumpu,vattentrumma,water drum,,,,,,,,fmpo:00864,rumpu,,,http://www.wikidata.org/entity/Q2551648,,,,http://www.mimo-db.eu/InstrumentsKeywords/5692,,,,,,,,,,,,TARKISTA,"Yleisnimi lyömäsoittimille, joissa käytetään hyväksi vettä resonoivana elementtinä.",
fmpo:01174,,,,,,Wassertrommel,de,,,,,,,,,,,,,,,,,,,,,,,,,,,,
fmpo:01174,,,,,,water-drum,en,,,,,,,,,,,,,,,,,,,,,,,,,,,,
fmpo:01175,http://urn.fi/urn:nbn:fi:au:seko:01175,,vetotrumpetti,dragtrumpet,slide trumpet,,,,,,,,fmpo:01117,trumpetti,,,http://www.wikidata.org/entity/Q228529,,,,http://www.mimo-db.eu/InstrumentsKeywords/4443,,skos:closeMatch,http://id.loc.gov/authorities/performanceMediums/mp2013015748,,,,,,,,,TARKISTA,"Renessanssin ja barokin ajan luonnonäänitrumpetti, jonka pituutta voitiin säädellä liukuvalla varrella pasuunan tavoin.",
fmpo:01175,,,,,,liukutrumpetti,fi,,,,,,,,,,,,,,,,,,,,,,,,,,,,
fmpo:01175,,,,,,tromba da tirarsi,it,,,,,,,,,,,,,,,,,,,,,,,,,,,,
fmpo:01175,,,,,,trompette à coulisse,fr,,,,,,,,,,,,,,,,,,,,,,,,,,,,
fmpo:01175,,,,,,Zugtrompete,de,,,,,,,,,,,,,,,,,,,,,,,,,,,,
fmpo:01175,,,,,,,,trompette a coulisse,,,,,,,,,,,,,,,,,,,,,,,,,,,
fmpo:01176,http://urn.fi/urn:nbn:fi:au:seko:01176,,vibrafoni,vibrafon,vibraphone,,,,,,,,fmpo:x490,laattasoitin,https://github.com/NatLibFi/SEKO/issues/176,http://www.yso.fi/onto/yso/p3419,http://www.wikidata.org/entity/Q206987,,,,http://www.mimo-db.eu/InstrumentsKeywords/2985,,skos:exactMatch,http://id.loc.gov/authorities/performanceMediums/mp2013015766,,,,,,"2026-07-08 changed skos:broader to seko:x490 according to SEKO issue #176""",,2026-07-08,KESKEN,"Ksylofonista kehitelty moderni marimbasoitin, jossa on kielten alla metalliset putkiresonaattorit ja nykyään usein myös pedaalit.",
fmpo:01176,,,,,,vbs (vibrafoni),fi,,,,,,,,,,,,,,,,,,,,,,,,,,,,
fmpo:01176,,,,,,vib (vibrafoni),fi,,,,,,,,,,,,,,,,,,,,,,,,,,,,
fmpo:01176,,,,,,vibes (vibrafoni),fi,,,,,,,,,,,,,,,,,,,,,,,,,,,,
fmpo:01176,,,,,,vibraharp,sv,,,,,,,,,,,,,,,,,,,,,,,,,,,,
fmpo:01177,http://urn.fi/urn:nbn:fi:au:seko:01177,,vibraslap,vibraslap,vibra-slap,,,,,,,,fmpo:00627,lyömäsoitin,,,http://www.wikidata.org/entity/Q390110,,,,http://www.mimo-db.eu/InstrumentsKeywords/4974,,skos:exactMatch,http://id.loc.gov/authorities/performanceMediums/mp2019015024,,,,,,,,,TARKISTA,Lähinnä populaarimusiikissa käytetty hälylyömäsoitin.,
fmpo:01178,http://urn.fi/urn:nbn:fi:au:seko:01178,,vichitra vīṇā,vichitra vina,vichitra veena,,,,,http://www.yso.fi/onto/yso/p235078,Pohjois-Intia,,fmpo:01182,vina,,,http://www.wikidata.org/entity/Q863302,,,,http://www.mimo-db.eu/InstrumentsKeywords/5463,,skos:exactMatch,http://id.loc.gov/authorities/performanceMediums/mp2013015768,,,,,,,,,TARKISTA,"Pohjoisintialaisessa musiikissa käytetty vina-kielisoitin, jota soitetaan glissando-tekniikalla.",
fmpo:01179,http://urn.fi/urn:nbn:fi:au:seko:01179,,vihellyspilli,visselpipa,whistle,,,,,,,,fmpo:01134,tulppakanavahuilu,https://github.com/NatLibFi/SEKO/issues/161,,MISSING,"MERGE? Same as ""pilli"" seko:00776",,,,,skos:closeMatch,http://id.loc.gov/authorities/performanceMediums/mp2013015798,,,,,,Issue created -MERGE?,,2026-07-05,KESKEN,"Signaalipilli, jota on käytetty myös musiikillisena soittimena.",
fmpo:01179,,,,,,signaalipilli,fi,,,,,,,,,,,,,,,,,,,,,,,,,,,,
fmpo:01179,,,,,,signalling whistle,en,,,,,,,,,,,,,,,,,,,,,,,,,,,,
fmpo:01179,,,,,,signal whistle,en,,,,,,,,,,,,,,,,,,,,,,,,,,,,
fmpo:01180,http://urn.fi/urn:nbn:fi:au:seko:01180,,vihuela,vihuela,vihuela,,,,,,,,fmpo:00709,näppäilysoitin,,,http://www.wikidata.org/entity/Q751884,,,,http://www.mimo-db.eu/InstrumentsKeywords/3252,,skos:exactMatch,http://id.loc.gov/authorities/performanceMediums/mp2013015769,,,,,,,,,TARKISTA,"1400-luvulla viuluperheestä kehittynyt kitaraa muistuttava näppäilysoitin. Usein esiintyvä termi ""vihuela da mano"" tarkoittaa juuri tätä sormin soitettavaa vihuelaa. Kaksi varhaisempaa muotoa olivat jousella soitettava ""vihuela de arco"" ja sulasta tehdyll",
fmpo:01180,,,,,,vihuela comun,,,,,,,,,,,,,,,,,,,,,,,,,,,,,
fmpo:01180,,,,,,vihuela de mano,,,,,,,,,,,,,,,,,,,,,,,,,,,,,
fmpo:01180,,,,,,vihuela de pendola,,,,,,,,,,,,,,,,,,,,,,,,,,,,,
fmpo:01180,,,,,,vihuela de peñola,,,,,,,,,,,,,,,,,,,,,,,,,,,,,
fmpo:01180,,,,,,,,vihuela de penola,,,,,,,,,,,,,,,,,,,,,,,,,,,
fmpo:01181,http://urn.fi/urn:nbn:fi:au:seko:01181,,viittoja,tecknare,signer,,,,,,,,fmpo:01225,esittäjä,,,http://www.wikidata.org/entity/Q116943409,,,,,,skos:exactMatch,http://id.loc.gov/authorities/performanceMediums/mp2013015643,,,,,,,,,TARKISTA,,
fmpo:01182,http://urn.fi/urn:nbn:fi:au:seko:01182,,vina,vina,veena,,,,,http://www.yso.fi/onto/yso/p235077,Etelä-Intia,,fmpo:00709,näppäilysoitin,,,http://www.wikidata.org/entity/Q959769,,,,http://www.mimo-db.eu/InstrumentsKeywords/3708,,skos:exactMatch,http://id.loc.gov/authorities/performanceMediums/mp2013015770,,,,,,,,,TARKISTA,"Eteläintialainen pitkäkaulainen luuttusoitin, eräs keskeisistä perinnemusiikkisoittimista.",
fmpo:01182,,,,,,vînâ,,,,,,,,,,,,,,,,,,,,,,,,,,,,,
fmpo:01182,,,,,,vīnā,,,,,,,,,,,,,,,,,,,,,,,,,,,,,
fmpo:01182,,,,,,wina,,,,,,,,,,,,,,,,,,,,,,,,,,,,,
fmpo:01183,http://urn.fi/urn:nbn:fi:au:seko:01183,,viola d'amore,viola d'amore,viola d'amore,,,,,,,,fmpo:00446,jousisoitin,,http://www.yso.fi/onto/yso/p29957,http://www.wikidata.org/entity/Q742180,,,,http://www.mimo-db.eu/InstrumentsKeywords/3608,,skos:exactMatch,http://id.loc.gov/authorities/performanceMediums/mp2013015773,,,,,,,,,TARKISTA,"1600- ja 1700-luvuilla yleinen alttoviulun kaltainen soitin, joka kuitenkin muistuttaa ulkoisesti enemmän viola da gambaa.",
fmpo:01183,,,,,,armastuse vioola,et,,,,,,,,,,,,,,,,,,,,,,,,,,,,
fmpo:01183,,,,,,lemmenviulu,fi,,,,,,,,,,,,,,,,,,,,,,,,,,,,
fmpo:01183,,,,,,Liebesgeige,de,,,,,,,,,,,,,,,,,,,,,,,,,,,,
fmpo:01183,,,,,,liefdesviool,,,,,,,,,,,,,,,,,,,,,,,,,,,,,
fmpo:01183,,,,,,viol d'amore,,,,,,,,,,,,,,,,,,,,,,,,,,,,,
fmpo:01183,,,,,,viola de amor,,,,,,,,,,,,,,,,,,,,,,,,,,,,,
fmpo:01183,,,,,,viola milostná,,,,,,,,,,,,,,,,,,,,,,,,,,,,,
fmpo:01183,,,,,,viole d'amour,,,,,,,,,,,,,,,,,,,,,,,,,,,,,
fmpo:01183,,,,,,,,viola milostna,,,,,,,,,,,,,,,,,,,,,,,,,,,
fmpo:01184,http://urn.fi/urn:nbn:fi:au:seko:01184,,viola da braccio,viola da braccio,viola da braccio,,,,,,,,fmpo:00446,jousisoitin,,,http://www.wikidata.org/entity/Q570544,,,,,,skos:exactMatch,http://id.loc.gov/authorities/performanceMediums/mp2013015775,,,,,,,,,TARKISTA,Yleisnimi käsivarren päällä soitettaville renessanssin ja barokin ajan jousisoittimille vastakohtana suuremmille reisien välissä pidettäville soittimille.,
fmpo:01184,,,,,,käsivarsiviulu,fi,,,,,,,,,,,,,,,,,,,,,,,,,,,,
fmpo:01185,http://urn.fi/urn:nbn:fi:au:seko:01185,,viola da gamba,viola da gamba,viola da gamba,,,,,,,,fmpo:00446,jousisoitin,,http://www.yso.fi/onto/yso/p18069,http://www.wikidata.org/entity/Q40125,,,,http://www.mimo-db.eu/InstrumentsKeywords/3597,,skos:exactMatch,http://id.loc.gov/authorities/performanceMediums/mp2013015771,,,,,,,,,TARKISTA,"Otenauhallinen yleensä kuusi- tai seitsemänkielinen varsinkin renessanssin ja barokin aikana käytetty jousisoitin, jota valmistettiin eri kokoina. Varsinkin Englannissa eri korkuiset viola da gambat soittivat yhdessä ns. consort-musiikkia.",
fmpo:01185,,,,,,gamba,,,,,,,,,,,,,,,,,,,,,,,,,,,,,
fmpo:01185,,,,,,Gambe,de,,,,,,,,,,,,,,,,,,,,,,,,,,,,
fmpo:01185,,,,,,viol,,,,,,,,,,,,,,,,,,,,,,,,,,,,,
fmpo:01185,,,,,,viola (viola da gamba),fi,,,,,,,,,,,,,,,,,,,,,,,,,,,,
fmpo:01185,,,,,,viole,,,,,,,,,,,,,,,,,,,,,,,,,,,,,
fmpo:01186,http://urn.fi/urn:nbn:fi:au:seko:01186,,viola da spalla,viola da spalla,viola da spalla,,,,,,,,fmpo:00446,jousisoitin,,,http://www.wikidata.org/entity/Q15838637,,,,,,,,,,,,,,,,TARKISTA,"Viuluperheen neli- tai viisikielinen baritonikokoinen jäsen, jota kokonsa takia soitetaan seisten, soitin nahkahihnasta kaulassa riippuen runko horisontaalisessa asennossa.",
fmpo:01186,,,,,,cello da spalla,,,,,,,,,,,,,,,,,,,,,,,,,,,,,
fmpo:01186,,,,,,Fagottegeige,de,,,,,,,,,,,,,,,,,,,,,,,,,,,,
fmpo:01186,,,,,,violoncello da spalla,,,,,,,,,,,,,,,,,,,,,,,,,,,,,
fmpo:01187,http://urn.fi/urn:nbn:fi:au:seko:01187,,viola pomposa,viola pomposa,viola pomposa,,,,,,,,fmpo:00446,jousisoitin,,,http://www.wikidata.org/entity/Q595730,,,,http://www.mimo-db.eu/InstrumentsKeywords/3580,,skos:exactMatch,http://id.loc.gov/authorities/performanceMediums/mp2013015779,,,,,,,,,TARKISTA,"Viuluperheen viisikielinen alttokokoinen jäsen, jonka normaaliviritys on c–g–d'–a'–e'' tai d–g–d'–g'–c''.",
fmpo:01187,,,,,,violino pomposa,,,,,,,,,,,,,,,,,,,,,,,,,,,,,
fmpo:01188,http://urn.fi/urn:nbn:fi:au:seko:01188,,violone,violone,violone,,,,,,,,fmpo:01185,viola da gamba,,http://www.yso.fi/onto/yso/p30104,http://www.wikidata.org/entity/Q667047,,,,http://www.mimo-db.eu/InstrumentsKeywords/3609,,skos:exactMatch,http://id.loc.gov/authorities/performanceMediums/mp2013015785,,,,,,,,,TARKISTA,"Termiä käytetään usein matalaäänisimmästä viola da gambasta, mutta historiallisesti sitä on käytetty myös erilaisista modernin kontrabasson edeltäjistä.",
fmpo:01188,,,,,,kontrabassogamba,fi,,,,,,,,,,,,,,,,,,,,,,,,,,,,
fmpo:01189,http://urn.fi/urn:nbn:fi:au:seko:01189,,violotta,violotta,violotta,,,,,,,,fmpo:00446,jousisoitin,,,http://www.wikidata.org/entity/Q1414954,,,,,,skos:exactMatch,http://id.loc.gov/authorities/performanceMediums/mp2013015786,,,,,,,,,TARKISTA,"Alfred Stelznerin kehittelemä viuluperheen jäsen, jonka normaaliviritys on G–d–a–e'.",
fmpo:01190,http://urn.fi/urn:nbn:fi:au:seko:01190,,virginaali,virginal,virginal,,,,,,,,"fmpo:00943, fmpo:00543",sitra|kosketinsoitin,,http://www.yso.fi/onto/yso/p22044,http://www.wikidata.org/entity/Q922337,,,,http://www.mimo-db.eu/InstrumentsKeywords/2257,,skos:exactMatch,http://id.loc.gov/authorities/performanceMediums/mp2013015787,,,,,,,,,TARKISTA,"Pienikokoinen cembalosoitin, jossa on yksi äänikerta yhdellä sormiolla ja jonka koskettimisto on suorassa kulmassa kieliin ja soittimen pitkään sivuun nähden.",https://finto.fi/ic/fi/page/48C7331
fmpo:01190,,,,,,double virginals,en,,,,,,,,,,,,,,,,,,,,,,,,,,,,
fmpo:01190,,,,,,muselaari,fi,,,,,,,,,,,,,,,,,,,,,,,,,,,,
fmpo:01190,,,,,,muselar,sv,,,,,,,,,,,,,,,,,,,,,,,,,,,,
fmpo:01190,,,,,,oktaavivirginaali,fi,,,,,,,,,,,,,,,,,,,,,,,,,,,,
fmpo:01190,,,,,,ottavino (virginaali),fi,,,,,,,,,,,,,,,,,,,,,,,,,,,,
fmpo:01190,,,,,,spinet virginal,en,,,,,,,,,,,,,,,,,,,,,,,,,,,,
fmpo:01190,,,,,,spinet virginals,en,,,,,,,,,,,,,,,,,,,,,,,,,,,,
fmpo:01190,,,,,,virginal,sv,,,,,,,,,,,,,,,,,,,,,,,,,,,,
fmpo:01190,,,,,,virginals,en,,,,,,,,,,,,,,,,,,,,,,,,,,,,
fmpo:01191,http://urn.fi/urn:nbn:fi:au:seko:01191,,virsikantele,psalmodikon,psalmodikon,,,,,http://www.yso.fi/onto/yso/p94350,Pohjoismaat,,"fmpo:00446, fmpo:00943",jousisoitin|sitra,,http://www.yso.fi/onto/yso/p19300,http://www.wikidata.org/entity/Q3354977,,,,http://www.mimo-db.eu/InstrumentsKeywords/4797,,skos:exactMatch,http://id.loc.gov/authorities/performanceMediums/mp2013015577,,,,,,,,,TARKISTA,"Pohjoismaissa 1800-luvun alkupuolella käyttöön otettu kirkkolaulun tason parantamiseksi kehitetty, jousella soitettava monokordi. Sittemmin soittimen käyttöalue on laajentunut.",
fmpo:01191,,,,,,laulukannel,fi,,,,,,,,,,,,,,,,,,,,,,,,,,,,
fmpo:01191,,,,,,laulupill,et,,,,,,,,,,,,,,,,,,,,,,,,,,,,
fmpo:01191,,,,,,manikarka,,,,,,,,,,,,,,,,,,,,,,,,,,,,,
fmpo:01191,,,,,,moldpill,et,,,,,,,,,,,,,,,,,,,,,,,,,,,,
fmpo:01191,,,,,,salmedunken,,,,,,,,,,,,,,,,,,,,,,,,,,,,,
fmpo:01191,,,,,,salmodikon,,,,,,,,,,,,,,,,,,,,,,,,,,,,,
fmpo:01192,http://urn.fi/urn:nbn:fi:au:seko:01192,,vitar,vitar,vitar,,,,,,,,fmpo:01023,sähköviulu,,,http://www.wikidata.org/entity/Q7936996,,,,,,skos:broadMatch,http://id.loc.gov/authorities/performanceMediums/mp2013015240,,,,,,,,,TARKISTA,"1970-luvulla lehitetty lasikuituinen sähköviulu, jossa on monipuoliset äänensäätömahdollisuudet.",
fmpo:01192,,,,,,Vi-Tar,fi,,,,,,,,,,,,,,,,,,,,,,,,,,,,
fmpo:01192,,,,,,vi-tar,fi,,,,,,,,,,,,,,,,,,,,,,,,,,,,
fmpo:01192,,,,,,vitar electronic violin,en,,,,,,,,,,,,,,,,,,,,,,,,,,,,
fmpo:01193,http://urn.fi/urn:nbn:fi:au:seko:01193,,viulu,violin,violin,,,,,,,,fmpo:00446,jousisoitin,,http://www.yso.fi/onto/yso/p19602,http://www.wikidata.org/entity/Q8355,,,,http://www.mimo-db.eu/InstrumentsKeywords/3573,,skos:exactMatch,http://id.loc.gov/authorities/performanceMediums/mp2013015782,,,,,,,,,TARKISTA,"Länsimainen nelikielinen jousisoitin, viuluperheen sopraanokokoinen jäsen, jonka normaaliviritys on g–d'–a'–e''.",https://finto.fi/ic/fi/page/48C7311
fmpo:01193,,,,,,fiol,sv,,,,,,,,,,,,,,,,,,,,,,,,,,,,
fmpo:01193,,,,,,fiddle,en,,,,,,,,,,,,,,,,,,,,,,,,,,,,
fmpo:01193,,,,,,arrabita,,,,,,,,,,,,,,,,,,,,,,,,,,,,,
fmpo:01193,,,,,,avyiulii,,,,,,,,,,,,,,,,,,,,,,,,,,,,,
fmpo:01193,,,,,,barockviolin,,,,,,,,,,,,,,,,,,,,,,,,,,,,,
fmpo:01193,,,,,,barokkiviulu,fi,,,,,,,,,,,,,,,,,,,,,,,,,,,,
fmpo:01193,,,,,,baroque violin,en,,,,,,,,,,,,,,,,,,,,,,,,,,,,
fmpo:01193,,,,,,biolin,,,,,,,,,,,,,,,,,,,,,,,,,,,,,
fmpo:01193,,,,,,biolina,,,,,,,,,,,,,,,,,,,,,,,,,,,,,
fmpo:01193,,,,,,biyolin,,,,,,,,,,,,,,,,,,,,,,,,,,,,,
fmpo:01193,,,,,,chhiú-khîm,,,,,,,,,,,,,,,,,,,,,,,,,,,,,
fmpo:01193,,,,,,dessus (viulu),fi,,,,,,,,,,,,,,,,,,,,,,,,,,,,
fmpo:01193,,,,,,dessus de violon,,,,,,,,,,,,,,,,,,,,,,,,,,,,,
fmpo:01193,,,,,,feiolín,,,,,,,,,,,,,,,,,,,,,,,,,,,,,
fmpo:01193,,,,,,ffidil,,,,,,,,,,,,,,,,,,,,,,,,,,,,,
fmpo:01193,,,,,,fhìdheall,,,,,,,,,,,,,,,,,,,,,,,,,,,,,
fmpo:01193,,,,,,fiddle (viulu),fi,,,,,,,,,,,,,,,,,,,,,,,,,,,,
fmpo:01193,,,,,,fìdheall,,,,,,,,,,,,,,,,,,,,,,,,,,,,,
fmpo:01193,,,,,,fidicula,,,,,,,,,,,,,,,,,,,,,,,,,,,,,
fmpo:01193,,,,,,Geige,de,,,,,,,,,,,,,,,,,,,,,,,,,,,,
fmpo:01193,,,,,,Giige,de,,,,,,,,,,,,,,,,,,,,,,,,,,,,
fmpo:01193,,,,,,Violine,de,,,,,,,,,,,,,,,,,,,,,,,,,,,,
fmpo:01193,,,,,,Fiedel,de,,,,,,,,,,,,,,,,,,,,,,,,,,,,
fmpo:01193,,,,,,housle,,,,,,,,,,,,,,,,,,,,,,,,,,,,,
fmpo:01193,,,,,,keman,,,,,,,,,,,,,,,,,,,,,,,,,,,,,
fmpo:01193,,,,,,Renaissance violin,en,,,,,,,,,,,,,,,,,,,,,,,,,,,,
fmpo:01193,,,,,,renessanssiviulu,fi,,,,,,,,,,,,,,,,,,,,,,,,,,,,
fmpo:01193,,,,,,skripītis,,,,,,,,,,,,,,,,,,,,,,,,,,,,,
fmpo:01193,,,,,,skripka,,,,,,,,,,,,,,,,,,,,,,,,,,,,,
fmpo:01193,,,,,,skrzëpice,,,,,,,,,,,,,,,,,,,,,,,,,,,,,
fmpo:01193,,,,,,smuikas,,,,,,,,,,,,,,,,,,,,,,,,,,,,,
fmpo:01193,,,,,,sopraanoviulu,fi,,,,,,,,,,,,,,,,,,,,,,,,,,,,
fmpo:01193,,,,,,v (viulu),fi,,,,,,,,,,,,,,,,,,,,,,,,,,,,
fmpo:01193,,,,,,veidhlín,,,,,,,,,,,,,,,,,,,,,,,,,,,,,
fmpo:01193,,,,,,vigulín,,,,,,,,,,,,,,,,,,,,,,,,,,,,,
fmpo:01193,,,,,,viiul,,,,,,,,,,,,,,,,,,,,,,,,,,,,,
fmpo:01193,,,,,,vijole,,,,,,,,,,,,,,,,,,,,,,,,,,,,,
fmpo:01193,,,,,,violí,,,,,,,,,,,,,,,,,,,,,,,,,,,,,
fmpo:01193,,,,,,violetta,it,,,,,,,,,,,,,,,,,,,,,,,,,,,,
fmpo:01193,,,,,,violina,sv,,,,,,,,,,,,,,,,,,,,,,,,,,,,
fmpo:01193,,,,,,violino,sv,,,,,,,,,,,,,,,,,,,,,,,,,,,,
fmpo:01193,,,,,,violon,fr,,,,,,,,,,,,,,,,,,,,,,,,,,,,
fmpo:01193,,,,,,violono,sv,,,,,,,,,,,,,,,,,,,,,,,,,,,,
fmpo:01193,,,,,,viool,et,,,,,,,,,,,,,,,,,,,,,,,,,,,,
fmpo:01193,,,,,,vl (viulu),fi,,,,,,,,,,,,,,,,,,,,,,,,,,,,
fmpo:01193,,,,,,vn (viulu),fi,,,,,,,,,,,,,,,,,,,,,,,,,,,,
fmpo:01193,,,,,,Wioliine,de,,,,,,,,,,,,,,,,,,,,,,,,,,,,
fmpo:01193,,,,,,xirribita,,,,,,,,,,,,,,,,,,,,,,,,,,,,,
fmpo:01193,,,,,,,,chhiu-khim,,,,,,,,,,,,,,,,,,,,,,,,,,,
fmpo:01193,,,,,,,,feiolin,,,,,,,,,,,,,,,,,,,,,,,,,,,
fmpo:01193,,,,,,,,fhidheall,,,,,,,,,,,,,,,,,,,,,,,,,,,
fmpo:01193,,,,,,,,fidheall,,,,,,,,,,,,,,,,,,,,,,,,,,,
fmpo:01193,,,,,,,,skripitis,,,,,,,,,,,,,,,,,,,,,,,,,,,
fmpo:01193,,,,,,,,skrzepice,,,,,,,,,,,,,,,,,,,,,,,,,,,
fmpo:01193,,,,,,,,veidhlin,,,,,,,,,,,,,,,,,,,,,,,,,,,
fmpo:01193,,,,,,,,vigulin,,,,,,,,,,,,,,,,,,,,,,,,,,,
fmpo:01193,,,,,,,,violi,,,,,,,,,,,,,,,,,,,,,,,,,,,
fmpo:01194,http://urn.fi/urn:nbn:fi:au:seko:01194,,vokooderi,vocoder,vocoder,,,,,,,,fmpo:00864,rumpu,,,https://www.wikidata.org/entity/Q908562,,,,http://www.mimo-db.eu/InstrumentsKeywords/4977,,,,,,,,,,,,TARKISTA,"Elektroninen laite, jonka avulla ihmisääntä voidaan muokata sähköisesti. Laitetta on käytetty lähinnä populaarimusiikissa.",
fmpo:01195,http://urn.fi/urn:nbn:fi:au:seko:01195,,voice flute,voice flute,voice flute,,,,,,,,fmpo:00704,nokkahuilu,,,http://www.wikidata.org/entity/Q21010835,,,,,,skos:closeMatch,http://id.loc.gov/authorities/performanceMediums/mp2013015722,,,,,,,,,TARKISTA,"Altto-/tenorikokoinen nokkahuilu, jonka ääniala alkaa d':stä.",
fmpo:01195,,,,,,flauto di voce,,,,,,,,,,,,,,,,,,,,,,,,,,,,,
fmpo:01195,,,,,,flûte de voix,fr,,,,,,,,,,,,,,,,,,,,,,,,,,,,
fmpo:01195,,,,,,,,flute de voix,,,,,,,,,,,,,,,,,,,,,,,,,,,
fmpo:01196,http://urn.fi/urn:nbn:fi:au:seko:01196,,wagnertuuba,wagnertuba,Wagner tuba,,,,,,,,fmpo:01171,vaskipuhallin,,,https://www.wikidata.org/entity/Q902984,,,,http://www.mimo-db.eu/InstrumentsKeywords/4468,,skos:exactMatch,https://id.loc.gov/authorities/performanceMediums/mp2017015023,,,,,,,,,TARKISTA,Richard Wagnerin musiikkia varten rakennettu matalaääninen vaskipuhallinsoitin.,
fmpo:01196,,,,,,Bayreuth tuba,en,,,,,,,,,,,,,,,,,,,,,,,,,,,,
fmpo:01196,,,,,,Tenortuba,de,,,,,,,,,,,,,,,,,,,,,,,,,,,,
fmpo:01196,,,,,,Tenortube,de,,,,,,,,,,,,,,,,,,,,,,,,,,,,
fmpo:01196,,,,,,Wagner horn,en,,,,,,,,,,,,,,,,,,,,,,,,,,,,
fmpo:01196,,,,,,Wagner-tuuba,fi,,,,,,,,,,,,,,,,,,,,,,,,,,,,
fmpo:01196,,,,,,Wagnertube,de,,,,,,,,,,,,,,,,,,,,,,,,,,,,
fmpo:01196,,,,,,Waldhorntuba,de,,,,,,,,,,,,,,,,,,,,,,,,,,,,
fmpo:01197,http://urn.fi/urn:nbn:fi:au:seko:01197,,wagon,wagon,yamatogoto,,,,,http://www.yso.fi/onto/yso/p105023,Japani,,fmpo:00943,sitra,,,http://www.wikidata.org/entity/Q3571466,,,,http://www.mimo-db.eu/InstrumentsKeywords/3710,,,,,,,,,,,,TARKISTA,Japanilainen kuusikielinen sitra.,
fmpo:01197,,,,,,azumagoto,,,,,,,,,,,,,,,,,,,,,,,,,,,,,
fmpo:01197,,,,,,waggon,,,,,,,,,,,,,,,,,,,,,,,,,,,,,
fmpo:01197,,,,,,yamato-goto,,,,,,,,,,,,,,,,,,,,,,,,,,,,,
fmpo:01198,http://urn.fi/urn:nbn:fi:au:seko:01198,,wankara,wankara,wankara,,,,,http://www.yso.fi/onto/yso/p108647,Bolivia,,fmpo:00864,rumpu,,,http://www.wikidata.org/entity/Q3566151,,,,http://www.mimo-db.eu/InstrumentsKeywords/2794,,,,,,,,,,,,TARKISTA,Bolivialainen kaksikalvoinen rumpu.,
fmpo:01199,http://urn.fi/urn:nbn:fi:au:seko:01199,,waterphone,waterphone,waterphone,,,,,http://www.yso.fi/onto/yso/p105078,Yhdysvallat,,fmpo:00627,lyömäsoitin,,,http://www.wikidata.org/entity/Q1471374,,,,,,skos:exactMatch,http://id.loc.gov/authorities/performanceMediums/mp2013015797,,,,,,,,,TARKISTA,"Akustinen soitin, joka muodostuu metallisesta, vettä sisältävästä kaikukopasta ja pronssisista kielistä. Sitä soitetaan hankaamalla kieliä jousella tai rummuttamalla runkoa käsin. Veden liikuttelu kaikukopan sisällä muuttaa sointia. Waterphonen on kehittänyt yhdysvaltalainen Richard Waters.",
fmpo:01199,,,,,,aquasonic waterphone,en,,,,,,,,,,,,,,,,,,,,,,,,,,,,
fmpo:01199,,,,,,ocean harp,en,,,,,,,,,,,,,,,,,,,,,,,,,,,,
fmpo:01200,http://urn.fi/urn:nbn:fi:au:seko:01200,,wīlwīl'tĕlhuku'p,wilwil'telhuku'p,wilwil'telhuku'p,,,,,http://www.yso.fi/onto/yso/p105078,Yhdysvallat,,fmpo:01134,tulppakanavahuilu,,,http://www.wikidata.org/entity/Q116944539,,,,,,,,,,,,,,,,TARKISTA,Kalifornian ja Arizonan alueilla elävien intiaanien päästäpuhallettava huilu.,
fmpo:01200,,,,,,wilwil'telhuku'p,,,,,,,,,,,,,,,,,,,,,,,,,,,,,
fmpo:01201,http://urn.fi/urn:nbn:fi:au:seko:01201,,xul,xul,xul,,,,,http://www.yso.fi/onto/yso/p105490,Guatemala,,fmpo:01134,tulppakanavahuilu,https://github.com/NatLibFi/SEKO/issues/72,,https://www.wikidata.org/wiki/Q140373594,, 421.221.12,,,,,,,,,,,Added Wikidata link and H&S classification,,2026-06-28,valid,Guatemalan maya-intiaanien ruokohuilu.,
fmpo:01201,,,,,,ah xul,en,,,,,,,,,,,,,,,,,,,,,,,,,,,,
fmpo:01201,,,,,,pito,es,,,,,,,,,,,,,,,,,,,,,,,,,,,,
fmpo:01201,,,,,,tzijolaj,en,,,,,,,,,,,,,,,,,,,,,,,,,,,,
fmpo:01201,,,,,,zu,en,,,,,,,,,,,,,,,,,,,,,,,,,,,,
fmpo:01202,http://urn.fi/urn:nbn:fi:au:seko:01202,,yak,yak,yak,,,,,http://www.yso.fi/onto/yso/p109302,Korea,,fmpo:00082,bambuhuilu,,,http://www.wikidata.org/entity/Q44192898,,,,,,,,,,,,,,,,TARKISTA,Korealainen bambuhuilu.,
fmpo:01203,http://urn.fi/urn:nbn:fi:au:seko:01203,,yangqin,yangqin,yangqin,,,,,http://www.yso.fi/onto/yso/p104984,Kiina,,fmpo:00303,dulcimer,https://github.com/NatLibFi/SEKO/issues/71,,http://www.wikidata.org/entity/Q877239,,,,http://www.mimo-db.eu/InstrumentsKeywords/3713,,skos:exactMatch,http://id.loc.gov/authorities/performanceMediums/mp2013015813,,,seko:00854|seko:01204|seko:00497,,,"change fi-prefLable, added altlabels; added skos:related; addedmapping, to LCMPT, Wikidata",,2026-06-28,valid,Kiinalainen dulcimer.,
fmpo:01203,,,,,,perhosharppu,fi,,,,,,,,,,,,,,,,,,,,,,,,,,,,
fmpo:01203,,,,,,yang ch'in,fi,,,,,,,,,,,,,,,,,,,,,,,,,,,,
fmpo:01203,,,,,,yang qin,en,,,,,,,,,,,,,,,,,,,,,,,,,,,,
fmpo:01204,http://urn.fi/urn:nbn:fi:au:seko:01204,,yanggūm,yanggeum,yanggeum,,,,,http://www.yso.fi/onto/yso/p109302,Korea,,fmpo:00303,dulcimer,,,http://www.wikidata.org/entity/Q16256860,,,,http://www.mimo-db.eu/InstrumentsKeywords/3712,,skos:exactMatch,http://id.loc.gov/authorities/performanceMediums/mp2013015814,,,,,,,,,TARKISTA,Korealainen dulcimer.,
fmpo:01204,,,,,,yanggum,,,,,,,,,,,,,,,,,,,,,,,,,,,,,
fmpo:01205,http://urn.fi/urn:nbn:fi:au:seko:01205,,yatga,yatga,yatga,,,,,http://www.yso.fi/onto/yso/p105251,Mongolia,,fmpo:00943,sitra,,,http://www.wikidata.org/entity/Q2599780,,,,,,skos:exactMatch,http://id.loc.gov/authorities/performanceMediums/mp2013015816,,,,,,,,,TARKISTA,Mongolialainen näppäiltävä sitra.,
fmpo:01205,,,,,,yat-kha,,,,,,,,,,,,,,,,,,,,,,,,,,,,,
fmpo:01205,,,,,,yatag,,,,,,,,,,,,,,,,,,,,,,,,,,,,,
fmpo:01205,,,,,,yataga,,,,,,,,,,,,,,,,,,,,,,,,,,,,,
fmpo:01206,http://urn.fi/urn:nbn:fi:au:seko:01206,,yazheng,yazheng,yazheng,,,,,http://www.yso.fi/onto/yso/p104984,Kiina,,fmpo:00446,jousisoitin,,,http://www.wikidata.org/entity/Q8050609,,,,http://www.mimo-db.eu/InstrumentsKeywords/4988,,,,,,,,,,,,TARKISTA,Kiinalainen jousisitra.,
fmpo:01206,,,,,,ya cheng,,,,,,,,,,,,,,,,,,,,,,,,,,,,,
fmpo:01206,,,,,,ya zheng,,,,,,,,,,,,,,,,,,,,,,,,,,,,,
fmpo:01207,http://urn.fi/urn:nbn:fi:au:seko:01207,,yehu,yehu,yehu,,,,,http://www.yso.fi/onto/yso/p104984,Kiina,,fmpo:00446,jousisoitin,,,http://www.wikidata.org/entity/Q4272647,,,,http://www.mimo-db.eu/InstrumentsKeywords/3222,,,,,,,,,,,,TARKISTA,Kiinalainen kaksikielinen jousisoitin.,
fmpo:01207,,,,,,jehu,fi,,,,,,,,,,,,,,,,,,,,,,,,,,,,
fmpo:01207,,,,,,kookospähkinäviulu,fi,,,,,,,,,,,,,,,,,,,,,,,,,,,,
fmpo:01207,,,,,,,,kookospahkinaviulu,,,,,,,,,,,,,,,,,,,,,,,,,,,
fmpo:01208,http://urn.fi/urn:nbn:fi:au:seko:01208,,yhtye,musikgrupp,ensemble,,,,,,,,fmpo:00326,esittäjäryhmä,,http://www.yso.fi/onto/yso/p5072,http://www.wikidata.org/entity/Q215380,,,,,,skos:exactMatch,http://id.loc.gov/authorities/performanceMediums/mp2013015252,,,,,,,,,TARKISTA,Nimitys 2-9 hengen suuruiselle soitin- tai laulukokoonpanolle.,https://finto.fi/ic/fi/page/48C7532
fmpo:01209,http://urn.fi/urn:nbn:fi:au:seko:01209,,yleisö,publik,audience,,,,,,,,fmpo:00326,esittäjäryhmä,,http://www.yso.fi/onto/yso/p4280,http://www.wikidata.org/entity/Q211198,,,,,,skos:exactMatch,http://id.loc.gov/authorities/performanceMediums/mp2013015033,,,,,,,,,TARKISTA,,
fmpo:01210,http://urn.fi/urn:nbn:fi:au:seko:01210,,yoochin,yoochin,yoochin,,,,,http://www.yso.fi/onto/yso/p105251,Mongolia,,fmpo:00943,sitra,,,http://www.wikidata.org/entity/Q44617887,,,,,,skos:exactMatch,http://id.loc.gov/authorities/performanceMediums/mp2013015817,,,,,,,,,TARKISTA,Mongolialainen pöytäsitra.,
fmpo:01211,http://urn.fi/urn:nbn:fi:au:seko:01211,,yueqin,yueqin,yueqin,,,,,http://www.yso.fi/onto/yso/p104984,Kiina,,fmpo:00709,näppäilysoitin,https://github.com/NatLibFi/SEKO/issues/158,,http://www.wikidata.org/entity/Q1370147,,,,http://www.mimo-db.eu/InstrumentsKeywords/3482,,skos:exactMatch,http://id.loc.gov/authorities/performanceMediums/mp2013015818,,,,,,ISSUE created  - MERGE?,,2026-07-05,KESKEN,Kiinalainen lyhytkaulainen luuttusoitin.,
fmpo:01211,,,,,,gekkin,en,,,,,,,,,,,,,,,,,,,,,,,,,,,,
fmpo:01211,,,,,,kuuluuttu,fi,,,,,,,,,,,,,,,,,,,,,,,,,,,,
fmpo:01211,,,,,,kuumandoliini,fi,,,,,,,,,,,,,,,,,,,,,,,,,,,,
fmpo:01211,,,,,,la-ch‘in,en,,,,,,,,,,,,,,,,,,,,,,,,,,,,
fmpo:01211,,,,,,moon lute,en,,,,,,,,,,,,,,,,,,,,,,,,,,,,
fmpo:01211,,,,,,moon zither,en,,,,,,,,,,,,,,,,,,,,,,,,,,,,
fmpo:01211,,,,,,wolgeum,en,,,,,,,,,,,,,,,,,,,,,,,,,,,,
fmpo:01211,,,,,,yue qin,en,,,,,,,,,,,,,,,,,,,,,,,,,,,,
fmpo:01211,,,,,,yüeh-ch‘in,en,,,,,,,,,,,,,,,,,,,,,,,,,,,,
fmpo:01212,http://urn.fi/urn:nbn:fi:au:seko:01212,,yüeh ch'in van,PUUTTUU,PUUTTUU,,,,,http://www.yso.fi/onto/yso/p104984,Kiina,,fmpo:00709,näppäilysoitin,https://github.com/NatLibFi/SEKO/issues/158,,MISSING,"MERGE? Same as ""yuengin""?",,,,,,,,,,,,ISSUE created  - MERGE?,,2026-07-05,KESKEN,Kiinalainen lyhytkaulainen luuttusoitin.,
fmpo:01212,,,,,,kuukitara,fi,,,,,,,,,,,,,,,,,,,,,,,,,,,,
fmpo:01212,,,,,,moon guitar,en,,,,,,,,,,,,,,,,,,,,,,,,,,,,
fmpo:01212,,,,,,yueh ch'in van,,,,,,,,,,,,,,,,,,,,,,,,,,,,,
fmpo:01213,http://urn.fi/urn:nbn:fi:au:seko:01213,,zacapa,PUUTTUU,PUUTTUU,,,,,http://www.yso.fi/onto/yso/p105005,Latinalainen Amerikka,,fmpo:00627,lyömäsoitin,https://github.com/NatLibFi/SEKO/issues/159,,MISSING,See: Encyclopedia of Percussion By John H. Beck     ,,,,,,,https://books.google.fi/books?id=8U83AgAAQBAJ&pg=PA113&lpg=PA113&dq=%22zacapa%22+latin+american+indian+music&source=bl&ots=ShnqqBCkXV&sig=ACfU3U0o7w2JPS7eqM6ycuVIeq9ac-89jQ&hl=en&sa=X&ved=2ahUKEwj5pu6QqrT9AhWSnosKHabkAf4Q6AF6BQiKARAD#v=onepage&q=%22zacapa%22%20latin%20american%20indian%20music&f=false,,,,,ISSUE created,,2026-07-05,KESKEN,Latinalaisen Amerikan intiaanimusiikissa käytettävä lyömäsoitin (idiofoni).,
fmpo:01214,http://urn.fi/urn:nbn:fi:au:seko:01214,,žaleika,PUUTTUU,PUUTTUU,,,,,"http://www.yso.fi/onto/yso/p94479,http://www.yso.fi/onto/yso/p122768",Venäjä|Valko-Venäjä,,fmpo:00513,klarinettisoitin,https://github.com/NatLibFi/SEKO/issues/160,,MISSING,"MERGE? Is this different from the Polish  ""piszczałka""  seko:00781",,,,,,,,,,,,ISSUE created,,2026-07-05,KESKEN,Venäläinen ja valkovenäläinen klarinettityyppinen puhallinsoitin.,
fmpo:01214,,,,,,jaleika,,,,,,,,,,,,,,,,,,,,,,,,,,,,,
fmpo:01214,,,,,,zaleika,fi,,,,,,,,,,,,,,,,,,,,,,,,,,,,
fmpo:01215,http://urn.fi/urn:nbn:fi:au:seko:01215,,zampogna,zampogna,zampogna,,,,,http://www.yso.fi/onto/yso/p105111,Italia,,fmpo:01024,säkkipilli,,,http://www.wikidata.org/entity/Q145971,,,,http://www.mimo-db.eu/InstrumentsKeywords/3783,,skos:closeMatch,http://id.loc.gov/authorities/performanceMediums/mp2013015039,,,,,,,,,TARKISTA,Italialainen säkkipilli.,
fmpo:01216,http://urn.fi/urn:nbn:fi:au:seko:01216,,zampoña,zampona,zampona,,,,,http://www.yso.fi/onto/yso/p105005,Latinalainen Amerikka,,fmpo:00749,panhuilu,https://github.com/NatLibFi/SEKO/issues/165,https://github.com/NatLibFi/SEKO/issues/165,MISSING,"MERGE? Same as ""Siku""?",,,http://www.mimo-db.eu/InstrumentsKeywords/4636,,skos:closeMatch,http://id.loc.gov/authorities/performanceMediums/mp2013015644,,,,,,,,,KESKEN,Latinalaisen Amerikan intiaanimusiikissa käytettävä panhuilu.,
fmpo:01216,,,,,,zampona,fi,,,,,,,,,,,,,,,,,,,,,,,,,,,,
fmpo:01217,http://urn.fi/urn:nbn:fi:au:seko:01217,,zaqq,zaqq,zaqq,,,,,http://www.yso.fi/onto/yso/p105323,Malta,,fmpo:01024,säkkipilli,,,http://www.wikidata.org/entity/Q393004,,,,,,skos:closeMatch,http://id.loc.gov/authorities/performanceMediums/mp2013015039,,,,,,,,,TARKISTA,Maltalainen säkkipilli.,
fmpo:01218,http://urn.fi/urn:nbn:fi:au:seko:01218,,zeze,zeze,zeze,,,,,"http://www.yso.fi/onto/yso/p105850,http://www.yso.fi/onto/yso/p108333",Zaire|Kongo,,fmpo:00943,sitra,,,http://www.wikidata.org/entity/Q8069980,,,,http://www.mimo-db.eu/InstrumentsKeywords/3721,,,,,,,,,,,,TARKISTA,Zairelainen (kongolainen) sitrasoitin.,
fmpo:01219,http://urn.fi/urn:nbn:fi:au:seko:01219,,sormisymbaalit,fingersymbaler,finger cymbals,,,,,http://www.yso.fi/onto/yso/p105573,Turkki,,fmpo:00585,lautanen,https://github.com/NatLibFi/SEKO/issues/169,,http://www.wikidata.org/entity/Q203449,,111.142 ,,http://www.mimo-db.eu/InstrumentsKeywords/2492,,skos:exactMatch,http://id.loc.gov/authorities/performanceMediums/mp2013015263,,,,,,"""2026-07-05 Updated labels and mappings"", ""2025-04-24 MUUSA decsion listed in seko-issues:169""",,2026-07-05,KESKEN,Turkkilaiset lautaset.,
fmpo:01219,,,,,,zil,en,,,,,,,,,,,,,,,,,,,,,,,,,,,,
fmpo:01219,,,,,,zil,fi,,,,,,,,,,,,,,,,,,,,,,,,,,,,
fmpo:01219,,,,,,sormilautaset,fi,,,,,,,,,,,,,,,,,,,,,,,,,,,,
fmpo:01219,,,,,,anglesnaps,en,,,,,,,,,,,,,,,,,,,,,,,,,,,,
fmpo:01219,,,,,,sagat,en,,,,,,,,,,,,,,,,,,,,,,,,,,,,
fmpo:01219,,,,,,zagat,en,,,,,,,,,,,,,,,,,,,,,,,,,,,,
fmpo:01219,,,,,,zilia,en,,,,,,,,,,,,,,,,,,,,,,,,,,,,
fmpo:01219,,,,,,zill ,en,,,,,,,,,,,,,,,,,,,,,,,,,,,,
fmpo:01219,,,,,,zillia,en,,,,,,,,,,,,,,,,,,,,,,,,,,,,
fmpo:01220,http://urn.fi/urn:nbn:fi:au:seko:01220,,zurla,PUUTTUU,PUUTTUU,,,,,"http://www.yso.fi/onto/yso/p107592,http://www.yso.fi/onto/yso/p107596,http://www.yso.fi/onto/yso/p209155",Serbia|Pohjois-Makedonia|Makedonia (Kreikka),,fmpo:00715,oboesoitin,https://github.com/NatLibFi/SEKO/issues/123,,MISSING,"MERGE? Wikidatassa says it is same as ""zurna""",,,http://www.mimo-db.eu/InstrumentsKeywords/4978,,skos:closeMatch,http://id.loc.gov/authorities/performanceMediums/mp2013015829,,,,,,issue created - merge??,,2026-07-04,KESKEN,Makedoniassa ja Etelä-Serbiassa käytettävä oboesoitin.,
fmpo:01221,http://urn.fi/urn:nbn:fi:au:seko:01221,,zūrnā,zurna,zurna,,,,,"http://www.yso.fi/onto/yso/p105026,http://www.yso.fi/onto/yso/p105573,http://www.yso.fi/onto/yso/p105528",Balkanin niemimaa|Turkk|Arabian niemimaa|Aasia,,fmpo:00715,oboesoitin,https://github.com/NatLibFi/SEKO/issues/123,,http://www.wikidata.org/entity/Q230471,"MERGE? Is this the sam  as ""surle""?",,,http://www.mimo-db.eu/InstrumentsKeywords/4291,,skos:closeMatch,http://id.loc.gov/authorities/performanceMediums/mp2013015829,,,,,,issue created - merge??,,2026-07-04,KESKEN,"Balkanilla, Turkissa, arabimaailmassa ja Aasiassa käytettävä kansanomainen oboesoitin.",
fmpo:01221,,,,,,Curla,,,,,,,,,,,,,,,,,,,,,,,,,,,,,
fmpo:01221,,,,,,surnai,,,,,,,,,,,,,,,,,,,,,,,,,,,,,
fmpo:01221,,,,,,surnay,,,,,,,,,,,,,,,,,,,,,,,,,,,,,
fmpo:01221,,,,,,zamour,,,,,,,,,,,,,,,,,,,,,,,,,,,,,
fmpo:01221,,,,,,zamr,,,,,,,,,,,,,,,,,,,,,,,,,,,,,
fmpo:01221,,,,,,zokra,,,,,,,,,,,,,,,,,,,,,,,,,,,,,
fmpo:01221,,,,,,zorna,,,,,,,,,,,,,,,,,,,,,,,,,,,,,
fmpo:01221,,,,,,zorna,,,,,,,,,,,,,,,,,,,,,,,,,,,,,
fmpo:01221,,,,,,zourna,,,,,,,,,,,,,,,,,,,,,,,,,,,,,
fmpo:01221,,,,,,zurla,,,,,,,,,,,,,,,,,,,,,,,,,,,,,
fmpo:01221,,,,,,zurna,fi,,,,,,,,,,,,,,,,,,,,,,,,,,,,
fmpo:01221,,,,,,zūrnā,,,,,,,,,,,,,,,,,,,,,,,,,,,,,
fmpo:01222,http://urn.fi/urn:nbn:fi:au:seko:01222,,zurnas,PUUTTUU,PUUTTUU,,,,,http://www.yso.fi/onto/yso/p105037,Kreikka,,fmpo:00715,oboesoitin,https://github.com/NatLibFi/SEKO/issues/123,,MISSING,"Is this only ""zurna"" plural form?",,,,,skos:closeMatch,http://id.loc.gov/authorities/performanceMediums/mp2013015829,,,,,,,,,KESKEN,Kreikkalainen oboesoitin.,
fmpo:01222,,,,,,zournas,,,,,,,,,,,,,,,,,,,,,,,,,,,,,
fmpo:01223,http://urn.fi/urn:nbn:fi:au:seko:01223,,ääni,röst,voice,,,,,,,,fmpo:01225,esittäjä,https://github.com/NatLibFi/SEKO/issues/162,http://www.yso.fi/onto/yso/p4573,http://www.wikidata.org/entity/Q7390,,,,,,skos:closeMatch,http://id.loc.gov/authorities/performanceMediums/mp2013015545,,,,,,,,,KESKEN,Täsmentämätön laulu- tai soitinääni.,
fmpo:01223,,,,,,Stimme,de,,,,,,,,,,,,,,,,,,,,,,,,,,,,
fmpo:01224,http://urn.fi/urn:nbn:fi:au:seko:01224,,ääninauha,ljudband,pre-recorded audio,,,,,,,,fmpo:01021,sähkösoitin,https://github.com/NatLibFi/SEKO/issues/163,http://www.yso.fi/onto/yso/p9430,http://www.wikidata.org/entity/Q100999414,"""2026-07-05 issue created""",,,,,skos:closeMatch,http://id.loc.gov/authorities/performanceMediums/mp2013015248,,,,,,"""2026-07-14 Changed LCMPT mapping to exactMatch pre-recorded audio; added Wikidata mapping""",,2026-07-05,KESKEN,,
fmpo:01224,,,,,,audiotape,en,,,,,,,,,,,,,,,,,,,,,,,,,,,,
fmpo:01224,,,,,,phono tape,en,,,,,,,,,,,,,,,,,,,,,,,,,,,,
fmpo:01224,,,,,,tape (electronics),en,,,,,,,,,,,,,,,,,,,,,,,,,,,,
fmpo:01224,,,,,,recorded audio,en,,,,,,,,,,,,,,,,,,,,,,,,,,,,
fmpo:01224,,,,,,recorded sound,en,,,,,,,,,,,,,,,,,,,,,,,,,,,,
fmpo:01225,http://urn.fi/urn:nbn:fi:au:seko:01225,,esittäjä,framförare,performer,,,,,,,,fmpo:MediumOfPerformance,Esiintymiskokoonpano,https://github.com/NatLibFi/SEKO/issues/174,http://www.yso.fi/onto/yso/p1289,http://www.wikidata.org/entity/Q713200,,,,,,skos:exactMatch,http://id.loc.gov/authorities/performanceMediums/mp2013015545,,,,,,"""2026-07-07 Changed this to topOconcept"",""2026-07-26 changed skos:broader to a new top Concept skos:MediumOfPerformance""",,2026-07-07,KESKEN,,
fmpo:01226,http://urn.fi/urn:nbn:fi:au:seko:01226,,handpan,handpan,hang drum,,,,,,,,fmpo:00864,rumpu,https://github.com/NatLibFi/SEKO/issues/120,,http://www.wikidata.org/entity/Q5647544,"See: seko:00984. AltLabel ""hang"" see: Wikidata ""Hang-soitin""",,,,,skos:closeMatch,http://id.loc.gov/authorities/performanceMediums/mp2013015675,http://www.wikidata.org/entity/Q835877,,,,,issue created; compare to handpan and hang; add mappings,,2026-07-04,KESKEN,,
fmpo:01226,,,,,,cupola,en,,,,,,,,,,,,,,,,,,,,,,,,,,,,
fmpo:01226,,,,,,free integral hang,en,,,,,,,,,,,,,,,,,,,,,,,,,,,,
fmpo:01226,,,,,,halo,,,,,,,,,,,,,,,,,,,,,,,,,,,,,
fmpo:01226,,,,,,hang,,,,,,,,,,,,,,,,,,,,,,,,,,,,,
fmpo:01226,,,,,,integral hang,en,,,,,,,,,,,,,,,,,,,,,,,,,,,,
fmpo:01226,,,,,,kupola,,,,,,,,,,,,,,,,,,,,,,,,,,,,,
fmpo:01226,,,,,,low hang,en,,,,,,,,,,,,,,,,,,,,,,,,,,,,
fmpo:01226,,,,,,Rammerdrum,de,,,,,,,,,,,,,,,,,,,,,,,,,,,,
fmpo:01227,http://urn.fi/urn:nbn:fi:au:seko:01227,,omniwerk,omniwerk,omniwerk,,,,,"http://www.yso.fi/onto/yso/p94426, http://www.yso.fi/onto/yso/p107480","Suomi, Tšekki",,"fmpo:00444,fmpo:00623","jousiklaveri, luuttucembalo",https://github.com/NatLibFi/SEKO/issues/164,,http://www.wikidata.org/entity/Q140547376,"""2026-07-14 Added mapping to Wikidata; broader to  seko:00623, a definition, a scopeNote, and seeAlso to RPI article as to [seko-issues:164]""@en",,,,,skos:broadMatch,http://id.loc.gov/authorities/performanceMediums/mp2013015382,"https://english.radio.cz/harpsichord-maker-jukka-ollika-making-omniwerk-inspired-leonardo-da-vinci-8803485, https://akirissanen.com/omniwerk/",,,"""A two-manual keyboard instrument combining a plucked lute-harpsichord and a bowed clavier.""@en , ""A combination of lauternwerk (a baroque era keyboard lute) and a geigenwerk (viola organista)""@en, ""Kahden historiallisen soittimen yhdistelmä: Geigenwerk (Viola Organista) ja Lautenwerk (barokin ajan kosketinluuttu)""@fi","""Built by Jonte Knif and Jukka Ollikka, commissioned by Lauri Porra; combines a geigenwerk (bowed) and lautenwerk (plucked) mechanism sharing one string set.""@en","""2026-07-14 Added broader, mapping to wikidata, definition, scopeNote and sseAlso links""@en",,2026-07-14,submitted,"Kaksisormioinen kosketinsoitin, jossa on yhdistetty cembalo ja jousiklaveeri.",
fmpo:01227,,,,,,lute-violin keyboard,en,,,,,,,,,,,,,,,,,,,,,,,,,,,,
fmpo:01227,,,,,,Lautengeigenwerk,de,,,,,,,,,,,,,,,,,,,,,,,,,,,,
fmpo:01228,http://urn.fi/urn:nbn:fi:au:seko:01228,,rytmilauta,stompbox,stomp box,,,,,,,,fmpo:00627,lyömäsoitin,https://github.com/NatLibFi/SEKO/issues/73,,http://www.wikidata.org/entity/Q3998771,,,,111.245.,,,,,,,,,"CHanged broader from ""laatikkorumpu"" to ""rumpu"".",,2026-06-28,valid,"Jalalla soitettava puinen laatikko, jota naputetaan tai tampataan kengänpohjalla. Ei tule sekoittaa efektipedaaliin, joista osasta käytetään englanniksi samaa nimitystä.",
fmpo:01228,,,,,,kick box,en,,,,,,,,,,,,,,,,,,,,,,,,,,,,
fmpo:01228,,,,,,kickbox,en,,,,,,,,,,,,,,,,,,,,,,,,,,,,
fmpo:01228,,,,,,rhythm stomp box,en,,,,,,,,,,,,,,,,,,,,,,,,,,,,
fmpo:01228,,,,,,rhythm stompbox,en,,,,,,,,,,,,,,,,,,,,,,,,,,,,
fmpo:01228,,,,,,stomp box,en,,,,,,,,,,,,,,,,,,,,,,,,,,,,
fmpo:01228,,,,,,stompbox,en,,,,,,,,,,,,,,,,,,,,,,,,,,,,
fmpo:01229,http://urn.fi/urn:nbn:fi:au:seko:01229,,ashiko,ashiko,ashiko,,,,,"http://www.yso.fi/onto/yso/p104989,http://www.yso.fi/onto/yso/p109225",Nigeria|Benin,,fmpo:00864,rumpu,,,https://www.wikidata.org/entity/Q2655327,,,,,,skos:closeMatch,http://id.loc.gov/authorities/performanceMediums/mp2013015218,,,,,,,,,TARKISTA,"Afrikkalainen katkaistun kartion muotoinen rumpu, jonka alapää on avoin.",
fmpo:01229,,,,,,ašiko,,,,,,,,,,,,,,,,,,,,,,,,,,,,,
fmpo:01229,,,,,,,,asiko,,,,,,,,,,,,,,,,,,,,,,,,,,,
fmpo:01230,http://urn.fi/urn:nbn:fi:au:seko:01230,,jalkioharmoni,pedalharmonium,pedal harmonium,,,,,,,,fmpo:00394,harmoni,,,http://www.wikidata.org/entity/Q116945723,,,,,,skos:closeMatch,http://id.loc.gov/authorities/performanceMediums/mp2013015599,,,,,,,,,TARKISTA,"Yksi- tai kaksisormioinen harmoni, jossa on myös jalkio.",
fmpo:01230,,,,,,jalkioharmooni,fi,,,,,,,,,,,,,,,,,,,,,,,,,,,,
fmpo:01231,http://urn.fi/urn:nbn:fi:au:seko:01231,TRUE,laatikkorumpu,box drum,box drum,,,,,,,,fmpo:00864,rumpu,https://github.com/NatLibFi/SEKO/issues/73,,DEPRECATED,"Sekoon luotu väliluokka, jolle ei ole vastineita Wikidatassa tai muissa luokituksissa",,,111.24,,skos:broadMatch,http://id.loc.gov/authorities/performanceMediums/mp2013015218,,,,"""Lyömäsoittimeksi alkujaan tehty tai sellaisena käytettävä kahdeksankulmainen, yleensä puusta tehty laatikko, jonka yhdessä tai useammassa tahkossa (kyljessä) voi olla ääniaukko. Laatikkorumpua soitetaan tavallisesti sormilla, kämmenillä, jalkapohjilla tai jollakin erillisellä välineellä.""@fi",,Deprecated and redirected to Cajon,,2026-06-28,KESKEN,"Lyömäsoittimeksi alkujaan tehty tai sellaisena käytettävä kahdeksankulmainen, yleensä puusta tehty laatikko, jonka yhdessä tai useammassa tahkossa (kyljessä) voi olla ääniaukko. Laatikkorumpua soitetaan tavallisesti sormilla, kämmenillä, jalkapohjilla tai jollakin erillisellä välineellä.",
fmpo:01232,http://urn.fi/urn:nbn:fi:au:seko:01232,,bazooka,bazooka,bazooka,,,,,,,,fmpo:01171,vaskipuhallin,,,http://www.wikidata.org/entity/Q2757805,UUSI KÄSITE,,,,,,,,,,,,,,,TARKISTA,,
fmpo:01232,,,,,,gazooka,,,,,,,,,,,,,,,,,,,,,,,,,,,,,
fmpo:01233,http://urn.fi/urn:nbn:fi:au:seko:01233,,maajousi,jordbåge,ground bow,,,,,"http://www.yso.fi/onto/yso/p94080,http://www.yso.fi/onto/yso/p105005",Afrikka|Latinalainen Amerikka,,fmpo:00500,kielisoitin,https://github.com/NatLibFi/SEKO/issues/57,,http://www.wikidata.org/entity/Q25226698,UUSI KÄSITE,,,http://www.mimo-db.eu/InstrumentsKeywords/3283,,,,,,,,"""Alkukantainen, maahan rakennettava yksikielinen kielisoitin. Soitin koostuu maahan kaivetusta kuopasta (resonaattorista), joka peitetään kanneksi pingotetulla lehdellä, nahalla tai kuorella, sekä kuopan viereen maahan istutetusta taipuisasta oksasta tai rasta. Oksan latvasta pingotetaan kieli resonaattorikannen keskelle. Ääni tuotetaan kieltä näppäilemällä tai lyömällä. (kuvaus tuotettu teköälyn avulla/Gemini)""@fi",NEW concept,,2026-06-25,proposal,,
fmpo:01233,,,,,,markbåge,sv,,,,,,,,,,,,,,,,,,,,,,,,,,,,
fmpo:01233,,,,,,jordharpa,sv,,,,,,,,,,,,,,,,,,,,,,,,,,,,
fmpo:01233,,,,,,arc-en-terre,fr,,,,,,,,,,,,,,,,,,,,,,,,,,,,
fmpo:01233,,,,,,ground harp,en,,,,,,,,,,,,,,,,,,,,,,,,,,,,
fmpo:01233,,,,,,Erdbogen,de,,,,,,,,,,,,,,,,,,,,,,,,,,,,
fmpo:130806,http://urn.fi/urn:nbn:fi:au:seko:130806,,eloelektroniikka,live-elektronik,live electronics,,,,,,,,fmpo:01021,sähkösoitin,,http://www.yso.fi/onto/yso/p29814,http://www.wikidata.org/entity/Q116682073,,,,,,skos:exactMatch,http://id.loc.gov/authorities/performanceMediums/mp2013015427,,,,,,,,,TARKISTA,"Elektronisia äänentuottamis- ja muokkaamisvälineitä hyödyntävä esitystekniikka, jonka avulla esittäjä kykenee muuntamaan elektronisesti tuotettua ääniainesta esitystilanteessa.",
fmpo:130806,,,,,,live-elektroniikka,fi,,,,,,,,,,,,,,,,,,,,,,,,,,,,
fmpo:131604,http://urn.fi/urn:nbn:fi:au:seko:131604,,sopraanoukulele,sopranukulele,soprano ukulele,,,,,,,,fmpo:01158,ukulele,,,http://www.wikidata.org/entity/Q116681698,,,,,,,,,,,,,,,,TARKISTA,,
fmpo:131605,http://urn.fi/urn:nbn:fi:au:seko:131605,,tenoriukulele,tenorukulele,tenor ukulele,,,,,,,,fmpo:01158,ukulele,,,http://www.wikidata.org/entity/Q94994656,,,,,,,,,,,,,,,,TARKISTA,,
fmpo:131606,http://urn.fi/urn:nbn:fi:au:seko:131606,,baritoniukulele,barytonukulele,baritone ukulele,,,,,,,,fmpo:01158,ukulele,,,http://www.wikidata.org/entity/Q94994658,,,,,,skos:closeMatch,http://id.loc.gov/authorities/performanceMediums/mp2013015306,,,,,,,,,TARKISTA,,
fmpo:131607,http://urn.fi/urn:nbn:fi:au:seko:131607,,bassoukulele,bas ukulele,bass ukulele,,,,,,,,fmpo:01158,ukulele,,,http://www.wikidata.org/entity/Q112615880,,,,,,,,,,,,,,,,TARKISTA,,
fmpo:151499,http://urn.fi/urn:nbn:fi:au:seko:151499,,harmonichord,harmonichord,harmonichord,,,,,,,,fmpo:00543,kosketinsoitin,,,http://www.wikidata.org/entity/Q608926,,,,,,skos:exactMatch,http://id.loc.gov/authorities/performanceMediums/mp2019015004,,,,,,,,,TARKISTA,,
fmpo:86454,http://urn.fi/urn:nbn:fi:au:seko:86454,,luthéal,luthéal,luthéal,,,,,http://www.yso.fi/onto/yso/p104968,Ranska,,fmpo:00763,piano,,,http://www.wikidata.org/entity/Q450578,,,,,,skos:closeMatch,http://id.loc.gov/authorities/performanceMediums/mp2013015435,https://doi.org/10.1093/gmo/9781561592630.article.43537,,,,,,,,TARKISTA,,
fmpo:86454,,,,,,,,lutheal,fi,,,,,,,,,,,,,,,,,,,,,,,,,,
fmpo:86527,http://urn.fi/urn:nbn:fi:au:seko:86527,,saxonette,saxonette,saxonette,,,,,,,,fmpo:00512,klarinetti,,,http://www.wikidata.org/entity/Q17141242,"See: ""saksofoni"" seko:00879",,,,,skos:exactMatch,http://id.loc.gov/authorities/performanceMediums/mp2013015064,,,,,,,,,TARKISTA,,
fmpo:86527,,,,,,claribel,,,,,,,,,,,,,,,,,,,,,,,,,,,,,
fmpo:86527,,,,,,clariphon,,,,,,,,,,,,,,,,,,,,,,,,,,,,,
fmpo:86527,,,,,,Saxonett,de,,,,,,,,,,,,,,,,,,,,,,,,,,,,
fmpo:87256,http://urn.fi/urn:nbn:fi:au:seko:87256,,akustinen bassokitara,akustisk basgitarr,acoustic bass guitar ,,,,,,,,fmpo:00119; fmpo:00027,bassokitara; akustinen kitara,,http://www.yso.fi/onto/yso/p38005,http://www.wikidata.org/entity/Q424017,,,,,,skos:exactMatch,http://id.loc.gov/authorities/performanceMediums/mp2013015003,,,,,,,,,TARKISTA,,
fmpo:87256,,,,,,"acoustic bass",en,,,,,,,,,,,,,,,,,,,,,,,,,,,,
fmpo:87256,,,,,,akustinen basso,fi,,,,,,,,,,,,,,,,,,,,,,,,,,,,
fmpo:87475,http://urn.fi/urn:nbn:fi:au:seko:87475,,ruukku (puhallinsoitin),kruka,jug,,,,,,,,fmpo:00801,puhallinsoitin,,,http://www.wikidata.org/entity/Q1342193,,,,,,skos:exactMatch,http://id.loc.gov/authorities/performanceMediums/mp2013015365,,,,,,,,,TARKISTA,"Savesta tai muusta vastaavasta aineesta valmistettu astia, jota käytetään puhallinsoittimena.",
fmpo:87475,,,,,,džag,,,,,,,,,,,,,,,,,,,,,,,,,,,,,
fmpo:87475,,,,,,krukke,,,,,,,,,,,,,,,,,,,,,,,,,,,,,
fmpo:87475,,,,,,jarra,es,,,,,,,,,,,,,,,,,,,,,,,,,,,,
fmpo:87475,,,,,,ruukku,fi,,,,,,,,,,,,,,,,,,,,,,,,,,,,
fmpo:87475,,,,,,musical jug,en,,,,,,,,,,,,,,,,,,,,,,,,,,,,
fmpo:87475,,,,,,,,dzag,,,,,,,,,,,,,,,,,,,,,,,,,,,
fmpo:x476,,,chitarrone,chitarrone,chitarrone,,,,,,,,fmpo:00622,luuttu,https://github.com/NatLibFi/SEKO/issues/143,,http://www.wikidata.org/entity/Q2216381,,,,,,,,,,seko:01086,,"""En större variant av teorben kallades chitarrone.""@sv","issue created - check labels, mappings",,2026-07-04,KESKEN,,
fmpo:x476,,,,,,archlute,en,,,,,,,,,,,,,,,,,,,,,,,,,,,,
fmpo:x476,,,,,,teorbi,sv,,,,,,,,,,,,,,,,,,,,,,,,,,,,
fmpo:x477,,,bianzhong,bianzhong,bianzhong,,,,,"http://www.yso.fi/onto/yso/p104984, http://www.yso.fi/onto/yso/p105023",Kiina|Japani,,fmpo:00485,kello,https://github.com/NatLibFi/SEKO/issues/34,,http://www.wikidata.org/entity/Q133722,,,,http://www.mimo-db.eu/InstrumentsKeywords/2382,,,,,,seko:00221|seko:00823,"A set of bronze bells of varying sizes and pitches in a vertical setup. No clapper, played by striking from the outside.  Pitch is determined by size.""@en","Variations in form and use in Vietname (bien chung), Korea (pyeonjong) and Japan (henshō).",,,2026-06-26,valid,,
fmpo:x477,,,,,,chime bells,en,,,,,,,,,,,,,,,,,,,,,,,,,,,,
fmpo:x477,,,,,,henshō,en,,,,,,,,,,,,,,,,,,,,,,,,,,,,
fmpo:x477,,,,,, biānzhōng,en,,,,,,,,,,,,,,,,,,,,,,,,,,,,
fmpo:x478,,,mizmar,mizmar,mizmar,,,,,http://www.yso.fi/onto/yso/p105841,Egypti,,fmpo:00587,lehdykkäpuhallinsoitin,,,http://www.wikidata.org/entity/Q1179086,,,,http://www.mimo-db.eu/InstrumentsKeywords/4313,,,,,,,,,,,,TARKISTA,,
fmpo:x478,,,,,,mazāmīr,en,,,,,,,,,,,,,,,,,,,,,,,,,,,,
fmpo:x479,,,doulo,doulo,doulo,,,,,"http://www.yso.fi/onto/yso/p105092, http://www.yso.fi/onto/yso/p106268",Namibia|Botswana,,fmpo:00974,sormipiano,https://github.com/NatLibFi/SEKO/issues/11,,http://www.wikidata.org/entity/Q140322805,Created 2026-06-23; split from dousinguni (deprecated),,,,,,,,,,,,,,,KESKEN,,
fmpo:x480,,,donsonkoni,donsonkoni,donsonkoni,,,,,http://www.yso.fi/onto/yso/p118210,Länsi-Afrikka,,fmpo:00446,jousisoitin,https://github.com/NatLibFi/SEKO/issues/11,,http://www.wikidata.org/entity/Q2197997,,,,,,,,,,,"""A traditional plucked hunter's harp and chordophone consisting of a large calabash resonator covered with leather, a wooden neck, and bridge.""@en","""Mainly used in West African hunter rituals, traditional storytelling, and contemporary Mande music ensembles.""@en",,,2026-06-24,KESKEN,,
fmpo:x480,,,,,,donso ngoni,en,,,,,,,,,,,,,,,,,,,,,,,,,,,,
fmpo:x480,,,,,,donsongoni,en,,,,,,,,,,,,,,,,,,,,,,,,,,,,
fmpo:x480,,,,,,doussn'gouni,en,,,,,,,,,,,,,,,,,,,,,,,,,,,,
fmpo:x480,,,,,,doussingouni,en,,,,,,,,,,,,,,,,,,,,,,,,,,,,
fmpo:x480,,,,,,hunter's harp,en,,,,,,,,,,,,,,,,,,,,,,,,,,,,
fmpo:x480,,,,,,kamalengoni,en,,,,,,,,,,,,,,,,,,,,,,,,,,,,
fmpo:x480,,,,,,metsästäjän harppu,fi,,,,,,,,,,,,,,,,,,,,,,,,,,,,
fmpo:x481,,,polkuharmoni,orgelharmonium,suction reed organ,,,,,,,,fmpo:00394,harmoni,https://github.com/NatLibFi/SEKO/issues/56,,http://www.wikidata.org/entity/Q2227437,New concept split from  seko:00394,,,412.131-62,,,,,,,"Vapaalehdykkäsoitinsarja, jossa on joustava ilmasäiliö, mutta ilmanvirta toimii imulla (ilmaa imetään ulkopuolelta kielten läpi palkeisiin), soitetaan koskettimistolla.","Suomalaista kansanmusiikki, koululauluäänitteet tai virsisäestykset, kyseessä on lähes poikkeuksetta imuiilmaharmoni eli polkuharmoni.",,,2026-06-25,submitted,,
fmpo:x481,,,,,,amerikkalainen harmoni,fi,,,,,,,,,,,,,,,,,,,,,,,,,,,,
fmpo:x481,,,,,,imuilmaharmoni,fi,,,,,,,,,,,,,,,,,,,,,,,,,,,,
fmpo:x481,,,,,,amerikanskt harmonium,sv,,,,,,,,,,,,,,,,,,,,,,,,,,,,
fmpo:x481,,,,,,tramporgel,sv,,,,,,,,,,,,,,,,,,,,,,,,,,,,
fmpo:x481,,,,,,sugluftsorgel,sv,,,,,,,,,,,,,,,,,,,,,,,,,,,,
fmpo:x481,,,,,,kammarorgel,sv,,,,,,,,,,,,,,,,,,,,,,,,,,,,
fmpo:x481,,,,,,pump organ,en,,,,,,,,,,,,,,,,,,,,,,,,,,,,
fmpo:x481,,,,,,Saugwindharmonium,de,,,,,,,,,,,,,,,,,,,,,,,,,,,,
fmpo:x481,,,,,,cottage organ,en,,,,,,,,,,,,,,,,,,,,,,,,,,,,
fmpo:x481,,,,,,organo ad aria aspirata,it,,,,,,,,,,,,,,,,,,,,,,,,,,,,
fmpo:x482,,,urkuharmoni,tryckluftorgel,compression reed organ,,,,,,,,fmpo:00394,harmoni,https://github.com/NatLibFi/SEKO/issues/56,,http://www.wikidata.org/entity/Q213461,New concept split from  seko:00394,,,412.132-62,,,,,,,"vapaalehdykkäsoitinsarja, jossa on joustava ilmasäiliö ja palkeet puhaltavat ilmaa ulospäin kieliä kohti","Ranskalainen romantiikka, salonkimusiikki, kamarimusiikki ja vakava kirkkomusiikki.  Tällä käsitteellä voidaan kuvailla historiallset erikoissoittimet  kuten Kunstharmonium, melodium, physharmonica, poikilorgue",,,2026-06-25,submitted,,
fmpo:x482,,,,,,ranskalainen harmoni,fi,,,,,,,,,,,,,,,,,,,,,,,,,,,,
fmpo:x482,,,,,,paineilmaharmoni,fi,,,,,,,,,,,,,,,,,,,,,,,,,,,,
fmpo:x482,,,,,,harmonium,en,,,,,,,,,,,,,,,,,,,,,,,,,,,,
fmpo:x482,,,,,,orgue expressif,fr,,,,,,,,,,,,,,,,,,,,,,,,,,,,
fmpo:x482,,,,,,Druckwindharmonium,de,,,,,,,,,,,,,,,,,,,,,,,,,,,,
fmpo:x482,,,,,,franskt harmonium,sv,,,,,,,,,,,,,,,,,,,,,,,,,,,,
fmpo:x482,,,,,,intialainen harmoni,fi,,,,,,,,,,,,,,,,,,,,,,,,,,,,
fmpo:x482,,,,,,Indian harmonium,en,,,,,,,,,,,,,,,,,,,,,,,,,,,,
fmpo:x482,,,,,,Kunstharmonium,de,,,,,,,,,,,,,,,,,,,,,,,,,,,,
fmpo:x482,,,,,,melodium,sv,,,,,,,,,,,,,,,,,,,,,,,,,,,,
fmpo:x482,,,,,,physharmonika,en,,,,,,,,,,,,,,,,,,,,,,,,,,,,
fmpo:x482,,,,,,poïkilorgue,fr,,,,,,,,,,,,,,,,,,,,,,,,,,,,
fmpo:x483,,,PUUTTUU 1,PUUTTUU 1,PUUTTUU 1,,,,,,,,PUUTTUU,,,,,,,,,,,,,,,,,,,,,,
fmpo:x484,,,bianqing,bianqing,bianqing,,,,,http://www.yso.fi/onto/yso/p104984,Kiina,,fmpo:00627,lyömäsoitin,https://github.com/NatLibFi/SEKO/issues/58,,http://www.wikidata.org/entity/Q1744337,,111.222,,http://www.mimo-db.eu/InstrumentsKeywords/2950,,,,,,seko:00212|seko:00822,traditional Chinese percussion instrument consisting of a set of L-shaped flat stone chimes called ching. (Wikipedia),,,,2026-06-26,submitted,,
fmpo:x484,,,,,,biānqìng,en,,,,,,,,,,,,,,,,,,,,,,,,,,,,
fmpo:x484,,,,,,biên khánh,en,,,,,,,,,,,,,,,,,,,,,,,,,,,,
fmpo:x484,,,,,,piänking,en,,,,,,,,,,,,,,,,,,,,,,,,,,,,
fmpo:x484,,,,,,pien ch'ing,en,,,,,,,,,,,,,,,,,,,,,,,,,,,,
fmpo:x484,,,,,,pien-ch'ing,en,,,,,,,,,,,,,,,,,,,,,,,,,,,,
fmpo:x484,,,,,,shibianqing,en,,,,,,,,,,,,,,,,,,,,,,,,,,,,
fmpo:x484,,,,,,피안킹,ko,,,,,,,,,,,,,,,,,,,,,,,,,,,,
fmpo:x485,,,kuoronjohtaja,kördirigent,choirmaster,,,,,,,,fmpo:01225,esittäjä,https://github.com/NatLibFi/SEKO/issues/64,http://www.yso.fi/onto/yso/p6584,http://www.wikidata.org/entity/Q1076502,"NEW concept split from ""johtaja"" seko:00442",,,,,,,http://urn.fi/URN:NBN:fi:au:mts:m3151,,seko:00442,,,"SPLIT from ""johtaja"" seko:00442",,2026-06-27,submitted,,
fmpo:x485,,,,,,kuorokapellimestari,fi,,,,,,,,,,,,,,,,,,,,,,,,,,,,
fmpo:x485,,,,,,musiikinjohtaja,fi,,,,,,,,,,,,,,,,,,,,,,,,,,,,
fmpo:x485,,,,,,körledare,sv,,,,,,,,,,,,,,,,,,,,,,,,,,,,
fmpo:x485,,,,,,choral conductor,en,,,,,,,,,,,,,,,,,,,,,,,,,,,,
fmpo:x485,,,,,,choir conductor,en,,,,,,,,,,,,,,,,,,,,,,,,,,,,
fmpo:x485,,,,,,regenschorové,en,,,,,,,,,,,,,,,,,,,,,,,,,,,,
fmpo:x485,,,,,,chorister,en,,,,,,,,,,,,,,,,,,,,,,,,,,,,
fmpo:x486,,,kontraforte,kontraforte,contraforte,,,,,,,,fmpo:00715,oboesoitn,https://github.com/NatLibFi/SEKO/issues/167,,https://www.wikidata.org/wiki/Q3689094,,,,,,,,,,,"""The contraforte is an instrument produced by B. Eppelsheim and G. Wolf. with a range similar to the contrabassoon.  (Source Wikipedia)""@en",,2026-07-05 ISSUE Created.  ; 2005-01 MUUSA  Lisätään. LT oboesoitin,,2026-07-05,KESKEN,,
fmpo:x486,,,,,,Kontraforte,de,,,,,,,,,,,,,,,,,,,,,,,,,,,,
fmpo:x487,,,bell tree,bell tree,bell tree,,,,,,,,fmpo:00485,kello,https://github.com/NatLibFi/SEKO/issues/168,,https://www.wikidata.org/wiki/Q12273079,,111.242.221,,,,,,,,,"""percussion instrument consisting of vertically nested inverted metal bowls. (Wikidata)""@en",,2026-07-05 issue created|2025-01-25 MUUSA  approved new concept,,2026-07-05,KESKEN,,
fmpo:x487,,,,,,kellopuu,fi,,,,,,,,,,,,,,,,,,,,,,,,,,,,
fmpo:x488,,,vihellys,vissling,whistling,,,,,,,,"fmpo:00427, fmpo:00483",ihmisääni|kehorytmiikka,https://github.com/NatLibFi/SEKO/issues/171,, https://www.wikidata.org/wiki/Q864184 ,,411,,,,skos:exactMatch,http://id.loc.gov/authorities/performanceMediums/mp2013015799,,,,,,2026-07-05 created concept|2021-09 MUUSA decision - documented in issue #171,,2026-07-05,submitted,,
fmpo:x488,,,,,,viheltäminen,fi,,,,,,,,,,,,,,,,,,,,,,,,,,,,
fmpo:x488,,,,,,vislaus,fi,,,,,,,,,,,,,,,,,,,,,,,,,,,,
fmpo:x488,,,,,,viheltely,fi,,,,,,,,,,,,,,,,,,,,,,,,,,,,
fmpo:x488,,,,,,visslande,sv,,,,,,,,,,,,,,,,,,,,,,,,,,,,
fmpo:x488,,,,,,busvissla,sv,,,,,,,,,,,,,,,,,,,,,,,,,,,,
fmpo:x488,,,,,,vissla,sv,,,,,,,,,,,,,,,,,,,,,,,,,,,,
fmpo:x489,,,joikaus,jojk,joiking,,,,,,,,fmpo:00427,ihmisääni,https://github.com/NatLibFi/SEKO/issues/172,,https://www.wikidata.org/wiki/Q744327,"""2026-07-05 Related editorial issue [GH172]""",,,,,,,https://fi.wikipedia.org/wiki/Joiku,,,"""Saamelainen ja vienankarjalainen lauluperinne""@fi, ""samiskt och vitahavskarelensk sångsätt""@sv, ""Northern Sami and White  Karelian singing tradition""@en",,2026-07-05 created new issue|2021 MUUSA decsion on new concept,,2026-07-05,submitted,,
fmpo:x489,,,,,,joikaaminen,fi,,,,,,,,,,,,,,,,,,,,,,,,,,,,
fmpo:x489,,,,,,joiku,fi,,,,,,,,,,,,,,,,,,,,,,,,,,,,
fmpo:x489,,,,,,jojka,sv,,,,,,,,,,,,,,,,,,,,,,,,,,,,
fmpo:x489,,,,,,jojkning,sv,,,,,,,,,,,,,,,,,,,,,,,,,,,,
fmpo:x489,,,,,,yoik,en,,,,,,,,,,,,,,,,,,,,,,,,,,,,
fmpo:x489,,,,,,yoiking,en,,,,,,,,,,,,,,,,,,,,,,,,,,,,
fmpo:x490,,,sopranista,sopranist,sopranist,,,,,,,,fmpo:00539,korkea lauluääni,https://github.com/NatLibFi/SEKO/issues/175,http://www.yso.fi/onto/yso/p40724,http://www.wikidata.org/entity/Q1999862,"""2025-03-12 NEW CONCEPT YSO concept approved for Seko"",""2026-07-09 Changed the BT from sopraano,mieslauluääni to seko:00539 korkea lauluääni based on an earler decsion to remove narrower conepts from mieslauluääni""""",,,,,,,,,,,,"""2026-07-08 added to SEKO3 masterdata"",""2025-03-12 NEW CONCEPT,approved by YSO., approved by MUUSA"",""2026-07-09 changed the BT to korke lauluääni""",,"2026-07-08,2026-07-09",approved,,
fmpo:x490,,,,,,,,male soprano,en,,,,,,,,,,,,,,,,,,,,,,,,,,
fmpo:x491,,,laattasoitin,malletinstrument,mallet instrument,,,,,,,,fmpo:00627,lyömäsoitin,https://github.com/NatLibFi/SEKO/issues/176,,http://www.wikidata.org/entity/Q3891158,"""2025-01 NEW CONCEPT - YSE ehdotus #12981 approved for Seko by MUUSA""",,,,,skos:exactMatch,http://id.loc.gov/authorities/performanceMediums/mp2013015444,,,,"""Malleteilla soitettava puu- tai metallikielinen soitin.""@fi",,"""2026-07-08 concept created in SEKO3 Masterdata table dct:created"", ""2025-01  YSE-ehdotus approved by MUUSA dct:submitted""",,2026-07-08,approved,,
fmpo:x491,,,,,,keyboard percussion instrument,en,,,,,,,,,,,,,,,,,,,,,,,,,,,,
fmpo:x491,,,,,,mallet percussion instrument,en,,,,,,,,,,,,,,,,,,,,,,,,,,,,
fmpo:x491,,,,,,mallet percussions,en,,,,,,,,,,,,,,,,,,,,,,,,,,,,
fmpo:x492,,,pikkolosello,violoncello piccolo,violoncello piccolo,,,,,,,,fmpo:00912,sello,https://github.com/NatLibFi/SEKO/issues/179,,http://www.wikidata.org/entity/Q836224,"""2021-09-22: Muusa approved the finto-ehdotus:9513 for a new concept""",321.322-71,,http://www.mimo-db.eu/InstrumentsKeywords/6538,,,,,,,,,"""2026-07-11 NEW CONCEPT""",,2026-07-11,approved,,
fmpo:x492,,,,,,piccolosello,en,,,,,,,,,,,,,,,,,,,,,,,,,,,,
fmpo:x492,,,,,,piccolo cello,en,,,,,,,,,,,,,,,,,,,,,,,,,,,,
fmpo:x493,,,ngoni,ngoni,ngoni,,,,,,,,fmpo:00398,harppu,https://github.com/NatLibFi/SEKO/issues/183,,http://www.wikidata.org/entity/Q1703491,"""2015-02-03 proposal accepted by LUUMU group. seko-issues:183""",323.1,,http://www.mimo-db.eu/InstrumentsKeywords/7034,,skos:exactMatch,http://id.loc.gov/authorities/performanceMediums/mp2020015023,https://en.wikipedia.org/wiki/Ngoni_(instrument),,,"""Länsiafrikkalainen kielisoitin (Wikidata)""@fi, ""Traditionellt stränginstrument från Västafrika som påminner om en luta. Wikipedia)""@sv, ""Traditional West African harp lute (Wikidata)""@en",,"""2026-07-13 Created new concept.  Approval issued 2015-02-03 by LUUMU group""@en",,2026-07-13,approved,,
fmpo:x493,,,,,,n'goni,fi,,,,,,,,,,,,,,,,,,,,,,,,,,,,
fmpo:x493,,,,,,n'goni,en,,,,,,,,,,,,,,,,,,,,,,,,,,,,
fmpo:x493,,,,,,n'goni,fi,,,,,,,,,,,,,,,,,,,,,,,,,,,,
fmpo:x493,,,,,,n'goni,sv,,,,,,,,,,,,,,,,,,,,,,,,,,,,
fmpo:x493,,,,,,n'goni,en,,,,,,,,,,,,,,,,,,,,,,,,,,,,
fmpo:x493,,,,,,ngɔni,en,,,,,,,,,,,,,,,,,,,,,,,,,,,,
fmpo:x493,,,,,,nkoni,en,,,,,,,,,,,,,,,,,,,,,,,,,,,,
fmpo:x493,,,,,,koni,en,,,,,,,,,,,,,,,,,,,,,,,,,,,,
fmpo:x493,,,,,,kontingo,en,,,,,,,,,,,,,,,,,,,,,,,,,,,,
fmpo:x493,,,,,,konting,en,,,,,,,,,,,,,,,,,,,,,,,,,,,,
fmpo:x494,,,rauschpfeife,rauschpfeife,rauschpfeife,,,,,http://www.yso.fi/onto/yso/p94111,Eurooppa,,fmpo:01149,tuulikapselisoitin,https://github.com/NatLibFi/SEKO/issues/157,,http://www.wikidata.org/entity/Q1753689,"""2026-07-16 Luotu uusi käsite, sillä aiemmin tuulikapselisoitin oli mapattu wikidatassa tähän soittimeen. Nimet siirrety tähän soittimeen; Musicbrainz linkki seeAlso kenttään, pitäisi olla closeMatch""", 422.212.2,,http://www.mimo-db.eu/InstrumentsKeywords/4961,,,,https://musicbrainz.org/instrument/d6e67b1c-7b88-4157-9c67-aae74a163670,,,"""Eurooppalainen renessanssiajan kovaääninen tuulikapselisoitin, jossa on kartiomainen poraus, voimakkaasti laajeneva suppilo ja kaksoislehdykkä suojakapselin sisällä.""@fi, ""A loud European Renaissance wind-cap instrument featuring a conical bore, a flared bell, and a double reed enclosed within a protective wind-cap.""@en","""Käytetään pääasiassa 1500–1600-lukujen eurooppalaisen ulkoilma- ja seremoniamusiikin esityskokoonpanojen kuvailussa. Voimakkaan äänensä vuoksi soitettaessa usein yhdessä vaskipuhaltimien ja lyömäsoitinten kanssa. (GMO, WD)""@fi, ""Principally used in the context of 16th and 17th-century European outdoor and ceremonial music ensembles. Due to its powerful volume, it was frequently performed alongside brass and percussion instruments. (GMO, WD)""@en","""2026-07-16 new instrument added under wind-cap instrument; mowed altlabels from \""tuulikapselisoitin\"".""",,2026-07-16,submitted,,
fmpo:x494,,,,,,Rauschpfeife ,de,,,,,,,,,,,,,,,,,,,,,,,,,,,,
fmpo:x494,,,,,,Schreierpfeife,de,,,,,,,,,,,,,,,,,,,,,,,,,,,,
fmpo:x494,,,,,,schryari,de,,,,,,,,,,,,,,,,,,,,,,,,,,,,
fmpo:x494,,,,,,,,Rausspfeife,de,,,,,,,,,,,,,,,,,,,,,,,,,,
fmpo:x494,,,,,,,,Rhawschpfeiffe,de,,,,,,,,,,,,,,,,,,,,,,,,,,
fmpo:x494,,,,,,,,rauspfeife,de,,,,,,,,,,,,,,,,,,,,,,,,,,
fmpo:x494,,,,,,,,Rauschpfeif,de,,,,,,,,,,,,,,,,,,,,,,,,,,
fmpo:x495,,,jousisoitinsyntetisaattori,strängsynthesizer,string synthesizer,,,,,,,,fmpo:01016,syntetisaattori,,,http://www.wikidata.org/entity/Q110897746,"""2026-07-26 YKL 'Syntetisaattori, jousisoittimiin yhdistettynä' altlabel  luokassa 78.79.""",,,,,,,https://en.wikipedia.org/wiki/String_synthesizer,,,,,"""2026-07-26 new concept based on YKL-mapping""",,2026-07-26,submitted,,
fmpo:x495,,,,,,Streicherkeyboard,de,,,,,,,,,,,,,,,,,,,,,,,,,,,,
fmpo:x496,,,sähkökontrabasso,elkontrabas,electric boudble bass,,,,,,,,fmpo:x496|fmpo:00527,sähkösoitin|kontrabasso,,,http://www.wikidata.org/entity/Q1273167,,,,,,,,,,,,,"""2026-07-26 new concept based on YKL-mapping""",,2026-06-26,submitted,,
fmpo:x496,,,,,,electric upright bass,en,,,,,,,,,,,,,,,,,,,,,,,,,,,,
fmpo:x497,,,laulaja,sjungare,singer,,,,,,,,fmpo:01225,esittäjä,https://github.com/NatLibFi/SEKO/issues/174,http://www.yso.fi/onto/yso/p2352,http://www.wikidata.org/entity/Q2643890,"""2026-07-26 Lisättiin laulaja esiintyjätyypiksi""",,,,,skos:closeMatch,http://id.loc.gov/authorities/performanceMediums/mp2013015646,lcsh:sh85122826,,seko:00583,,,"""2026-07-26 new concept based on LCMPT concept""@en",,2026-06-26,submitted,,
fmpo:x497,,,,,,vokalisti,fi,,,,,,,,,,,,,,,,,,,,,,,,,,,,
fmpo:x497,,,,,,vokalist,sv,,,,,,,,,,,,,,,,,,,,,,,,,,,,
fmpo:x497,,,,,,vocalist,en,,,,,,,,,,,,,,,,,,,,,,,,,,,,
fmpo:x498,,,jodlaus,joddling,yodeling,,,,,http://www.yso.fi/onto/yso/p115088,Alpit,,fmpo:00427,ihmisääni,,http://www.yso.fi/onto/yso/p19132,http://www.wikidata.org/entity/Q41923,"""2026-07-26 New concept based on YKL-mapping""",,,,,,,http://id.loc.gov/authorities/subjects/sh85149170|https://fi.wikipedia.org/wiki/Jodlaus,,,"""Singing style in European Alps. Not a genre or composition type. Swiss yodeling was listed as UNESCO Intangible Heritage in 2025.""@en",,"2026-07-26 New concept based on YKL-mapping and YSO""@en",,2026-07-26,submitted,,
fmpo:x498,,,,,,jodlaaminen,fi,,,,,,,,,,,,,,,,,,,,,,,,,,,,
fmpo:x498,,,,,,jodeling,en,,,,,,,,,,,,,,,,,,,,,,,,,,,,
fmpo:x498,,,,,,joddla,sv,,,,,,,,,,,,,,,,,,,,,,,,,,,,
fmpo:x498,,,,,,jodeling,sv,,,,,,,,,,,,,,,,,,,,,,,,,,,,
fmpo:x498,,,,,,Jodeln,de,,,,,,,,,,,,,,,,,,,,,,,,,,,,
fmpo:x498,,,,,,Dudeln,de,,,,,,,,,,,,,,,,,,,,,,,,,,,,
fmpo:x499,,,puinen sarviklarinetti,"""trähornklarinett""",wooden horn clarinet,,,,,http://www.yso.fi/onto/yso/p94426|http://www.yso.fi/onto/yso/p106002|http://www.yso.fi/onto/yso/p149659,"Suomi, Aunus, Karjalankannas",,fmpo:00513,klarinettisoitin,https://github.com/NatLibFi/SEKO/issues/19,,MISSING,"""2026-07-29 find or create wikidata item, skos:broader, sv label""@en",423,,,,,,https://minnahokka.com/soittimet/varsinaiset-aerofonit/glottofonit-eli-lehdykkavarahtelijat/klarinetit/heteroglottiset-eli-irtonaisella-lehdykalla-varustetut/puinen-sarviklarinetti.html,,seko:00806,"""Puinen sarviklarinetti is a Finnish wind instrument shaped like a horn but constructed from split wood covered with birch bark, equipped with a single reed. Played with four finger holes in the manner of a clarinet, it produces a warm, flexible tone. Developed in the 19th century as a more versatile and musically sophisticated alternative to genuine animal-horn instruments, the puinen sarviklarinetti became the specialized folk variant. (AI-generated definition)""@en, ""Puinen sarviklarinetti (pukinsarvi) on halkaistusta puusta valmistettu ja tuohella päällystetty sarvenmallinen soitin, jonka viistoon puhalluspäähän on kiinnitetty männystä tai katajasta vuoltu ohut kieli. (Lähde: Minna Hokka)""@fi, """"En trähornklarinett (buckhorn) är ett hornformat instrument tillverkat av kluvet trä och täckt med näver, med en tunn tunga av tall eller enbär fäst vid det sneda blåshuvudet. (Källa: Minna Hokka)""@sv","""Historically related to the horn-made 'pukinsarvi' but represents an important organological innovation in Finnish folk instrumentarium.""@en, ""Puinen sarviklarinetti  on muunnos sarviklarinetista, joka on pukin- tai nautaeläimen sarvesta valmistettu soitin. Sen vinoksi sahatun puhalluspään eteen on kiinnitetty ohut, yleensä tuohesta tai katajasta valmistettu lehdykkä. (Minna Hokka)""@fi.","""2026-07-29 NEW CONCEPT""",,2026-07-29,submitted,,
fmpo:x499,,,,,,pukinsarvi,fi,,,,,,,,,,,,,,,,,,,,,,,,,,,,
fmpo:x500,,,bockhorn,bockhorn,bockhorn,,,,,http://www.yso.fi/onto/yso/p94350,Skandinavia,,fmpo:00899,sarvi (puhallinsoitin),https://github.com/NatLibFi/SEKO/issues/20,,http://www.wikidata.org/entity/Q4986985,,,,,,skos:broadMatch,http://id.loc.gov/authorities/performanceMediums/mp2013015496,,,,"""Suomalaisessa paimen- ja kansanmusiikkiperinteessä käytetty, vuohen tai pukin sarvesta valmistettu huuliviritteinen sarvitrumpetti (aerofoni), jonka runkoon on koverrettu yleensä 2–6 sormiaukkoa sävelkorkeuden muuntelemiseksi. Soitinta on käytetty Suomessa karjan paimentamiseen, paimensävelmien esittämiseen sekä yhteisöllisiin merkinantoihin ja hätäkutsuhin. (Source: AI-generated description by Gemini)""",,"""2026-07-29 NEW CONCEPT""",,2026-07-29,submitted,Suomalainen pukin sarvesta valmistettu trumpettisoitin.,
fmpo:x500,,,,,,bukkehorn,no,,,,,,,,,,,,,,,,,,,,,,,,,,,,
fmpo:x500,,,,,,buckhorn,en,,,,,,,,,,,,,,,,,,,,,,,,,,,,
fmpo:x500,,,,,,skandinaavinen pukinsarvi,fi,,,,,,,,,,,,,,,,,,,,,,,,,,,,
fmpo:x500,,,,,,pukinsarvi,fi,,,,,,,,,,,,,,,,,,,,,,,,,,,,
fmpo:x501,,,tarpo,tarpo,tarpo,,,,,"http://www.yso.fi/onto/yso/p105027,http://www.yso.fi/onto/yso/p234594","India, Gujarat, Maharashtra",,fmpo:00513,klarinettisoitin,https://github.com/NatLibFi/SEKO/issues/192,,http://www.wikidata.org/entity/Q2394517,"""2026-08-01 NEW concept split from pungi seko:00809""@en",422.22 ,,http://www.mimo-db.eu/InstrumentsKeywords/5401,,,,https://en.wikipedia.org/wiki/Tarpa_(instrument),,seko:00809,"""A traditional gourd wind instrument of Western India consisting of a gourd wind chamber fitted with reed pipes. (AI-generated definition)""@en","""Used primarily by Adivasi communities for communal dancing and ritual performance.""@en,""The tarpo (also tarpu) belongs to the musical traditions of the Warli and neighbouring Adivasi communities of Gujarat and Maharashtra. It is played principally during seasonal dances, harvest festivals, weddings and communal rituals.  Although organologically similar to the pūṅgī, ethnomusicological literature treats it as a separate regional and cultural instrument rather than as a synonym of the snake-charmer's instrument.. (AI-generated description)""@en","""2026-08-01 NEW concept""@en",,2026-08-01,subnitted,,
fmpo:x501,,,,,,tarpu,,,,,,,,,,,,,,,,,,,,,,,,,,,,,
fmpo:x501,,,,,,tarpa,,,,,,,,,,,,,,,,,,,,,,,,,,,,,
fmpo:x501,,,,,,dobru,,,,,,,,,,,,,,,,,,,,,,,,,,,,,
fmpo:x501,,,,,,pavri,mr,,,,,,,,,,,,,,,,,,,,,,,,,,,,
fmpo:x501,,,,,,ghogha,,,,,,,,,,,,,,,,,,,,,,,,,,,,,
fmpo:x501,,,,,,khongada,,,,,,,,,,,,,,,,,,,,,,,,,,,,,
fmpo:x501,,,,,,tārpu,,,,,,,,,,,,,,,,,,,,,,,,,,,,,
fmpo:x501,,,,,,tārpo,,,,,,,,,,,,,,,,,,,,,,,,,,,,,
fmpo:x501,,,,,,tārpā,,,,,,,,,,,,,,,,,,,,,,,,,,,,,
fmpo:x502,,,talonpoikaiskantele,MISSING,peasant kantele,,,,,,"Suomi,Karjala",,fmpo:00470,kantele,,,http://www.wikidata.org/entity/Q141104354,"""2026-08-16 created wikidata item and mapped to it""@en",,,,,,,https://www.youtube.com/watch?v=hseaRuIytSs,,,,,"""2026-08-16 NEW concept""@en",,2026-08-16,KESKEN,,
fmpo:x502,,,,,,lautakantele,fi,,,,,,,,,,,,,,,,,,,,,,,,,,,,
fmpo:x502,,,,,,30-kielinen kantele,fi,,,,,,,,,,,,,,,,,,,,,,,,,,,,
fmpo:x502,,,,,,28-kielinen kantele,fi,,,,,,,,,,,,,,,,,,,,,,,,,,,,
fmpo:x502,,,,,,32-kielinen kantele,fi,,,,,,,,,,,,,,,,,,,,,,,,,,,,
fmpo:x503,,,puusarvi,trähorn,wooden horn,,,,,,Suomi,,fmpo:00819,puutrumpetti,,,MISSING,,,,,,,,https://www.youtube.com/watch?v=cv4RP4xygJw,,,,,"""2026-08-16 NEW concept""@en",,2026-08-16,,,
fmpo:x503,,,,,,?,,,,,,,,,,,,,,,,,,,,,,,,,,,,,